environment,metric_1,metric_2,metric_3,metric_4,ground_truth
highway,0.3745401188473625,0.4753571532049581,0.7319939418114051,0.11973169683940732,0.8
urban,0.44583275285359114,0.09997491581800289,0.22962444598293358,0.10011258334170654,1.0
weather,0.7080725777960455,0.020584494295802447,0.38796394086479774,0.8324426408004217,0.1
highway,0.0007787658410143283,0.49610577964560876,0.6174815096277165,0.12233063209765618,0.0
urban,0.43194501864211576,0.2912291401980419,0.30592644736118974,0.04184815819561255,1.0
weather,0.9737555188414592,0.23277134043030423,0.03624257381312832,0.6183860093330873,1.0
highway,0.5142344384136116,0.29620728443102123,0.046450412719997725,0.12150897038028768,0.0
urban,0.450499251969543,0.013264961159866528,0.4711008778424264,0.16898646535366177,0.3
weather,0.3046137691733707,0.09767211400638387,0.2736932106048628,0.4401524937396013,0.9
highway,0.6099966577826209,0.41659745586808217,0.17336465350777208,0.07821212151464817,0.2
urban,0.662522284353982,0.31171107608941095,0.2600340105889054,0.16401308380298388,0.3
weather,0.03131329245555858,0.8422847745949985,0.17990165334790628,0.3951502360018144,1.0
highway,0.5978999788110851,0.4609371175115584,0.0884925020519195,0.039196572483829045,0.0
urban,0.9611720243493491,0.8445338486781514,0.37366005506869043,0.16190763971672392,1.0
weather,0.3567533266935893,0.28093450968738076,0.2170784332632994,0.14092422497476265,0.9
highway,0.1652669390630025,0.007818203370596966,0.4234014807063696,0.07897630363511395,1.0
urban,0.005522117123602399,0.8154614284548342,0.35342867192380856,0.21870215041229618,0.0
weather,0.6059599747810114,0.926300878513349,0.2604308102007778,0.9149596755437808,0.0
highway,0.6232981268275579,0.1654490124263246,0.06355835028602363,0.062196464343132446,1.0
urban,0.6659223566174967,0.5912977877077271,0.13736089649503208,0.16837302775431034,0.7
weather,0.1195942459383017,0.713244787222995,0.304314019446759,0.5612771975694962,0.9
highway,0.25606832276132396,0.020216794769215674,0.7106628896857874,0.022178164162366266,1.0
urban,0.10789142699330445,0.03142918568673425,0.3182052056318902,0.094306794322898,1.0
weather,0.6955160864261275,0.1393314544058757,0.24176695171112692,0.5398410913016731,0.0
highway,0.22879816549162246,0.038489954914396496,0.289751452913768,0.03224425745080089,0.2
urban,0.6243540481337932,0.295633685837714,0.052747129915135305,0.13696037114487306,1.0
weather,0.18657005888603584,0.8925589984899778,0.2157368967662603,0.8074401551640625,1.0
highway,0.3562978380769749,0.453414220772877,0.2721322493846353,0.12953802410827248,0.0
urban,0.8180147659224931,0.8607305832563434,0.0034760652655953517,0.1532241907732697,0.0
weather,0.4848299713589832,0.6924360328902703,0.10776493351940859,0.24412552224777417,0.9
highway,0.32320293202075523,0.25939531087168305,0.7030189588951778,0.0727259204758588,0.0
urban,0.2539154139343447,0.2468760628386012,0.3481521364198942,0.2136811769773326,0.0
weather,0.2848404943774676,0.036886947354532795,0.24382573359195875,0.5026790232288615,0.1
highway,0.033050732900548385,0.1725356240133415,0.6343513447013638,0.13614109031095337,0.0
urban,0.489452760277563,0.9856504541106007,0.1210276357557502,0.20164066422176355,0.7
weather,0.36965445606140446,0.24215993827742588,0.32125590255195835,0.4703006344460384,0.1
highway,0.6335297107608947,0.26788734203737924,0.0902897700544083,0.1670604991178476,1.0
urban,0.5081987767407187,0.6958128067908819,0.4291794024068599,0.09778767156056542,1.0
weather,0.016587828927856152,0.512093058299281,0.09059831007917518,0.6451727904094499,1.0
highway,0.940523264489604,0.19878601054376116,0.5177513505274801,0.1675420211814656,0.8
urban,0.3410663510502585,0.11347352124058907,0.4623468091392814,0.26320180601429427,0.7
weather,0.22855002179729966,0.17495492709593619,0.39286733733177426,0.5166358912710143,0.0
highway,0.24185229090045168,0.046551383902949606,0.8972157579533268,0.1800836114326661,0.8
urban,0.18870710834137938,0.2788713525921819,0.35017891498638565,0.25399834267149174,1.0
weather,0.8870864242651173,0.7798755458576239,0.25681265846171514,0.08413996499504883,1.0
highway,0.7853406511139436,0.3344941273571143,0.5806866214364547,0.07445655331234861,0.0
urban,0.6635017691080558,0.005061583846218687,0.08040402570874933,0.16462013680997584,0.3
weather,0.44842414298624733,0.9944574626108207,0.07037010107093815,0.018075363615520867,0.1
highway,0.3253996981592677,0.37324570255901207,0.6496328990472147,0.1698446820988356,0.0
urban,0.3080607918523892,0.5425402305548993,0.25440703841938,0.1908997854557686,0.3
weather,0.24398964337908358,0.9730105547524456,0.15723908986670418,0.8920465551771133,0.9
highway,0.43439436551042865,0.17503920384733784,0.6451033620305648,0.13378481193261993,0.0
urban,0.1952429877980445,0.7224521152615053,0.1403861812204279,0.007294789929436152,0.0
weather,0.04360377175443375,0.994550510797341,0.1879778055963772,0.2795603417967586,0.1
highway,0.3701587002554444,0.007728308264433714,0.9283185625877254,0.08563682966346287,0.0
urban,0.5722924691708383,0.9803315837160457,0.037673128003064105,0.09170910578615456,1.0
weather,0.8511366715168569,0.31692200515627766,0.06779709867443699,0.5568012624583502,0.9
highway,0.8442131407263114,0.46500841740541593,0.0704161308495439,0.04178374352307204,0.8
urban,0.9900538501042633,0.14008401523652403,0.25916482618186837,0.26321192157838663,0.0
weather,0.8486697949246744,0.13662133144202881,0.28356439876404743,0.5528199769079077,0.1
highway,0.8093611554785136,0.4050566973395904,0.8670723185801037,0.18264811051129426,0.2
urban,0.005184862773986776,0.6278944149486361,0.09713697675602112,0.021282275099978296,0.3
weather,0.795792669436101,0.8900053418175663,0.13519806274061433,0.375582952639944,0.1
highway,0.43847412301808697,0.3360130676475997,0.32815266747473193,0.03100832334554884,0.2
urban,0.2865412521282844,0.5908332605690108,0.015250124969524714,0.011204456624764325,0.3
weather,0.3032655146732228,0.5370824271966554,0.13066049671841637,0.8278690037875887,1.0
highway,0.21582102749684318,0.31144523790950013,0.085347464993768,0.01033634423372154,1.0
urban,0.41135390505667857,0.6995122107671938,0.06917654620890068,0.039823626672890945,0.3
weather,0.5163003483011953,0.32295647294124596,0.3180744779074815,0.2708322512620742,1.0
highway,0.7440426429991154,0.1254302636733306,0.18433367433137005,0.016174593323439537,0.8
urban,0.695974206093698,0.4089529444142699,0.08664716003542289,0.046931112801325815,0.3
weather,0.23978735915740323,0.09387329008129175,0.07314639884292294,0.9346139973397097,0.0
highway,0.9548652806631941,0.36894845834788426,0.5543540525114007,0.12234414924687045,0.8
urban,0.04771612769164879,0.5660372104940763,0.07932322382124551,0.03604939434169265,0.0
weather,0.11607264050691624,0.04600264202175275,0.016291520927588055,0.8554605840110072,1.0
highway,0.17533026988933853,0.008580550915875118,0.7633644230039109,0.1613825954101559,1.0
urban,0.17320186991001518,0.43385164923797304,0.19925236719868672,0.18475502941566493,0.0
weather,0.8866803872980475,0.26089362334171395,0.0061218161161539,0.933436308079483,1.0
highway,0.8564898411883223,0.3293468158094725,0.1629344270814297,0.01411374948008597,0.8
urban,0.9442515971251674,0.8671989335550038,0.31820179872300564,0.2402847884047199,1.0
weather,0.3881699262065219,0.6432882184423532,0.18330115619660667,0.5456167893159349,0.0
highway,0.6259396701015728,0.41021342188563403,0.651484771857788,0.04133687197534908,0.0
urban,0.06936130087516545,0.10077800137742665,0.009110912825774864,0.028332888226778517,0.7
weather,0.3365542148887265,0.6557226353807422,0.15415864838622603,0.6816136689727897,0.1
highway,0.8144684825889358,0.14092738738669996,0.11816482762165625,0.13934743307283012,0.0
urban,0.9366481518557073,0.039186326675646255,0.20897301585778938,0.2902741654560742,1.0
weather,0.17743954377972282,0.7506147516408583,0.32273389570690564,0.9905051420006733,1.0
highway,0.1276897294224656,0.12500822460805233,0.5805440123439098,0.17342332144194442,1.0
urban,0.8584127518430118,0.42899402737501835,0.3754355338957487,0.2263628622254047,0.0
weather,0.37772888617629485,0.5343274735305634,0.1986244762732311,0.38961808621920346,0.0
highway,0.8955232284962005,0.19460083936708156,0.01083765148029836,0.18107639528385275,1.0
urban,0.3549051904627206,0.9568008851264563,0.33838495221215165,0.14475628489279274,0.3
weather,0.6318372121697993,0.44844552197831977,0.11728430867922582,0.32866454536991596,0.9
highway,0.21272789502422895,0.4730972714408451,0.7812960504712025,0.022692920403489605,0.0
urban,0.49442030470258147,0.057558760016644284,0.27476444116186777,0.1324591504120131,0.7
weather,0.5459157701649889,0.7058314838786945,0.38746077758965397,0.6880300101750391,0.1
highway,0.6182180633162611,0.05056133806139512,0.08410680611499743,0.140193826291824,0.2
urban,0.39665160195425186,0.8918969087767766,0.07330241084601274,0.15399785060771787,0.3
weather,0.9866395785011755,0.3742707957561203,0.14825685882675638,0.8127995672575026,0.9
highway,0.9076937063485463,0.29594436941064217,0.35021824670031354,0.14163623911663997,0.8
urban,0.7771469159274368,0.558404249735805,0.21211100462348814,0.27190631552842076,0.7
weather,0.43445184448827134,0.25368217387313874,0.16208083471256685,0.5714730252050106,1.0
highway,0.11881791626807192,0.05876312338855244,0.6492103021160636,0.14920897585308465,0.0
urban,0.23750647129246993,0.40022289287202484,0.23885744544011384,0.024867396508006265,0.0
weather,0.22359583851945264,0.9632225394406113,0.004861789875926537,0.969878826707639,0.0
highway,0.32268638827758367,0.02170039164908638,0.924643330223596,0.18382314305573189,1.0
urban,0.5538542844013208,0.969302535619099,0.2615489220850744,0.18881959144057875,0.3
weather,0.29449394683942987,0.9958313750293707,0.27877002234552595,0.3842018313792199,0.9
highway,0.04544638034145787,0.14048159479611516,0.9504114840765587,0.17805275677818327,1.0
urban,0.10675606593588438,0.3356600647969632,0.08483995194778277,0.19405450850061715,1.0
weather,0.3533522280260528,0.5836561118508721,0.031093854785993937,0.9743948076661665,1.0
highway,0.45324084682883103,0.016157975554825232,0.2797635071689457,0.08224134417443725,0.0
urban,0.6847311725538793,0.1626169393448913,0.45546359224692123,0.24676117287695068,0.3
weather,0.4166390577384792,0.5811626211808263,0.36767062073422385,0.08274842003530614,0.1
highway,0.8660638895004084,0.022609335053094703,0.026366974497252005,0.07529267337560992,0.0
urban,0.48037008186635466,0.9852860506655043,0.18836948496897038,0.2248734899928216,0.0
weather,0.9699143978146032,0.8421189231357087,0.33533148188445516,0.4686931597949703,0.9
highway,0.1338521188006332,0.0068359824134986424,0.07535906035246231,0.1383428794337824,0.0
urban,0.9997176732861306,0.9966368370739054,0.2777158528013137,0.23069622455415315,0.0
weather,0.7570812020424559,0.37785054927578643,0.09643393293185275,0.2050453285065249,0.0
highway,0.9540510272587224,0.30308731722544,0.22864280550346272,0.13434013688117136,1.0
urban,0.04689646779121992,0.26867248202530736,0.011092371015150815,0.14944955599376789,0.3
weather,0.7723183917356393,0.5201635011119934,0.34087260012741605,0.5519068387744855,0.0
highway,0.08840822336564658,0.39590891973481646,0.5899558971376361,0.09600919340369503,0.8
urban,0.755137255673619,0.6203095513534647,0.3520398840496118,0.06388924845267321,0.3
weather,0.617263712097292,0.9804627250923779,0.2432351398167541,0.6366443216222826,0.9
highway,0.43747492202372906,0.4520793472468742,0.34825546702330035,0.10279789783196217,1.0
urban,0.910471278403273,0.29795945154195047,0.2618011380075056,0.209292561448039,0.0
weather,0.14707348092903794,0.9265876251614944,0.1968465172318153,0.25824438829895835,1.0
highway,0.04586126640463295,0.31040284221104564,0.3474134082254142,0.04182615821570284,0.8
urban,0.24014561877819307,0.07586332810866392,0.06443986095532461,0.03841375168733173,0.7
weather,0.40030048891028136,0.6976675736969318,0.07202690893971941,0.696501466227079,0.0
highway,0.8967884099060118,0.23698082013143618,0.6675577385210272,0.03446397424032597,0.2
urban,0.2238490659063206,0.8217906368444492,0.17254131391119337,0.10428576434480505,0.3
weather,0.08870253375705561,0.12063587110060081,0.1843115072130903,0.2063337184057925,0.1
highway,0.1287483982996439,0.1650497566550777,0.321582764680029,0.01845811724574922,0.8
urban,0.6279003894909078,0.08175903194887191,0.4367893120533886,0.2762617201595439,0.0
weather,0.0025950243836465603,0.8683011070355868,0.033806803072272774,0.5972780822554306,1.0
highway,0.2093493233367103,0.185236051395691,0.4845229851910213,0.1236509543060592,0.8
urban,0.531265753973534,0.7205160613914648,0.031170681255620725,0.04432172757186801,0.7
weather,0.7133495858845524,0.8952068376871993,0.20467097684626645,0.5321134852653157,0.0
highway,0.8672149810747233,0.17707333539656273,0.3971638325040825,0.020973833306496183,0.8
urban,0.37728416310462265,0.02007119777772637,0.16103958279158914,0.0634344020989634,0.3
weather,0.5353355640155235,0.23321641154980122,0.1371707457113041,0.47396994143055615,0.1
highway,0.7891712386073383,0.24922109946452864,0.08692028808742369,0.10742130836370956,0.2
urban,0.5577422659504374,0.5865354346607591,0.28222927126132064,0.1136317877853868,0.0
weather,0.3630822963986351,0.6459172413316012,0.22831132186756475,0.35609672589784624,0.0
highway,0.330348481280914,0.4668459118799373,0.00753436313407474,0.04506655954250565,0.2
urban,0.24595772838450813,0.16068137325955567,0.09328351202565288,0.08552855060815413,0.7
weather,0.05565348935697534,0.8423140352981816,0.020654191149805136,0.018242481428361046,0.0
highway,0.9823786169086064,0.05601945108402617,0.39785559904574164,0.1938940866550738,1.0
urban,0.005300006397605417,0.9750671629451425,0.24537438962939223,0.2168688289865327,0.3
weather,0.9293759891275858,0.5567628930139298,0.22864507578795995,0.2799790936602842,1.0
highway,0.2050775601494591,0.4839970332521171,0.7109524788367483,0.039901385467663954,1.0
urban,0.24240973241508024,0.11483682473920354,0.3053100212208163,0.08658916597207673,0.0
weather,0.506103956359347,0.9320143422569341,0.1282568768638057,0.5938830975578988,0.1
highway,0.3366042781939206,0.06720733846948712,0.06337497047276774,0.19799204647798907,0.0
urban,0.6845715478798333,0.08786811124265681,0.06941238672101019,0.0008132698242989011,0.0
weather,0.5956387406078443,0.47157618855015837,0.16473636565890742,0.3488682665429953,0.0
highway,0.8507274600164547,0.37298726277435906,0.4085182929359169,0.18658761341999094,0.8
urban,0.9383404568210378,0.18123306616566015,0.03324813368338875,0.22233619478701772,0.3
weather,0.04809464396408769,0.7815144817514149,0.3311763548709968,0.7505019247653135,1.0
highway,0.1636559428657045,0.08213289896549647,0.8145747202313821,0.13303944413924004,0.2
urban,0.907866130462516,0.3161965822964946,0.29415333789752834,0.20489461902513972,1.0
weather,0.4391349085702184,0.3769444294249076,0.18507191426784259,0.3013778741641421,0.9
highway,0.43874467538833906,0.28874313545306285,0.3553624518183959,0.07829642204030039,0.2
urban,0.5435528611139886,0.9064721109645469,0.31211899795699605,0.03506941221250922,0.3
weather,0.3328157859124843,0.7305491368093014,0.27748704296133536,0.16673075999338316,0.9
highway,0.6200727559285135,0.26673054598816076,0.8938925830509576,0.15771944224490617,0.2
urban,0.7524031200388227,0.706980461243459,0.38928596952537553,0.042938395664540885,1.0
weather,0.5698896848713165,0.7624586857406905,0.3507062547046998,0.34208174871590746,0.1
highway,0.5364813514845947,0.18941078277845785,0.45700021928167833,0.1207915744145025,0.8
urban,0.7972953657795536,0.14991742734877378,0.11462569761632074,0.2166757705179199,0.3
weather,0.012203072318044517,0.598442701205227,0.22620333892918953,0.7161790747329522,0.9
highway,0.34569599350391944,0.09079885840071283,0.9084505613336283,0.11667835895322409,1.0
urban,0.4235968624204829,0.2879296164757261,0.3074751315763272,0.2735557226528894,1.0
weather,0.505888678884466,0.6114542354346478,0.007244073528336204,0.8721239089441515,1.0
highway,0.10221266422519959,0.45937526113037325,0.7900846371240867,0.004604520957527503,0.8
urban,0.15253904291426135,0.5762883601668132,0.30335752319142795,0.1272392013907158,0.0
weather,0.1042469660518095,0.8404396319804229,0.36427447930228524,0.1228107818457338,0.0
highway,0.9848411989623346,0.41944904322296706,0.12466268120326685,0.18416837652347448,0.8
urban,0.3114442640456412,0.22739562087711263,0.30394719689712935,0.11379170951566464,0.0
weather,0.3351972416459009,0.8028534485980114,0.0018528092018411436,0.3334991716911442,0.9
highway,0.4145045842036277,0.4317590703064785,0.9229602317984849,0.09314002446376264,0.8
urban,0.7375012481097484,0.45221794088980716,0.11230241146999098,0.135731854839808,0.7
weather,0.2482264427571519,0.5776319540915472,0.06620532697118953,0.033879160246594986,0.0
highway,0.3623938991166331,0.2902941751390217,0.6322642879195304,0.0026188913176667275,0.0
urban,0.5151736824068126,0.9755413156827563,0.22949449400850652,0.16719161066701435,0.3
weather,0.08534966807864386,0.9968742518459474,0.20087800413249704,0.5953850173200438,0.0
highway,0.3973181154575979,0.2133944526683747,0.7997820220742694,0.06987739980986661,0.2
urban,0.19068772066366657,0.03654966784809488,0.23603347255499962,0.16945233997878492,0.3
weather,0.29404467922097155,0.7140591997898282,0.21105909205791434,0.5344558912572469,0.0
highway,0.400763060875326,0.27982016565410894,0.1552402459307125,0.03638562609905423,0.0
urban,0.07550336380388922,0.7532462207474508,0.13615092736014972,0.26922912294566526,0.3
weather,0.4087341710980964,0.02538635566034486,0.062461038946476144,0.7159722288473975,0.0
highway,0.4079844953648447,0.2758612976296699,0.2538885640433043,0.03922261993869056,0.8
urban,0.019710537754364155,0.10410858198457384,0.3999580426865947,0.053563398616300086,0.0
weather,0.5567215847833661,0.7208130963105066,0.3221259869431621,0.9887287819554428,1.0
highway,0.8556964681062857,0.4151099322834958,0.3971835296184548,0.13361702731412925,0.0
urban,0.406392308273522,0.3239900611067996,0.04346250747517466,0.18997223247328815,0.0
weather,0.20788625514602732,0.026532203873819715,0.07257417403591893,0.5830415609696922,1.0
highway,0.7039461351385095,0.45531200177015196,0.6247612710432511,0.06717317142996702,0.8
urban,0.3796924081672669,0.5902949425148077,0.13403182041143813,0.1872446723547402,0.3
weather,0.7738345232013403,0.36275789466594544,0.3444272079898887,0.2195105250809587,0.1
highway,0.7636057941597608,0.07005658788322627,0.8684679758979128,0.09748623964990273,0.2
urban,0.4710654526938144,0.18210713882158325,0.24238918357517308,0.15373729676457648,0.0
weather,0.5416342146608669,0.6334782198261473,0.10315507417328092,0.13935607407282413,0.9
highway,0.4217039345532818,0.0661381055626652,0.9005723012363857,0.1382443715219309,0.0
urban,0.018390676547466733,0.914298806560499,0.05887554144507057,0.17295494265427605,0.3
weather,0.06717539991571009,0.40524808802768875,0.19898595759195625,0.7202025816322958,0.0
highway,0.010995828658480478,0.06844281503440364,0.9000186418481051,0.17477801551250305,1.0
urban,0.25073066056159776,0.6330980633574476,0.2471369250691357,0.17198831345382018,0.0
weather,0.4187705248920731,0.38313852824949746,0.20756708211313502,0.046965966775055046,1.0
highway,0.9586271773132206,0.0921854603394816,0.09033696057760787,0.1541971851070957,0.0
urban,0.38929561404197655,0.28869373677069987,0.17783635823247457,0.21571377155527363,0.7
weather,0.6104046670079576,0.9493067970577657,0.1586597492208217,0.9540869365396331,0.1
highway,0.7325720972102503,0.10747018929537838,0.031183135061284672,0.05245280885996502,0.8
urban,0.8415296603100434,0.8464078493145573,0.4776181563617395,0.046401642264970865,0.0
weather,0.7709122037458219,0.1065982531337718,0.030055112694323507,0.7281887562036033,0.0
highway,0.704925549688953,0.2991430291340773,0.4596815127611311,0.015186682073924419,0.2
urban,0.7994158789689793,0.6946964708544268,0.13607256861498135,0.17706920006072613,0.7
weather,0.3145965568094109,0.8074302518167612,0.3848395143056471,0.7900135587918561,0.0
highway,0.44600577295795574,0.09256646441930982,0.5419009473783581,0.17458916717528167,1.0
urban,0.6389493853342618,0.7590358455388498,0.3620516646365693,0.19116947393684605,1.0
weather,0.24966800885918594,0.4894249636431405,0.0884837767278409,0.987668007996647,0.0
highway,0.6699174645500392,0.022082718855050087,0.588263756969931,0.19987069991316697,0.2
urban,0.5679452305526295,0.9154882975880418,0.01697298929289942,0.20922608017405198,0.0
weather,0.19259902778563043,0.11528202124728437,0.16870506389220502,0.7953418379590974,0.9
highway,0.8620426509893134,0.4222746992675352,0.31910047324325563,0.16578309483013548,0.0
urban,0.6501673504432282,0.36469724945730586,0.280338597001757,0.14431856515322591,0.7
weather,0.6962887758781398,0.33987496376806614,0.2899067086115046,0.06535634079894237,0.9
highway,0.8039769794008976,0.2692007451903938,0.6616551750805415,0.147571153381305,0.0
urban,0.8859777482361871,0.6158631881823046,0.11647973737681688,0.007320234466961405,0.3
weather,0.9903413133417771,0.0002375235758845795,0.07418916383068899,0.38396388991972574,1.0
highway,0.7987832357736654,0.49896705526666874,0.35071181545171015,0.1534376577862254,0.0
urban,0.03759677320626087,0.47978132685650476,0.29037860361366385,0.08150609132070122,0.0
weather,0.7682734138645182,0.41776678216733376,0.16854280091082807,0.7375823015888915,0.1
highway,0.003346362042979223,0.2336553832688263,0.2970028764548822,0.1705643643383803,0.2
urban,0.23360775104990994,0.04209318963636188,0.008936967366706905,0.29631671692080946,0.0
weather,0.10946759867911515,0.39163014054035605,0.04977502291874254,0.956415697559425,0.0
highway,0.786345014415552,0.04470550115612976,0.41758077578492836,0.17582366151243295,0.2
urban,0.600798446442198,0.9037239671752705,0.49459245490667947,0.22300584686808725,1.0
weather,0.2316717013834434,0.9427317741351257,0.2598586595969474,0.6077367948788591,0.0
highway,0.12033876203499594,0.023472678573906502,0.38409061149124957,0.007346387485322726,0.2
urban,0.7795844735667533,0.3501252591667301,0.028921338281698183,0.29073078904224336,0.0
weather,0.5182603666763922,0.597274072430341,0.2100126003441073,0.2602333679515273,0.9
highway,0.7582384757040913,0.3480103090268961,0.15389590633985506,0.16316662499812357,0.2
urban,0.6229373829351187,0.7478716040922285,0.017432580116912455,0.26847643236835195,0.0
weather,0.09148683739775487,0.8774608626303804,0.10624001703548243,0.12951492128280417,0.0
highway,0.04437666353323677,0.4260967666735039,0.03542236841854507,0.0658102730739742,0.0
urban,0.5508573706091393,0.08698675991141014,0.20422660653534935,0.1118065551036942,1.0
weather,0.6957142928497502,0.04878358167317309,0.21304100776030485,0.9621219725920498,1.0
highway,0.6832587636595959,0.03806542974515009,0.8512069140487687,0.09902930540279486,1.0
urban,0.5160790204436166,0.90651371944458,0.28565947095978705,0.1986336030319694,1.0
weather,0.5657319639957911,0.2670282701694213,0.3514519945420632,0.7974260216069281,1.0
highway,0.24528553225533456,0.07867032985126299,0.1604001053300721,0.06680177574904758,0.0
urban,0.6974714616692836,0.6801407717603004,0.30930568910759215,0.22581499186729237,0.7
weather,0.8816371327703502,0.9613152881849074,0.18618800350799344,0.8790714802281316,0.1
highway,0.1288698674734452,0.16755942712957095,0.7435082562916078,0.03215197920966164,1.0
urban,0.556181735039757,0.7566358037849347,0.129344165348954,0.05793985937618792,0.0
weather,0.6169269183757422,0.9811861780274235,0.2527254108066674,0.2598035810641598,1.0
highway,0.009072404652724964,0.4093397102499209,0.12844871809319136,0.05666858965311632,0.8
urban,0.5412665786761103,0.9629920038589946,0.17093608301934304,0.18978656794018442,0.3
weather,0.7536988340505192,0.7888069818707443,0.06950139012302672,0.7708541085409898,1.0
highway,0.30096356694681625,0.3540860443226408,0.0673506014687717,0.11643409203525466,0.0
urban,0.05792046055879829,0.07469441775785401,0.42620732959932384,0.2970445118251941,0.7
weather,0.9688778552856915,0.7496518317429247,0.05203449605225279,0.7582631959290226,0.9
highway,0.06562614457401295,0.4107564737037205,0.3718335292387246,0.16375712867141876,0.8
urban,0.6832953766065052,0.44590270637674834,0.13681333314083294,0.29913735004731334,0.0
weather,0.10219361969371898,0.854209774461566,0.21080963848474485,0.8259207657998966,0.9
highway,0.2207696127887604,0.04119052280792135,0.6804993020747131,0.13090224285622706,0.8
urban,0.8680543225322929,0.9632366534401319,0.01565115687375812,0.21938102009210567,0.7
weather,0.4197273169261223,0.6385259476640855,0.15903775918511773,0.27421520234867003,0.9
highway,0.31195199049513045,0.16037137021906372,0.724422672614117,0.14916740240619286,0.8
urban,0.03113408288451136,0.651666825375885,0.18426317186188057,0.2593074749518911,1.0
weather,0.5432328057899581,0.15924573827926447,0.08148049971050969,0.09116449040619168,1.0
highway,0.770921844644052,0.42239161405844383,0.7610239909429989,0.12524406432628307,1.0
urban,0.2941679733434779,0.9118360349599111,0.48375563180688885,0.0556376624029963,0.7
weather,0.4815223515125501,0.11730818896239448,0.05007431688102018,0.6855652872289714,1.0
highway,0.5584126725831979,0.11277007122186772,0.16082546907819006,0.13030389336045295,0.0
urban,0.26899340443509767,0.7975591006371882,0.15518097946178688,0.13656604472454034,1.0
weather,0.46459859663581016,0.6804566263593252,0.1582180335519875,0.9746998518706899,0.1
highway,0.29166257870930323,0.3474909430632713,0.8601223971892046,0.15597019777866997,1.0
urban,0.7242853081264119,0.7491616391012831,0.07296103701757273,0.030837721347799704,0.3
weather,0.14249554290151323,0.49888815345135606,0.24726229372724765,0.702464970544104,0.1
highway,0.7758047357929561,0.47061875211619325,0.0724162721463415,0.10684844119528902,0.0
urban,0.35062693120918076,0.033203108791366565,0.03928924857751037,0.11907698286047881,0.3
weather,0.9774663863147858,0.20085908986229417,0.2772775763290724,0.8214407280098664,0.1
highway,0.16748258225906976,0.052283920167200126,0.6364302495436367,0.14129514529738024,0.2
urban,0.5947766373769361,0.616604581862474,0.30647208743280296,0.08965076590119415,1.0
weather,0.8709691237460856,0.7140869321324278,0.32069123322791676,0.33945019254280606,0.9
highway,0.4843984475740406,0.33041005914962535,0.5530014525919584,0.11949517252638603,0.2
urban,0.45231828451830014,0.643577695196525,0.2632013304680566,0.21947685652659957,0.7
weather,0.7248265598740583,0.5932786483101787,0.26011767434938154,0.4792789285762873,0.9
highway,0.21921398735804432,0.48793262790956565,0.33689579177110685,0.03642358313773986,0.8
urban,0.4336553339563889,0.04366165770736119,0.08083627207340133,0.00625834178746143,0.7
weather,0.22845474133129873,0.9963339160567419,0.38991726485871325,0.6503256863469369,0.1
highway,0.4032613611238318,0.11028056246116164,0.4183997886676527,0.04071565606844854,0.8
urban,0.4626229567393163,0.8682725054083805,0.363584534883154,0.22281195635999432,1.0
weather,0.6287648182059451,0.7353502986657526,0.3070895552267121,0.5048448818930178,0.1
highway,0.8670314961224486,0.2893377042861967,0.43861541918959046,0.14505153208302732,1.0
urban,0.6061887135611715,0.5977235652558643,0.3964780473028158,0.19650280164963255,0.7
weather,0.5923503285933622,0.912363345616691,0.08426487560226664,0.6229665835634828,1.0
highway,0.8359980637812094,0.11789604697960493,0.7760002070354295,0.08106203661714868,0.2
urban,0.17968310887024197,0.23754332492387764,0.4856975470208198,0.054293085812846927,0.0
weather,0.06913278618661944,0.43716538881682654,0.03895735702142087,0.4050207990803215,0.1
highway,0.5148173539296902,0.17961668469988284,0.5929508514349274,0.032704774517004556,0.8
urban,0.3121480566964471,0.3990459461371111,0.4289931269613529,0.0027091212388650754,0.0
weather,0.7734731256866006,0.13087366071834983,0.3879284180314179,0.45378954138363925,0.9
highway,0.8837096696607526,0.22101218689142876,0.33088936298917193,0.08975551476628062,1.0
urban,0.8288833658826095,0.43088752366180594,0.12435713629381495,0.18514349598120902,0.0
weather,0.25252778207541926,0.35925074791624556,0.15174343596896953,0.6055381576448828,0.9
highway,0.6638045276218051,0.23731543787490694,0.8441704489691971,0.16113403059001064,1.0
urban,0.8642161776741689,0.5581402495938629,0.26995291975110625,0.010256329781747453,0.3
weather,0.05708685608931485,0.531169528001032,0.37464227691798463,0.03934354066850965,0.9
highway,0.22470117697268,0.09000521873636175,0.08855558422324139,0.020661791424803136,0.8
urban,0.0415728590503921,0.14834320096208886,0.49331506147942344,0.28953560893081365,0.7
weather,0.017379790185479638,0.32313065707027855,0.3892390992281386,0.580112229695468,1.0
highway,0.5155960285792502,0.2444232901284601,0.6668642575461043,0.027930250951262583,1.0
urban,0.13271465381927738,0.14354236203939286,0.46990989596342086,0.21986967550240252,1.0
weather,0.9699120461072704,0.09390071578941839,0.2690408472900505,0.44375021930457115,0.0
highway,0.963346832820399,0.12765326236421592,0.6616323503711468,0.19572625748010608,0.8
urban,0.6832480282896458,0.4971747640084273,0.3089236201006069,0.26067149534361544,1.0
weather,0.7685193645237912,0.11310981907657303,0.3182041486785613,0.9186777969935043,0.0
highway,0.21567515239771717,0.3294427351163286,0.3938644056541585,0.13024659540829842,0.2
urban,0.3485736672419705,0.15928744524280514,0.3024769613452704,0.09543346608543585,0.0
weather,0.4069079607228706,0.8707534503372591,0.3129541936233094,0.5670162609866678,0.0
highway,0.10910963176574973,0.3252558238958579,0.7651908645557847,0.18513496617614236,0.8
urban,0.8078459419412586,0.7622851347766157,0.39890682442931724,0.1306749944438799,0.7
weather,0.3756722518817265,0.2968692745602808,0.25962986351775724,0.32838122788508106,0.0
highway,0.3664615348713979,0.1980863458046277,0.6954672066898622,0.07771162025406915,0.0
urban,0.5964854749854216,0.5456868884954734,0.22220972637560077,0.0044001171138791425,0.7
weather,0.6034485933813779,0.6682127985550163,0.24779613840384582,0.46349404380057235,0.9
highway,0.5423636649797383,0.4757392798329956,0.8471673613725742,0.182847303190294,0.0
urban,0.34124782762615635,0.38019561878585706,0.19941139044845024,0.17405171076819967,1.0
weather,0.47669547504115917,0.3943653238183502,0.21976569537218135,0.7468757161358227,1.0
highway,0.9555236959549347,0.009116291338180815,0.1957779856835461,0.0015125749956284241,0.8
urban,0.07128027005516391,0.9546600300333075,0.3273465407156741,0.11402235268116158,1.0
weather,0.9344360268055143,0.3516226872396344,0.04056833137968661,0.48587175918632564,1.0
highway,0.5230847245817847,0.33504801730547085,0.9296058774219892,0.10645204266780804,1.0
urban,0.31130769915600365,0.6103337833109184,0.3580753371115968,0.08178720022006013,1.0
weather,0.8231740155956603,0.5224810405161183,0.04928906166886642,0.8594157932805891,0.9
highway,0.5251633836670602,0.35452313086121634,0.10687692309474384,0.11346244392578071,0.2
urban,0.9177524891713773,0.4245274251963619,0.04351948129382932,0.24472459305128424,1.0
weather,0.043412532854819164,0.6331513755940223,0.3805613368826628,0.6016118201463312,0.1
highway,0.5151751703337316,0.2967692845615736,0.7937438503805163,0.12932118268457202,1.0
urban,0.4110284698067047,0.8398613028667203,0.4500115616990056,0.10602641379081543,0.3
weather,0.2556449978092723,0.30206050183479505,0.2927832270342538,0.8511742608527708,0.9
highway,0.6675498992914705,0.04776765691733409,0.623859324676573,0.09035353574744583,0.2
urban,0.15298380082856267,0.2352355848019848,0.4346298123255263,0.14186758968995464,0.0
weather,0.09571455552016173,0.023638586046336396,0.2567886001773064,0.6070940360887808,1.0
highway,0.6379607933159701,0.1284419238228574,0.6320154860204185,0.011690922821710782,0.0
urban,0.9877855202148873,0.13643975255673313,0.3475722770237969,0.12129563043128763,0.3
weather,0.44579091457722897,0.7245168513986181,0.006328436706232976,0.34109002447422054,0.1
highway,0.10410964938416634,0.3621694085643706,0.5783869170064091,0.05483213331196118,0.2
urban,0.2648954472367334,0.6452898375257169,0.29787536409447835,0.1203563742116948,0.0
weather,0.22665640222698802,0.3549963058319373,0.02776953709843735,0.5190597909082704,0.1
highway,0.6696026161339619,0.034965802854717065,0.6401682238281661,0.05422948730003696,1.0
urban,0.6508773690471942,0.5329577865513353,0.1621668765576878,0.09990057391745938,0.3
weather,0.05233887578650831,0.3784764234858691,0.1451777087383968,0.995480490704257,0.9
highway,0.46520561228371815,0.030071171300392607,0.5622968158779098,0.19152505690107605,0.0
urban,0.6349600455910331,0.7548378199408478,0.08523896908695877,0.12284335590156116,0.3
weather,0.45037093625818514,0.7561633288952461,0.13902860969559283,0.664911724487218,1.0
highway,0.4748865435062186,0.19126314012200413,0.11982900201764635,0.19483292572560312,0.2
urban,0.9924835021583752,0.9270009679242953,0.2699785651402798,0.25260998831292636,0.0
weather,0.09292914437938993,0.25704726643207987,0.315160795316906,0.8646861920335402,0.0
highway,0.8260676302525284,0.39101404383519295,0.7087446977429764,0.007232076104952423,0.0
urban,0.22735730009609878,0.34167450189692083,0.1904547627554936,0.10389653057670106,0.0
weather,0.5538022407123763,0.30552431065802355,0.15879260682971338,0.44720254050483565,1.0
highway,0.8733366617238478,0.0808821056760548,0.7862759567570945,0.11491747646355333,1.0
urban,0.8514249577450957,0.2085105143573358,0.46529760732195813,0.034909919365642826,0.3
weather,0.6279500527726358,0.6743038064090484,0.21299247702377047,0.7214220673287317,0.9
highway,0.7900304363070614,0.1523395695490204,0.08091928305125218,0.0805960357530323,0.2
urban,0.1537911496680311,0.22361443449631124,0.4786614439472936,0.1719124286792548,0.3
weather,0.822480563634361,0.13252467274184843,0.34480579290904906,0.9227571905133943,0.1
highway,0.13919802461752984,0.449130813646353,0.8293324051412837,0.06350628957534742,0.8
urban,0.3986630277723131,0.1463739921622491,0.18376721114576572,0.02045169281564807,0.3
weather,0.5061075548467509,0.2325513583653801,0.03198615774372078,0.7767236304716927,1.0
highway,0.432497878330132,0.1559080665426298,0.5061418628402441,0.08790233772658203,1.0
urban,0.8514486375512653,0.0003325061204894064,0.00884390480662861,0.18076594915285948,0.7
weather,0.1520248531286481,0.06134962711066816,0.31230463442737594,0.4598004237693202,0.1
highway,0.4846015870188647,0.3771267721719315,0.6194977514075877,0.05947100964736778,0.8
urban,0.23918010421592562,0.14224936868719618,0.06069246971121445,0.09098254427027866,0.7
weather,0.1777663878512482,0.6916180555693193,0.2472206697148744,0.6331896260134641,1.0
highway,0.8139702695060188,0.30760971911550544,0.30625362078661167,0.1247791672583277,1.0
urban,0.8480158852494014,0.7243174696766612,0.3960468168802716,0.12143952872555994,1.0
weather,0.19462251182076507,0.3677593508772896,0.16565190101157082,0.8275378955668743,0.0
highway,0.3870787603356308,0.4819111377411755,0.24858025771494208,0.026760747255897745,0.0
urban,0.019192276823056686,0.2598132087450342,0.3801449115610675,0.04113291171869971,0.7
weather,0.6189481930077215,0.32350039491147375,0.33372134638190704,0.6292988060107362,0.0
highway,0.8015371118829896,0.4797883221605167,0.48785404392636245,0.021947239735500702,1.0
urban,0.646090123462508,0.4993338349786183,0.13300963900269036,0.04477133338505283,0.3
weather,0.15004866469398426,0.32467592689006,0.29494283095511986,0.47601812936876653,0.0
highway,0.6140813111847361,0.4297826158234729,0.3923937215284745,0.19124443812978967,0.0
urban,0.9553346865039283,0.7869033862552951,0.15770344787400636,0.20644041182596265,1.0
weather,0.07641685943805143,0.2793677139347164,0.3721275539351295,0.25305843280078455,1.0
highway,0.46147746462473416,0.3186007384041402,0.6593539222057827,0.17902354814130728,1.0
urban,0.22696469436536415,0.8893909161288442,0.22530982836487895,0.26473783213682994,0.0
weather,0.7374337687214856,0.5122219208126745,0.2720911116833413,0.041672900602384266,0.0
highway,0.7462072574818386,0.3295177671018404,0.8021305581275875,0.02107350679056119,0.0
urban,0.9565013982994801,0.737508359459007,0.17662570425103208,0.08896067438629657,0.7
weather,0.9707499576706702,0.9423153896731928,0.31353707070706954,0.3548413602568904,0.1
highway,0.09839564971339732,0.33015135985066907,0.7643726622217359,0.05300928566500081,0.2
urban,0.08261766345926869,0.5146575865735116,0.4494504120031177,0.23474547736918136,1.0
weather,0.6246635688542638,0.3819396396528959,0.08227490487822205,0.12138641815940643,0.1
highway,0.26071329991991654,0.03462715314292997,0.959826518075929,0.09565105891518476,0.8
urban,0.9684887775943838,0.7987141916545746,0.14641101835048237,0.29399109880765517,0.3
weather,0.4860155029775399,0.9202971812194077,0.2083072567336851,0.6164997268950835,0.1
highway,0.12809574636620003,0.1691337529972492,0.9280836403260497,0.044923122368770385,0.0
urban,0.3759928899413114,0.550091940458156,0.19432639931492351,0.049105140439590446,1.0
weather,0.24069271183250496,0.12150137630091806,0.07898819594397494,0.8869249002092695,1.0
highway,0.9924154004894702,0.3357274674473216,0.31692247734494494,0.17585373199956766,1.0
urban,0.9189265336395545,0.2522410201733616,0.37752096437313915,0.138161849182242,1.0
weather,0.7481919059789975,0.5578132255110699,0.07223783927012035,0.053858206998026126,1.0
highway,0.5450269188969383,0.4923348697622541,0.9373880664971189,0.008634747159402335,0.2
urban,0.10794371464646435,0.6852980161158734,0.04593544385502235,0.28953892263809894,0.7
weather,0.505852692951829,0.8407030280112,0.29312061790650024,0.5422372054918483,0.0
highway,0.7434237860766093,0.3059702526686655,0.10593071255849296,0.03031387431753472,0.2
urban,0.8733229158608077,0.6362913539792481,0.380560768521579,0.048021490486371894,0.3
weather,0.558042325148967,0.8117522168657099,0.29668482460517204,0.8814507796750214,1.0
highway,0.0991780995872159,0.20074715793064413,0.8000709686991595,0.04080712692577977,0.2
urban,0.7423480505725092,0.8151183844803679,0.3074891201705662,0.20636523296397452,1.0
weather,0.7837917844853972,0.5542265141320166,0.0020918454171650947,0.7609907600280938,0.1
highway,0.8326804693470432,0.005515807131232897,0.7495454844688882,0.151735278022201,1.0
urban,0.3269316163380791,0.14888805033244468,0.15280210774510744,0.26299522854846014,0.0
weather,0.12471405691139048,0.3853758830473618,0.25734607196471376,0.7803997761472745,0.1
highway,0.5930443341867842,0.19576284908891467,0.41262184084862374,0.13912362929936137,0.0
urban,0.029071380343953734,0.16688511785487092,0.09065963996275261,0.11630207842511825,0.0
weather,0.5882022669483905,0.48097288988612374,0.25693021036209096,0.06485359448296835,1.0
highway,0.22543875546369385,0.3514717204893384,0.05280396046852809,0.09731953244875063,0.2
urban,0.8049889996807698,0.26982072012821434,0.41252470509003103,0.1494767046790361,0.3
weather,0.14899973614924344,0.6954156483280532,0.29837008352546984,0.9819691904461453,0.0
highway,0.7886149646724064,0.2586345282208047,0.44019899795549056,0.02949050534125679,0.8
urban,0.7355056064875376,0.2358575991436871,0.18571100093652287,0.01876266806921053,1.0
weather,0.7356631142391898,0.9983475113929496,0.3732453325374231,0.6425651995351915,0.0
highway,0.6375532644702298,0.24808319205660972,0.17825246690464158,0.13718225420997274,0.8
urban,0.8398022856356172,0.383832951933044,0.28593613561359327,0.17633080825865946,0.0
weather,0.5655499649214404,0.9796467150338835,0.06611764438806982,0.700251959444521,0.1
highway,0.8316970436757735,0.1365354049864062,0.5180787662388154,0.059745114717754615,0.0
urban,0.056136103416210004,0.8527280198757112,0.11277066496286631,0.11307424942091159,1.0
weather,0.18610141784627732,0.8026433097957104,0.18327475469515708,0.4829688720853552,0.1
highway,0.6311706459567064,0.024921013891470778,0.9039133302603747,0.18187803840167927,1.0
urban,0.7295082286523967,0.7655128989911097,0.07945408383467678,0.18306754484329238,1.0
weather,0.39883602970372944,0.9226230580877897,0.18882417367879933,0.01340262643216561,1.0
highway,0.05705472115125432,0.14109353734660007,0.26170568373590597,0.04939575981439997,1.0
urban,0.787126602601604,0.9748346527811119,0.18560354694499914,0.12866606365831157,0.0
weather,0.7767105569551812,0.06536615756438524,0.19502847746935373,0.03361360018328263,1.0
highway,0.6196994401994157,0.2809964237334034,0.34592044750169426,0.0630379042194718,0.8
urban,0.3473433262588427,0.8998333456872725,0.01091169838774475,0.1991369058526767,1.0
weather,0.1279882085335864,0.8821356142820601,0.15737913862543662,0.8278683753221728,1.0
highway,0.26015779096205116,0.3654104824903649,0.9812970904972467,0.05130601248884956,0.8
urban,0.7251557275511148,0.191190701464789,0.1691315526661742,0.09260962301195858,0.0
weather,0.6085272726964666,0.3495063720868188,0.04563831395517335,0.15124682873493456,1.0
highway,0.41798993387048433,0.04442012254378219,0.6837541055770425,0.10902110565213995,1.0
urban,0.11476887186921747,0.860139693349435,0.36140715160424186,0.020300508570000476,0.3
weather,0.5488386567200587,0.6129001608619492,0.09045882063597631,0.8469187280885598,0.1
highway,0.16577454016327575,0.47284907350014116,0.8499753714806619,0.13380446746582167,0.2
urban,0.8619869084042723,0.46016226448843967,0.3746418563478882,0.08717626794190653,0.7
weather,0.5125026487703317,0.8064036172328395,0.18369595103878322,0.05195657755426841,0.9
highway,0.4972559303146882,0.16988873578094255,0.8721357000224765,0.10896955181690314,1.0
urban,0.756751505688635,0.5193858595039373,0.10244063707535628,0.26334902344561223,0.3
weather,0.16161981128587144,0.2554933446556047,0.3786551816798429,0.5601822583749119,1.0
highway,0.7720124763099904,0.013583710612779909,0.06520459126049205,0.09278627536246656,1.0
urban,0.2824308986865117,0.39072836561361324,0.39917209411216414,0.11157980037505945,0.7
weather,0.8221031606002255,0.38042000750756233,0.310244740370131,0.9644766539008116,1.0
highway,0.18672329577304148,0.04701805221713318,0.35667097414176474,0.15149637695788348,0.0
urban,0.6345824175503038,0.7979141596158941,0.19798523633122744,0.274527020522113,1.0
weather,0.5201905232515545,0.44760294032021697,0.22312807677168056,0.16603431341619546,1.0
highway,0.857179256998753,0.4530716273828832,0.2769044873778089,0.19670429454304442,0.0
urban,0.598112629369018,0.03338360178638122,0.18184656237807012,0.21979057041024982,1.0
weather,0.15210428322227287,0.440323418368349,0.2461192100279208,0.08346408498938329,1.0
highway,0.1176439881593252,0.3698651660427703,0.3196668324405447,0.1976831978824153,0.0
urban,0.9841103190364978,0.6679199988036271,0.31733563662697073,0.0497864685887355,0.3
weather,0.9797824578545219,0.6561340180205807,0.05193057958068703,0.6868609976750291,0.9
highway,0.5273996221226763,0.3596768111845793,0.8902580530178021,0.015881316928605903,0.0
urban,0.9734573899761731,0.33684050186110326,0.14824489064165763,0.2754623998868326,0.3
weather,0.7102427986233115,0.3143501131837484,0.18846715957312588,0.8216368977104717,1.0
highway,0.314060794992732,0.12716099058915836,0.8192551048714611,0.17596438279033907,0.2
urban,0.1737615931357438,0.7120140203307808,0.4129891063540409,0.03019124355706,0.0
weather,0.42011872784772497,0.9053598742778703,0.2958685202907055,0.1912604179145867,0.9
highway,0.6511475848816741,0.3104642837392156,0.3523749466096544,0.168289510616952,0.8
urban,0.8437373264067243,0.2539748745720247,0.015557799958678842,0.22178842054943196,0.3
weather,0.325104015431699,0.6863271966860974,0.0278564592649623,0.1748814371759594,0.0
highway,0.6552824096916582,0.4958713085839194,0.07267087161001629,0.01541560239029214,0.8
urban,0.694150573509831,0.5126547531450529,0.15265533834836564,0.06379331291132884,0.7
weather,0.7631552912588894,0.4083063427594511,0.30369949322433715,0.9036078443467951,0.0
highway,0.7660647765353026,0.39422367162664934,0.6649849034759953,0.052057371513200605,0.0
urban,0.8742267241383516,0.00018839955658189744,0.08454053517799626,0.11692781622794762,0.3
weather,0.4603582712019263,0.86456360952267,0.2186592880751154,0.38040054897040965,0.1
highway,0.8023543291592642,0.2395350315516756,0.018000088945214987,0.08428880831584949,0.2
urban,0.9180765521991506,0.28003732955048943,0.42917083839956044,0.08766546913856933,0.7
weather,0.8260390516665719,0.6993153751262037,0.3357843638003068,0.9817986932606276,0.1
highway,0.7266709920703233,0.15237554769306666,0.8293946648588469,0.05630423968298599,0.8
urban,0.44984220797255925,0.2184431828833071,0.060123613255837816,0.02050228065967812,0.0
weather,0.24189382825883898,0.01240403627731479,0.18750718618580234,0.3012652607600004,0.9
highway,0.07424087298838644,0.11317574717074297,0.7302461470901459,0.1197616592766983,0.8
urban,0.9028949951919872,0.8522638743911815,0.33390234161320326,0.17796647103221527,0.0
weather,0.9890283583501739,0.6261761715931382,0.21252660822722366,0.8381521835519244,1.0
highway,0.03467026672648332,0.2914034175417448,0.9954375161913099,0.1711392187675079,0.8
urban,0.6588250701400705,0.25230724983940656,0.11011265068865755,0.14651238869488162,0.0
weather,0.0938572848233562,0.9096268194365924,0.2676801051752314,0.8292867993167555,1.0
highway,0.9558244837207522,0.012570979138636362,0.6944504561307088,0.01644141274235633,0.2
urban,0.43459596085871177,0.7738796557301564,0.3009617155075658,0.26775698698645384,0.0
weather,0.17058191155709002,0.9481083201714422,0.17809844491391527,0.7888022639053596,0.9
highway,0.23743346837480628,0.2561818887728953,0.10422480280834767,0.07690226552896251,0.0
urban,0.970766206474783,0.2626756425986517,0.13578438237551993,0.14186913984327146,0.0
weather,0.5062660594952028,0.6341040313763313,0.028372886453509372,0.254391580841847,0.0
highway,0.03976596498856955,0.3020358385356096,0.907380164712847,0.04777133208038553,0.2
urban,0.9715326909010507,0.33134700710305076,0.24102052905604127,0.058829313821517876,0.7
weather,0.4474681413224578,0.4742884204312605,0.23634697650841663,0.5370074883513584,0.0
highway,0.0076640326492253275,0.10953440455092889,0.03672136250082114,0.021605150826138276,0.2
urban,0.46285195501585064,0.4385384885374355,0.10925491717706515,0.11903905412589494,0.3
weather,0.9317537194328164,0.39701504123719167,0.0348371067183086,0.6170665161178013,1.0
highway,0.5315994646044309,0.43993133868058,0.5747795542644152,0.005933644612947964,1.0
urban,0.7022587660316643,0.9928168389990704,0.06574455994899081,0.08241945765585586,0.0
weather,0.3898723529415441,0.7298603088484784,0.35290342243793904,0.6709430047425079,0.0
highway,0.6079052140907037,0.15468635893139104,0.8237903842212947,0.1910121022969978,0.2
urban,0.7213934511062883,0.8628805029124124,0.0010519215879417065,0.2152716374194783,0.7
weather,0.059524700347771686,0.6037954529493877,0.2746359653970427,0.11448763806590512,0.1
highway,0.8003548790234066,0.33133225652967774,0.09228479207325724,0.11926430377207367,1.0
urban,0.7511780478084181,0.07100766453325547,0.040090007040951725,0.10643138755079526,0.7
weather,0.41267532608339663,0.646096175005063,0.2585800360498428,0.8880390643601178,0.0
highway,0.010131184027743378,0.3180480232047711,0.9132869475762367,0.12251469366896384,1.0
urban,0.17184848132709452,0.6378770926636339,0.37049062513728925,0.1589974568779256,0.7
weather,0.5339674725477638,0.14213712379345766,0.004682644292361627,0.422034260127639,0.9
highway,0.4488530716747082,0.04219619027227117,0.39936874839469094,0.18202692735642687,0.2
urban,0.5586423964504253,0.34316735317265823,0.364586743774724,0.1956874945775819,1.0
weather,0.3873925856686593,0.8518412368739476,0.16155914566804952,0.07761464473144086,0.0
highway,0.3063134987782127,0.39449257996039666,0.4464195164015822,0.15967606810367052,0.8
urban,0.4501233611819322,0.5792663538205268,0.3796755128763065,0.02966208529219062,0.7
weather,0.5821987465941139,0.3711724234376276,0.2404296667200932,0.7055858626438246,0.0
highway,0.5258125988733238,0.25584069329075587,0.16562834702826534,0.12914810201912247,0.0
urban,0.8900970351838083,0.3458774607378574,0.07722987361166189,0.0076343279717252625,1.0
weather,0.3789102780588144,0.006710390304059954,0.1543498011580464,0.7917202592613465,0.9
highway,0.3112174950633936,0.3385603198675047,0.6057792494526903,0.072918745639508,1.0
urban,0.5802215187850294,0.5596884448379399,0.05262959259850619,0.05020791994158839,0.3
weather,0.4855896996593978,0.027536719869465487,0.20218204716417998,0.9640174071177023,1.0
highway,0.09930220275369295,0.10443203535286999,0.9256373300253358,0.08283004486564537,0.8
urban,0.023352096328185912,0.7562136139501768,0.22926150444094534,0.08677343159179636,0.0
weather,0.8354802363823276,0.3703969862753065,0.14992142711271855,0.4740064284831559,0.1
highway,0.6029428764794615,0.41335367987074373,0.9840131632104643,0.05768108756374915,0.8
urban,0.15158429286987996,0.030937644731341973,0.48537107683862407,0.23206166746036916,0.0
weather,0.1541450431784871,0.5537114853580112,0.21668192496400163,0.76190181260487,0.9
highway,0.8385492149028282,0.17809282355879708,0.826814973796419,0.14180274485740638,0.2
urban,0.05764758219902488,0.34244797883471334,0.13512384606539163,0.2899252157599222,0.7
weather,0.5448276575451868,0.1652420504426032,0.233193770465841,0.999713804155914,0.0
highway,0.6262343214210638,0.2444489158962257,0.40177880065432425,0.19876967777993965,1.0
urban,0.30048938560043237,0.3258231175644498,0.3962606959814596,0.13843365356619378,0.7
weather,0.3951377432643186,0.03945953289089932,0.1902184149947307,0.5430245839576632,0.9
highway,0.13237237903497245,0.29650725018029883,0.5991205850403252,0.07069214810935649,0.8
urban,0.869969159647685,0.1306523438234629,0.3952548971374425,0.03744624419005449,0.0
weather,0.6807558929604856,0.4667820772311879,0.013784503770000001,0.9696077268480954,0.9
highway,0.4626756050653935,0.49049368908134255,0.4834074359731466,0.17270950450290903,0.8
urban,0.3024474782893799,0.49141817752855677,0.26122207270273223,0.16881350970670175,0.7
weather,0.3865405068230279,0.5112754622007512,0.1969301920004728,0.5772790292331312,0.9
highway,0.8944525568242322,0.22798963787996845,0.4434558363819041,0.12042339707095591,0.8
urban,0.5735289514555733,0.9560471436119331,0.10023725776420139,0.032779263092886424,1.0
weather,0.0031678485807017376,0.6401983115596238,0.11937396494475068,0.2403823886994838,0.9
highway,0.8834647629860607,0.2241595276847111,0.5104324890042322,0.12531850221864205,0.8
urban,0.7340297625893063,0.7625963946941753,0.46462869900361464,0.009164837128013992,0.7
weather,0.692532431537108,0.13443512940812186,0.1197582353486725,0.35871552541701346,0.1
highway,0.3334073221591105,0.3665255949299967,0.5285781097221971,0.15867880286106956,0.8
urban,0.9978208556819782,0.6768212988573956,0.41423464972455853,0.08838581890385795,0.7
weather,0.04416193617783126,0.3417824047367617,0.2531625322713737,0.06902954088784963,0.0
highway,0.7534279222569691,0.3844613910538205,0.6585405156700549,0.15322318655911726,1.0
urban,0.7000342727721044,0.10440412974808144,0.19955009403686153,0.21694484593938884,0.3
weather,0.40754303103243084,0.40710648912562764,0.026403937656096634,0.3488205339694793,0.9
highway,0.6320898295062423,0.2885203322309554,0.6977562760734295,0.0012177496479678141,0.8
urban,0.5225765993367452,0.2995656779538739,0.038431037638081755,0.15018728042112534,0.3
weather,0.2422312178245669,0.4782598841952235,0.05807860515386412,0.7101100564217067,1.0
highway,0.2952904940479433,0.11619216152802392,0.2810044989087136,0.16069654865937694,0.2
urban,0.15232958946453545,0.26616801251553746,0.011013460611908499,0.17497724773683468,0.7
weather,0.22602899781599972,0.640476042175844,0.3915924460699236,0.6034930960433786,0.0
highway,0.4161214280710923,0.37980571434989824,0.1878428525377741,0.1439582906709372,1.0
urban,0.44934974203964206,0.5858647884535192,0.3123919313947012,0.021532741867953908,1.0
weather,0.5262784603382027,0.46317271675134175,0.09386137671033974,0.30319405946104605,0.9
highway,0.5525009674078891,0.2600849461553756,0.14287596133941172,0.15506923008062712,0.2
urban,0.40144563091319363,0.15862414452637796,0.4409960848608179,0.24713342703034955,0.7
weather,0.05433203482290383,0.7486452341262,0.12703471810444666,0.00013469300448532007,0.1
highway,0.7830166373167329,0.3575193594253419,0.5934857629759347,0.1791453451852346,1.0
urban,0.8393384923560023,0.003819922658583108,0.12341193460095112,0.22227121684562143,0.0
weather,0.9308873720608084,0.8267146599310183,0.05197196981428052,0.5649843576752536,0.1
highway,0.31334791758514313,0.3944662358880036,0.8918721448107347,0.08676348391530592,0.0
urban,0.3773136614063236,0.9363211539691568,0.33757003057483403,0.03480680440445078,0.7
weather,0.49381404045692867,0.38764880545564706,0.2530847514994404,0.7038570916343312,0.1
highway,0.13911584889108752,0.1271156918743478,0.8755112265526162,0.036561447331380094,1.0
urban,0.761037790250783,0.950772707731338,0.3512702507674035,0.08941566259183294,0.0
weather,0.4754066078500737,0.6343397397112043,0.3997864992862523,0.10480806499757211,0.1
highway,0.9567998154842862,0.2502005728551006,0.43272913601970464,0.0915399210318588,0.2
urban,0.6344241452865836,0.7707806182638798,0.0014406258328072963,0.25768700562618885,0.0
weather,0.416504431903879,0.8221798868164233,0.3401392004479582,0.21199405469865806,0.0
highway,0.8697631766817108,0.3652481804793951,0.6477131710629215,0.15924811911257086,0.8
urban,0.6077521222527226,0.2953014775718328,0.0683004518255863,0.19549192814318297,0.3
weather,0.7370965504320512,0.9745918113353297,0.020879451617988654,0.6821938806266105,0.1
highway,0.1992152748940531,0.4451075013180872,0.28740959646557973,0.07355719755123058,0.0
urban,0.8233094298207179,0.7820153349329673,0.2719028639331187,0.02996004634085345,0.3
weather,0.014693388654953843,0.3790940486719362,0.1349382187076371,0.019327630917601035,1.0
highway,0.9488459558311304,0.015710910755636465,0.736200425060762,0.06604855586728108,1.0
urban,0.5951316749056815,0.00992382112783563,0.23204757972675194,0.2890497722662765,1.0
weather,0.3976475795920361,0.7623090320219387,0.18196755580303484,0.2672526297935953,0.0
highway,0.521296047654139,0.4880069116396068,0.12555021476265338,0.0033895329779161988,0.8
urban,0.3825803235706354,0.3677336508051099,0.09086959535473149,0.1306522876416572,1.0
weather,0.2933086107805647,0.7731418739186715,0.2071842110850316,0.3480955931682881,0.1
highway,0.5706496238809349,0.28404625616893364,0.6630073461417759,0.1096764072391308,1.0
urban,0.8470608269838995,0.023594964645529126,0.44928030233741967,0.23495952398958778,0.0
weather,0.291144247785179,0.20709491817657122,0.06093111426507152,0.8994552125461016,0.0
highway,0.2282353634936991,0.12330181748901231,0.4840770697102016,0.1494888813193388,0.8
urban,0.6716422815460298,0.5822087597682312,0.4951044467938107,0.0717476333346729,1.0
weather,0.9913279015642206,0.5444823328002629,0.38510734010128245,0.07560504061675077,0.0
highway,0.20498120952681642,0.3628136001372079,0.6197345714330892,0.17921502235891468,0.0
urban,0.7813218557473051,0.5782983994203607,0.07348135479410484,0.24333713098004126,1.0
weather,0.9064209639144368,0.1638810237804822,0.25712756592006974,0.8098601873605862,0.9
highway,0.9174858431319902,0.1452522528357102,0.4699882681579366,0.17802822747920294,0.0
urban,0.6899997373089434,0.6900965582378434,0.4653034024232685,0.1491937338506917,0.0
weather,0.4476734254104183,0.13427485090227553,0.3831736484227082,0.5296597239456199,0.9
highway,0.3542677648410466,0.47453559815742197,0.9623102029877842,0.12418171804354161,0.2
urban,0.8069654908839936,0.45966487040266124,0.27328857101614745,0.12984480066284076,0.3
weather,0.5608744633626176,0.8639615807350102,0.19253335061426596,0.8976746726779566,1.0
highway,0.8436496640518237,0.4905962645820579,0.7931428739967394,0.17075698434093342,1.0
urban,0.6591137644695265,0.10889331398103907,0.3182693233766772,0.1494708001497819,1.0
weather,0.7117228057460487,0.9811437317918219,0.22781591182684147,0.25954178317609033,0.0
highway,0.9193874045726727,0.08804773566529733,0.2139570386882369,0.00260591355141675,0.2
urban,0.19010764978372763,0.7925951162883833,0.4539493968898097,0.28311047784606624,0.7
weather,0.3952059263099702,0.9528967959978275,0.386821072570414,0.3927937758093434,0.1
highway,0.47690010646797,0.359165587686002,0.24734031581908333,0.12812303670977748,0.8
urban,0.7813488406144062,0.9601677847287454,0.3817895344332863,0.256562095505511,1.0
weather,0.012103116776107425,0.009038469079292177,0.1428117375880049,0.926194068431782,0.1
highway,0.8047531219896948,0.023028367094978186,0.8080792823558299,0.03557762480980469,0.8
urban,0.7288614422699469,0.09539927731321063,0.2143510104932168,0.00875092909357934,0.7
weather,0.8946427975776345,0.0004427814372078842,0.360553238656774,0.15380702464160778,0.9
highway,0.9195310246560497,0.496627507711482,0.044911298995615856,0.1522015846990784,0.0
urban,0.6354436456595226,0.09072170223493103,0.016308974170783253,0.017310878524769657,0.7
weather,0.5771225860383208,0.3571211593005028,0.3150196343435117,0.25100138326230026,1.0
highway,0.5738412541045134,0.20780194795366774,0.8472716677218594,0.18044728069244764,0.2
urban,0.9182390866754371,0.1018036829495369,0.25297895386746583,0.06625583488890267,0.0
weather,0.22869440940036478,0.9563200933875275,0.05927117129197819,0.6795499271339084,0.0
highway,0.9504591705752957,0.2908111464945968,0.4366141897687661,0.11601776693389093,0.8
urban,0.3263384309319872,0.8396596557087903,0.07190717515740686,0.12903086295894,0.7
weather,0.9464565131504055,0.8925582274864745,0.16777919758292545,0.7803655030068817,0.1
highway,0.8888874240036297,0.272252884524614,0.2044608860547118,0.05106181530078633,1.0
urban,0.33156469906719377,0.8550302016199351,0.10353790460542761,0.02134748555202984,1.0
weather,0.29524180248964216,0.8794965707281264,0.18400095823231957,0.09505304553269278,0.9
highway,0.835825927910516,0.1660955165578023,0.6936180574737952,0.15422456317037733,0.2
urban,0.8247878562777867,0.5156594058564534,0.2316468266363984,0.013620984440607763,1.0
weather,0.4252281854376939,0.03757109039890738,0.051146720488967026,0.7655467505158609,0.0
highway,0.5904310898226933,0.030665477821641307,0.3621762547987283,0.14462565477651085,1.0
urban,0.22612533124967193,0.30419871963628087,0.15197125612751367,0.06912499863520497,0.7
weather,0.05190094358730901,0.19111870949600263,0.12403381533710203,0.7317247365642129,1.0
highway,0.7418963269587151,0.42421268954526237,0.4226291970136091,0.06058618112808585,0.2
urban,0.818026749138693,0.25281360608920056,0.1357192888171001,0.037606942737715685,1.0
weather,0.90194019674915,0.8066935196947392,0.39394336110499034,0.7542482596820808,0.0
highway,0.5424710034626561,0.07480072476347627,0.38068968116086577,0.08289394310786867,0.2
urban,0.7093208284726096,0.16732130400106038,0.3903158587127786,0.17513183415423347,0.7
weather,0.6284340474189989,0.4818674792746166,0.14468410194383227,0.9492086268705122,0.9
highway,0.7144241640712422,0.3795026412609655,0.10251596406647445,0.10277089284135354,0.0
urban,0.17208922929525938,0.9724199990401033,0.224406822873303,0.04770750112207839,0.7
weather,0.7143266357349976,0.4617161438131191,0.36839780843863035,0.6945954272532854,0.9
highway,0.8504716147608377,0.17230204222377982,0.030857904308072448,0.010379059903682175,0.0
urban,0.34534195224488784,0.3356104542698427,0.4892627341945703,0.25696116712437805,0.7
weather,0.7647191414762792,0.6710552838599144,0.1741296885820945,0.549309771480104,0.0
highway,0.3805177098698945,0.0815176684657955,0.786205652261058,0.1468887864151183,0.2
urban,0.016061864981006146,0.7821712630912462,0.06219141562066216,0.2392642081611598,0.0
weather,0.970257109726057,0.43766132814820347,0.09398936199838111,0.7048710100433817,0.9
highway,0.7061931829633586,0.2671452759468379,0.5407345671331042,0.08591918871521294,0.0
urban,0.7184539473225501,0.862640471149179,0.08962780595389502,0.24000104452910442,0.7
weather,0.9524671166878468,0.22672738232996326,0.35173640807061124,0.8087899845635385,0.9
highway,0.30978785920909924,0.14502276598121844,0.8714140341908543,0.1345405988417796,0.0
urban,0.07089157589128536,0.31286316085513,0.4676485492726638,0.25520407818145385,0.7
weather,0.9060870604812605,0.012156771477386807,0.2696079676235171,0.05183579911972902,0.0
highway,0.019795658347254386,0.1953410554929696,0.1914276804995425,0.08233109209134049,0.2
urban,0.3340499656687692,0.7326990505902804,0.20226369278693485,0.020505960092987583,0.7
weather,0.3558547592592114,0.08391953582142941,0.1333850374384042,0.677540945503534,0.9
highway,0.056585656146715624,0.1869605235064068,0.9444485826943034,0.12834687945971165,0.2
urban,0.7334867464921039,0.11619095652544598,0.3904979468074957,0.23558064345480453,0.0
weather,0.10137289755315915,0.27785277608971226,0.11052764338634145,0.432018927594506,0.0
highway,0.011480659749377842,0.22505826323740552,0.9771042330515733,0.02062427248161516,0.2
urban,0.1133035047274642,0.40360100236159124,0.3689424924173031,0.21136632840823358,0.0
weather,0.20444057394954684,0.5197042628944842,0.0296168871649392,0.6054826692144046,0.1
highway,0.48303969755889,0.13426687803380366,0.2874616648972501,0.13135121269491143,0.2
urban,0.14394191357223085,0.5953596612586041,0.08605530141138884,0.27765666235556424,1.0
weather,0.29729079030733363,0.09206698608247543,0.23961783486015265,0.6236487782902661,0.9
highway,0.5533790161267074,0.3208159544136773,0.7037923109905077,0.07465196289255178,0.8
urban,0.6760262880525475,0.7066298698787096,0.30500370853974285,0.09387221826409446,1.0
weather,0.24952436683824863,0.0020185177482339167,0.06963267012457171,0.11706604142416865,0.0
highway,0.15482861259771985,0.4723681293915398,0.7365352283347926,0.1765987649659546,0.8
urban,0.7723010151653429,0.6252047695304422,0.18677740052384095,0.015146683323722376,0.0
weather,0.015394891691308477,0.5829260568042631,0.1012406156718435,0.45025424614289034,0.0
highway,0.2204836934733041,0.36286295518205164,0.6172490208487257,0.14788164596626238,0.2
urban,0.9770069544389435,0.10189310087293679,0.004159971113596006,0.1300748377897843,0.7
weather,0.8900570254652526,0.08430131461135038,0.32287572751647525,0.8613196258150908,1.0
highway,0.4344033190066098,0.3617239089250005,0.009054161580370979,0.11789079789693944,0.0
urban,0.5468759658760446,0.6706755253823256,0.350433817930716,0.0612073997215736,0.7
weather,0.1992703364668008,0.8774700466544819,0.29548926029062655,0.013745554011345251,0.9
highway,0.35597103248839435,0.007906598116481034,0.07714516853958187,0.18223365703601582,0.8
urban,0.45894051659682034,0.7327334747861651,0.3033658623587182,0.20186150057942392,0.3
weather,0.37220039182521925,0.33303487180539837,0.35398572327223515,0.3832842396422014,1.0
highway,0.9327105081327614,0.27212698305684885,0.2002820178676259,0.12335672157050824,0.0
urban,0.2533571700596614,0.9876595923412518,0.14574787046186144,0.2312227592716655,0.0
weather,0.9207666084633573,0.584448909757426,0.2153327773022854,0.2688535143821935,1.0
highway,0.915257184917823,0.42991191769563797,0.03500791480680565,0.15747466900102114,0.2
urban,0.6302472194561579,0.24838360874320753,0.35273041514174314,0.1282804001110012,1.0
weather,0.5350255045989328,0.14438763213366723,0.3135949434757422,0.41938961166697164,0.9
highway,0.2923831104121931,0.2219597272531889,0.021913328775008956,0.06020921556686261,1.0
urban,0.40763285797965576,0.46952554204386265,0.014155637201333893,0.06300880485488448,0.0
weather,0.7644407280755043,0.40967105337599263,0.2620694858097352,0.26023659798522936,0.1
highway,0.11188061654912385,0.2582121941093055,0.786522382390847,0.18850626150402336,0.2
urban,0.881690611843508,0.8141256855911618,0.34256715493724205,0.0331295590233308,0.0
weather,0.007964404745451126,0.9245610553768049,0.17732260380687015,0.5533801878657476,0.0
highway,0.3568859751711102,0.176894579368218,0.8285555979060814,0.15785856966393713,0.8
urban,0.2160601162447664,0.8093243982852624,0.39317886653074074,0.1896649793261847,0.0
weather,0.5056341534219588,0.9411208125336735,0.35052777325692464,0.1025679625835898,0.0
highway,0.07764077598878127,0.4144356381264793,0.34889007504182357,0.10431987920227165,0.0
urban,0.6769407829968374,0.8379083748518036,0.4293821396747361,0.22450675609972193,0.0
weather,0.013251033503910548,0.2959428888586566,0.18367569349302473,0.4110936088804398,1.0
highway,0.6939495905101568,0.11479908037698433,0.11755130015021997,0.033056898028591485,1.0
urban,0.8629723989869625,0.5318890790075141,0.3947160970975956,0.08903600460595518,0.3
weather,0.08355433751068975,0.01912896643728701,0.06629927078608829,0.8908555349831467,0.1
highway,0.12149539108776541,0.31731962824369025,0.5821438075777985,0.023683007835186377,0.2
urban,0.6077526830956526,0.24535231416621106,0.028866079612558604,0.11730986073821958,0.7
weather,0.3356738330390596,0.749390452801159,0.2287648815402403,0.9862466719514015,0.0
highway,0.4157751035233219,0.21447216671507213,0.5409050038380808,0.13928596140722146,0.8
urban,0.753594630745753,0.20366713777268486,0.1637760825900662,0.16400557652978662,0.0
weather,0.6314189212183764,0.5325040664159818,0.046157856871566955,0.6056378893234114,1.0
highway,0.9331272344083084,0.21954778262541425,0.9804355702703718,0.10245695144869703,0.0
urban,0.391859373188026,0.8956747776187787,0.10215819169948515,0.15234151918763372,0.0
weather,0.7764893026510181,0.6113366022166469,0.3429235609443364,0.6732464393545315,0.9
highway,0.5606782949389499,0.31421322830729354,0.6886316293078756,0.05065447670454302,0.0
urban,0.7313165197032963,0.6972754190538569,0.376319147035918,0.1395165744901933,0.3
weather,0.8433261677878832,0.48509465997954015,0.13345135833474628,0.79155820259137,0.1
highway,0.5105617954093381,0.4102993788382933,0.4045686564040174,0.09686888525830173,0.8
urban,0.07569972730978747,0.38782608991693124,0.4017688297313017,0.2705322085638686,1.0
weather,0.20795635928938994,0.04198542890958823,0.191704035965815,0.1817232932281565,1.0
highway,0.9680658120507589,0.03328236395711143,0.6483180074520956,0.014821084514973416,0.2
urban,0.5133682102249155,0.9892177539577501,0.11577421798252441,0.28276378190307155,0.3
weather,0.3211621526359535,0.22011132590475313,0.14020821371446474,0.3725332737595508,0.9
highway,0.7066342634675964,0.18724019998400848,0.3694819340313803,0.00906385579217892,0.8
urban,0.7087656552291542,0.008363681876857099,0.10883369979026802,0.19850528651995694,0.0
weather,0.37324115637923383,0.631988680396189,0.03814864090922346,0.1036785807342765,1.0
highway,0.06646332577627212,0.3832575247662923,0.583713587731364,0.15639199543159185,0.0
urban,0.3502029910907303,0.6774734148234729,0.37925094045819535,0.004388477663302714,0.7
weather,0.6204737850519706,0.7422531871990872,0.06795240242029413,0.19497519990028922,1.0
highway,0.3907551523296371,0.07933943684484246,0.25823101966616,0.12108235150151746,0.0
urban,0.6541327370278737,0.88912792394001,0.28940337725597026,0.18971739729851622,0.3
weather,0.30690451319457,0.4149712154000782,0.2851110704867324,0.38621199281703067,1.0
highway,0.31382680822441555,0.12075031399641672,0.21491263703639585,0.08497016857361739,1.0
urban,0.7243444063295397,0.745753379076126,0.27896372257535035,0.17540042704974743,0.3
weather,0.38279876443638783,0.8218309465853593,0.26380430745630806,0.7962414505413685,1.0
highway,0.5493426449027576,0.26662569963955124,0.6367617170443272,0.14964656626637918,0.0
urban,0.3245118001753421,0.26951186229227264,0.09546329253582175,0.20839228766811832,0.0
weather,0.6547090753562991,0.823767395799123,0.025256117170956528,0.7767904834072271,0.9
highway,0.7780252431446532,0.38042566546539086,0.18772240569225207,0.017676989396903743,0.0
urban,0.7478385744120718,0.150608103218274,0.1086154432265054,0.1391970394393275,0.3
weather,0.03367640387446402,0.8791857726012476,0.0973586732874122,0.557337169573008,1.0
highway,0.8581203942511035,0.3918861945086246,0.4289849318408905,0.040213030409989026,1.0
urban,0.3252906183617478,0.9009608956904679,0.4980788367493894,0.24762469923718441,0.3
weather,0.7480047363714034,0.812713619893062,0.28273514231221647,0.9672635875263655,0.9
highway,0.9988926120332906,0.16331962471295547,0.7481839120488464,0.16133301060536331,0.2
urban,0.005718581360789288,0.4658257532231247,0.2855811493111805,0.09120908173439989,0.0
weather,0.13008066982894695,0.022425889162055124,0.14417073085659446,0.7837382510752364,0.9
highway,0.013698550408914545,0.04011112322785704,0.31219636821760366,0.0031485825991353967,0.8
urban,0.7643533864364274,0.6237430848640091,0.38115131225048,0.011681405006299684,0.7
weather,0.5116357178950771,0.005346160854364457,0.37536549754325765,0.4148151193889472,0.0
highway,0.5869365065589071,0.29047518994408966,0.9906791570657658,0.1513460334137136,0.8
urban,0.6761253975882903,0.1384354933293943,0.2894200840177963,0.17084534525167613,0.7
weather,0.9281820981139515,0.9291395200154627,0.13676211124219614,0.527677466221695,0.9
highway,0.46928522732579037,0.22152968116521055,0.4941476706378827,0.17220905990066238,0.2
urban,0.7151001612837,0.5931582190394682,0.026673998494448847,0.13642930276579832,0.3
weather,0.3624313226158291,0.863641421296616,0.04402531368044609,0.9250471753430145,1.0
highway,0.5003594462155606,0.3454419882754114,0.6971358058918092,0.1297277913537631,0.2
urban,0.5546877097800863,0.7477943497593724,0.40512929334976566,0.12414823959623875,1.0
weather,0.7051391455705633,0.4551719917336564,0.2671042366412612,0.8373670797701507,0.1
highway,0.060604907714909784,0.34269767172300286,0.02496622212005717,0.034286835342108544,0.8
urban,0.8381549749886426,0.8028109348245005,0.48046007346441233,0.16078052365563547,1.0
weather,0.9535350978515088,0.8816156398779976,0.2337999182123161,0.8337919509188273,0.1
highway,0.9213075122129755,0.2915954021385488,0.5928401805081102,0.07098493217540201,0.2
urban,0.7026402058582288,0.06652760821085524,0.11539732696326588,0.27470166967849496,1.0
weather,0.8809730056396574,0.8829148165187222,0.26361816405289296,0.211231831472931,0.0
highway,0.9761869749880837,0.34172688870375445,0.37544110966791266,0.1600146864153736,1.0
urban,0.8026403123529297,0.9972378999036027,0.015013002664696407,0.26920975973727956,0.7
weather,0.6030395550532833,0.6189915646985882,0.3763093198758004,0.775911532807306,0.1
highway,0.3352790500782957,0.033508268875604985,0.9753431334790705,0.16339478145436737,1.0
urban,0.8918931032565626,0.306051463522788,0.2759385682105928,0.2368228265740757,0.7
weather,0.21079310155002862,0.22936577703767236,0.18764288441903149,0.2685621674536426,0.1
highway,0.07482120519497304,0.21922835762528908,0.5298812610885262,0.1970607664574571,0.0
urban,0.967761465269562,0.43974048650790853,0.1391842408313283,0.239487959162756,0.3
weather,0.6305809415830923,0.2197067903914004,0.008208325891730085,0.8266183455024887,1.0
highway,0.3553197484738877,0.3369971040728652,0.06256484221945158,0.04210138793306859,0.2
urban,0.8982380639532351,0.776803332139888,0.03823997774965654,0.2960187304502546,1.0
weather,0.0827368356181899,0.48453799508001083,0.12096780451141456,0.5634083644838541,1.0
highway,0.15598086369893316,0.23924805812798094,0.7805560268872138,0.060724787628768054,1.0
urban,0.6239984855289824,0.27364041786077165,0.24391715927200625,0.024681697283118562,0.7
weather,0.984234499234434,0.39570796357379256,0.2860745819120965,0.28191904290472913,0.1
highway,0.458431424131438,0.36250303814955936,0.574287575090211,0.13344246743883623,1.0
urban,0.6642017130717857,0.19924595440831405,0.022480720795775566,0.03790694439435318,0.0
weather,0.9894511309650564,0.8895193110437631,0.14858690504975072,0.19516651721865041,0.1
highway,0.47086735622317677,0.328027510987852,0.559578854465342,0.13740783011649613,1.0
urban,0.36140377906718635,0.8597946748116456,0.20340240047586178,0.09846993170350182,1.0
weather,0.4161453676406067,0.5138507345765979,0.36131920575028426,0.8898837264734866,0.0
highway,0.17549162738135737,0.2838636589655273,0.5793144666619379,0.09792489241004897,0.8
urban,0.4027758332328999,0.9702353444148768,0.4661613791144388,0.22248078583553565,0.7
weather,0.14122354337314946,0.5708774168394762,0.07410814215332949,0.2786430631150364,1.0
highway,0.49076500671236045,0.2032783919040521,0.9031907788344291,0.1207701965080556,0.2
urban,0.9699265253451909,0.5712604699370973,0.0715005613328632,0.11236447301387438,0.7
weather,0.938894960041275,0.8939852050469608,0.13499213026995927,0.7294637698316637,0.0
highway,0.7959263871435024,0.08756157006517662,0.6727646144124667,0.044100852687129426,0.2
urban,0.5200740611111504,0.5219530034785639,0.29446653747278206,0.22550285160687578,0.0
weather,0.8706690341255177,0.7925948132091347,0.2509315740362712,0.7502657639388423,0.1
highway,0.26537011160197543,0.27716873717017243,0.19950531492960843,0.05878982020337951,1.0
urban,0.9207396503426354,0.04005911905069448,0.14573045674689694,0.06226228086171104,0.3
weather,0.7858126454683731,0.5899478828018088,0.002574084598718285,0.772516286079404,0.0
highway,0.1544922040049258,0.2436326770500254,0.4299852141210597,0.11938213810933124,0.8
urban,0.9351720867264933,0.3758050158460863,0.3540609174503127,0.1427063454032876,0.7
weather,0.030463686308960125,0.20444837246427305,0.13616462244570388,0.5105807574595599,1.0
highway,0.6700325378075668,0.23416509296690674,0.7735527418648872,0.024680163041119287,1.0
urban,0.03491155265622381,0.5511599619163721,0.21908930662417225,0.2517541184940896,0.0
weather,0.7960074024272833,0.7537340704280046,0.08620030354702042,0.33600705899010874,1.0
highway,0.724598286847629,0.05579649997862374,0.6083195000077717,0.05620995003337784,0.2
urban,0.695624652354058,0.6107707306850386,0.09992063564096976,0.016657509842745166,0.7
weather,0.1254862967991507,0.7727714196650791,0.09477332996265947,0.6773931298888728,0.0
highway,0.83506594545502,0.4636775902931486,0.36588580955688044,0.06360991451018375,0.0
urban,0.8268585609727531,0.5247356376614322,0.38762202591747463,0.07032768000345441,0.7
weather,0.292516425476252,0.3322055709473216,0.11751036246975631,0.041499167183079444,0.9
highway,0.2654964074290723,0.3057318056128304,0.6784999682926378,0.0635099400515177,0.2
urban,0.6196159269449223,0.5996275684599214,0.2531651546771339,0.10512397500305921,0.0
weather,0.28161604210563174,0.9633603204460379,0.004113798374276812,0.7160499732421445,0.0
highway,0.34688597636438556,0.21782239522825492,0.7944808178535061,0.05562583109732249,0.2
urban,0.07893940294655555,0.44279813654373745,0.13052426311742404,0.10301601065329326,1.0
weather,0.5410028989276625,0.984845743967094,0.375598568834391,0.45281371421091676,0.1
highway,0.06180846068922263,0.04618026405568926,0.16279098920622936,0.11904256682537495,1.0
urban,0.3414252696042983,0.4487788039946148,0.45661634021072817,0.05681802536545383,1.0
weather,0.4709602524347335,0.6619136326370115,0.3004708547816171,0.753868082709913,0.1
highway,0.1771925010111911,0.14713336831855717,0.1147969272512801,0.18830658205688822,0.0
urban,0.006877962219649314,0.21244727719547296,0.33176179695672614,0.12335924666476374,0.3
weather,0.8561324990137434,0.3567687116232726,0.3029857781802871,0.29507234926430936,1.0
highway,0.6910558127392618,0.13581659063718482,0.19060983307444979,0.03692649146947385,0.2
urban,0.6037969919290961,0.863135537735739,0.41124732464511354,0.05200291589258425,0.0
weather,0.5314549141893053,0.2879453426759925,0.19712783381312984,0.29994206977702265,1.0
highway,0.7338831308025413,0.3161190754339305,0.5836050370080997,0.07802404693766785,0.2
urban,0.9024130332861034,0.34395768655768555,0.3665000536113116,0.19759840648193008,0.3
weather,0.10585323587790885,0.8730193940297161,0.2092572082788661,0.6996899090587084,1.0
highway,0.3995187845869348,0.16339735292888868,0.010811083635196339,0.16531021483829286,0.0
urban,0.7799883269105443,0.09873720688266585,0.037830551952055425,0.10846241962621157,0.7
weather,0.9805682270607236,0.21469588746335544,0.02689367203622446,0.5948473795019096,0.0
highway,0.6997052060994762,0.30847201369225097,0.8634657303414633,0.044612412308551376,0.8
urban,0.17252387694636206,0.5679742973160805,0.1481788067566442,0.2814947185953948,0.3
weather,0.42354791599189634,0.7935706545388016,0.012711393742929778,0.7820507692637583,1.0
highway,0.3475187953137546,0.02517476348467662,0.05276525785960262,0.13840225118933094,0.8
urban,0.21825987269372948,0.9894317657796315,0.2872183779361029,0.04136558080680312,0.3
weather,0.35920874698269034,0.823552226611819,0.32827846430671176,0.4773503981224013,0.0
highway,0.7939293858599648,0.07915195005280717,0.051785888732816865,0.1114621150628617,0.0
urban,0.08468834187530683,0.4666931208844084,0.24106604945992094,0.2522726131208721,0.3
weather,0.18267238423966814,0.1395988673598001,0.23058897502310158,0.7618836118624439,0.0
highway,0.4591240232866809,0.15164294542464146,0.9325548784193121,0.023728753148316063,0.2
urban,0.07656825843353898,0.4207612017659258,0.30084108200914805,0.2811326834759031,0.3
weather,0.4077481050027323,0.16121881197512256,0.2625638414002628,0.9711509073682858,0.0
highway,0.9281018355097865,0.4224311637448164,0.22398254586508115,0.04782850908690464,0.8
urban,0.6127958355365104,0.9384821582141546,0.33088886623581926,0.023040914494326457,0.7
weather,0.23148009591298824,0.6813530132413488,0.37607327650083305,0.04678584497176852,1.0
highway,0.6118310201032214,0.18672897256635262,0.25533637376324414,0.021174863642625864,1.0
urban,0.7500284121421912,0.531661023764483,0.26889146737068825,0.08342985451990693,0.7
weather,0.3952593154311578,0.18177886721736192,0.06272508212672227,0.8273021497372459,0.1
highway,0.15628370954977622,0.11004433843569328,0.5182761764476463,0.14202295326745587,0.8
urban,0.23138063637684803,0.5024272871663764,0.3657431798515579,0.2874354026758301,0.0
weather,0.8364984906180335,0.05021443169045525,0.18584526752358835,0.37961676445167025,0.0
highway,0.6298206544347077,0.2016053165919114,0.7523978823037879,0.10625880367018639,0.0
urban,0.7809638636444353,0.39822779395801167,0.2219519161599558,0.26807837593503947,0.7
weather,0.832929715574228,0.5402965317903072,0.33786636363608974,0.4313017063410146,1.0
highway,0.7681281783808822,0.2502386579333591,0.43377056601801756,0.049900615936548355,0.2
urban,0.5140954425512597,0.308468281489484,0.28652110030950784,0.0975633588828634,0.7
weather,0.559405425727357,0.828488133895241,0.285138398344382,0.6966951114367486,0.9
highway,0.39515529747230504,0.364185427169823,0.345806098410425,0.13421863141719523,0.2
urban,0.4405735280123073,0.1324046134964546,0.1911261259887292,0.18580303624107342,0.0
weather,0.9903323037936483,0.025769598764351143,0.2414115226004484,0.6595059816513271,0.0
highway,0.43098390192082203,0.15224626637447541,0.19809551672028958,0.013138423297931846,0.0
urban,0.22267607912308496,0.3072164170212709,0.2732292708640622,0.12515802556937294,1.0
weather,0.1305012641171842,0.5654199676077424,0.17690091060782365,0.7972110725787628,0.1
highway,0.08412766225938284,0.19655195377970053,0.10024556372287663,0.0033184961265195767,0.2
urban,0.15962490143216723,0.3356232729779117,0.03840372053464064,0.07049828326040748,0.0
weather,0.8349472056944037,0.9746905960485515,0.054183814717876325,0.23147521376529812,1.0
highway,0.27771908735084383,0.017965091092986496,0.9269163463311081,0.042739628314065685,1.0
urban,0.5739498660690104,0.392895108893179,0.014326213788827258,0.17497571769376702,0.3
weather,0.7816154791963991,0.31370651205206523,0.09914934349136946,0.697716307553293,1.0
highway,0.3976844144330547,0.48690020667857475,0.5441986625037022,0.05504783620740166,0.8
urban,0.5660716464481651,0.7514529444593436,0.06598265981198087,0.15395492512703363,0.7
weather,0.05057310382422886,0.4261212379522308,0.332945415864398,0.8056488053633419,0.0
highway,0.31755457986950175,0.12969420037159812,0.0875912974059464,0.01798324897194046,1.0
urban,0.45005863942622526,0.33745427896422897,0.43534422772871967,0.02505747440400563,1.0
weather,0.33199829423776517,0.6627962742097216,0.34825355259339624,0.7590869325556384,0.0
highway,0.33440117898874866,0.1972861576594619,0.5299405869302329,0.03227347167767663,0.2
urban,0.20858836774105072,0.29639200687528344,0.45540133548490663,0.16422445211391776,0.0
weather,0.2681743677449133,0.3610747263410372,0.16338223256339304,0.6796972168333453,0.0
highway,0.8273565548261456,0.29241931584444103,0.3375324658838189,0.1605702417991092,0.8
urban,0.6415044812562517,0.25982813794029946,0.4430430544067582,0.26870698327998493,1.0
weather,0.12211151592428793,0.11113714733201241,0.25924201381364936,0.875118044558047,0.9
highway,0.8260646845482855,0.3365460654556085,0.8243504472493495,0.07939843244149483,1.0
urban,0.6563858593847672,0.5351523336803503,0.04101184260573543,0.010481773921796533,1.0
weather,0.08122963480667267,0.9925817954877634,0.06248060317223972,0.988420993963481,0.9
highway,0.16906177843971626,0.17590250320517625,0.7616758762136626,0.10141648481205334,0.8
urban,0.28943952161948794,0.46768121248487704,0.30969498468325096,0.12335714276084732,0.3
weather,0.618772077041005,0.6653652084189043,0.20028437033466853,0.6448612228149799,0.9
highway,0.9344330387534414,0.34454382687411483,0.8232732126800302,0.11123813852600234,1.0
urban,0.6031921656146675,0.5236005471526117,0.1267920584981846,0.14128501763175436,0.7
weather,0.9919627472386433,0.2940674621767778,0.08412742251431747,0.7653633638580407,0.1
highway,0.6024698307034551,0.25581929125950703,0.06100714300539489,0.057566259770321176,0.2
urban,0.6738388982700046,0.8468872244289528,0.162164688675759,0.20294512485618132,0.0
weather,0.9439282834764579,0.7658290392349099,0.0021619694690679482,0.0013462709565636999,1.0
highway,0.27592269438054684,0.384290665456601,0.2262724300031862,0.13847086123088284,1.0
urban,0.3238195749024314,0.6611406784286965,0.32611767656622037,0.07532403109955033,0.3
weather,0.13097374299417408,0.6059969672710255,0.33977856249029426,0.04499682123542437,0.0
highway,0.9969092185893553,0.09172620057511466,0.5941418627564575,0.08227491428251787,0.0
urban,0.46533693393948605,0.013682414760681105,0.04079936000241918,0.0775774773404352,1.0
weather,0.48271347307693446,0.7774554671823856,0.26913885339541793,0.7242545274991332,0.1
highway,0.2959320294366161,0.33191223742636256,0.9653027236303998,0.01008335472044184,1.0
urban,0.5920168427890629,0.16590102437078624,0.012342078612292307,0.10882608011974561,0.3
weather,0.08987685173616067,0.6009120056590861,0.13638342857422334,0.9172680665776807,1.0
highway,0.1506874870008338,0.4257971596521095,0.991453567842792,0.1453677662096475,0.8
urban,0.69783278550517,0.9002641112020704,0.39609559740083805,0.20290832036181722,1.0
weather,0.6144857775116312,0.5811954237209566,0.10145422220561531,0.7563342695828866,1.0
highway,0.217891379626744,0.3309172925569991,0.633711599765529,0.11869227654094477,0.8
urban,0.042469909256533156,0.6846261942649663,0.4513527552226781,0.25117890214155264,0.0
weather,0.3427309254279072,0.13457626710410775,0.03776755906419238,0.8315183331122236,0.9
highway,0.49897111691376594,0.15913102069286295,0.894265118256414,0.12898058105847118,1.0
urban,0.7798208840100681,0.1182186222910886,1.5359422691207936e-05,0.2136411137641815,0.0
weather,0.554356681216369,0.14821746209932463,0.03683950167983592,0.81527633109056,0.0
highway,0.9576316462725879,0.2828724753066446,0.5144613277398942,0.01701127709784822,0.0
urban,0.3840426383911004,0.6662678614790385,0.49441776569458223,0.06771831715173822,1.0
weather,0.0949652752283765,0.31491844458889573,0.038657933715100914,0.17689695082398393,0.9
highway,0.9767943728275862,0.20236253191482934,0.08764983619465327,0.013162352138115297,1.0
urban,0.5827144493446815,0.8124738210441717,0.16347051216833763,0.09172318723418733,0.0
weather,0.48903577530762,0.8595563969179368,0.23692054842483828,0.6946537728101754,0.0
highway,0.6323962564655086,0.06416293109438226,0.5784925082293301,0.1386844256112618,0.0
urban,0.256743496309758,0.8040956696335928,0.21296885423346973,0.29840524955894615,0.7
weather,0.6191727353658367,0.18663993979768256,0.010275857947763268,0.28454138567693377,1.0
highway,0.4920544893824006,0.3982542598618542,0.232541331620855,0.04520663935773042,1.0
urban,0.9634799474743275,0.10804455937640711,0.23924553505359458,0.17566911863799056,1.0
weather,0.7715120619984877,0.6519008655624606,0.33296687336410113,0.9754730283140218,0.9
highway,0.5443448876343211,0.11687039601837212,0.6377741418455916,0.1640135004111299,0.2
urban,0.5232130549708749,0.27178651608012916,0.19958339725550978,0.17957853222140124,0.0
weather,0.6136379029893838,0.8979352934437369,0.32396976812115974,0.5831302190995835,0.1
highway,0.8936352533461337,0.0373192155397144,0.9077354331775127,0.19931313125779648,1.0
urban,0.7017382738772572,0.556464637348822,0.1793107909767957,0.2734017570235892,0.3
weather,0.7323884465975549,0.9241077159112795,0.39007199039020335,0.8332043565966744,0.1
highway,0.33135221873631704,0.3378314511035365,0.39593722619594984,0.15125075828448686,0.2
urban,0.3072389618477205,0.37002452414281595,0.27523588855147024,0.2370044524679646,0.3
weather,0.5845431132594582,0.9693218122841789,0.15113568549087467,0.06203676362878152,0.9
highway,0.07672282685288523,0.08302626074076819,0.06110466761963229,0.09986058920286506,0.8
urban,0.4517394759814438,0.35472855673021264,0.20035208341723332,0.03454385351856034,1.0
weather,0.9858053208502058,0.0001865281706631139,0.24559178250935754,0.6164281773718701,0.1
highway,0.648233468807846,0.030723145065393753,0.8137233437222274,0.18810079057588053,0.2
urban,0.13535543497328406,0.19763922059113015,0.0902591141962118,0.07874117553637935,1.0
weather,0.5817366474211867,0.40146177908904324,0.13523376374650456,0.1268240225504188,0.0
highway,0.6756213095982433,0.01904315029965964,0.6199685648741642,0.13963968613529995,1.0
urban,0.5523661378172343,0.5952297327194016,0.43595653064025275,0.17309448372530456,0.0
weather,0.25426123144486457,0.2954679246267593,0.21198813640856826,0.6783918855030131,1.0
highway,0.9080185454216624,0.19815631274911027,0.29632580189980007,0.02869389140360401,0.8
urban,0.869937832897689,0.3715465113198744,0.3072000037156619,0.15709902481638321,0.3
weather,0.7551336174451959,0.5866239182836627,0.33137546837559634,0.08018675681211329,0.9
highway,0.7914097505069756,0.45789411972706356,0.35979409354529945,0.061394456441803635,0.8
urban,0.9408801695592043,0.12434584143087035,0.43756680931057607,0.2912820748813856,0.0
weather,0.39413604678262815,0.6033341962120348,0.320673717276522,0.4695186653456337,0.1
highway,0.5806452259096341,0.46796862412427975,0.6722506872941947,0.0962555902438474,0.0
urban,0.7859252762089134,0.617931559846298,0.17092364274904603,0.2621624866563055,1.0
weather,0.8143867792687614,0.2803347525514125,0.052871863101548705,0.4398556397138349,1.0
highway,0.024110193408666825,0.05822946524085626,0.12709624021843924,0.03785672918320189,0.2
urban,0.3832153659472517,0.21633277763082703,0.2212886729664077,0.01450881331463426,0.3
weather,0.4411505522306324,0.199411597758535,0.10578872666687632,0.5035469815118861,1.0
highway,0.5546870247883672,0.4129661542750081,0.6314587925830206,0.15688109464255948,0.0
urban,0.014567154751278899,0.24739974705834578,0.43314621799109065,0.04938852847760062,1.0
weather,0.22048763941474925,0.6256507894272765,0.22864305979317756,0.18483839794702495,1.0
highway,0.8248537674871036,0.39387109415118493,0.2833640688911182,0.16744744364436362,0.8
urban,0.6665219766930349,0.08010572660960225,0.2209168524009773,0.04901002751952605,0.7
weather,0.7422935381702628,0.244161608716153,0.23920364693149987,0.38510260282302966,0.1
highway,0.5117074471147008,0.2416471424831626,0.38278410040304056,0.1678293216141505,1.0
urban,0.474434893620735,0.007334150836180275,0.012904696431590867,0.1659871918869,1.0
weather,0.566018424887821,0.878033512844457,0.2231494702640293,0.9597910204048502,0.0
highway,0.9175430096537447,0.38890562222922537,0.8223391114568475,0.18055275759290176,0.0
urban,0.645572181427428,0.0455851579486688,0.47298544492279965,0.2526496129951143,1.0
weather,0.4515655866055751,0.9369278637311389,0.3936126057116521,0.7964843893295808,0.1
highway,0.5185616886657339,0.12292372124670015,0.35813971652914445,0.1979010666768645,0.8
urban,0.728786222256576,0.046972991098139794,0.46402587511442406,0.02734219183340326,1.0
weather,0.07675806188873802,0.004187443627957865,0.268173733518767,0.6418195168014353,0.9
highway,0.7659715748551791,0.20683933949263017,0.6529729219079393,0.11592381944562734,1.0
urban,0.17708225539728983,0.09842418910136874,0.4783602169446749,0.17980791751264968,1.0
weather,0.9631590270650665,0.11475359941383545,0.1961634076742053,0.16950409186605864,1.0
highway,0.1790316374415838,0.3987570226482429,0.6775458051837758,0.10938577519709539,0.2
urban,0.33198647143270277,0.7816325580532472,0.21852576092109383,0.1883236244692009,0.7
weather,0.7824258122127878,0.9925146201619713,0.09626820590286123,0.8743073341370806,0.1
highway,0.730243334357868,0.24493523835887226,0.6307174444919292,0.14793657955262163,0.2
urban,0.18089190137889832,0.799157971104782,0.16709635708655496,0.2192611037328481,1.0
weather,0.7315621195611339,0.3721202152416987,0.20875373126317728,0.0679732998194037,0.1
highway,0.05961732534465902,0.3460252765198724,0.13998737672176287,0.0831637136036822,1.0
urban,0.6757612928952238,0.618610289093939,0.28427612780230604,0.017753121559062546,1.0
weather,0.6754560453364256,0.3960009663856152,0.053203919562931516,0.15873676337430953,0.9
highway,0.5717893159359805,0.21702608804047835,0.12757017457137088,0.08181702972697524,0.2
urban,0.35543933736406175,0.6692190299248667,0.24190126993032363,0.12551686001350004,0.3
weather,0.9386648132933723,0.34985438418085446,0.09752077508407182,0.6559033130983996,0.9
highway,0.5534717762098499,0.28514346936569523,0.2101071929123518,0.14845427845045736,1.0
urban,0.2545405429216612,0.4730275033430207,0.021657636627155974,0.20980183987579293,0.7
weather,0.6949531193430477,0.5673909441560734,0.3184974437825549,0.7350251861898234,1.0
highway,0.1305045596374398,0.22026957993649737,0.31730547742048654,0.18239191683992664,1.0
urban,0.5992992870063887,0.5137078552153048,0.14409226297976474,0.0019393073369131653,0.3
weather,0.9080150893749742,0.24257826607382516,0.03652352101786809,0.3186896039905236,0.1
highway,0.9414742375060654,0.08720463355574976,0.47164949075059537,0.018284398363427636,0.2
urban,0.7144141014704978,0.3616470948410445,0.06268767461693664,0.07608383125791247,0.0
weather,0.19629430231106704,0.022564511705347234,0.3446659538796404,0.5771170823879065,0.0
highway,0.31607768384326407,0.31348421726435827,0.8083948823040229,0.12232928387799849,0.2
urban,0.913041466889856,0.5721229637222063,0.09039257528118977,0.08063928450905945,1.0
weather,0.7906911019001679,0.38473257650744497,0.17439807222823434,0.5940494655668112,0.0
highway,0.4264997472418611,0.3077103899104177,0.08157492561136592,0.017557647411631995,0.2
urban,0.7726709881281666,0.7148995340913137,0.2894888232770726,0.004382699132664858,0.0
weather,0.8118661240103798,0.013862135912860118,0.25975152809464896,0.6688765310406853,0.0
highway,0.29353479245866043,0.13299884654632899,0.3327808689607955,0.11148099286283744,0.0
urban,0.45851856218701537,0.5645906389334635,0.3315136018615737,0.2037199813486912,0.0
weather,0.018945403374354575,0.7359179535519887,0.08335982944733265,0.13292804270798264,0.9
highway,0.04922091454076161,0.1155404264372481,0.8973857174637149,0.05123830288787099,0.8
urban,0.9032236273447073,0.02461798384123859,0.10472788475475553,0.12487883420637219,0.0
weather,0.23906638407502967,0.7580404210112165,0.3040022179848394,0.31259802490830013,1.0
highway,0.9316979736811688,0.3101856260618605,0.8037552360117627,0.01674498756906968,0.0
urban,0.30338554362913317,0.7818909129968897,0.382929321942371,0.20749669555996245,0.3
weather,0.32855814988579846,0.05446604736683758,0.07298321626099602,0.9652096385457352,0.1
highway,0.5750605734588147,0.10340894656669813,0.5044559416693554,0.06243794731382588,0.2
urban,0.20658101622178082,0.31326647658061035,0.31803421017611283,0.11948416472671632,1.0
weather,0.2691615709916292,0.19863161386186912,0.3133548879983354,0.9092526944369924,1.0
highway,0.7950580176061312,0.16186541280521183,0.765193833754392,0.0286322715622386,0.8
urban,0.9562918815133613,0.37667644042946247,0.16962033058691817,0.0187293981833341,0.7
weather,0.26741527847210766,0.8123907241861509,0.03296238874477928,0.599967858261066,0.9
highway,0.8754886503958965,0.15123315873073484,0.8586981212445739,0.17144618747395823,0.2
urban,0.273698457678371,0.9118186286860916,0.048753846231937625,0.25599876496763635,0.3
weather,0.33161684910783396,0.5005793174308313,0.25829001734042145,0.5105704087285036,0.9
highway,0.3060471662287715,0.03184238375125836,0.17712714419825404,0.0010279255171120605,0.8
urban,0.9523867523987246,0.32882261784860933,0.33115686936536,0.22554754378700434,1.0
weather,0.8712516273986526,0.28944089496820824,0.31328618186267154,0.8032449046648062,0.0
highway,0.7050409063535927,0.37098886475699294,0.6777232412013204,0.0504629472270306,0.8
urban,0.6383505774204318,0.3071456481042115,0.42983979254016647,0.28784165488662355,1.0
weather,0.8490980199586761,0.38339714105825895,0.06731143540308514,0.8364421924698697,0.0
highway,0.6360473423391266,0.20089656755471225,0.5778279715114357,0.06157482505487349,0.0
urban,0.4608983382065819,0.8287089838180064,0.4147813578415249,0.21281664654731586,0.3
weather,0.4022237348471124,0.46878988050679093,0.2822541585475926,0.9221919280512842,0.9
highway,0.8792795561570067,0.36268580011742874,0.11259046652919447,0.08155560688123253,0.2
urban,0.32610785251257346,0.07091595948797924,0.17489803090379596,0.2587489522204756,0.7
weather,0.2705592564879914,0.24879178873917707,0.3768232877954382,0.29827245423412274,1.0
highway,0.9775899603450432,0.2913143230201828,0.9954741523468144,0.18230294517317017,0.0
urban,0.9757788185489327,0.3691361938092045,0.17859616699652242,0.10322748535483263,0.3
weather,0.1674597445179885,0.4625935471051531,0.01330718846774337,0.12188808253227046,0.0
highway,0.1383715947205566,0.491369770455193,0.24997289086882968,0.014672813491920534,0.2
urban,0.8691748574030873,0.5300624550517324,0.23399023123902168,0.12321277361749985,0.3
weather,0.19571264009964906,0.8202533189448897,0.2594988455580073,0.4189697737795244,0.0
highway,0.27686996949201226,0.023031531840988717,0.9308240749901141,0.13215970593818208,0.2
urban,0.5960501157609502,0.995734452051323,0.21763113982827692,0.27620742023358585,1.0
weather,0.37641496252069395,0.5707614809590734,0.19148194318620904,0.862076142576597,0.1
highway,0.0002270382182555375,0.4575007688737636,0.843879411230929,0.14845844629738944,0.8
urban,0.7528486558822063,0.732859187331831,0.438096239134778,0.21683538018645634,0.7
weather,0.430535820913037,0.11914067199604816,0.20495712829284263,0.34883190745863013,0.9
highway,0.7440285803476767,0.3555004809749056,0.23449947767409374,0.1498758033448312,1.0
urban,0.9943303026857149,0.23272834891555183,0.026915262454229538,0.05696259872877599,1.0
weather,0.6246639742837168,0.08116422446371452,0.1808809916414155,0.7390914219929531,0.9
highway,0.6755867735674388,0.2544470350349401,0.8614456860213242,0.1732071350091513,0.8
urban,0.03172249181603115,0.534966673409444,0.018848862457426396,0.24242034513480676,0.3
weather,0.9868959453882975,0.7545693612057366,0.09944195384532253,0.5383949792869577,0.1
highway,0.39864249421306397,0.4314611967554945,0.2670750074563324,0.10693218461510477,0.0
urban,0.006982261880348117,0.4034809690269996,0.11737721086248565,0.24566078115614146,1.0
weather,0.9041353525781907,0.06864866614787224,0.3967556783789967,0.9513968619791061,0.0
highway,0.23356736106861098,0.03409330988273135,0.18712427041050173,0.11110991397712398,0.8
urban,0.22392458779658952,0.36327279639889953,0.2193237501230274,0.2932488774626679,0.3
weather,0.49295697165586005,0.3301559503156044,0.04272028160094546,0.953402879382095,1.0
highway,0.7088991127733161,0.49689198768908605,0.3146289089351988,0.13480350697679347,0.8
urban,0.7831614309236972,0.12249786196598922,0.3174533295765814,0.03715380801174523,1.0
weather,0.02075803212396421,0.7608859776715097,0.01709584242478055,0.8646523546027457,0.1
highway,0.0778565196087696,0.47772409571903374,0.24696116699189252,0.1719290690705213,1.0
urban,0.44007107506649845,0.4828512744101048,0.10614282083429566,0.03466751300418952,1.0
weather,0.9347955174927833,0.909202136206487,0.32784994781905796,0.8881913496613041,1.0
highway,0.6059261954142473,0.25185419354203537,0.8784158630449617,0.19050335793691975,0.2
urban,0.5445553246546755,0.15987976336644139,0.34562333189299466,0.050269961791351944,0.0
weather,0.44720103221643803,0.829821264717285,0.2618901393993772,0.4112040672118541,0.0
highway,0.15577326058017016,0.27352267280778886,0.08744650179988545,0.07547263535933016,0.0
urban,0.1859615075574177,0.9508186599164314,0.10494881479311535,0.07827557389505042,0.7
weather,0.3523270542525393,0.043100108948324056,0.07163797573127262,0.39221779343354013,0.0
highway,0.7059562365800072,0.25184430466411944,0.8291506402841399,0.10162834373303886,0.2
urban,0.381616499109135,0.775234538899056,0.1712955414055659,0.1883006631476426,0.7
weather,0.6332632016094104,0.4502824838315258,0.21244379853501105,0.7457176662047873,0.1
highway,0.6254334501665935,0.4041341056081391,0.06903693691137491,0.06695780837813584,0.2
urban,0.6714060726437369,0.926308276921196,0.3095840221215292,0.24744208439394919,0.3
weather,0.8143839206690815,0.3821234944599732,0.05290748603939269,0.19668819731282305,0.9
highway,0.6577653832726,0.2821976901694948,0.9329566255282273,0.11730235620748974,1.0
urban,0.36250198453151317,0.8239976518799783,0.10204383057788013,0.1407122242554462,0.3
weather,0.47251544281958524,0.37822451524334477,0.20691739286090127,0.4131073977271442,0.0
highway,0.683870124909032,0.01267430213196924,0.6900468884094496,0.0632202623093941,0.2
urban,0.7252870843545552,0.36039404005411124,0.04353560278865409,0.06064481976758122,1.0
weather,0.14716325109494532,0.29797723549584376,0.03590380022406286,0.9108262646863152,0.1
highway,0.3972714728404597,0.12277531297224553,0.8123261802470616,0.06856779296109015,0.0
urban,0.16169455327398685,0.9658323197183326,0.10289718849471086,0.22246983254004887,0.0
weather,0.4437713390922451,0.28236791904265623,0.03238149444627525,0.8766138270158916,0.1
highway,0.16622936205165872,0.4582445755577571,0.32783819885003407,0.0744164509925792,0.0
urban,0.1149063433619103,0.0038371455078008987,0.2510040988695911,0.17493834703586078,0.7
weather,0.8808951605447525,0.04960590834948275,0.1028250768756835,0.46503633422090995,0.0
highway,0.8726258854858964,0.04355464473071702,0.48738444167204287,0.13828321150263043,0.2
urban,0.9615507321375663,0.44485243282754083,0.2445242002246416,0.10549496170257161,0.3
weather,0.553558532662358,0.29923200430106056,0.1723433101529083,0.31219188378638796,0.9
highway,0.43369433132038004,0.4242358872031323,0.36325535167581025,0.15878702669037026,0.0
urban,0.6013840706885634,0.3392202983917838,0.2722977243553747,0.012320451837121627,0.3
weather,0.39505333785679597,0.05126345917599817,0.16075050849469583,0.6737562297840898,0.1
highway,0.5834215190184351,0.23210197447606334,0.6192043172921549,0.09605885175827117,0.8
urban,0.7493694366449569,0.5456959688130258,0.10203219427330029,0.08757335204934218,0.3
weather,0.026867654044935296,0.38048188549303585,0.0424502341963982,0.5313568317526952,0.1
highway,0.9571348325397961,0.2135525226801716,0.47510034069172047,0.17959104323700384,1.0
urban,0.5356345005875744,0.618290798754788,0.3403361866128685,0.20001945895727694,0.0
weather,0.20598003587696168,0.000943415267631087,0.015706020659464092,0.9772838231769293,0.9
highway,0.33366089063369264,0.19384757741950337,0.13836820088819002,0.14763365410736873,1.0
urban,0.7281164373361664,0.600251410099583,0.36562529467368754,0.23092398685712615,1.0
weather,0.41829111109348593,0.3094127948704444,0.3746898223413961,0.5156765510770731,0.0
highway,0.8973973183215863,0.05969050566909839,0.32784283788581825,0.1631490761252242,0.2
urban,0.3258245840194487,0.19173621739026647,0.2777486400848157,0.1751757867783406,1.0
weather,0.8696496848121713,0.08813443097669149,0.3107193748834523,0.8475476330547363,0.9
highway,0.2741203638192007,0.4138375973906359,0.7398678266004035,0.15780456890962685,0.0
urban,0.635323346708321,0.19648696695621115,0.10587293102620976,0.01244919765297191,0.0
weather,0.8365308907609035,0.7043353159571805,0.37143875261225534,0.7387435096159303,0.9
highway,0.9531201143941378,0.35962260028791593,0.93016520286255,0.10551759465443314,0.2
urban,0.5322228748561939,0.8216415697789553,0.05068992123493177,0.23756739713871877,0.7
weather,0.5324709078838974,0.5644165877797477,0.24023327879485443,0.16625533034970064,0.1
highway,0.7117779449909495,0.44917763758383267,0.5826861465545828,0.02482147354275548,1.0
urban,0.762212058314177,0.5917169688924004,0.09601168456817227,0.2000056955677539,0.7
weather,0.0247648775761512,0.24881902701993186,0.16315584340291203,0.27963631849320625,1.0
highway,0.5193126926423032,0.09877795283923912,0.8051743973603768,0.037155390939741566,0.0
urban,0.38555356440131383,0.5066857908540028,0.4280005374465764,0.22498610454072235,0.3
weather,0.5581711838904407,0.34700233541219994,0.3731470760506532,0.9226451396035721,0.9
highway,0.28787967806968084,0.36234812713091225,0.8364155965798566,0.1724979243796602,0.2
urban,0.33632339427033353,0.9205358851025547,0.006001513636341271,0.1658444627155047,0.3
weather,0.06310636911554623,0.3246091685101615,0.2691023944987696,0.33726689605422633,0.1
highway,0.6141862443190114,0.11830489135375366,0.4834980851068038,0.08582989839166438,1.0
urban,0.7501532294315125,0.4568178045561352,0.4228336745493857,0.03427114157741875,0.3
weather,0.5049114512501393,0.7687471313625129,0.02477860743159517,0.5768079196382558,0.9
highway,0.7919356229637641,0.20115352069118597,0.4249535190624304,0.0765766294568367,0.8
urban,0.04515136441229195,0.4378998871429123,0.4219967359710124,0.07872251294679057,0.0
weather,0.3932614850992152,0.616712707646776,0.344319574766198,0.34619688668032766,0.1
highway,0.33242669217436516,0.15776659033156776,0.10662361893659789,0.07335966412925368,0.2
urban,0.40424164210703917,0.9932651964297465,0.4342785141247304,0.1693919573688606,0.0
weather,0.6007921493396191,0.7008656972438799,0.11408232107216564,0.6307704201726206,0.0
highway,0.2900440281779866,0.10073196052676647,0.2652085369968291,0.03395184027856531,1.0
urban,0.9246417911286366,0.056224294850972245,0.2428171492066702,0.2738402401223585,0.0
weather,0.16459927369957472,0.06387976743090285,0.12695554001115408,0.22031909862196752,1.0
highway,0.5592181317684581,0.25737109687838994,0.09957971354002892,0.0032056312910246246,1.0
urban,0.5328270374013943,0.8606678217888851,0.34745918989075375,0.003165336735056956,0.7
weather,0.9325667087059609,0.5756652529974197,0.05044612895016423,0.5817215274734767,1.0
highway,0.8020382702828686,0.08029684752165428,0.5373404968431812,0.03839108779914516,1.0
urban,0.6235053112473372,0.13128797200482423,0.15484585555259456,0.06053848447573707,0.7
weather,0.6697544512182478,0.40237305072246765,0.11920274287750217,0.6254780604246614,1.0
highway,0.7564510879889118,0.23707897293953983,0.22578955215062912,0.12332439563305503,0.0
urban,0.9955109680158664,0.45027681044159074,0.12626519481822224,0.13284881111529723,0.7
weather,0.20909736458961425,0.13035313004326554,0.08141394955475856,0.7690611331597242,1.0
highway,0.8386088875339622,0.40428526707369516,0.3179046737732836,0.001755442389585893,0.2
urban,0.8166552432016235,0.8852388787075652,0.04335328379782011,0.16150893063030683,0.3
weather,0.6345564677415247,0.6211863221940832,0.04829865435867205,0.9769655461266226,0.1
highway,0.7514233175313026,0.47066719639345084,0.6766172335525065,0.0726807863998854,0.2
urban,0.42864427920853176,0.6285021702362039,0.10757781081202777,0.18824036962982182,0.0
weather,0.9294034838491538,0.2048024090562095,0.3191992140876896,0.7385460533969634,0.0
highway,0.3991261004449661,0.1211285787923837,0.20348799455531252,0.1909107684835,0.8
urban,0.6427774134799279,0.7176761577934996,0.4883088186575046,0.1131605347372916,1.0
weather,0.6288728969881755,0.640380746644241,0.34020169133143885,0.7408692683852178,0.1
highway,0.21877170841087967,0.16311025349046576,0.7561922341067805,0.07875102831308134,0.0
urban,0.1333444673163704,0.24254427658297073,0.14584672536079302,0.27729287011576736,1.0
weather,0.29992939747306624,0.47430866486843026,0.06720802087707144,0.3547972896563887,1.0
highway,0.9539452124937761,0.43278561004738225,0.5772160730089502,0.13480757348499137,0.2
urban,0.597808013401514,0.6647392049108463,0.20966734020964417,0.210329276209281,0.0
weather,0.5852968283343113,0.2564130276989418,0.3735911896578077,0.13105863080429037,0.1
highway,0.03840087732634456,0.18412505369756654,0.9790318407916674,0.08414731251372337,0.2
urban,0.8568353497231763,0.4668780991231044,0.1798599309551348,0.1608466158758208,0.0
weather,0.8643662664559733,0.45688807173726687,0.19004334597273417,0.3860509356518358,1.0
highway,0.7569276593414415,0.3445605452478791,0.8636410524171562,0.1993618361362218,1.0
urban,0.06875390642248747,0.549717255163311,0.20858213948785104,0.26332482145878744,0.7
weather,0.22071258594441867,0.15844803718990597,0.024882036610276395,0.8227029217172064,1.0
highway,0.5126152441031999,0.14543842711579125,0.4694068419892581,0.1715715567034978,0.2
urban,0.6150646298578113,0.1756720999559107,0.2565949458549149,0.21461430515359656,0.7
weather,0.4716263651952617,0.22748160369353998,0.06647399984389968,0.3327294765103791,0.1
highway,0.8205446477459871,0.0035710408841225227,0.4567305928858403,0.0658461230682789,0.8
urban,0.8911400917935094,0.4603553731348269,0.3548356717522622,0.29511347496274554,0.7
weather,0.5215509839109671,0.12464742899281334,0.3845658161694556,0.6359107657097384,0.1
highway,0.039361879819729495,0.010923355993100903,0.7744856031197909,0.026886685473910002,0.8
urban,0.41440839771849514,0.9358261334028228,0.22852982963288815,0.08707653161175882,0.3
weather,0.010513224541653488,0.761889894377484,0.3573217975152491,0.4328399210571723,0.0
highway,0.9866876116170241,0.12543673585805526,0.5096564508037607,0.18177308126380073,0.8
urban,0.3358163646415345,0.615069754014698,0.46345378107293206,0.28861754968240544,0.7
weather,0.05050739238280655,0.5473047441146843,0.3561763792004343,0.2627209435613028,0.0
highway,0.579829576047725,0.14127513375931944,0.2790082903477966,0.0809937174752377,0.0
urban,0.5876269866151087,0.8205917893241481,0.19613352076177354,0.13426555653181857,0.0
weather,0.4395629417728987,0.5104601313464413,0.1035169633458096,0.3164571308744162,0.0
highway,0.8696813233436628,0.23611321287810216,0.7128823693447365,0.07858186712097866,0.0
urban,0.5708539362787616,0.9095953911109443,0.0030919113204483373,0.24320507110127754,0.7
weather,0.679704778576834,0.5701816317546939,0.2440784035943338,0.9423714394684146,0.0
highway,0.014196634471723701,0.12881599938176458,0.4499436742688596,0.13858178220495354,0.0
urban,0.21314211931393667,0.8671773544513522,0.47792157358758186,0.07101459175346093,0.7
weather,0.4056452594472375,0.1691618938424202,0.39098262527353705,0.8533171866665861,1.0
highway,0.8450122371557759,0.029525072229135974,0.2716641913636555,0.02075126870717128,0.0
urban,0.5151670283865888,0.9902851705849413,0.3056708281238631,0.1112921137776507,1.0
weather,0.817191050726641,0.01366168547060942,0.35829054220604584,0.02894431674336706,0.0
highway,0.7817798259287263,0.24208651608170373,0.7940144502659627,0.11529778062797319,0.8
urban,0.33798155046983613,0.7054900246731167,0.09375222855949017,0.2251795370232379,0.3
weather,0.2608492459620889,0.009087034951216322,0.25931901091952064,0.511093821472398,0.1
highway,0.8447975811881461,0.039802538496252815,0.7069563184934227,0.13086929193057154,0.0
urban,0.5692064631294277,0.8679796267309029,0.291552878639949,0.21540425343810046,0.7
weather,0.3887684128615969,0.13141238285526846,0.10499400316023642,0.5812154774893833,0.0
highway,0.24399530235247224,0.48336711376755404,0.9581381198044961,0.04952632861428774,1.0
urban,0.690123117682008,0.8374495950834618,0.1614948415884342,0.2667036570332878,0.3
weather,0.526094013251542,0.6877692063657348,0.10938980614999193,0.7364731746190728,0.1
highway,0.1064117629028446,0.4108762084926952,0.1389689918866246,0.14945951151197137,0.8
urban,0.49101976266891,0.32073358231157123,0.09612895923404596,0.09284086472658028,1.0
weather,0.5140819207661853,0.7793651703351198,0.2089987235562354,0.6410248576353547,0.0
highway,0.241601276435763,0.3406410552662169,0.7159846935417241,0.12146488335861319,0.8
urban,0.49604272601658306,0.007766642153968717,0.246046005175049,0.29594622047151886,0.7
weather,0.21096989061995042,0.841622007542774,0.012141522213201706,0.8438128636583061,0.1
highway,0.30966887040129254,0.46891289999253355,0.6771449666716692,0.023804260898628218,0.0
urban,0.19909341993592566,0.34782234743304596,0.31011742448056023,0.1634403255828295,1.0
weather,0.08956602431631067,0.7153641152288897,0.10845690135223524,0.7603282214041377,1.0
highway,0.7040314525916569,0.10872646610861797,0.3666788797029814,0.07818348536823246,1.0
urban,0.8715858828624066,0.41834580749375805,0.22219780922554028,0.09098488182135812,1.0
weather,0.31690413772062476,0.26679454943383085,0.20237032005855757,0.7777279100677931,1.0
highway,0.7466032046442038,0.0062982006358934806,0.6444850615205939,0.03657290535097448,0.0
urban,0.06090554323518271,0.7015652656029423,0.004913776284893923,0.12275477623754656,1.0
weather,0.1760247550411338,0.8662328702676704,0.17767357916860171,0.13705280282815546,0.9
highway,0.29391676050493376,0.2231631799932806,0.7270185270141339,0.13858404584495773,0.8
urban,0.05257439781100315,0.10441536949811803,0.2844915971520614,0.15944377388454625,0.3
weather,0.15636214164487505,0.751798163586933,0.22730744650750734,0.2746658697879054,0.9
highway,0.2607087741328522,0.25913986034435554,0.7222160986736462,0.034831338479079266,0.2
urban,0.631722418326584,0.5187478471147094,0.025582753222737953,0.06985756706282827,0.7
weather,0.2964448877441531,0.9296496077013283,0.049845354271330945,0.6524759555072321,0.1
highway,0.2581076431734147,0.2319927087201904,0.13328425808217315,0.18554914661508148,0.8
urban,0.16355379453018737,0.30412384946803617,0.3105531624551015,0.09054001675834653,1.0
weather,0.7677646177143377,0.11396588711924116,0.2575631828271059,0.8343247957493986,0.0
highway,0.7647762421250892,0.13277879900620682,0.8067735696487673,0.0503613532101763,0.2
urban,0.6389630219732846,0.08144721289115919,0.2175072971701117,0.08779652930022235,0.3
weather,0.26511325041514877,0.43201055893036266,0.399619799241458,0.22032739343758256,1.0
highway,0.10431308735188216,0.07275774139367958,0.8771275618985017,0.10563785235127124,0.0
urban,0.2671440698706493,0.9106649953838885,0.21783603306114518,0.03872585854273853,1.0
weather,0.6260547089808013,0.07527871665167363,0.04495881087040519,0.049308987109824676,1.0
highway,0.44483935934052954,0.44970626108366263,0.13353423316074942,0.0773392899974924,1.0
urban,0.6103760597816921,0.8349737856829623,0.3551757503561661,0.033750939157989525,0.0
weather,0.9323481416337108,0.8582067909770298,0.06824044984865774,0.436757817847075,0.1
highway,0.2635514794967778,0.13956523538713483,0.9306722555623983,0.004928880927264534,0.2
urban,0.07496004347001306,0.223009823533733,0.20394796868577342,0.10433472091466615,0.3
weather,0.0652767575664639,0.8218393227529025,0.2585239734629525,0.6473421343730912,0.9
highway,0.539191079513633,0.1275467164161897,0.7678763636337114,0.1503589174734513,1.0
urban,0.03994797328609434,0.36229349000020483,0.4131951558002776,0.21044973043954981,1.0
weather,0.8250353191428,0.8583304317809248,0.18544882973737994,0.7842712993067169,0.9
highway,0.6410861035821595,0.15582645832732445,0.5253182644507214,0.013211061564432015,0.2
urban,0.9138762903217963,0.9810448622544657,0.33090536428721234,0.24506708685125048,0.0
weather,0.662232158329593,0.7153223105291356,0.10725729184476834,0.315668481164066,0.1
highway,0.6669359852039066,0.05126459911390069,0.011917982978242092,0.02793847452058773,0.8
urban,0.8908321482896335,0.4490377603699617,0.22965184410653688,0.023090754902405208,0.3
weather,0.7368264557515041,0.5010402369846034,0.22910421318203472,0.13722714661687108,0.0
highway,0.877120467662288,0.12158999013211297,0.5505706345413642,0.038498630127165416,0.0
urban,0.25425916098893053,0.6310493932702206,0.012492041140924726,0.21621753360800366,1.0
weather,0.8437287927102575,0.43804407590538375,0.13695804931834385,0.5464763610253764,0.9
highway,0.6837882008898746,0.3765594235898371,0.7274523912861205,0.17392329154645236,0.0
urban,0.18424865157267423,0.057002387551933986,0.2938992246858424,0.2521044532765524,1.0
weather,0.5254451263621795,0.10949097255446216,0.08114129549114608,0.9983187565709567,0.0
highway,0.34961439880772216,0.29817324874838796,0.274212889124147,0.005321673215536827,0.8
urban,0.2604031087879084,0.83839963809219,0.3578103584858929,0.2060824305010531,0.3
weather,0.20588198817832115,0.35248104694335114,0.05044405667145,0.12985701341788103,0.0
highway,0.759238979656995,0.309873927245783,0.07741155198475058,0.10256707248702841,0.0
urban,0.1056503454489307,0.8128509715367578,0.28937823817999964,0.18548550630411595,0.3
weather,0.07079143601117444,0.6603882523958254,0.3236779214626965,0.6728316899204301,1.0
highway,0.8508527573220954,0.14306752122915717,0.6404472739932529,0.06283241276739442,0.0
urban,0.03301193590032725,0.9539367525264087,0.10495902287402575,0.23667810718466384,0.7
weather,0.17589028341866209,0.23538326189835757,0.19774832441830326,0.9148349499968781,0.0
highway,0.014647127272486737,0.4605719400904209,0.9760860241995717,0.04445655332771706,1.0
urban,0.14661455715984228,0.6459278930230393,0.11643957307590752,0.04702812859549179,0.0
weather,0.3507776230103121,0.8326937463494201,0.19736268016535807,0.9116329137084755,0.0
highway,0.4054716763304185,0.4920447319832571,0.2922489567393879,0.05896344766935338,0.2
urban,0.05544523570384141,0.8330342639410699,0.2289024662796033,0.07768848150749257,0.0
weather,0.8958157315601947,0.10347506364658465,0.2626250809598609,0.9069855184382437,0.9
highway,0.22308633452897486,0.2728343324843174,0.6839751299151413,0.03804558616402751,0.0
urban,0.30158686987355154,0.18830252491710642,0.1518675231125497,0.027905222778802495,0.0
weather,0.5745821975518796,0.5147842349331344,0.2053042018281769,0.10722239420848745,0.9
highway,0.13032043317233588,0.3217144747586654,0.19718298196806627,0.019522007621798322,1.0
urban,0.08678295406499048,0.23684947059654626,0.08246701342636553,0.037384518956737424,0.3
weather,0.5372756736680381,0.6771242634825639,0.27306846098510373,0.6287340150599929,0.9
highway,0.1027682426497818,0.08609873971181653,0.43098372884820313,0.10210405225976893,0.8
urban,0.8323910417019079,0.9916243429612281,0.08180810206913813,0.2075332917425947,0.3
weather,0.4670178665217417,0.6856517492651993,0.09051093365752282,0.13180682989667936,0.9
highway,0.798555838130599,0.05351456710551905,0.7806993041716287,0.1820392248289393,1.0
urban,0.4483464705246336,0.4892388614277745,0.10887435241701099,0.02349050114386725,0.0
weather,0.7621296204503246,0.9361765641665052,0.37630034369378446,0.17478128487493383,0.0
highway,0.2393322865473586,0.3120567100228272,0.47407626410785764,0.1751370255172212,0.2
urban,0.9122082367815256,0.6331786748957723,0.3605273304489359,0.07714570533272876,1.0
weather,0.7913629191228859,0.6805606661388378,0.11982252784595891,0.4577438171662134,0.0
highway,0.8230035744469347,0.11751564940595932,0.6522811128184463,0.08103942851506594,0.2
urban,0.17396088769622553,0.046196483201628835,0.289798363706337,0.2737815080649331,1.0
weather,0.8196770027804591,0.9993503004722002,0.08457250319956447,0.2651707411833556,0.1
highway,0.678887337188785,0.11839879272809006,0.0839625634467267,0.15400424569116575,0.0
urban,0.13574585309990106,0.9774381842040123,0.48217661701799325,0.04911868736375129,0.3
weather,0.5217334188532456,0.21320393138913507,0.3126915956019038,0.20375548584994374,0.0
highway,0.08839696714675838,0.17111276238945228,0.9813833342412801,0.1259367190518406,0.0
urban,0.7089642671237775,0.9061009286804258,0.06886704944390432,0.016304429504597116,0.3
weather,0.07006869572118946,0.05662555737755803,0.048151259802213534,0.5807685836144216,0.1
highway,0.24370821190434266,0.15294740663075995,0.48313464556549945,0.012636619372045299,0.2
urban,0.7318727372865008,0.17396370590333865,0.18060802948790589,0.19119064696140717,0.7
weather,0.12781184436038273,0.5822374488025863,0.11994970737762599,0.034403208453458234,0.0
highway,0.8160567571143236,0.21603364253330887,0.7963907226197089,0.11908296032402169,0.2
urban,0.8136088133673559,0.7149528235517771,0.12439853187657396,0.27306499648999333,0.3
weather,0.14431204368748152,0.09355940691233555,0.006668620239853241,0.8735342642452146,0.9
highway,0.44967697718372,0.17263227602852654,0.1727567562462099,0.12439615801877482,0.2
urban,0.1625110652974563,0.9597457214619692,0.4257907000086187,0.259136886889501,0.0
weather,0.34337778957457255,0.019099199353725838,0.27591649892514647,0.9454948605595002,1.0
highway,0.5866017374045605,0.2276974526239704,0.5180153489085197,0.0014926280834438811,0.8
urban,0.746419830009849,0.14551730038742494,0.43898919124982955,0.08075692184199158,1.0
weather,0.8131420044817255,0.5884312404534523,0.0843052397719625,0.23672047585383293,1.0
highway,0.06930777303829483,0.28910919061164475,0.5976324398689004,0.14778609106989446,1.0
urban,0.6692682917508349,0.4480854872830765,0.24395009763965092,0.061276940380918916,0.3
weather,0.9117278483416327,0.7020825668844966,0.20295590603406286,0.44150392328117494,0.0
highway,0.5658517874106719,0.45837800155937336,0.8008180998597503,0.0902260139595683,1.0
urban,0.5941363914775513,0.7193006090251136,0.30937349122880314,0.024503929459906194,0.3
weather,0.24581858702257464,0.9148421498516547,0.13416272539853877,0.9522640145333723,0.9
highway,0.9348930465545086,0.31854294442735775,0.8986677015526638,0.0913017710683066,1.0
urban,0.09914611227762393,0.6229540441833817,0.22343709760021946,0.23339549147128102,0.7
weather,0.050802589688942246,0.46830059145638514,0.3412512687640947,0.9335804560066894,0.1
highway,0.41892362479291867,0.2586360848771553,0.08421301117709834,0.19691517927522262,0.2
urban,0.3587557620212738,0.6311170278922348,0.3574492190386443,0.1289534009229466,0.0
weather,0.17478498788336594,0.6480303180552142,0.09818178501557218,0.7175613826485358,0.0
highway,0.9728441586600224,0.002434203827751613,0.41267824837914924,0.020091509936193686,0.0
urban,0.3309147657801952,0.24828747963084596,0.4940069810327108,0.11681693390006204,1.0
weather,0.9959936491006997,0.8005361051267477,0.3382568366497686,0.6352649873590809,0.9
highway,0.4111272782593792,0.1171625328252634,0.019651482746847804,0.17587861136143912,1.0
urban,0.702405365866202,0.2994577239342546,0.13442845645208584,0.2993932366674781,0.7
weather,0.8254398957486287,0.14660830036000316,0.0638665397468603,0.7900832499714378,0.0
highway,0.03151304308221159,0.06080262967402855,0.6330851264962384,0.17980479652989678,0.2
urban,0.7697314182968802,0.8109351926726106,0.20017831341991532,0.2841458808019064,0.3
weather,0.5202319605040254,0.03711331996230227,0.03226790695647095,0.6723482676428648,0.9
highway,0.08741680787108386,0.46824666565511286,0.8255348415204157,0.15826214286253337,1.0
urban,0.5420270696663797,0.9682088408629055,0.07392621893119189,0.2822628802484127,0.0
weather,0.04986014639916425,0.14990925324713966,0.21503245522060574,0.5757924711223097,0.1
highway,0.39965800208575364,0.49143005892771024,0.5364703911884732,0.1005260231242507,0.0
urban,0.01401451752605698,0.5668584332940947,0.4661334419604861,0.19978414982413925,0.0
weather,0.3416745738184541,0.9533163722009605,0.3612762762891143,0.7137062586767072,0.0
highway,0.07221318533518795,0.34221768053465373,0.5032204148586344,0.15302976997225282,0.2
urban,0.32344285510019677,0.8192342121024202,0.2682628041967241,0.25798221425502277,0.7
weather,0.6131162390692415,0.15720388355695425,0.38493522299248273,0.5183654633353206,0.0
highway,0.5849308939787217,0.13311575074940513,0.03134266885886672,0.023889776792857156,1.0
urban,0.9789473558546619,0.5018695310245037,0.22747843986386856,0.22604268163394417,1.0
weather,0.5208821784475111,0.6692657958436578,0.32600612667045925,0.2606751577405936,0.0
highway,0.853284798567202,0.42807681099733014,0.099237664919681,0.018144176549566172,1.0
urban,0.07907602097664812,0.44750288969950813,0.050945876985776406,0.004776080178839581,0.3
weather,0.6231378537478254,0.3560672991191448,0.3155655851863468,0.2336904488253636,0.9
highway,0.27416403767230013,0.16002836344264548,0.7631500577455612,0.16044983584702283,0.2
urban,0.8665956885955035,0.5935752544142979,0.06355524543351199,0.1282625566079136,1.0
weather,0.11698304638525758,0.45326746075502133,0.34127032490312015,0.5813210197250533,0.0
highway,0.8146250560259172,0.46808152077549825,0.51351786674177,0.19005584472228143,0.2
urban,0.5292674481435902,0.5843959215894574,0.39843078513809554,0.10228996903874539,0.3
weather,0.4903124894098283,0.8467850018697454,0.33277661667522085,0.4035199924402112,0.0
highway,0.9345402456218601,0.3630306630312372,0.9177726524944395,0.18166944204860191,1.0
urban,0.4864827657324229,0.3340455484199596,0.053410496481995307,0.07165354812108207,0.0
weather,0.10626590479239584,0.7784284067813999,0.06821521955929036,0.44735054900562565,0.0
highway,0.035159250271194153,0.16157260863970863,0.5441086239394686,0.11034247440399339,1.0
urban,0.29849309807496327,0.6723618579321944,0.16438006377722497,0.08343365026614102,1.0
weather,0.24346704406676012,0.45776461270413416,0.30380805948677764,0.2059881841884732,1.0
highway,0.6640330331113176,0.11878000728388494,0.48927926105160313,0.05721798440625212,0.8
urban,0.5637371014453995,0.2049792328259108,0.37099769556308615,0.015683730980627884,0.3
weather,0.8183005094393818,0.6833263626277299,0.07342564568677315,0.8209192136130002,0.9
highway,0.31922529778618847,0.4529558356173238,0.12663712551837436,0.03570395785451974,1.0
urban,0.2343700906778755,0.12356648740157616,0.061845425306880364,0.17498285914172898,0.7
weather,0.37625932933042194,0.9232860210139356,0.21792987026937272,0.26974246587376705,0.1
highway,0.493543659589453,0.22678640480758738,0.038049178310090914,0.1457274044633798,0.2
urban,0.052023755029446894,0.11364603869671941,0.001959187475546631,0.2998382043179019,0.7
weather,0.8652945592010245,0.6028463803956364,0.29101457089205707,0.11515578740287036,0.9
highway,0.28467473884646366,0.18798561096456956,0.756310096980294,0.10793235778063048,0.2
urban,0.3134773598464504,0.6205568470234586,0.3191750325653654,0.20981542229621017,0.3
weather,0.6374024812092216,0.8018258998755151,0.18654983780181944,0.3616660831950428,0.9
highway,0.7403782969410198,0.059003013309687435,0.7565391672262407,0.0190497867945739,0.2
urban,0.4873748079212449,0.6250915526865286,0.4730934469956306,0.17393143252874388,1.0
weather,0.17339606620611936,0.7247869749583861,0.20214146729513047,0.6799717100893763,0.0
highway,0.7433528955700124,0.36166515199698157,0.13605623443164294,0.1672157801590562,1.0
urban,0.9231739886192648,0.0158518422318763,0.36496175964291055,0.2666239550441439,1.0
weather,0.48895092643845206,0.4074078813546854,0.3946277963117306,0.055926350128225666,0.1
highway,0.302623182928755,0.22999083483905042,0.2793394852765595,0.07387823289102276,0.8
urban,0.5119386306819278,0.5270076245815337,0.2807972538560971,0.05124411189186322,0.0
weather,0.3316578441770175,0.7230571254603297,0.20310086074506573,0.4991086581076065,0.1
highway,0.9701168864184322,0.010990907404811456,0.8026974053360216,0.15760702991500442,0.8
urban,0.08982212942560475,0.2568300377251852,0.046258310591547225,0.030282487666919655,0.3
weather,0.7827456742513867,0.9374811723991047,0.2767709453066368,0.15585153655144346,0.0
highway,0.9206281367107758,0.046816446666814615,0.9550631871262365,0.1221852774966956,0.8
urban,0.40252635549014204,0.9200400525459036,0.32512753554683077,0.027125693337498223,0.0
weather,0.92666555388687,0.4836908231467939,0.12622138977724437,0.7889451239349268,1.0
highway,0.49651542223060485,0.061659245537646123,0.40097032668835175,0.07014195759841686,0.0
urban,0.10483574720599131,0.26794275010684787,0.2600973038619428,0.1697226078212704,0.3
weather,0.15141044393608505,0.7984535050511905,0.2828913313341693,0.19038178629703473,0.1
highway,0.37928339172754455,0.02361243824737741,0.1764397704703503,0.19118063447763647,0.2
urban,0.7806820746878623,0.39023854958399506,0.2892819661396772,0.2734025448649226,0.7
weather,0.5011627314574904,0.3837724579774092,0.38883173418982286,0.15915908399382983,1.0
highway,0.6507243843338003,0.4334107428442446,0.8939730574625047,0.18395851435588728,0.2
urban,0.22107155281399182,0.7292109485008531,0.2501452593390898,0.12454670281719311,0.0
weather,0.16678733518367417,0.7974205539416643,0.2880445334059783,0.08613577154903629,0.9
highway,0.8918731300084098,0.14358238256527872,0.32774722589612815,0.02312112212230244,1.0
urban,0.5498769211562105,0.6195825928270868,0.33174517256435504,0.250887393930738,0.0
weather,0.8828231626784937,0.47299059369815266,0.20787401246015078,0.19057604651719384,0.1
highway,0.842538229398637,0.2504383029447996,0.9814214249220252,0.019475345821600844,1.0
urban,0.8995127650963098,0.9408799063414847,0.33543244350095297,0.19932713597780335,0.0
weather,0.5494118320609646,0.5908662673951145,0.26109124951088963,0.25566622333181444,1.0
highway,0.6067928958213368,0.42473495079183116,0.5412037657712984,0.16077197724976455,1.0
urban,0.7621875111940821,0.7136073662634715,0.1037557476924395,0.17064382093016187,0.0
weather,0.10249632918921281,0.5354649496569541,0.03405745462243286,0.30294516789008397,0.9
highway,0.38943468007767323,0.4758512031952686,0.31972084933985423,0.17361963197341257,0.0
urban,0.2937944706543275,0.6720525405053619,0.3510783825984519,0.11151809538493818,0.3
weather,0.7829236142575724,0.4426548482604331,0.19410669693704863,0.7779094067485368,0.1
highway,0.5656035277480433,0.2519565126903,0.013513642306182572,0.07257316339902069,0.8
urban,0.8087994445011507,0.36176831192256587,0.26212736026886835,0.20121819763278023,1.0
weather,0.31645457653345765,0.34218640575865744,0.07778540767292551,0.5619481099932393,0.1
highway,0.647720054420612,0.014649721551709183,0.6181029655616969,0.10190177464484039,0.0
urban,0.0767233994560228,0.4262977174034259,0.22116772902510773,0.20060126546936788,0.0
weather,0.40869956227093396,0.46668315583086417,0.021083915941375597,0.03756622954398059,0.9
highway,0.38636813713680696,0.13362934257353087,0.4215111825102905,0.018879495180771835,1.0
urban,0.16823657910849188,0.18993474366102003,0.23035608567413773,0.08588395863358227,1.0
weather,0.10521955523816973,0.672019762180535,0.2541711682811888,0.8057639182933313,1.0
highway,0.07308509102615024,0.13683319246072884,0.9800054631968169,0.11925171504654042,0.0
urban,0.9993362799835043,0.17533424137685993,0.005057215830417905,0.0446426143554528,0.7
weather,0.9207708496360754,0.9684191305004078,0.21622107015556968,0.45820480525221596,0.0
highway,0.3111947378040092,0.10452906439043308,0.8484822099337397,0.18120381420887266,0.2
urban,0.46980432144868156,0.45546557200636173,0.291072401407371,0.10703114710477536,0.7
weather,0.5035135112979966,0.060108556078395825,0.3663739850044615,0.615451420384406,0.9
highway,0.9355230227588572,0.4561037856245911,0.20934839938409877,0.007883517024072596,0.0
urban,0.5814539479286243,0.9477695820321482,0.026848539299653418,0.03187371254086815,0.0
weather,0.5300523392123808,0.02784105126258629,0.09866257873791114,0.45961475173292643,0.1
highway,0.5083554875645923,0.49591589623181515,0.26610795616929916,0.1666383319570908,0.2
urban,0.08814224339079213,0.41366552358320696,0.3750804164773005,0.20802025602871319,0.3
weather,0.44295101074793275,0.5614383779331243,0.3396175036714387,0.4436457487985723,1.0
highway,0.8569501298693881,0.3421045375942433,0.8824411913475817,0.0407022216663773,1.0
urban,0.9602180723828246,0.6603358305141276,0.2613547270338005,0.007077590334238759,0.3
weather,0.5120885766986639,0.9406901877232318,0.01911254587256215,0.3522309750707453,1.0
highway,0.18951904323737678,0.06280780657811796,0.3110070036708874,0.17718442288868502,1.0
urban,0.9154162014667034,0.7619343757430971,0.2525577778720032,0.2965111700164713,0.7
weather,0.1373033751416044,0.33634572671558194,0.23469924758693717,0.10290508834200063,0.0
highway,0.947565126324043,0.38342444890888655,0.26828720042777265,0.11816090670358317,0.2
urban,0.7347618113553444,0.25214395583894356,0.2454051506340214,0.022659980747072282,0.3
weather,0.562144753827585,0.5527038900455401,0.04589678333527676,0.12613765801615207,1.0
highway,0.7079409157399947,0.35682603724687134,0.25240171494215125,0.1313630462176898,0.2
urban,0.5952768411040545,0.5391937941273144,0.4844073452889022,0.1452639418042925,0.7
weather,0.28816452288395134,0.6039204436622274,0.01983740328803445,0.09468099050479506,0.1
highway,0.3202987424967425,0.45332664847599946,0.19124212907612137,0.12308578300658533,0.8
urban,0.2303950715145644,0.6852014537698661,0.4909485700176228,0.20733176101615533,0.3
weather,0.9487904976919181,0.26804718737863775,0.3245863756606727,0.05535981693840952,1.0
highway,0.3566089128743861,0.13069865828019744,0.9465985727783387,0.1452607000737636,1.0
urban,0.8238963816246643,0.6475197955701631,0.4844721985871456,0.21418738435943144,0.3
weather,0.7537682020450523,0.6220091888089806,0.21603172876887833,0.7496142843877734,1.0
highway,0.592493479176405,0.24124653026383147,0.6225753978327817,0.0020093962109663187,0.2
urban,0.11238593229152583,0.2685049172528353,0.24620087960216785,0.25101890584313574,1.0
weather,0.7146960890066222,0.603792757286118,0.1195704600393333,0.4108163955674278,0.0
highway,0.3886747506709505,0.22185072351483393,0.8913139356064557,0.08226605806624737,0.8
urban,0.2217794919335464,0.7804711383801549,0.10058761614443973,0.02401902075868968,0.3
weather,0.8411073089388701,0.0359657562134128,0.26335983815081676,0.28676687755788366,1.0
highway,0.915138820404896,0.42725771795537476,0.6831755632398181,0.010466571460132568,1.0
urban,0.8741091180258305,0.030457808070496806,0.04543826918482419,0.25640251241527906,0.3
weather,0.8453299756887267,0.7271628097401385,0.3923044697555407,0.15569259775593292,0.9
highway,0.6273141370102625,0.23584938344560474,0.9597837864377148,0.13523146669068906,0.0
urban,0.9985608065856286,0.024817211445149145,0.4176220300794328,0.10961005246519584,0.0
weather,0.8583694067196584,0.23260386214875595,0.046202346462586474,0.32610605663879344,0.1
highway,0.07541217599278827,0.12517936478542774,0.6693154163635017,0.1776544393023012,0.8
urban,0.7145623460931563,0.6234117313362646,0.48527733536424794,0.16768597208111308,0.0
weather,0.26859893291459747,0.4948259516005463,0.03444644420254952,0.5591366564629684,0.9
highway,0.24068158972588538,0.37180125878030884,0.7502718294717717,0.06345779675518107,0.0
urban,0.5856543354287992,0.008495578607209509,0.3805029914747777,0.21390428755852223,0.7
weather,0.5539699498782749,0.0016011875490288263,0.11328763352386698,0.8814103323232501,0.0
highway,0.3235246137370379,0.09190644474090748,0.5769361233448397,0.03096827892949099,1.0
urban,0.8187468103841916,0.11668911993589981,0.32800067732655463,0.10234479774590491,0.3
weather,0.5621108826232295,0.005864727887161303,0.03140394738144394,0.8812580677630116,0.0
highway,0.9747698434204131,0.4128017124535075,0.0600081925890118,0.07524587567223823,1.0
urban,0.5689214058447163,0.8817089696385847,0.4709527936302101,0.2218689744333804,1.0
weather,0.501820375540511,0.43764630265760207,0.13587704739183484,0.7190194431628911,0.0
highway,0.19106213934635818,0.39525680376682387,0.4539588330478598,0.060332448326229776,0.8
urban,0.6162406493306123,0.4828785341158436,0.19516288963077733,0.2727187628690194,1.0
weather,0.2519982216440717,0.9207564510547337,0.23263553513990215,0.5334802087447829,0.0
highway,0.9444636878820379,0.10613875764275721,0.5201348477846849,0.09494422542564258,0.2
urban,0.12906512482906296,0.5368591465026183,0.4682851090354196,0.09250563650285962,0.7
weather,0.08674863550138157,0.6054444853053423,0.022837904203953575,0.6728258885580842,0.1
highway,0.7284939338474402,0.09983486902032335,0.3712709205053938,0.10033983320128498,0.8
urban,0.30570213581048855,0.5245005742189764,0.32593404682380295,0.23384490506535854,0.0
weather,0.8183606413952167,0.1716781950432169,0.32313258073064893,0.6928784276966522,0.1
highway,0.7432944752240767,0.2190558255166476,0.8177884305894194,0.109865273037203,0.0
urban,0.5246723066856223,0.6393748005427755,0.168999390514245,0.27205997320195074,0.7
weather,0.2558725408122128,0.40707677937898024,0.2710726164470793,0.22673422689836142,0.9
highway,0.49459705276375876,0.44737378541565054,0.26766843719429756,0.08211973944765333,1.0
urban,0.7243863559980446,0.18955550853694048,0.4461189577690532,0.12928240095549806,0.7
weather,0.8649949762077763,0.32061990655022676,0.07133260497128653,0.23936983634204634,0.1
highway,0.5211737249135375,0.07488856584045134,0.06557907264663632,0.14588308974530811,0.0
urban,0.5722838145420012,0.44185370809106395,0.17335938061795558,0.2239356386571342,0.7
weather,0.3057561275123747,0.07284529754519975,0.37305587751997166,0.39455112928137315,0.0
highway,0.13031798809129091,0.17281351851807947,0.807702369044057,0.04926964944846038,1.0
urban,0.8306357646860892,0.5713330049719286,0.3037358769542846,0.1569474002417948,0.3
weather,0.5552958253281813,0.5275796224253504,0.2621743913762645,0.23318755442161632,0.9
highway,0.017645160178605845,0.2585031416048543,0.5295726807126748,0.08017642702558209,0.2
urban,0.3517098179588083,0.5434844285830145,0.03636813088859825,0.23703941211783247,0.3
weather,0.4152614375728205,0.28354801090964765,0.11355127263628528,0.4822913239962101,0.1
highway,0.6618603122150055,0.1777648985760038,0.8088585390335653,0.0589402739771056,0.2
urban,0.02485951591579416,0.003914105735390638,0.11360383891600223,0.12192188604029863,0.3
weather,0.8179634943491536,0.9299217631456648,0.21803336514395608,0.6614662053236519,1.0
highway,0.339237340528867,0.2490993597808427,0.4386677720315755,0.043654639756298755,0.2
urban,0.8570290283305779,0.4151071768549326,0.04466995114593342,0.13133444318988596,0.7
weather,0.4686018101215098,0.5913011489232447,0.35473636113264284,0.8888550983934195,0.1
highway,0.42766908582416907,0.29803196555029754,0.089652231235679,0.06747181567145592,0.0
urban,0.5496846136565783,0.8577641457860294,0.23705103792113347,0.0012318608692345357,0.7
weather,0.9334551052498522,0.34459659572697177,0.0643937726749499,0.5631643884539549,0.0
highway,0.1778797954606286,0.44426664426224244,0.4419078449789259,0.028569181518384747,0.2
urban,0.11324345163981986,0.5701872157998045,0.43092191164741495,0.14313294530817783,0.0
weather,0.8822057372269906,0.43388804848547946,0.29903885123977697,0.9997515634290444,0.0
highway,0.28740253384548253,0.2789395917889428,0.3043075918208643,0.017291501424030464,0.8
urban,0.9628916341780376,0.1755797776346163,0.08877895985661138,0.2745501413923665,0.0
weather,0.28684664564719997,0.28045506476005533,0.06389978409357769,0.16406358826533518,0.9
highway,0.972522495633662,0.2720149826472878,0.5597957221797643,0.1040230829004789,0.0
urban,0.8812975456140917,0.32825508927733704,0.056420272258442206,0.2610074776560497,0.3
weather,0.04986457649417886,0.603404212220246,0.3227112570025256,0.15691727203722716,0.0
highway,0.45341623062426806,0.4946399725531925,0.05474498225959512,0.07100305322724934,0.8
urban,0.5523214973742779,0.5988830947573172,0.13720586050018757,0.1200088907958874,0.7
weather,0.938719301977863,0.8050933767995262,0.3402320789226398,0.5505453006199955,0.0
highway,0.3329566143714182,0.06247828304200903,0.10655124721611298,0.13767152498273155,0.8
urban,0.28557961623863637,0.9616114422544468,0.15642231400283407,0.029413361433281947,0.0
weather,0.09868522775992061,0.5798053451667962,0.2511455304008406,0.36522792625688194,0.0
highway,0.4332509323090279,0.3998459310013956,0.7394746538841134,0.08526365879814027,0.0
urban,0.5648414367174266,0.17965696583684598,0.0498817788514212,0.01635356697325776,0.7
weather,0.795544391926648,0.4771463759890493,0.05235245542143039,0.23556593459450126,0.1
highway,0.9357492615245504,0.29880659546623023,0.8094274884628149,0.16003052967835013,0.2
urban,0.9752445352839586,0.9657704438842871,0.10763452289291714,0.24333136989159543,0.3
weather,0.5175994650538077,0.1244342079467552,0.38487835051119657,0.2899247626330286,0.1
highway,0.08900973489600883,0.2557628204047465,0.9185215304431212,0.18082273209590105,0.2
urban,0.39028790866313645,0.10609177961290917,0.33522333264125465,0.08665182434325404,1.0
weather,0.9147493287276603,0.16695017903446918,0.04846218450439417,0.0854084828082653,0.0
highway,0.330991947603403,0.41872544741736695,0.3098656494084847,0.1015018188938663,0.2
urban,0.07173534374742496,0.22675861740051595,0.465745193459463,0.27252303218057083,0.0
weather,0.6024411098614427,0.10724683349584607,0.2032675225375853,0.7354783883332476,0.0
highway,0.9095866950537773,0.31694473091622094,0.0719067173164456,0.1818011177671406,0.8
urban,0.8145652121135027,0.23392282077938487,0.10031604507328673,0.21454103304335267,0.0
weather,0.1796512179553419,0.5780721020124125,0.38319174129955624,0.503072600271609,0.0
highway,0.7328383372724155,0.16815404720687488,0.3286043394798427,0.05698265051048717,1.0
urban,0.1928396089422456,0.19110562269114495,0.3843820903605802,0.07967627949220797,0.0
weather,0.009779380305761864,0.07512291015450923,0.21426402469124484,0.8544550831854034,0.9
highway,0.9317314247538246,0.1034359377111439,0.3582190412430728,0.029879877690754467,0.2
urban,0.659357387278844,0.5106829844471824,0.23852411258967732,0.2504698285093174,0.3
weather,0.49173794301898943,0.8962362491461331,0.3226831230980246,0.0036563113446492768,1.0
highway,0.5293906213475335,0.2407945701096813,0.6805668413607151,0.17176831668285208,1.0
urban,0.6433697250697605,0.26251029048316565,0.026173589215656545,0.06929379315841909,0.0
weather,0.8011640671751586,0.3771787917842435,0.3613344026090821,0.06969069673011963,1.0
highway,0.2005646595880699,0.10767964142730424,0.29186717703639975,0.03455146365621747,1.0
urban,0.6723268099936413,0.5312010468195962,0.04943667133132568,0.24365387618782544,1.0
weather,0.04846423247582232,0.21027617790186137,0.2263554420407036,0.6155526231931792,0.0
highway,0.656179036222687,0.1911186600072457,0.281791647509266,0.14439662939032896,0.2
urban,0.32056322436092455,0.09352012359790951,0.21355622320966705,0.03862633121041664,0.7
weather,0.44569179024674643,0.04934956369742127,0.22773385276289004,0.3827291913177713,0.1
highway,0.31003402401245006,0.40598387119540086,0.867152151001122,0.13460163325773541,1.0
urban,0.07238939826431035,0.2903682124860205,0.44111754051038254,0.04410448646993357,0.3
weather,0.8824951050681364,0.020121721853074037,0.3010908551303904,0.4737732925144229,1.0
highway,0.09310715650839008,0.23407097093536788,0.8875419077264137,0.12825314185137396,0.8
urban,0.6773006863356594,0.7026295764379158,0.47799002941303614,0.15940198597098273,0.0
weather,0.9689678620822997,0.9330776530661451,0.3482685872857283,0.4218298355226534,0.9
highway,0.8425545014651813,0.18109080139707578,0.6604697213644312,0.09416328387317963,1.0
urban,0.07563036383454946,0.5770640452257026,0.3213139676054658,0.2549527813791072,1.0
weather,0.43604697411857907,0.7486721752509908,0.331169981818125,0.771243074033178,0.0
highway,0.6722826525131521,0.254345970364688,0.7211227561147663,0.07053822403394694,0.0
urban,0.8425345083518017,0.3032081937596749,0.21472394853935128,0.14121178419478123,1.0
weather,0.3689876126577565,0.8546190257884777,0.32088120353434263,0.3487612473960884,0.9
highway,0.08337905376875954,0.4642538759718893,0.579737114939772,0.13340737142507078,0.8
urban,0.7057590510369849,0.820840236704851,0.1181713716641048,0.19840504196309863,0.7
weather,0.8312458050899425,0.7667683563383357,0.14025707658285877,0.3768106277742125,0.9
highway,0.8358884081262424,0.050638061915503185,0.6758926228302107,0.04974507875812493,0.0
urban,0.8059058425334413,0.27967385654644317,0.09576066102507408,0.15127903823790945,0.0
weather,0.03642544330172015,0.9025421148429531,0.029322327245487934,0.8941821586165712,0.0
highway,0.5506905446947946,0.4083966847871737,0.959592147609234,0.15853249535032343,1.0
urban,0.40181345860169515,0.07630245417407955,0.3663500919354035,0.18506542678955445,1.0
weather,0.1522282139168668,0.6667088553964567,0.11371531563818374,0.5857782709310476,0.0
highway,0.45421441976524746,0.43171500726088363,0.9169611131024886,0.19936154253577082,1.0
urban,0.5376921285909715,0.6636247207672996,0.39198592525279474,0.11844218486347681,1.0
weather,0.017988131572387656,0.9327712799060948,0.03133082205968738,0.6882189194077358,1.0
highway,0.020341081882177647,0.1025935714524035,0.487082544323578,0.17565049354646933,0.0
urban,0.30267921037875467,0.4677486753746636,0.1363969463499229,0.13906542536559724,1.0
weather,0.8026562441522198,0.2469654124670625,0.35984499574892603,0.9108242203303961,1.0
highway,0.0151741990464217,0.141872754980228,0.4365817217418244,0.1267593951985458,0.8
urban,0.6009571949974972,0.03429790130331167,0.24878304169436294,0.04645280448606822,0.7
weather,0.5217432257909146,0.013409453872123112,0.007778503367818646,0.9729616349520416,0.0
highway,0.5036917612374446,0.09131256512655056,0.5739751750317419,0.12748092245223672,0.0
urban,0.5710931624345147,0.008998657283255773,0.1289054370116688,0.12204679421953948,0.0
weather,0.4841844983225968,0.6481021272610714,0.007343353599689584,0.6539942214202483,0.9
highway,0.2830006354290777,0.018987983784803264,0.9945941872219402,0.09639723736528119,1.0
urban,0.6892793212258371,0.1271026137707404,0.17836158465445318,0.17774489817047892,0.3
weather,0.838352904049016,0.6542299779998744,0.11017196145578914,0.967739954659086,1.0
highway,0.2013991027938874,0.479512087986483,0.6134018465221711,0.05233427332750129,0.8
urban,0.4860441984846542,0.664100671147891,0.26402372450189965,0.290832440739677,1.0
weather,0.720333369165993,0.9182850353799578,0.16321618464112664,0.19127737103739706,1.0
highway,0.7876768403357541,0.15551833363016848,0.3268932630556065,0.002159678477902394,0.0
urban,0.5718975224589538,0.9074631763464255,0.061240708425148616,0.160210833961397,1.0
weather,0.5839265391977413,0.08243327201899076,0.30626093468207327,0.06979948489474974,0.0
highway,0.32450664916894734,0.47256122437244347,0.28266736054115904,0.0921737470539304,0.2
urban,0.5271472942991805,0.7639631963256179,0.0025394064878636047,0.2753275927905482,0.0
weather,0.6262592746624267,0.6690535153169479,0.050513389033827585,0.9457764972463472,0.0
highway,0.4716631827851603,0.28581384668058274,0.046402886015125655,0.12479190188640286,0.8
urban,0.753813712978369,0.21905917305988332,0.2215199883175804,0.1853439583767859,1.0
weather,0.6556294121143175,0.2392588627514639,0.11221112874216038,0.8204690163608535,0.9
highway,0.822760243032332,0.2591619615199117,0.46180648156201864,0.06288682116228109,0.0
urban,0.7370635176441752,0.070101480267442,0.4322706707910418,0.14986993901277984,0.7
weather,0.7111218170152859,0.05196609813118025,0.3438991222740268,0.45825331476504794,1.0
highway,0.2759282979500629,0.452480940084957,0.8178506634148325,0.0692532083069497,0.0
urban,0.7497257467835433,0.0968187309872186,0.2380283510755309,0.29750584211782066,1.0
weather,0.4560995266625917,0.39777335153103965,0.1298821337033056,0.9814475954291293,0.0
highway,0.7800840237349648,0.3856124076452018,0.22810037790238513,0.18444466363097203,0.8
urban,0.17578381583038183,0.14493252710950055,0.12738379316431003,0.2743578461406168,0.7
weather,0.4864050355361782,0.5049328040894001,0.07056476417115447,0.8127329043046794,0.9
highway,0.26303617753893027,0.11227973463444818,0.4655056665274797,0.05301783375040723,0.8
urban,0.36901773241117275,0.13551687356075404,0.2591998133165326,0.0337827688047662,0.0
weather,0.29334862667008954,0.490694345926984,0.17544457437585748,0.7603116511044239,1.0
highway,0.794662892397889,0.22815841027548117,0.1707682600033369,0.05344197909721482,1.0
urban,0.8542580615539395,0.7816354454432105,0.0517564735030655,0.03222429763086656,0.0
weather,0.9377046153793677,0.9122545611011557,0.37843024722753255,0.24471559702370094,0.9
highway,0.5407575018873564,0.48398489838497777,0.2551822287742307,0.17169405051965259,0.2
urban,0.1100177211275436,0.9474279980597932,0.211679013675393,0.0027930872287061036,0.0
weather,0.7646435726141122,0.28468776154427167,0.355043331797582,0.36785069460745845,0.0
highway,0.613170360743117,0.43440054790891014,0.6619015764719286,0.08680977369563614,1.0
urban,0.7795528687952618,0.022449248431324675,0.29994289402638735,0.2086232012909173,0.0
weather,0.0470611978769474,0.6685466951139853,0.34510831098369027,0.16290265447739405,1.0
highway,0.3224498097106496,0.2201108631280826,0.8332096879578015,0.1858815132140414,0.8
urban,0.32066275473643224,0.5523380134555028,0.025253735416141065,0.01316432651062308,1.0
weather,0.9249769482350347,0.7856691498778192,0.1303118174982473,0.8170004834976307,0.1
highway,0.00040154402533987277,0.4029455845984271,0.07924960612992882,0.03829792298162389,0.2
urban,0.4479536971811856,0.4456388008221619,0.44782207653191747,0.03784592888634503,1.0
weather,0.6415796812433943,0.02343295536738821,0.1720703633777253,0.8750086997439702,0.1
highway,0.4315843291175092,0.3818015335440068,0.9925977185816602,0.13180693621980027,0.0
urban,0.053576559607407925,0.14049900979551733,0.3112746981065569,0.06234715243765074,0.3
weather,0.856612336224926,0.9276745414995192,0.3799316821945463,0.5548257965033062,1.0
highway,0.7223735076327985,0.03899693320470454,0.10613001930901944,0.09855626917299115,1.0
urban,0.5876847503950108,0.895792872894706,0.32659359457890624,0.10471572733846542,0.3
weather,0.639386421454098,0.12903640888942491,0.17212657121695638,0.27470503280714365,0.0
highway,0.6699699240966567,0.03599040923166086,0.25668059165026347,0.1427801866793196,0.2
urban,0.7892906546771047,0.03121356033874756,0.4834327751466968,0.1579784827769368,1.0
weather,0.264012846071893,0.005398542183677413,0.26740196046039316,0.9726266044325526,1.0
highway,0.654907123147859,0.22136796385322915,0.9489162181887151,0.049199948061359036,0.0
urban,0.607695903497608,0.4026712082539978,0.10392186070982451,0.24402206806940388,0.3
weather,0.21456482009284983,0.7381507548416897,0.07565547853069604,0.5734917638909767,1.0
highway,0.5536778335394333,0.0941925046674365,0.056246694315172485,0.016141690838797195,0.0
urban,0.23405777501749914,0.049781001523043766,0.1342500380987477,0.19627073398359537,0.7
weather,0.14265435147316208,0.5090818285664711,0.3318782737668256,0.3498033545115794,0.0
highway,0.5125762159242117,0.13388715730205875,0.4549507768419997,0.09415699940254146,0.8
urban,0.7773325140821933,0.5566820526817535,0.32287964613065295,0.004055181509916017,1.0
weather,0.5444613321491686,0.16844055113191525,0.3041858425104267,0.9849291084414916,0.0
highway,0.7167185857676419,0.3529952014809967,0.2341990597880902,0.05392687984384084,1.0
urban,0.540610994324729,0.8496001749824581,0.24006746981918659,0.11196221073153806,0.0
weather,0.8556436641449466,0.5146695240518275,0.04228024155172028,0.6940723335309844,0.1
highway,0.6332689173374889,0.04974811309031907,0.6041739381725918,0.024192132447698467,0.8
urban,0.1636084208437122,0.3627671331374759,0.12549360315803537,0.20503034611617513,0.7
weather,0.4309830628472584,0.17478671504515797,0.39484003436964665,0.5611502124351744,0.1
highway,0.6189351627634337,0.1414429548931826,0.8948692007055198,0.0048412088845059655,0.2
urban,0.4238081851735742,0.649863921702575,0.012348648843055643,0.24307773915518607,0.7
weather,0.5599936714635579,0.738928296130955,0.32504505563526875,0.12857957851166912,0.1
highway,0.686024223935891,0.12495086081844492,0.06560076494502953,0.13812306247732728,0.8
urban,0.4690400466659629,0.5044247460634369,0.29253890818660805,0.1539510048991693,0.7
weather,0.9706680277938705,0.17571524583682585,0.23884664800620137,0.4241850557459762,0.9
highway,0.35579312782099304,0.2580674023372489,0.30483816925626694,0.13758201829106487,0.8
urban,0.30476091279732576,0.18180846566694975,0.04295519410141024,0.21423574227747477,1.0
weather,0.4438559911405694,0.18801571719628896,0.26125469331674217,0.1484831830052844,0.0
highway,0.3677085081275432,0.05030998861129504,0.3096318100028458,0.1327468721387877,1.0
urban,0.7029917261468195,0.21612599834876223,0.09170267430486984,0.129498064243135,0.7
weather,0.023047088406607408,0.8967465499077446,0.08428266602996248,0.22753387693646332,0.0
highway,0.03517463153159661,0.4559107968183714,0.775331929885916,0.09014121165007714,0.2
urban,0.6447567265900929,0.33966062048144274,0.3539739133505945,0.1672274234010426,0.7
weather,0.1682110924335416,0.8335741096457367,0.07804352800968402,0.892611328044147,0.1
highway,0.2678735828174408,0.30200249886975006,0.8713335923402825,0.19978093995261537,1.0
urban,0.983731853997006,0.9607147516698173,0.16024344882777364,0.29888904127356775,0.3
weather,0.36727770128070925,0.9138145226249442,0.1473181870622838,0.3734445911454355,0.0
highway,0.8684761512027696,0.41721455995287116,0.8330062152010861,0.139634772142981,0.0
urban,0.8179041768324394,0.038363861355701134,0.4353985861690566,0.15382496993817887,0.3
weather,0.6988336704460328,0.8538659935252035,0.05606617335309214,0.5441831489768018,0.0
highway,0.4467395253113928,0.1714832598500391,0.1382455656340571,0.08789307487168843,0.8
urban,0.71645298155879,0.24962470441058338,0.43885648034846975,0.24394499650914422,1.0
weather,0.5992775178235918,0.807477935651909,0.04374236124379154,0.3972912929459057,0.0
highway,0.17025915212543596,0.13585375942704647,0.2127269661302731,0.12071715753164113,0.0
urban,0.8503177081575989,0.21285008603835742,0.33437662722490685,0.16286343970824155,0.3
weather,0.9715163568041392,0.27623894162314355,0.3169563101435255,0.22523990233524627,0.0
highway,0.41499775837075425,0.16347105012734747,0.6066893231978858,0.18608972010900623,1.0
urban,0.22436917569848602,0.49384919570810026,0.4808010127874394,0.23089264916509633,0.3
weather,0.8205764393338497,0.28524434230676654,0.09568443521368751,0.7869757993812009,0.9
highway,0.32460879809694465,0.3605796341069386,0.6577887800361861,0.1918224583992588,0.2
urban,0.35484572343065823,0.6126843446746072,0.29268771139547817,0.16428483019612414,0.0
weather,0.42750570371336616,0.2722405425060447,0.15366430318138502,0.8359354900165079,0.1
highway,0.5001979355227852,0.42022137527301007,0.7012933420883841,0.15780812084040943,1.0
urban,0.8267424285758564,0.8307673885947606,0.146207541942124,0.26246917037937784,0.7
weather,0.5909160928272268,0.9892166834205861,0.06673188198010514,0.046684819899273755,1.0
highway,0.23842717895348364,0.4709082500250779,0.6037442885632565,0.021053032496085058,0.2
urban,0.408927235756672,0.6619698394506341,0.23242739040663535,0.18917660919256304,0.0
weather,0.6756440638648885,0.5425754525355801,0.09321785130674898,0.5736278579429078,1.0
highway,0.7355207057935812,0.33189581197072204,0.11338709555257254,0.14412325813274302,0.8
urban,0.39258775036111127,0.34202266424798167,0.4161195533542208,0.08243934323037017,1.0
weather,0.03769739042267062,0.36716962569502265,0.21691999024843167,0.14810079862712744,0.1
highway,0.298039332094451,0.2060482843540573,0.22377838627097624,0.1865072171604448,0.8
urban,0.9166431026939161,0.7054966519346239,0.335889635127433,0.11830234390519928,0.0
weather,0.6759924897563402,0.7056593338739465,0.19569196008184517,0.3829373822916171,1.0
highway,0.7306790115283902,0.2609311476660894,0.07417619559431221,0.03840325019358977,0.8
urban,0.04783881250703881,0.8501719452050476,0.4987912964729862,0.2660826332648602,0.3
weather,0.2094067139499336,0.01177987628664201,0.3989691756214217,0.28107388544511314,1.0
highway,0.17603968215497068,0.39326294355179564,0.3125436522367222,0.1828883458974677,0.0
urban,0.6702539760443592,0.1879035887984165,0.3123976993593626,0.10093510554525305,0.7
weather,0.6025113635747287,0.29582271858186315,0.3552836772856596,0.8406036227731919,0.1
highway,0.24527930497436734,0.22420392050796645,0.32053616680649555,0.1488838507626652,1.0
urban,0.961631256625307,0.18949014589960422,0.338194689027455,0.02768070136882883,0.7
weather,0.6906227420813416,0.5134344971258201,0.26024260930084137,0.889687412571665,0.0
highway,0.40610998050255787,0.05633676331739501,0.5768832749769458,0.008190306429895955,1.0
urban,0.32558113251901144,0.9835972997387742,0.333675581525198,0.013154055748988968,0.3
weather,0.10452788787569423,0.12874720287571306,0.22280272252525146,0.8939726684244292,0.0
highway,0.33269017969267,0.21914930401658295,0.26269330988000517,0.032943549388596186,1.0
urban,0.640193868537032,0.11988803148384541,0.24176103368248575,0.2056321567113874,1.0
weather,0.07222934827247784,0.14745300926617955,0.02929824164295605,0.8123173327141189,0.9
highway,0.8079380300142834,0.09492633013548457,0.1101721202536331,0.14425745379476534,0.0
urban,0.642278163507115,0.03836155478797465,0.3107322113283923,0.23336331166106314,0.0
weather,0.31659806041056904,0.6712215563463176,0.012578382023579016,0.7264967463374227,0.1
highway,0.8709675998625426,0.17116704123049536,0.7697723073855856,0.11227116483786759,0.2
urban,0.9743049631104774,0.9863281735601263,0.256302526510794,0.28028093743916305,0.0
weather,0.9646904788284609,0.07356335421576565,0.021373840956406865,0.9375503374073385,0.9
highway,0.5796324582018182,0.2777625340313598,0.7396216846529949,0.09984858150495496,0.2
urban,0.7472246450885869,0.311703321492812,0.1531196226142002,0.25135241427165556,0.3
weather,0.7383512771211947,0.14152120244996014,0.35298807797725423,0.5823955084085031,0.0
highway,0.6781225015366464,0.2072149062335183,0.6895342089054152,0.06879592726327403,1.0
urban,0.7112658247104531,0.09998524748377668,0.016772935706078906,0.16811968614598283,1.0
weather,0.04916082915504816,0.03105687603515561,0.22167250217951953,0.7620327210390511,0.9
highway,0.01585354537356698,0.04599225533539997,0.32668902253174836,0.08743440991203544,0.2
urban,0.44727296815712203,0.07237639319412248,0.4770658207855363,0.06697662032080827,0.3
weather,0.14214085359791773,0.6397752015704224,0.021873848301346224,0.4073822791191404,0.0
highway,0.005348988694222845,0.37411940309045005,0.9030506531025154,0.027944113395790816,1.0
urban,0.4215542482180342,0.7075354377454437,0.2313439158439135,0.24194878383157356,0.3
weather,0.14112611829932187,0.0007895110932187865,0.3240560362981845,0.08757456298623822,0.1
highway,0.5638670318917666,0.25822217095141076,0.7269779195284309,0.11596684765621808,1.0
urban,0.603755143837613,0.16393172095320274,0.367976780257589,0.09036938843817245,1.0
weather,0.3773876249747763,0.44475589820201256,0.018573462193124925,0.013733188082578285,0.1
highway,0.6623718599127535,0.07914152534968683,0.6881176592063503,0.025637614562092348,1.0
urban,0.5193976852834676,0.5650325249759498,0.33484198623163625,0.28841474104311454,0.3
weather,0.8918202114066128,0.19644131522278585,0.24553837800308972,0.08771764171996432,0.9
highway,0.9362403878072032,0.4333456741996975,0.9825789229922046,0.1055668075122548,0.2
urban,0.378024949434402,0.10294614470028618,0.3595114102168005,0.15116663903738206,0.0
weather,0.8579170722435677,0.29854792598216395,0.36949725250665943,0.2298063414226651,0.1
highway,0.34104787283062354,0.40165228675901676,0.8972984957497385,0.1036436631271855,0.2
urban,0.6324722024114774,0.2882958045542563,0.31922753532607184,0.08604472416210936,0.7
weather,0.48921624868809066,0.3419344935747266,0.3696873739370641,0.024390993110096737,0.0
highway,0.391967740274463,0.13180271990344072,0.9546401607162314,0.12071624942461252,0.8
urban,0.7271311968819275,0.0007168587065797816,0.46842671504550765,0.04935761171784372,1.0
weather,0.18657849925364134,0.26935970066353776,0.3202655766101245,0.4538686199959361,0.1
highway,0.31521673737728606,0.05765054516952467,0.10699126117462332,0.14389199353399437,0.2
urban,0.506456377036514,0.8444023431905322,0.11961160683292898,0.1245641270052992,0.7
weather,0.10339493663004151,0.43150811984764237,0.09196734834465303,0.5159458785254234,1.0
highway,0.6243726979236103,0.3266447704506813,0.07036810790602932,0.1262068351424098,0.2
urban,0.38114688203473557,0.41185228314449696,0.363789661067472,0.13549169865565136,0.3
weather,0.9295830945975689,0.1842198992963593,0.17474401462285064,0.3923821009327213,1.0
highway,0.200469047766359,0.20673288335508005,0.20620271590177885,0.1753120981577435,0.8
urban,0.6618783880446912,0.2074694380588772,0.4529250960493978,0.2515647621074379,0.3
weather,0.8690990687247285,0.5683191510779255,0.17580311217902073,0.06724063405203662,0.1
highway,0.680237753843783,0.4212284930592068,0.22847157591702372,0.17328548057975124,0.2
urban,0.11846170509448184,0.01363984583588107,0.1516097733592956,0.20939714144933774,0.7
weather,0.8365523911696138,0.5123003609154665,0.05409647649860055,0.5709915713259784,0.9
highway,0.2313487132001505,0.06818555251472919,0.19668855823121312,0.01106647743266922,1.0
urban,0.014515094527608796,0.5748390378598749,0.20113738371571677,0.11239476570444862,1.0
weather,0.19371705077629786,0.3458285703095939,0.1431364634566133,0.00845149606246054,1.0
highway,0.7764868813156668,0.37457891158826584,0.32877428749259074,0.12217201670337008,0.8
urban,0.5435955749112921,0.6537779229561563,0.1935250059674435,0.19416668501935663,1.0
weather,0.41598960797524165,0.746670964786637,0.03752874895817726,0.5125839031325105,0.9
highway,0.10466063390789626,0.4113239635969447,0.2100473372920696,0.07881672970200637,0.8
urban,0.48180344253894136,0.5712139096147976,0.4127654116733747,0.08257083177933673,0.7
weather,0.44153401037889695,0.4906135758981991,0.3395070341125257,0.7060581146380308,0.0
highway,0.3991093505747292,0.20771950812983042,0.40796260220572644,0.06491082194618523,0.8
urban,0.26911975263801036,0.8031330889362459,0.02207278104372773,0.297627656108646,1.0
weather,0.2923030465548375,0.8110872462002584,0.03503022936646989,0.8056753790427041,1.0
highway,0.41291118958921325,0.26874687683661724,0.04929966240916994,0.00046949477349063075,1.0
urban,0.7689801952286295,0.44676983446825214,0.2364128124481512,0.19307286682194605,0.3
weather,0.6478370386082265,0.7120719922479305,0.07138026963934992,0.07958814737204245,0.9
highway,0.31410981908937075,0.3167320596178863,0.1058003594241399,0.12570880617577224,1.0
urban,0.16883360665257008,0.8218014592542003,0.38462527962079335,0.17901689703186513,1.0
weather,0.03735293643555493,0.4451066637179941,0.04525437506960946,0.35137896675810865,0.0
highway,0.3593389905157872,0.23767953384043428,0.3635144573692667,0.12820121146414026,0.0
urban,0.20953462395012568,0.14510557339645025,0.4521905673327617,0.290644932445013,1.0
weather,0.7288705094885958,0.9319127325974559,0.11154877050438597,0.9502112058654302,0.9
highway,0.0789805993662317,0.346648734275746,0.7847234151793583,0.16529073049099602,1.0
urban,0.6693483507627961,0.8315739259104525,0.07515531124198438,0.011577468581440153,0.7
weather,0.5864595123747977,0.2612451324535824,0.39276212891477713,0.8978981047742521,1.0
highway,0.030970603422510123,0.13744782912854386,0.03279987427689601,0.0840670778390998,0.2
urban,0.23400528716036983,0.08438794789498705,0.12960766688599323,0.005678292153439035,0.3
weather,0.5162478232000605,0.1537493121029181,0.36869066778066456,0.757469050723103,0.1
highway,0.2705217801718466,0.4023629918707155,0.6154909596667192,0.15075612021728307,0.8
urban,0.21972275011039688,0.43867169680304885,0.3910009127969707,0.23518575542935227,0.7
weather,0.2976737155928457,0.6597636404530838,0.05479288892381114,0.6868664937349099,0.0
highway,0.2740117803855475,0.15742057770436768,0.116804107733952,0.05463192407398903,1.0
urban,0.2595504332730826,0.2923910238477404,0.3526533212679636,0.2206309781676559,0.3
weather,0.6872830044131277,0.09575419866335766,0.36902896196232005,0.5684722021568196,1.0
highway,0.062447531197507455,0.4105391809991205,0.09234583894543225,0.13480147129254225,0.2
urban,0.839408037609272,0.4481708470213185,0.31834645717897087,0.0663713459420051,0.3
weather,0.4015417380052825,0.3004887586326389,0.3213053602508513,0.2720025737309897,1.0
highway,0.8940913692578455,0.24893459025715958,0.8418087090288189,0.16027041165404973,0.0
urban,0.4544223191595411,0.7451448098278204,0.10678365016809616,0.003201686354650235,0.0
weather,0.5244363458577493,0.8060967479607475,0.14139099005135153,0.6422096370026974,0.1
highway,0.7938956551945168,0.43720727709823926,0.8510037667972491,0.15544084947017045,1.0
urban,0.8551094219974401,0.3464692870786672,0.48652267475708055,0.2939203004321579,1.0
weather,0.9421579170299933,0.8878593497355527,0.04090571239884642,0.7441266857143702,0.0
highway,0.7075228189780428,0.015587454555960611,0.8701966904922421,0.027730505822660748,0.0
urban,0.11279691886657695,0.7058824446817216,0.45581934486765174,0.19574541852184726,1.0
weather,0.397634985732753,0.33631272750495556,0.09379360271326798,0.48064802831240894,1.0
highway,0.8600735189897928,0.06131402498900329,0.4334636997331237,0.07934552009367718,0.0
urban,0.9656531747664123,0.014856122507503788,0.2405628459084228,0.10001035143496884,0.0
weather,0.20932181604701705,0.2408780637054827,0.051959521814724324,0.7154362032765404,0.1
highway,0.6858762750864646,0.41663564101792394,0.24995898123949556,0.12190570195081273,0.8
urban,0.5328764346967474,0.9310259929750676,0.47572131944366597,0.10843959854955462,1.0
weather,0.21380121066273283,0.10551364640120109,0.27322783007604967,0.6607273931091515,0.0
highway,0.415774313581574,0.4251884596498528,0.22970231536213437,0.04794181564848894,0.0
urban,0.4433203207726987,0.5858630505279215,0.4880391662362594,0.15969130915444987,0.0
weather,0.91344469847559,0.40922548019179594,0.2992934865974037,0.11346219170657401,1.0
highway,0.8162278518628002,0.4941310575715934,0.38885149647411643,0.009483127228016986,1.0
urban,0.9106430158345454,0.9623007491122398,0.2139573450938927,0.0592420751057049,0.3
weather,0.7704117870686438,0.499618411998762,0.12208581205154366,0.9737425820384935,0.0
highway,0.48272838747678337,0.16550812974744744,0.7403030598990841,0.06255214548436319,0.8
urban,0.17170998897368817,0.5298338889620703,0.14499369632207093,0.1886715434770845,0.7
weather,0.9849503163616441,0.028836326921705346,0.13525599539352337,0.10785326456230915,0.9
highway,0.9336153778350941,0.4336773195576789,0.23360903203623684,0.15567438090909824,0.2
urban,0.5611511466719561,0.4752970738232557,0.39530148238487767,0.04006292685166535,0.7
weather,0.39624734681640594,0.9638176611881805,0.21559234978004824,0.2878795033348446,0.1
highway,0.41549339669591434,0.20138806717416657,0.036207261487384956,0.11022826723894677,0.0
urban,0.022202812987850318,0.3037238516318258,0.4605347431497907,0.09628063149583212,0.0
weather,0.24160246204003988,0.6722006635651122,0.07870351106866225,0.8956529195831768,1.0
highway,0.795072881181164,0.09062512777577597,0.7120079611981627,0.07699174452751144,0.8
urban,0.6778949184960879,0.5720546391813814,0.2400450711200232,0.1474221790298005,0.0
weather,0.48094160808430353,0.3763118169549976,0.14527564948649002,0.05226866756159654,0.9
highway,0.10816938755075933,0.4933483980402119,0.6193482489588372,0.13017327905082815,0.2
urban,0.4863916280888938,0.29845066114776053,0.3190463628982262,0.08644564073322092,1.0
weather,0.19803094663109366,0.13411962270979016,0.02256054310431619,0.8682970181613279,1.0
highway,0.15294318647542615,0.03449500435522973,0.9958023677799186,0.05776199399081792,0.0
urban,0.5235415938570817,0.2047139475951013,0.16740917235672553,0.09909230626706353,0.7
weather,0.8733914579092193,0.39499027054903246,0.13400342798307832,0.20728252254973556,0.0
highway,0.3507372984043088,0.37886747225114686,0.5824009648679398,0.13779999699771367,1.0
urban,0.0658921650319727,0.19128915669651436,0.20370263580567438,0.28108477617260863,0.0
weather,0.40624909597690484,0.7710383702448548,0.17409228720376957,0.9468425516675159,0.0
highway,0.30541349854275135,0.07883051339845398,0.1740104480161242,0.15215186167739003,0.0
urban,0.8981238347128787,0.7316043405194683,0.1834990736341104,0.03183762556947073,0.7
weather,0.3133676944572782,0.2951088601842853,0.2933607397339623,0.8712769881211572,0.1
highway,0.16311467511667876,0.12460188529564364,0.34186560176235037,0.03365208886760083,0.0
urban,0.35954314452000347,0.1258023363460513,0.294665822473864,0.15754225553088888,0.7
weather,0.3132760111381787,0.5267592876922153,0.12970034954078824,0.11103492302385953,1.0
highway,0.5480214972291351,0.35136914964479343,0.7927034057807514,0.12582351572685335,0.2
urban,0.005314169154862047,0.32806968448565776,0.3301934191004443,0.2191241258645378,0.3
weather,0.3329502469623733,0.6694120642536434,0.08645432492436829,0.5908719229742585,0.9
highway,0.39075298456700414,0.3954248388165896,0.8030060304590013,0.14322975577513894,0.2
urban,0.6227412763774776,0.41283939775890643,0.42992724516756087,0.0755444106027395,1.0
weather,0.1300262556501326,0.3276549636836156,0.08407033409356934,0.4976879595477721,0.9
highway,0.7584036730342032,0.010993261019661804,0.8168779858937828,0.0027898037383822906,0.8
urban,0.6048017618439638,0.4801262290142092,0.40783277040731686,0.018816651424337638,0.3
weather,0.10796244811083555,0.06964586774826564,0.23557440902501914,0.5206553537341115,1.0
highway,0.16354568682413928,0.016824861699513305,0.14110964833264927,0.12175959203607872,0.2
urban,0.33555720169665715,0.9760201575244942,0.4367777881135444,0.0988134201102653,0.3
weather,0.7968481767721232,0.12756815136428423,0.36132045095550375,0.67227882947408,1.0
highway,0.5103927213487066,0.4847196878379392,0.6932095422188678,0.014183238287713907,0.0
urban,0.5208740366348857,0.8363842356312257,0.41509628153478567,0.2868398569027107,0.3
weather,0.028337450383384644,0.8285302595815085,0.3153100832683319,0.25903514410334716,1.0
highway,0.24026258449893145,0.0623487235618016,0.586208166190509,0.15285113480482826,0.8
urban,0.33774799673484723,0.4184494971754581,0.25426944574885396,0.14302616265249843,0.3
weather,0.6399563851145704,0.8602532863997043,0.3783138584963823,0.929858500500561,0.9
highway,0.8669410428305123,0.3733716538990799,0.8577655483724422,0.09899655894249221,0.8
urban,0.18465124589369764,0.34109431658740175,0.2717698232875379,0.2135046178065258,0.0
weather,0.8253084024229824,0.12594064104750058,0.3612390028197239,0.8642306022615571,0.9
highway,0.11099481392181065,0.08856072880120974,0.42866482438948483,0.025342547046847776,0.2
urban,0.78580848424435,0.46245681706514796,0.4704828939213969,0.14591163024754428,0.3
weather,0.607959350832342,0.5757852108894116,0.06544960008409353,0.12491981074063341,1.0
highway,0.4677582309575795,0.4840362514548392,0.7529861930391851,0.16223252077582645,1.0
urban,0.871985096244957,0.09805784856245758,0.2181507119165088,0.288690894952283,1.0
weather,0.8524388856418731,0.5484009367419117,0.07892558823042398,0.3172552164497,0.9
highway,0.8921529168699609,0.2352366598385784,0.52780736355883,0.19994152756436623,1.0
urban,0.13260399074681106,0.23339626945812697,0.22668530280207866,0.15513626643399914,0.3
weather,0.6508026901433797,0.9678623511632131,0.34518841093285774,0.4488316931806485,0.9
highway,0.15633143839283858,0.2185168627248854,0.3968893930890396,0.14870885392745892,0.8
urban,0.4688189580152413,0.2937618730273863,0.13867338086231462,0.15006944367774055,0.7
weather,0.42343880489979246,0.5149275088606721,0.06827097412089347,0.6629062523445658,1.0
highway,0.8296686802650951,0.28118919019220107,0.6708266807759353,0.14061878075188658,0.0
urban,0.5950463449237612,0.09019570020024437,0.3030075012397216,0.026889531991385374,0.7
weather,0.7462543451462883,0.1756001397085174,0.025814353537870496,0.5776614367196636,1.0
highway,0.44991278108550536,0.4291866898805312,0.956835667543063,0.09980723458081626,0.2
urban,0.8499875931690104,0.8462873364864602,0.1781833188775283,0.24974961029578985,0.3
weather,0.0037196608180591895,0.24150622685606127,0.2038892686414261,0.37995995225975254,0.0
highway,0.3440754933703557,0.498565947079183,0.7724109996272842,0.15225509127008252,0.2
urban,0.04795773243698764,0.7754095145924946,0.2853415875359893,0.2282114418131685,0.7
weather,0.378273893682873,0.47317265163095645,0.2521590925099308,0.9078726769352407,0.1
highway,0.1303407235690719,0.15463405574984768,0.11687876059093905,0.19717168808218752,1.0
urban,0.8715072134906348,0.0303795799544625,0.3563768773812921,0.013877456778385167,0.0
weather,0.8624341301411569,0.9614996792371473,0.09869896826695235,0.45009526859085935,1.0
highway,0.7277063700609671,0.33462854628982414,0.0718145837639157,0.14946316511457727,0.0
urban,0.6540230776587604,0.41621703103231444,0.08982964451495601,0.2067327244460472,0.3
weather,0.984957969625831,0.30972818372753186,0.0967842542697984,0.278465290915346,0.9
highway,0.11501093682809782,0.34741036493586036,0.4415472888798304,0.18899695711116862,1.0
urban,0.7389458465787275,0.1978244288413229,0.42168666033750274,0.06113281025731911,0.0
weather,0.9621859094918002,0.9014858511007491,0.10815329412426254,0.8035417768264277,0.9
highway,0.9533200804342553,0.05054429708710745,0.30884727478162,0.12227140261967649,0.8
urban,0.01526483964602976,0.22012924419752666,0.14096844217087923,0.13307991039545614,0.0
weather,0.9078158577774044,0.7212579079338247,0.2708425464785113,0.5225728202618095,0.1
highway,0.6536564764056204,0.47811058682181384,0.0030208713561612477,0.04958648996116144,0.0
urban,0.41951370933751697,0.31650177926262035,0.01779107289673132,0.041020620818770566,1.0
weather,0.5138758347782336,0.2315829912889994,0.07248721744544691,0.8103032991233325,1.0
highway,0.8986165409434708,0.47056779242522356,0.8674770234959726,0.05751000788508864,0.2
urban,0.994287985761059,0.5556171546824029,0.08507137008857896,0.09483146638226869,1.0
weather,0.5541287162104563,0.6087229421782163,0.37079538992711814,0.6651201781136157,0.9
highway,0.7333279087168623,0.00020514471958743563,0.5961826694023769,0.18318860079081048,0.0
urban,0.9229300781006066,0.8840752963101848,0.22604425516948623,0.2571578860760417,0.7
weather,0.31931688002137404,0.2522024021593309,0.3823675199848177,0.9232995082699295,1.0
highway,0.35647667084778745,0.08138805051268438,0.4891340317159072,0.15876865857357225,0.0
urban,0.42640605649197283,0.537416938599807,0.011252163714343233,0.1332339015526219,1.0
weather,0.39167559653554895,0.6219144212838782,0.3874554661201102,0.09490790976607799,0.9
highway,0.5570475861922342,0.39367442420485355,0.5413353827012672,0.06477911051607584,0.0
urban,0.28536138599785466,0.9558700432685195,0.3670542906154513,0.19850799050745097,1.0
weather,0.6741921166150008,0.80426115437845,0.2636622178400538,0.3980548406789377,0.1
highway,0.8158552557456904,0.40128226717431204,0.8457085817167271,0.023103580021396432,1.0
urban,0.9145844352217477,0.09103631494544173,0.32410458872427794,0.1239583436408393,0.3
weather,0.992830825444697,0.5630129431716631,0.14264871953042083,0.2882026938500388,0.9
highway,0.8282127578865942,0.08526519469688765,0.8974190500781737,0.13122921836948845,1.0
urban,0.7920445910489612,0.2927415485831599,0.03959320455431292,0.1463468512145643,0.0
weather,0.448160873369002,0.27441263163568175,0.15726817382570568,0.38776432852974974,1.0
highway,0.19865065268113913,0.140354871232297,0.9993162681897128,0.05360230010391947,0.0
urban,0.1728200514564523,0.34450589339406323,0.03077151706741843,0.08099209105663861,0.7
weather,0.3126826650277922,0.10591568962877351,0.007458634565913159,0.8046416973346773,0.9
highway,0.8735753057597342,0.3813995264379027,0.5130772183680499,0.13414944009435467,0.8
urban,0.14503273374988845,0.7368051067209991,0.300693492990893,0.19663603694806922,0.0
weather,0.5428413743340746,0.5296445270351334,0.13910803904177513,0.5205205336415145,0.9
highway,0.0013555244979488457,0.24854465467539855,0.7528089945110099,0.16465373062295444,1.0
urban,0.4515470228174244,0.4080200912850811,0.34373240202486405,0.07496023957737881,0.0
weather,0.15481575487173527,0.36964311762252144,0.13172212514583972,0.4235405772415082,0.1
highway,0.10609204994795207,0.11652659399242932,0.9503797514820932,0.19166553729627736,0.8
urban,0.5114810467883832,0.6440264371119441,0.05111208556597224,0.25335645939409646,1.0
weather,0.5025476067220231,0.848417726430511,0.008160644275282536,0.6044889822584595,0.0
highway,0.34546115146826883,0.12980531261660583,0.43049358343151,0.09344826888176744,0.2
urban,0.22149354885964,0.03479919986835012,0.20462478689269864,0.08675794558976091,0.7
weather,0.555704860391946,0.9470402781443592,0.20194992603812284,0.8871065125186705,0.1
highway,0.8271581484276234,0.21250120706159875,0.2754466797905091,0.053006983628109496,0.0
urban,0.4963989216770842,0.30600097358316747,0.4636032323954155,0.17657582920477627,0.3
weather,0.2137366879819107,0.19695363020872136,0.1651033281109574,0.22777834161780142,0.1
highway,0.1120985103507588,0.22038290071827066,0.4789705614534714,0.17939881563713478,0.2
urban,0.1557516228655298,0.8804219028736048,0.21686185141571052,0.12362808288976174,0.7
weather,0.8988153748063467,0.9311204519433507,0.3844083743060853,0.013076534174614851,0.0
highway,0.17748183499101178,0.1261115671153094,0.8107304652304127,0.18943412336867882,0.2
urban,0.5124397687438842,0.5459025592668075,0.017130561396752175,0.05111017523445934,0.7
weather,0.14368762518421274,0.7099330734342463,0.2134901654685778,0.14383447099031088,1.0
highway,0.998899287046172,0.4936072274155706,0.8816745102868724,0.07893201758998916,0.2
urban,0.5854859383150356,0.315653626982324,0.043469780346127085,0.06688500256732607,0.3
weather,0.5237584965528499,0.024480265813199953,0.31628116149844554,0.011897832245155615,1.0
highway,0.5189373642647569,0.30287974467948603,0.9628704940018097,0.11789416061864938,1.0
urban,0.4156792951628686,0.45949577486441007,0.17492511804542743,0.18825184626052988,0.3
weather,0.23725436365713726,0.26263361236607363,0.2017684158860852,0.7440494512285778,0.9
highway,0.6740584527536958,0.1073189814522143,0.6377028510419288,0.10121661914810219,0.2
urban,0.6641257392833504,0.4265919010543934,0.4445596778637214,0.25356766744822196,0.0
weather,0.031620038237463954,0.25850056769959395,0.36026643364345134,0.8236592509839739,1.0
highway,0.7536661379095813,0.11003312739234589,0.38853114800604205,0.17314544742135873,1.0
urban,0.6233903870270475,0.6657154352571405,0.10687013103056098,0.19719564754688174,0.7
weather,0.17608928794385392,0.7433329135656567,0.10082795474006861,0.4541674701677638,1.0
highway,0.28167935447452497,0.24033505615253836,0.44799545466886814,0.024155904486515747,0.0
urban,0.5907537213530648,0.5993635517382656,0.20937949524132748,0.1295531076936089,0.3
weather,0.734073531005878,0.030775178259160096,0.24698509916528855,0.7606613420236065,0.0
highway,0.12357249059949049,0.05051412324562926,0.6097081955367598,0.03929653048058373,0.2
urban,0.7772955758390735,0.8320947360831149,0.18063319420299478,0.06400892040989137,0.3
weather,0.327566293922126,0.20989284230499716,0.19675038378432952,0.019610532474253595,0.0
highway,0.8060117104884844,0.1266037408211787,0.2489289877145937,0.11807619304077216,0.0
urban,0.7919610144667157,0.12718118921688693,0.1992796120720638,0.051045792343355066,0.0
weather,0.8464351763073069,0.49044645992097546,0.014820797477397108,0.5352527346293091,0.1
highway,0.12637014194700513,0.4868460674250994,0.23063864021426395,0.15457478727637064,1.0
urban,0.35124383228332834,0.8119814906857101,0.1597607259037379,0.049066511524145436,0.0
weather,0.5664436850866266,0.4717563093908743,0.19832778905941564,0.7322379140922876,0.0
highway,0.11358731737867489,0.1707630377106819,0.964622855617018,0.1018445076654156,0.2
urban,0.7166319367020314,0.43728164824461757,0.20177431040684418,0.041089990363270754,0.7
weather,0.4836090067516663,0.15783072618112304,0.30572960008268146,0.49267433031100294,0.1
highway,0.4807861681797273,0.49600798469841784,0.6866504233540373,0.16827135426103973,0.2
urban,0.21879435157672256,0.521934964064577,0.07767165125500847,0.19998401597828547,0.7
weather,0.40195192461521956,0.8457448783257632,0.1385064203151722,0.6546211935154629,1.0
highway,0.08644575317339853,0.37971435247824326,0.3140440030176441,0.09191990992764472,0.8
urban,0.08387373855201208,0.9928039781860144,0.06359122681625545,0.021704515150817203,0.3
weather,0.1367222763734658,0.41669483967346677,0.15416843989195145,0.5342471107203831,1.0
highway,0.2621129720167965,0.1715220028965051,0.4107004005865431,0.1440832138184686,0.2
urban,0.779960460540393,0.666636072411242,0.154392829176293,0.08773254137685473,1.0
weather,0.9201969860742739,0.049158523621427586,0.22939983397408642,0.853629928527957,0.1
highway,0.00836565998414418,0.041333518993271146,0.12616959014873674,0.03708236356543484,0.2
urban,0.6571976616400622,0.43902924398044796,0.022440508236359014,0.2760341439967886,0.3
weather,0.49664521238950443,0.1441678158180495,0.3681089475209631,0.44076524767536895,1.0
highway,0.21427180931025958,0.032245340227923136,0.5742935397085736,0.12440589585040185,0.8
urban,0.2387658940039733,0.835564798571235,0.39195979243376994,0.24725399988760755,0.7
weather,0.6952296557477357,0.4179992169203516,0.2262229932905548,0.6490806020188844,0.9
highway,0.6373924979351349,0.3581772414370435,0.2242583831512317,0.01968694180899795,0.8
urban,0.9246511054051808,0.1125041332380915,0.047442115073787317,0.09990228991567326,0.7
weather,0.16956351857110907,0.8174124552691105,0.37329002452765137,0.9383616002960173,0.0
highway,0.31965206225530063,0.40521645678658524,0.6897015348618686,0.1449741707159761,1.0
urban,0.42883901529739066,0.3993261463915103,0.0923569547849416,0.11864400840949704,0.7
weather,0.9804707977830711,0.49384701474156134,0.0038801419692168883,0.14004481213422904,0.0
highway,0.051882077593992215,0.4711168597455831,0.5272259782504833,0.06501152867836306,0.2
urban,0.912584217924823,0.7805218027570218,0.37771863625779056,0.1820158739346696,0.7
weather,0.8718662458509447,0.6873744176977976,0.04463292525329657,0.1477463244379611,0.1
highway,0.7322905674256961,0.3884731941962606,0.8724628150836742,0.04312795254516984,1.0
urban,0.830689605198014,0.14410396303296602,0.4873392054035581,0.18116217354785702,0.0
weather,0.5708530255443127,0.5270709385134583,0.015281113502956424,0.615214896596914,1.0
highway,0.5022748645953874,0.36074458656583624,0.005928215336878151,0.11848815107969189,0.0
urban,0.12346357373073602,0.9800519429764848,0.19685958482651877,0.06822651861705878,0.3
weather,0.10730121037067253,0.20604856021288998,0.05902073873147998,0.7969477555752249,1.0
highway,0.893534583498437,0.19463319840452414,0.31336940643035793,0.09247228944954784,1.0
urban,0.1145452995864823,0.31438504106745846,0.4050627138594285,0.07984751581535295,0.7
weather,0.7815231295330671,0.9308076723447618,0.09830012487435513,0.5769591501209791,1.0
highway,0.398565961600054,0.0850651636918045,0.7618872788907525,0.1546948035645536,0.0
urban,0.32268370707782024,0.644906323864917,0.42574222465699696,0.18275861741799787,0.7
weather,0.7849556152865075,0.19203365236149617,0.2553367002324359,0.6545661912235982,0.0
highway,0.5568121431407401,0.33076216207308745,0.5919144044190701,0.1472559797566843,0.2
urban,0.4255633657183516,0.5494895735118204,0.33920962585685616,0.18231273354957817,0.3
weather,0.07964512903476584,0.42960274344854676,0.22172903923346216,0.32874598834960655,0.1
highway,0.6873724657578066,0.18626372640139743,0.262407822570745,0.15194426573618508,1.0
urban,0.6374453787179021,0.553427700787068,0.005694834044276398,0.20895215504306672,0.3
weather,0.8357215966478713,0.6882332773356494,0.2050330507388546,0.4586579594923703,0.0
highway,0.20371739327766658,0.17019241883877456,0.4765679435800185,0.059213102007789425,1.0
urban,0.9517655161423267,0.790773063732034,0.1869639348533919,0.16884378328608898,1.0
weather,0.9135780114026949,0.525360481819498,0.28996410873443373,0.4360482979725878,0.1
highway,0.5591858799798484,0.2660663697911762,0.40230953379146595,0.032319591191604234,0.0
urban,0.5795363691499811,0.286660581287023,0.18347891590849763,0.02516938818867279,0.0
weather,0.9144576508809412,0.09011363293414454,0.30819258124761195,0.6168168843755751,0.1
highway,0.0388736970166893,0.3294713969673714,0.2725577488154005,0.1743091361416253,0.8
urban,0.5335214309809838,0.10126518098740966,0.4362870096488223,0.15229101679690418,1.0
weather,0.11453286832634824,0.9969905028125511,0.17022235107868702,0.34823063970736867,0.1
highway,0.24423370036407854,0.2801759870099809,0.021738838063707355,0.10411410885983469,0.2
urban,0.10745321644188655,0.8461191855551118,0.3678589933890549,0.0635150335385897,1.0
weather,0.13826534387687106,0.4297370089297785,0.16993229465732448,0.41705320370292065,0.0
highway,0.030020225717336313,0.19861376478311626,0.5713200154331027,0.19062492250159302,0.2
urban,0.9275613488190422,0.30772418936437096,0.05579696238333359,0.25192941721158085,1.0
weather,0.5755495078311033,0.9505939659311243,0.34365214390049337,0.22835561417884764,0.1
highway,0.29563833177963617,0.29052324564195753,0.9442295793642561,0.16236262138915572,0.8
urban,0.3927351142242276,0.5043807042987668,0.2321658723975764,0.07601943226781178,0.0
weather,0.9303666579015295,0.36463999101378297,0.3430641588169026,0.26623349451780143,0.0
highway,0.42286840905908707,0.2585751811419386,0.36999888595997743,0.1481559734321345,1.0
urban,0.5232585129386573,0.04511587860145949,0.4667205035854292,0.2116468645735904,0.3
weather,0.4698454349836749,0.3307929914276556,0.3019760800633316,0.3293535242499547,0.0
highway,0.6250267878103289,0.42700816683439324,0.8024598153373704,0.008274876493451978,1.0
urban,0.4329730498397063,0.07102456764932663,0.24393830299902974,0.21064929859449374,0.7
weather,0.11982475870926723,0.4510892874668315,0.3643515619225775,0.8143009836715878,0.1
highway,0.378196349528219,0.2882027757268167,0.792003126130196,0.06486273277511612,0.2
urban,0.18836823206706976,0.3509220949656795,0.46526463383700933,0.2399035240960804,0.3
weather,0.22264923522678537,0.7174035554052103,0.37731935889826107,0.527772209068877,0.9
highway,0.23890469566757655,0.020910811893232684,0.6238889431629704,0.11250242382706332,1.0
urban,0.9859915721706594,0.9377645593182242,0.4310764791465609,0.2667391607114575,0.3
weather,0.4281135697472417,0.8802479944755637,0.3843616616515838,0.8930013623964971,0.9
highway,0.415786062069183,0.3005413326966078,0.7098047132723719,0.19011840261518767,0.0
urban,0.5351205076734049,0.6896080190004079,0.3396235006621373,0.07568368787305092,1.0
weather,0.5522222801738466,0.6609738206496758,0.1291604274311604,0.481273951827605,0.1
highway,0.9387601271637589,0.2669642202495505,0.5959479507926143,0.006272313760917681,0.0
urban,0.7339203702877005,0.4110471935560581,0.17756588201285817,0.12214928954013748,0.0
weather,0.8341352384103843,0.7845056022962172,0.07414159028873982,0.6343293572573794,1.0
highway,0.49607547850053113,0.08455195021032574,0.12613578629576516,0.18652914346823357,0.0
urban,0.31825499727942086,0.24006965310717865,0.27846255119510327,0.03246799402966458,0.3
weather,0.7691698695235875,0.36856246902771383,0.3840047523276502,0.820461290158315,0.0
highway,0.5349040863826443,0.17425457489104274,0.1320668107690408,0.0531790484054524,0.2
urban,0.8554081621042879,0.03188479520859211,0.03804999449038715,0.0821744611889711,0.7
weather,0.546049931882766,0.5903131723250685,0.3738607810828882,0.00856921081074069,0.9
highway,0.42932276570419525,0.20394246342517947,0.11394526944454353,0.13522835772029143,0.2
urban,0.4594833010501653,0.9917788783346931,0.11344295740147242,0.0932490303082484,0.0
weather,0.814208767054663,0.9039816965892853,0.006257318122973654,0.9338587957857394,1.0
highway,0.48098024604632805,0.10301186179104216,0.8284445385543855,0.1075544982551287,1.0
urban,0.6785473414181606,0.5705614046246065,0.4728148388744985,0.1328811365203308,0.3
weather,0.8752098044480255,0.5122110168102847,0.16174577199245907,0.16196718440294033,0.9
highway,0.6869524413854383,0.39595326921111845,0.5830186474441363,0.18178354882429082,0.0
urban,0.7961859484338702,0.0037676945505330517,0.3156887181977146,0.17895480020958926,0.3
weather,0.5368682179706021,0.9107949305099489,0.33862172898616116,0.12749972667198572,0.1
highway,0.5327116220389853,0.1962630992089136,0.29138438602073213,0.1645472972086863,0.8
urban,0.9273664094615535,0.40261143834016266,0.4451512785567601,0.11518466827889179,0.0
weather,0.12034044024305202,0.0985372671677407,0.3029850093362755,0.22352782230151136,0.9
highway,0.7344870403224036,0.18358690721564608,0.01888087857623466,0.020106071738367183,1.0
urban,0.12648025669130947,0.4144809792543599,0.00740443056631257,0.2523134947537681,0.7
weather,0.7039359073278308,0.4925218540205084,0.3659544600486016,0.4891965179806156,0.1
highway,0.26859916150108587,0.2671927821176316,0.8326090130383855,0.08036793713798417,0.8
urban,0.24853574392709288,0.3041552544854651,0.3854072608321606,0.09816635494843616,1.0
weather,0.356937297948135,0.9895199595008671,0.10502894857438282,0.25480326603169556,0.0
highway,0.5069301160771944,0.3436949563428573,0.6332834823329955,0.16214413458903498,1.0
urban,0.786321806136077,0.5665640032301404,0.47865680659568643,0.09544898112679627,0.3
weather,0.3097653141429034,0.5218844619274783,0.26548179157050245,0.3811005136118141,0.0
highway,0.810516486586372,0.4882509868230062,0.6446722860722843,0.05557338002877883,1.0
urban,0.07978912363400037,0.41796954358652705,0.47145635569587824,0.21645353395302708,0.0
weather,0.9347989696734995,0.8409238437734601,0.2574716943828658,0.6093037189565074,1.0
highway,0.4041098477429571,0.11075052542692637,0.5120233891087593,0.10976835111869476,0.2
urban,0.5736532029887571,0.44480549505878175,0.334244310491702,0.18897615121837785,0.3
weather,0.8014168109086272,0.9434281072652854,0.0393978566717613,0.2651232614457395,0.9
highway,0.2586498621593005,0.17032753864364963,0.06408458760406621,0.03590005209887013,1.0
urban,0.2524138129765602,0.7317760950376724,0.08236700444386202,0.10540678039647802,1.0
weather,0.34759981445865096,0.7127717935169045,0.22200226893379443,0.9041912075524279,1.0
highway,0.09993187705440965,0.4025088466173139,0.36988862564812486,0.1297068318066685,0.8
urban,0.24987621016547767,0.6162173962941392,0.2494364105769405,0.296755672459435,0.7
weather,0.18233518357821954,0.9423009379012067,0.3020272816526501,0.20802456273324887,0.1
highway,0.9046052531128693,0.1703334104108723,0.3771119845344445,0.18127829647243188,0.8
urban,0.7164762626421669,0.3864937228639137,0.10563145846909822,0.18980311045240797,0.0
weather,0.5902311974063588,0.6952741329444169,0.13754143021703175,0.6938806887083223,0.9
highway,0.8434277957090492,0.38087135323475796,0.05829720386235704,0.19968424678475483,1.0
urban,0.879852048038716,0.32466126718519406,0.19811776226865174,0.12198765526499517,0.7
weather,0.3477378355593156,0.8764209436044927,0.0806620845067569,0.07824209858002273,0.1
highway,0.513215741779552,0.29294880167637843,0.17960873882730288,0.14700463963563412,0.2
urban,0.5200826832165839,0.830250192781385,0.2096246246594829,0.058198186867019164,1.0
weather,0.06939531494054207,0.802679162705919,0.32361307980293286,0.2453047170590812,0.1
highway,0.5813665572045749,0.3903927416827382,0.19177345829367098,0.010012905418658869,0.0
urban,0.7779844259884543,0.4930291045210393,0.28206347188099823,0.19617940800513609,0.7
weather,0.8763139699155088,0.29797979466226954,0.004748538667743718,0.3006556405607441,0.9
highway,0.7150763673777757,0.30732055952725096,0.0470390534147479,0.17582204477859298,1.0
urban,0.2659740646541121,0.4621404732699007,0.2745720076207256,0.2847337370664741,0.0
weather,0.7196945714608375,0.09424035047724744,0.25350706391939837,0.28636606788715857,0.1
highway,0.009252522435902355,0.23028300378112787,0.4883349130043346,0.004513939314688531,0.2
urban,0.1803559682816519,0.8415157240621232,0.0055142242495681,0.09363848306343178,0.0
weather,0.4071737385988753,0.23227336479050076,0.21392039076766722,0.19882853028647995,0.1
highway,0.08686290798618279,0.3508568170330476,0.05264211262716112,0.01186177896021936,0.8
urban,0.4678024120373392,0.07087170065487358,0.2990912227710012,0.07932128937889361,0.3
weather,0.8341254332472459,0.00814624819423515,0.08522294029320246,0.6160923211499935,1.0
highway,0.4016531257643803,0.4745398015914084,0.7771859094396096,0.05708105806056832,1.0
urban,0.5587069945960965,0.059512442563974366,0.13666443833294534,0.2773988064874787,0.7
weather,0.7011411313835769,0.2906429693065311,0.11899706799706729,0.29634807688058074,0.0
highway,0.6964377927022132,0.08231362328270758,0.1486725636961821,0.09126158233163467,0.2
urban,0.10448239530783465,0.23751612059406013,0.189950261161352,0.1427718982419602,0.7
weather,0.6013168243361512,0.5626325958673883,0.05388629234789031,0.1509159827135298,0.0
highway,0.4485425493684594,0.3131224113815165,0.14637306658896776,0.03778596275299047,1.0
urban,0.0725470129866519,0.6732042460158094,0.41259646740284506,0.09146380721736212,0.0
weather,0.34171187934168834,0.6836995457246208,0.007873286152565485,0.7356426600113652,1.0
highway,0.45764561603354026,0.1293408869007142,0.7155628273322324,0.1443153052170054,0.0
urban,0.5121699559338871,0.36014211413893804,0.23251766236533639,0.20696880099400822,0.3
weather,0.16870164280374567,0.31579564450825115,0.23754950706714462,0.6455114854786993,0.9
highway,0.8802517732816871,0.13996866484595333,0.10595591134404769,0.022448214398317724,1.0
urban,0.16019641320544276,0.007783970268967155,0.3764908086480584,0.03191044991557311,0.7
weather,0.0056313127480537295,0.1863167765185335,0.03989048154134718,0.36332447556901004,0.9
highway,0.29606384071258585,0.35521235819339,0.16933185740694157,0.1663980106220695,0.2
urban,0.46427236932434,0.4953176469339088,0.21384589401673054,0.2868059131459701,0.0
weather,0.615611951922359,0.0950464586616856,0.3802137898112667,0.9804143602328068,0.0
highway,0.37796835564128417,0.231837902886589,0.08852231521472842,0.12179982221038571,0.2
urban,0.5875124794267791,0.06164188343682353,0.47927280341204354,0.042579963227819574,0.3
weather,0.6982154534944728,0.6237721906508529,0.07560691309859889,0.46943486215404384,1.0
highway,0.2760860884892623,0.10872381700385014,0.2541777143056575,0.09812949986814537,0.8
urban,0.9391086983102406,0.6717448404774834,0.03737295181815775,0.13820549204464014,1.0
weather,0.9789296470169904,0.1723904683357157,0.14299324139675315,0.729426093982715,0.1
highway,0.9334133204495549,0.1815662951297311,0.8447091670758625,0.0836766675426543,0.8
urban,0.6041156249809495,0.6707030741458938,0.3012629450626267,0.0213968968238443,0.0
weather,0.18673299409737099,0.34594951786320294,0.1391874664620866,0.4690603402211536,0.1
highway,0.044092216397532136,0.19699375385652756,0.4163921701419203,0.09018146763779085,1.0
urban,0.9544476948529885,0.11567522364811655,0.473132246501541,0.22000845441962805,0.3
weather,0.9325431260859799,0.24846852441674205,0.25701273413574655,0.2751277573760921,0.1
highway,0.6970911382607585,0.29341022253678184,0.8327790710232946,0.0144543418022703,0.8
urban,0.24881631533822213,0.6612333832618658,0.354952522889804,0.0032075970340504243,0.3
weather,0.8909953746442648,0.49617592610111527,0.3298892656307681,0.4021563818439675,0.9
highway,0.1558806975298057,0.10322261620810019,0.6873723669361333,0.070487188305315,0.2
urban,0.7179370236225695,0.7428215015848658,0.025426984416869913,0.06633697886670449,0.0
weather,0.4054039608509241,0.337219909910226,0.005680862468305881,0.1534175794108874,0.1
highway,0.804202907297781,0.09032745104558515,0.40656780790549096,0.07112439985151311,1.0
urban,0.6598027014003166,0.4459473053205738,0.11233035005253572,0.2180590698053419,0.3
weather,0.26292424763214706,0.37549862202072015,0.19910262544275856,0.34311551641700944,1.0
highway,0.187350417662427,0.4547303990243856,0.5199981240369218,0.15758818413458003,0.2
urban,0.043904613630637246,0.6536986929050792,0.3869680644118361,0.24414873947785296,0.7
weather,0.24384272996610534,0.15257422430237877,0.3436756154886278,0.4675438496937657,0.0
highway,0.903407755862793,0.0521857290414145,0.9826882395913257,0.17204956219549294,0.2
urban,0.2904789592232546,0.16517299951844777,0.4607168145122267,0.12692265683894485,0.3
weather,0.07150302433163536,0.3896574222881154,0.29664120789488346,0.3864433509308174,0.9
highway,0.8029663011085668,0.2135662655241956,0.2335418019263683,0.1989051496766067,1.0
urban,0.1582407418152627,0.6953542507318696,0.052862280215567437,0.19944232757407335,0.7
weather,0.27555667012122875,0.8008094946768325,0.36730326717652256,0.6030038404299115,1.0
highway,0.02162699246179378,0.2417965240521645,0.5010473777944182,0.06433249427894941,1.0
urban,0.5078501431374813,0.1622355481405775,0.20817474939821584,0.24989462240953128,0.0
weather,0.5898343944397556,0.2006163711246527,0.11493213329105978,0.16189561005235842,0.1
highway,0.4785837324327735,0.3495531026998489,0.9217892331085261,0.07467571190736802,0.0
urban,0.19557064710152305,0.6416757101614959,0.40862963449376144,0.16807243913491574,0.3
weather,0.8703959082257019,0.35916182428041876,0.24010121317340205,0.11805450726005196,0.1
highway,0.04751775720711038,0.10964764125241533,0.7062324985317819,0.15653031256457534,0.8
urban,0.515084376171785,0.6857072292860759,0.3247662155326949,0.127273710961974,1.0
weather,0.5799678202031429,0.9480532818528903,0.02750038083547093,0.5073940938449606,0.1
highway,0.325707335086999,0.36082427212586793,0.07466164464522407,0.18288807395080947,1.0
urban,0.5539417338546375,0.4505824928161174,0.1427625358576698,0.08941275683740676,0.7
weather,0.010071134832283168,0.27479026442179977,0.04375997018413358,0.6598208426933947,0.9
highway,0.8465507758198628,0.2134526603181518,0.5520181722956512,0.04618833291974889,1.0
urban,0.11450619646898141,0.40084523565347896,0.10338026203488082,0.05990562785045375,1.0
weather,0.7156355505577624,0.8000544079513714,0.13844289631295803,0.17260911290227454,0.1
highway,0.9416348520733687,0.4325312649921802,0.49997726496241857,0.028180788737596708,0.2
urban,0.8596655476664752,0.25775521562810966,0.11321480254382499,0.14421421694530678,0.0
weather,0.017430545502045924,0.7338953708995932,0.029432517795876346,0.629113619912119,1.0
highway,0.7700890312540819,0.2311642487296413,0.7140870226850174,0.1471870783874891,0.2
urban,0.1629165930016191,0.33681911096745687,0.2773495882916579,0.172583878456425,1.0
weather,0.12566114557958274,0.13837856254191838,0.2992647196114785,0.46965425695162355,0.1
highway,0.8387045245338596,0.21428230630089606,0.7265857658264533,0.10201204570882874,0.0
urban,0.31177764680502196,0.6378221792594102,0.0046724767431221,0.009893083104778022,1.0
weather,0.5176786682309572,0.8318241183859835,0.263751571440586,0.34916038656574977,0.1
highway,0.30679428311010126,0.018018688749593725,0.9327791246877345,0.0690359676591261,1.0
urban,0.3415071106840436,0.7795764488612695,0.2876041465314005,0.29558099643027047,0.7
weather,0.24271498679858317,0.9916730528316782,0.07896149349221702,0.575520216966124,0.0
highway,0.001931914291505188,0.3628855234788887,0.6570651825329454,0.14646083844389318,0.8
urban,0.21455652133000225,0.6340550560109833,0.3804457364806201,0.2958083784589289,0.7
weather,0.47683777485807155,0.8226362715572205,0.10854361407645481,0.18520751164389349,1.0
highway,0.7938359121486164,0.23242490185202608,0.5375231002030485,0.19903188204002425,0.0
urban,0.41026913833171685,0.10655948046776798,0.4529945753246011,0.012375097041519156,1.0
weather,0.9378869760948835,0.5423589504923214,0.30735997157951195,0.08920655881696382,0.9
highway,0.03305219487943978,0.0005657375604350978,0.078818077242784,0.15259977954238846,1.0
urban,0.014961198256300712,0.2645462862260417,0.25701540973793474,0.1719447743943737,0.0
weather,0.9340364906590105,0.32744056295406665,0.054332971365306286,0.23692592073144747,0.0
highway,0.2000089211127476,0.06542118067440988,0.675811635742733,0.11197663311539677,0.2
urban,0.30481314464513243,0.2564875232071543,0.2968753762035898,0.00472079411206332,0.0
weather,0.11310575650171983,0.8282735648159884,0.1007413449382836,0.7773021481439183,0.1
highway,0.8778047986089849,0.3824430800826481,0.022156629416243523,0.10034256333769838,0.2
urban,0.35300475097183626,0.6363727057095906,0.37563655846887295,0.20355512084532432,1.0
weather,0.9944500885455845,0.9799861072871093,0.3528666897884133,0.5748694951580708,0.0
highway,0.7711360481708222,0.33063265313254575,0.4093449208823926,0.1790825422388438,0.0
urban,0.6036320998930665,0.9164221891675336,0.025011133458278934,0.04658298095319918,1.0
weather,0.24495350836595609,0.7296996274467209,0.32440614997282774,0.8589863910321168,0.1
highway,0.40874103675812257,0.41167373847307015,0.6806038701191534,0.15799495191396667,0.0
urban,0.8479716933125904,0.36765804605910835,0.29554769026780703,0.1511320331173902,0.7
weather,0.9039800090558409,0.5275637213568055,0.29436079434740997,0.838500990443146,0.9
highway,0.4813827117484275,0.03926359297078641,0.5605393524167709,0.06641477816476409,0.2
urban,0.40032148248727994,0.36649357916116343,0.2797874209779367,0.19965282262716402,0.3
weather,0.6929717937736674,0.005025503365311934,0.17112938265529998,0.1974862816520323,0.0
highway,0.28812512885469177,0.3842239502298089,0.20527194080380173,0.1424376387348229,0.2
urban,0.20986467727912117,0.5990993251027524,0.04446476137751193,0.017450327616277416,0.3
weather,0.7785638475467596,0.734404642543247,0.22982980138920683,0.8222747114729252,0.1
highway,0.3654514846532736,0.46807316771605645,0.05490489091077433,0.13467829580596705,0.2
urban,0.2789661944201939,0.18038747596771287,0.2762517381307719,0.06464082982476338,1.0
weather,0.08427055918076554,0.811861699832584,0.28756277784191614,0.7296066492353426,1.0
highway,0.9689228737187425,0.28663834437660174,0.22024387740286056,0.17244192815064782,0.0
urban,0.023110668467792195,0.37300709987856073,0.07439414192457644,0.16751534327106657,0.0
weather,0.34353161149829414,0.9634842786561725,0.36410870850157995,0.6305211422481733,0.1
highway,0.03042353965408562,0.16407359025753432,0.9081895956965028,0.01939042471979755,0.8
urban,0.47154012658816524,0.1498381341879681,0.1319804270659355,0.2843510699540999,1.0
weather,0.029541968611493274,0.43393524963137375,0.11113315982586172,0.8699059338903209,1.0
highway,0.5218751103735769,0.31847100530531514,0.2343050993371779,0.11578743524107141,0.2
urban,0.9995051897085165,0.8352292908460148,0.44672952708355795,0.24696790777394984,0.0
weather,0.9815790297645944,0.8981441706651572,0.3810661712393466,0.3861363985285714,0.1
highway,0.472793345301583,0.33856374428695096,0.8745052950380771,0.14984343301817965,0.0
urban,0.1989173595152668,0.07973855742946134,0.4185110653241653,0.023670548847360317,1.0
weather,0.25350101610577314,0.33088708769379427,0.10791842315694566,0.5114364063015873,0.1
highway,0.5691509806545715,0.46405304473904374,0.5302632256383486,0.07071822919146371,0.2
urban,0.16620053680874547,0.3494741195326255,0.370903237623086,0.22701147303344085,0.0
weather,0.7917161675842714,0.9776744141287076,0.3146667795499851,0.7699334359486862,0.1
highway,0.5499789863838642,0.24589531631183403,0.5654563660741082,0.14310119092422577,0.8
urban,0.17757200263161765,0.30373308908854535,0.1683963055410534,0.1703484333516948,0.7
weather,0.9569917688704415,0.06043654494056405,0.17730137658998488,0.18624493829977473,0.9
highway,0.3897753196222874,0.19635426607210849,0.6160385283399571,0.024847341111161804,1.0
urban,0.6033255656445984,0.31200130610845034,0.4549118204160302,0.26112013893175107,1.0
weather,0.2199994722366252,0.47921625743351626,0.2701617748541176,0.323629124580479,0.9
highway,0.45038321303900797,0.1625664642001322,0.4711103549977539,0.16374759809093042,1.0
urban,0.835023588371694,0.14741278363398336,0.3540849609177854,0.13063965752159354,0.0
weather,0.21714040403767187,0.3736408184666985,0.1331648384925613,0.17615391250286005,0.1
highway,0.751147243951441,0.46668774957098436,0.317073218763691,0.1878670031485974,0.8
urban,0.7629488785115611,0.759486569188307,0.44303698354776255,0.21871012284884822,1.0
weather,0.489893744384174,0.03216527032263139,0.24983890060806174,0.41683461522279364,1.0
highway,0.2401266204515199,0.05040359856954263,0.2602113679357536,0.03540865890567948,1.0
urban,0.9363469474710833,0.5915993229167397,0.006031258911200377,0.010287503493162709,1.0
weather,0.9122296219996,0.8927959395898858,0.26156045854770293,0.6722341498006051,0.0
highway,0.5046410559480753,0.48778473167804104,0.6162704892091916,0.18722962090260464,0.2
urban,0.34478692865453653,0.8936486490904808,0.14575846407559617,0.16881346300266084,1.0
weather,0.5192267441895277,0.9932260672805492,0.0046288795021081075,0.29959265558521564,0.9
highway,0.7640930002129815,0.3096756529681495,0.23213391280015616,0.00018860850549806685,1.0
urban,0.6427460460752794,0.8927425429963552,0.44243706189172943,0.20986334212966395,0.7
weather,0.40984767311835,0.5249340842434675,0.1908519069582733,0.44762387266552495,1.0
highway,0.8212002033499546,0.4573769506689799,0.536923261420117,0.14555280810258883,0.8
urban,0.583195161883046,0.2299614154010342,0.07406696100819155,0.19614898914830328,0.3
weather,0.8773745205413914,0.7429087199537224,0.35994291273967804,0.8184026474978234,0.0
highway,0.8073709397924894,0.3177967410040936,0.30372095359118867,0.19658898432404426,0.8
urban,0.5231301129062244,0.6330289054077425,0.28914430758670184,0.07777204061708104,0.3
weather,0.5884335564164248,0.5569520916641753,0.262318511959888,0.49702364777720665,0.1
highway,0.4161185444318599,0.008454906628183545,0.6180436791237374,0.012618936236643142,0.2
urban,0.22700129933842061,0.22127659106618403,0.08070849384378698,0.11159842793674855,0.0
weather,0.9785783948593739,0.9654422207387104,0.16650439974403006,0.2654992172182822,0.0
highway,0.24120677462802298,0.08407054294737354,0.972095993212311,0.1235114626419237,0.0
urban,0.40799436224815233,0.21128503756993777,0.24125279569105668,0.10233081414073741,0.7
weather,0.511902121269624,0.3196181255080712,0.0670486255362338,0.262880701989326,0.9
highway,0.2848561309607597,0.012120129511194844,0.6250194541681041,0.05051371182753739,0.0
urban,0.10253453811264401,0.6125928082758765,0.0471051818062469,0.22628469991056482,0.7
weather,0.9903742093546374,0.683018318494161,0.2574096641496757,0.015213095195355408,0.9
highway,0.8211261044851798,0.2465175607701024,0.8467830271688292,0.12014795489007868,1.0
urban,0.4348015337698278,0.20076672905933513,0.053780695885217056,0.13203830896389793,0.0
weather,0.039451952922691436,0.014470641502865034,0.04769143112714347,0.6490917405385481,1.0
highway,0.06519976670615046,0.1537162662739186,0.2879786079325004,0.18300648469421688,0.0
urban,0.3975918693106466,0.6249224697884563,0.3899093378115718,0.23517758374256625,0.7
weather,0.854746132030725,0.8450816377355016,0.1921016004344619,0.17743165224959823,0.0
highway,0.28021640699057104,0.02656031209950055,0.7955818365422829,0.08341104724654112,1.0
urban,0.36624118113361503,0.43418659196346954,0.06556060475824993,0.13660924036845015,0.0
weather,0.6161108004157211,0.474325570550291,0.15666661715152355,0.9154768812183315,0.9
highway,0.6744325564685969,0.20230294147343153,0.4454776830833458,0.17473454543595296,0.0
urban,0.5188895316510814,0.1399189772269941,0.25657075075663854,0.07272564416616326,0.7
weather,0.8603701372804806,0.5421375093061667,0.2758542967660484,0.4693232970434701,0.1
highway,0.7275933433047433,0.33965833265677675,0.4705007190896823,0.07757970579034597,0.8
urban,0.8910551938418209,0.3330855480938729,0.07376191708867341,0.028965143579323536,1.0
weather,0.17056037800651846,0.13623365154572564,0.2521603704143998,0.3012257480622794,1.0
highway,0.6799785486507615,0.04287552545555218,0.4609207729196596,0.14872573572014933,0.0
urban,0.7626534899114843,0.20146149579316042,0.11709721280840646,0.15638032614721972,0.7
weather,0.21179928858154773,0.8511108258475547,0.17096177089104037,0.9619776547341259,1.0
highway,0.7885518420082566,0.08359792727363419,0.028457391843922486,0.12587098852578768,0.8
urban,0.851207385444744,0.6809285366435028,0.44862166259582087,0.26724802607228054,0.3
weather,0.7840617798284788,0.622515868412716,0.12602259864303975,0.54188017327622,0.1
highway,0.2915777167599307,0.14147378401866562,0.2382877764480681,0.17502441147029005,1.0
urban,0.018456419043022643,0.5456084644271506,0.35339525219840723,0.23712224276489638,0.0
weather,0.41573424832338735,0.37963086748563435,0.1531177232581401,0.5891334031560382,0.9
highway,0.47376015373872027,0.3997893220510015,0.5806197604823538,0.15461802832342242,0.2
urban,0.41907468312544094,0.016921343464943117,0.18247859383411258,0.08211297515185276,0.7
weather,0.47552652162619335,0.31817520950870315,0.1066813722548857,0.9669850180280375,1.0
highway,0.7500613241443472,0.0496144480413383,0.8390491680793574,0.18628443881724388,0.0
urban,0.2529118055562871,0.040487824328304445,0.2014447894783154,0.2805653430512625,0.3
weather,0.23564403942142187,0.8945232369109726,0.07370603046829749,0.21306055101753552,0.0
highway,0.6815260298866503,0.34005484921663864,0.6690800168622832,0.18846689898700741,0.2
urban,0.08843758733550244,0.9543693622282359,0.4606614835484067,0.01619978765431168,1.0
weather,0.4513367251540973,0.38419418492597746,0.17293355995146614,0.9792618656086425,0.0
highway,0.49677011312716357,0.020609022975849767,0.584268202064501,0.009713330611859194,0.0
urban,0.36046302914925554,0.4304219080879669,0.20475924013935698,0.11241930676072795,0.0
weather,0.7488274636039874,0.6672132917419075,0.3965726766232352,0.7132190050771051,0.1
highway,0.09865737673280905,0.30954654763555983,0.1436916072617339,0.10447465279336021,0.2
urban,0.8831194066747751,0.577041861990025,0.1770098190160056,0.2462728902211848,0.7
weather,0.8741037960662108,0.3590707790431512,0.01819461658890984,0.8456263001150188,1.0
highway,0.8060821653949275,0.1396326390204949,0.36798507718678664,0.01552637704995903,0.0
urban,0.7242049128083701,0.9080348763357216,0.11784355716535472,0.2724775664031198,0.3
weather,0.41738712770054653,0.29754676134333025,0.36508040414284415,0.19280279467660666,0.0
highway,0.709272011669813,0.26605556691850185,0.47787707712273064,0.044698862851168,0.8
urban,0.7901663868934623,0.42275877708823817,0.4002575622992417,0.07613929276679764,1.0
weather,0.028631193835652824,0.19972828011123656,0.0969242425549791,0.4140678257678164,1.0
highway,0.30068906762711023,0.2753716404455361,0.2900922649507479,0.12268909451359805,0.0
urban,0.08900317798267965,0.6939921083892756,0.08320714215546993,0.23591021578850938,0.3
weather,0.9982774288732463,0.7805205758696064,0.11472504990939472,0.40244513844359253,0.1
highway,0.5656448823847886,0.07103080472153112,0.7047958361321867,0.18101562555889625,0.2
urban,0.8734731710560043,0.22714974677132693,0.004015931937811468,0.14762451161652454,1.0
weather,0.5783291027043042,0.6892297363629519,0.04275335003481256,0.821110527741516,1.0
highway,0.31735408360025663,0.3113130136809597,0.6527597559761253,0.15387915536816044,0.2
urban,0.6337790395432505,0.8801313534336417,0.44387675470699317,0.28729904244269194,1.0
weather,0.38308028133318506,0.33038093432963755,0.17923006063265376,0.34617507730612906,1.0
highway,0.6015485063797061,0.303158473687266,0.36502530403882305,0.18089478545625753,0.0
urban,0.1829239984213129,0.1312154829316865,0.2957547660674913,0.18989983315407838,0.3
weather,0.513069422863438,0.81401673551993,0.3107441307593126,0.788581765108471,1.0
highway,0.6581624765263335,0.2172116296816024,0.34643284897091586,0.0038497927697787927,1.0
urban,0.13045563655139392,0.975604968589112,0.43416198182518395,0.267970844162984,0.0
weather,0.49714046375220133,0.8093428287387023,0.18821517391610995,0.948977344119596,0.1
highway,0.7455030853527727,0.25266601666794014,0.6477090747902298,0.10052796099510707,1.0
urban,0.2867957291885398,0.9692491388225086,0.30434211030175046,0.11982049762234005,0.0
weather,0.9729773804203049,0.15311344577219843,0.10770816972208307,0.590589657738585,0.1
highway,0.17675686742346075,0.4324969865147673,0.5628998263567899,0.19006869530278103,0.0
urban,0.28866630267546045,0.937987865459497,0.41283572298973903,0.20933910991875715,0.3
weather,0.15727353407639322,0.6427519139595469,0.2145193463188746,0.27473625129630097,0.9
highway,0.60102587748869,0.1636883400576996,0.7809448189504872,0.1680899163277611,1.0
urban,0.7467264372010316,0.846922599550907,0.18819424822080544,0.08898625855017546,0.7
weather,0.08292715250972604,0.6417754044410112,0.18877494630211775,0.9078906004128328,0.1
highway,0.7334602720078249,0.19432800077175683,0.4329675469990535,0.028827132797879032,0.0
urban,0.6937412986983286,0.7595618339139083,0.4264919845150683,0.29185698141310285,1.0
weather,0.26515622970531494,0.2554104208518433,0.24541115366542923,0.9450374653636044,0.9
highway,0.9937731027679316,0.36445106789537496,0.9524913004343245,0.16699390989623716,0.0
urban,0.327250307905817,0.2897376005288893,0.13475531060914864,0.04345584818047323,0.3
weather,0.020236232639950447,0.5239931674646672,0.20202312010816348,0.5252504648304882,0.0
highway,0.016807279821142496,0.2601063443784146,0.6960347322291323,0.18842849645608095,1.0
urban,0.36053291785164776,0.7984959636039131,0.26201883493379347,0.17162994509148752,0.7
weather,0.8405533567512642,0.6826448822931314,0.08334431562994293,0.461770366396279,0.1
highway,0.29464890306250047,0.025009410451093173,0.48724956034545097,0.07108733614490628,0.8
urban,0.747740385641692,0.2523340044132276,0.20734905915256407,0.024702648929016514,0.0
weather,0.848752700565235,0.009959741204303318,0.3748449975685888,0.6276198739827059,0.1
highway,0.1411660331970297,0.01278949159758408,0.7967086675425724,0.12002809664268538,0.8
urban,0.6121662207231456,0.1665455885938013,0.26431491876830965,0.17703492670334123,1.0
weather,0.6013842227687309,0.7897282618079623,0.08608825810655155,0.06592888935748231,0.0
highway,0.31800970481429813,0.3981500929838318,0.43173282384284917,0.09059962016599277,0.8
urban,0.6395620980339606,0.06719757075237376,0.1265760627448087,0.24237955336881578,0.0
weather,0.32697762324273927,0.4424913136680374,0.25877868333492215,0.4941257411412706,1.0
highway,0.5578026812091469,0.43064316637738187,0.22390620191348054,0.18825163920848054,0.8
urban,0.6789030208597069,0.8735596022726128,0.2161356438940843,0.12382892182463809,0.3
weather,0.8647558956038492,0.44545868837093394,0.285628470456934,0.8675572874455385,0.1
highway,0.7483963562097431,0.37939707135215645,0.9531110852819304,0.010826881680464152,1.0
urban,0.7957066850948376,0.3357865835028362,0.0015871490922516052,0.2878717762887197,0.7
weather,0.47904072567461364,0.10455445815102427,0.24499580283883338,0.7379531202529385,1.0
highway,0.3111206807596474,0.16034964252066142,0.6587861176809129,0.12462658415053696,0.0
urban,0.29650157102393904,0.15928303734945848,0.2176946980640067,0.12056961238678998,0.3
weather,0.12729253309507838,0.6495104935019238,0.029220710724264222,0.3781946830810803,0.1
highway,0.8582913355531061,0.15488229159259354,0.971297460306592,0.023572021735954032,0.8
urban,0.19038327106097186,0.9409461932706544,0.2605744527525452,0.29916816138873953,1.0
weather,0.8502987365717918,0.4340710818159804,0.3714088300169719,0.5902990717555996,0.1
highway,0.3434206161306739,0.22992554045021607,0.19199195023079008,0.04497501836113918,1.0
urban,0.9009634960387638,0.9764827762008709,0.45091915822083556,0.03821161081000827,1.0
weather,0.18372834034143737,0.378847464850555,0.3577532305487423,0.009860728337139468,1.0
highway,0.5297749152567985,0.1608685149291389,0.07502208889291817,0.17913024608038372,1.0
urban,0.8778321678901223,0.48187338394499024,0.2815471389362464,0.17810628580110618,0.3
weather,0.2540211490955627,0.8597287835022325,0.28007530371762124,0.5477399094691369,1.0
highway,0.6801428429116769,0.028352325685023327,0.5638033911116442,0.04212634445486019,0.0
urban,0.6613039622868667,0.9112561518342881,0.20187830523917327,0.06232478190365711,0.0
weather,0.9628623341857422,0.024170352133503492,0.12253783008085853,0.6661929602664312,0.9
highway,0.7518762443691909,0.07003227967946823,0.3482746153631915,0.07790983289630449,1.0
urban,0.3972073043068972,0.21218038256687333,0.4556177077238466,0.27994076052186556,0.7
weather,0.35764054958891134,0.2907438658906739,0.24590838126250492,0.9027760477645449,0.9
highway,0.3969119239866953,0.1516849727860063,0.7143482754022047,0.011115734589587057,1.0
urban,0.5246884120934774,0.5550826014376511,0.3712287821067783,0.06596489691220472,0.0
weather,0.6824930337371488,0.847569048102495,0.27744705511315154,0.9321023654572216,0.9
highway,0.750811381374439,0.1327720924016207,0.5718696893717321,0.17886057866372962,1.0
urban,0.25629316229460763,0.5285398603562879,0.14539597211092375,0.20625062784132478,1.0
weather,0.8476811979622166,0.9925898759338447,0.27175739524497045,0.9366879266671495,0.9
highway,0.3186043712826544,0.44737461048789906,0.4967238260981782,0.12000289549612711,1.0
urban,0.43211717561589447,0.5388193672496691,0.22305715356259387,0.16944549418805913,0.3
weather,0.7148106921312776,0.7302441662702573,0.20498988164780682,0.7121180563341353,0.9
highway,0.13918780275798703,0.001693923991319568,0.24529009364364296,0.14091720642667005,0.8
urban,0.46177815578049,0.25640715818869,0.3638547592036188,0.02206514369288376,0.7
weather,0.013981712971364746,0.7718054684782346,0.3500138124981034,0.6141627026161989,0.9
highway,0.9507127499973624,0.2988979163614165,0.014868974345519703,0.0705754701008668,1.0
urban,0.731645903919888,0.4394482232929203,0.1489236741800109,0.13677478110663413,0.0
weather,0.8467219903967333,0.30856649758891697,0.39675739325705806,0.03861660561225089,0.1
highway,0.9550985561656861,0.0965074927028493,0.8827420762070805,0.1618946419230869,1.0
urban,0.03246014176227641,0.7445568571045793,0.06667600337680674,0.039899576122391756,1.0
weather,0.4430759329334488,0.16574901538845488,0.3928178491145536,0.09624649114071637,0.0
highway,0.8327750312273491,0.16316012866079632,0.7278341625793716,0.01878199296620602,0.2
urban,0.5550185242052911,0.28721257112736154,0.4700880316505283,0.2286214960319177,0.3
weather,0.2425772028979366,0.35313779328117645,0.3800722843272167,0.5784823597308589,0.9
highway,0.24232573024632142,0.33938799176021445,0.23108892213456855,0.10180068909652365,0.2
urban,0.26784492055891385,0.8512578486996074,0.08277039741154363,0.21940619153321342,0.0
weather,0.17704144105990638,0.6340007674159881,0.14566112764184222,0.8523653492620437,1.0
highway,0.14531645633662604,0.3992704576410436,0.856568196489899,0.09641870375894286,1.0
urban,0.48640909899108653,0.2247500381773575,0.09758730752000311,0.0496202713504077,1.0
weather,0.044477188803159984,0.7521228382486274,0.03165171578987347,0.6564715175301649,0.1
highway,0.8771549003711943,0.4338736950408653,0.45107607182485965,0.0030732501469446618,0.2
urban,0.7226472020610685,0.32135110018972124,0.3623045967941586,0.08546136205064295,0.0
weather,0.6465350987807326,0.18265161874377223,0.3002095922786996,0.33908761326268,0.0
highway,0.18603406137127865,0.4672684908206016,0.9768342651801892,0.14794998947809712,0.0
urban,0.7952870447972226,0.630779733104932,0.29378088607489916,0.10606465626130114,0.3
weather,0.22481289951018457,0.9996356254254438,0.19829351812098417,0.7714299889929364,0.9
highway,0.20227318174203035,0.10696689140052362,0.005803768842941093,0.0601915431117345,1.0
urban,0.16414774055900205,0.44250948132922896,0.2469179703259617,0.09363583960176136,0.0
weather,0.9169787490185026,0.7067652818616311,0.28897336920896527,0.08504362130607113,0.1
highway,0.23226572579752525,0.4487414423977123,0.8627885456713906,0.10181666133799033,0.0
urban,0.3389362199370263,0.8193337522988611,0.0653491268741565,0.05201194702725246,0.0
weather,0.6714580313003613,0.25243119410203996,0.0074233346094102265,0.699208677537377,0.1
highway,0.35121701963848806,0.4186199997577297,0.06679707726217199,0.1884687015342715,0.8
urban,0.6578839353365314,0.06391132094914109,0.08299723033756262,0.09028568292347645,0.7
weather,0.5959268121167338,0.6443657004925674,0.3030039291274024,0.11797899943702572,0.1
highway,0.2546093292953059,0.4744319229473983,0.63545717961889,0.03118024870798937,0.0
urban,0.2016999626310254,0.42974538107566673,0.24702143346786665,0.016565288025121694,1.0
weather,0.10675633049441313,0.8166205040921365,0.26206885727116774,0.5072039367678184,0.0
highway,0.9247474758643617,0.4259184044094666,0.5242579279038355,0.045788467227889054,0.0
urban,0.05987462672138566,0.9616667721824964,0.27447587067891355,0.23899702049734284,0.0
weather,0.5749534932296414,0.8899310558900979,0.26035153499831093,0.47524652658720046,0.1
highway,0.40169056856161434,0.399536709743098,0.52269726463837,0.1100077481997208,0.2
urban,0.8553144643629383,0.5874151637926668,0.44454619912448007,0.28134816209771496,0.3
weather,0.7119529880655504,0.4932434959334473,0.3429311294134212,0.10447298581593623,0.0
highway,0.28059021597436895,0.2783991921865858,0.7087285799048996,0.026886216567146806,0.8
urban,0.5567687198974907,0.411255187910329,0.2301686158013676,0.03480521613690094,1.0
weather,0.5065012010369253,0.08581077170943885,0.38781060932960276,0.03868495825719154,0.0
highway,0.6457595715306877,0.42300171169869843,0.4721978386181753,0.14539077374662,0.8
urban,0.5852203293909553,0.28088327306759975,0.45511085070515606,0.09123300220285106,0.7
weather,0.8335396315437738,0.40510212704712056,0.3847975639467291,0.08142768870693551,0.1
highway,0.08077921387434361,0.19364558683766497,0.6002025470925807,0.10273053436426592,1.0
urban,0.7559179146251376,0.6448385960201964,0.11722442440401976,0.21948238331055717,0.3
weather,0.8554859546959576,0.09189609207710625,0.3337816859566785,0.3607884010787267,1.0
highway,0.5313917931384378,0.15137378523561623,0.4946180151100322,0.026396599602481443,0.8
urban,0.3124058976796318,0.5143832465110202,0.29437973178250476,0.23696043221392285,1.0
weather,0.4947572395858043,0.2999739081545325,0.06414969406666882,0.6475855888018073,0.0
highway,0.8421660300613831,0.11500022627419992,0.0057209315419646245,0.13026397944524787,1.0
urban,0.2939227289715046,0.25391292467002813,0.30998314573141694,0.16068443456229956,0.3
weather,0.4951715922466663,0.6092226627693547,0.1099633349928963,0.7167977166993706,0.1
highway,0.6785314107300647,0.0050368309966157265,0.4810187798004618,0.08288958700709591,0.2
urban,0.8344737434626284,0.4202902600542552,0.2885387213158827,0.26188461912270056,0.0
weather,0.032018053319450956,0.29671745157904095,0.23384880356534143,0.42084338838666824,0.0
highway,0.1920419935590041,0.4522126711585751,0.19810419424108738,0.005161433638246216,1.0
urban,0.0029627205603968143,0.2428014998262752,0.16188448783398307,0.2897983483672387,0.7
weather,0.33949391505994275,0.6801585467588787,0.023253516410731437,0.9291163526913256,0.9
highway,0.9816845059370488,0.17503565613747646,0.2605559659864489,0.10938325855644426,1.0
urban,0.08084680164325397,0.8749333243506489,0.42937562959544595,0.1210711177348804,0.3
weather,0.40774024692971944,0.8310363132726856,0.2644001195283412,0.3947875091707139,0.0
highway,0.48537237120455046,0.17695291312842937,0.8914550645563722,0.0331755849325071,0.2
urban,0.9128388581939751,0.09255544586102826,0.3608441956140818,0.04214919445824049,0.0
weather,0.9465638429787437,0.246617422690674,0.26734428084695766,0.7401493936975908,1.0
highway,0.8938085432166306,0.44191466173774274,0.3169636536980016,0.1408568539758551,1.0
urban,0.6926134434251007,0.5921901804292182,0.43934879191303794,0.10706659868412034,0.3
weather,0.6898887322384035,0.906097449643783,0.052290606626909854,0.5713639696691571,0.0
highway,0.6783931464059073,0.33026620771824305,0.614642818934886,0.169843828938821,1.0
urban,0.5963854184032292,0.835692587192692,0.3775403310608398,0.22588286630509116,0.0
weather,0.25717713602442727,0.5640849216886251,0.21321222459530223,0.13789882173033396,0.1
highway,0.505965563020003,0.11117650960515724,0.544786654030205,0.0281169662497794,0.8
urban,0.876918931870847,0.6760560050132531,0.17849184607005647,0.15380642169864342,0.0
weather,0.8771586042661392,0.3952540997689177,0.18652119599275904,0.8606518873876169,0.1
highway,0.6704155146589565,0.4656333137006689,0.3978785874773685,0.19060323520808856,0.2
urban,0.05052022667233469,0.6658493646001281,0.03583968983766733,0.21186389578951967,0.0
weather,0.5664666059796343,0.14938454677122792,0.18766641942695947,0.8311272167177457,0.9
highway,0.4892901575037625,0.09547442943772144,0.015672373888725777,0.08359965194510743,1.0
urban,0.7987718291146285,0.9451897611270066,0.30425230648539325,0.07638805999586863,1.0
weather,0.0689873082586806,0.9684312758924698,0.35486747531783647,0.25922548714515825,0.0
highway,0.7123940284729217,0.184187253792367,0.7130282022890967,0.008055632547077574,0.0
urban,0.7727441445464122,0.1683852983030545,0.3837479167546536,0.2248340363801596,1.0
weather,0.6546214957970551,0.8022888163636875,0.3952813970907897,0.3463635031084943,1.0
highway,0.4222921128358317,0.12628053563476271,0.37227965680990804,0.02163015120473315,0.8
urban,0.08897553586933837,0.861249385183065,0.40655252355542193,0.010020901973230334,0.3
weather,0.22140990979318986,0.08186150591629393,0.12032246443417366,0.22447286942860278,0.0
highway,0.26766675976944265,0.4557984432801371,0.3682627898719132,0.0091100311930705,0.2
urban,0.7950874606602596,0.013268540860875033,0.2739057923624013,0.2229897516920937,0.0
weather,0.8191645000962298,0.9961452421241919,0.13181685340955282,0.3816210441766039,0.0
highway,0.38088512210876846,0.21998688352119,0.4702349596092813,0.15388733232021926,0.8
urban,0.450390076405931,0.6466727531599051,0.4764019241245866,0.23836568832651164,0.0
weather,0.47059181580178366,0.21140018456090004,0.2146515617207216,0.9579820536090996,0.1
highway,0.826269149862581,0.3656725475926358,0.9893332868282753,0.054509529578605824,1.0
urban,0.04604516004489856,0.3530242693586554,0.48465860163466834,0.0956025461198597,0.0
weather,0.7893334823405523,0.5323306025871026,0.11691606908370128,0.6557773017841801,1.0
highway,0.46681090600405795,0.4303633311033152,0.9530765893580212,0.08468504632936696,1.0
urban,0.8766052783705984,0.9282167956475944,0.2644026090783832,0.22614104513056346,0.0
weather,0.11482903172136949,0.9565539673328513,0.1473081301780484,0.6462525176571905,0.9
highway,0.01815796560707883,0.361230655169477,0.8355355012681668,0.0798283322187903,0.2
urban,0.5083471749073432,0.41051664036255053,0.4330643761461581,0.22272615356141948,0.3
weather,0.6788782323905966,0.5631980924481612,0.06489182843859878,0.3099299092291664,0.9
highway,0.6606478891385676,0.18227098504444328,0.7861006466076711,0.02431015214618211,1.0
urban,0.2161885738704754,0.7714848748169257,0.010108760073898715,0.20122800651346018,0.3
weather,0.15996291746765423,0.01422822372916599,0.31283600584944393,0.812296055423481,1.0
highway,0.609505122449431,0.1839161121604782,0.41566100150044916,0.1664081478437552,0.8
urban,0.1784840743470848,0.7568836076530354,0.02380761378527585,0.28773927987837433,1.0
weather,0.2521951614279182,0.324750608967202,0.3339193970319762,0.7618052549549524,1.0
highway,0.3500069643106799,0.2901660951289545,0.2254573867376587,0.012979843446344952,0.8
urban,0.0859737352792116,0.8433323548919375,0.35900310505382393,0.2830901011945484,0.3
weather,0.5616813893646103,0.5931127783247273,0.14892592310970607,0.28005320561655644,1.0
highway,0.6421291468642604,0.0153932844303733,0.7238027766305233,0.18109373842748314,0.0
urban,0.5690669982420896,0.38258882367092006,0.16291500996869723,0.07128426005839275,1.0
weather,0.6672448286332395,0.2833976945705938,0.25603615863446805,0.6076235758839388,1.0
highway,0.35163497333784877,0.031437891057243816,0.6225588033216443,0.037734458245606534,0.8
urban,0.8352455477380024,0.3270915060016386,0.24403007813483146,0.2823421005437521,1.0
weather,0.6209650962771923,0.8194807217006219,0.304555466041979,0.9879753209773703,0.0
highway,0.9154729875735151,0.3883200371863115,0.22833083659331044,0.004961866008513161,1.0
urban,0.9979620660956863,0.18059620790472364,0.0192166964006818,0.0825163343041501,1.0
weather,0.8365937791309511,0.24874326629118226,0.1728908301964169,0.6679337354557424,1.0
highway,0.9318257230616197,0.14296022081981596,0.42715768070104376,0.02038676107652171,0.8
urban,0.9151763371865977,0.41349713706337177,0.21179291343953943,0.21078813189709564,0.7
weather,0.010363722347177085,0.636470708550097,0.15755385397664678,0.298380513561469,0.0
highway,0.11058634396395473,0.31386636778113286,0.1867462845973269,0.10204318681568084,0.8
urban,0.4627599408939731,0.5437984948046078,0.33547945052177613,0.005795521060302134,0.3
weather,0.8742518766843361,0.1710108544182284,0.1703474243532575,0.187173114926947,0.0
highway,0.3173723330674516,0.481377673712163,0.3480703708611401,0.06930017747314901,0.2
urban,0.5537739542944381,0.7178678511312636,0.44851925812534227,0.2705225028121926,0.7
weather,0.9006565507683997,0.5702379645770481,0.14639856331597434,0.8291951410159383,1.0
highway,0.2746368798169829,0.13654072516065918,0.3026222850818887,0.12246267696938445,0.8
urban,0.2508923763538512,0.5937974594154256,0.10402477411255007,0.09715526596710096,0.0
weather,0.9326819023605022,0.2644928733474785,0.05995771813126325,0.0899672788609609,1.0
highway,0.6643539526593868,0.12291916884025883,0.8667885981502419,0.0872551311279133,0.8
urban,0.6042395103321423,0.8167452794726815,0.3806748281014462,0.07874533641494302,0.7
weather,0.6942268160417044,0.8926007897275405,0.25349280202305474,0.2222910538295546,0.1
highway,0.9472843230897678,0.17115364241375985,0.4403517738932523,0.1414241227888762,0.2
urban,0.9046560624088297,0.47509266848736187,0.11196921665484783,0.25594359496757746,0.0
weather,0.011199305255704117,0.4580669390728913,0.05273464712140568,0.6643442914647144,0.0
highway,0.34766567075886656,0.05820015891518793,0.038895812246826145,0.14490813481219628,0.8
urban,0.02310685278748026,0.051131638106697186,0.47712922075765496,0.04268586558328075,0.7
weather,0.4734349032336935,0.8024517454814937,0.2946743503477462,0.29731770951204695,1.0
highway,0.9515803094398696,0.4724177265103687,0.7796086425424651,0.12042036602546996,0.8
urban,0.13064883169664832,0.6399306874505247,0.38607616574655773,0.2581805249580872,0.7
weather,0.23190112176891486,0.04669781788511307,0.37807543190381776,0.3137352588446539,0.9
highway,0.1483478629189725,0.38306087567256514,0.06834761818969115,0.1652797547489267,0.0
urban,0.1402850127879668,0.8865641126311521,0.3648863186680787,0.049401078752191525,0.3
weather,0.46311803395045037,0.1576113490628681,0.23612480419630466,0.743001918520948,1.0
highway,0.3985437143653825,0.08494333740331,0.3830656760857787,0.17432336926577005,1.0
urban,0.4934887137383488,0.11542756070426774,0.21896538192368542,0.25274341146046947,0.0
weather,0.8626740703318891,0.3927609189247192,0.0017495929132037348,0.273871819705371,0.9
highway,0.653635522717729,0.009436127295302632,0.12731926225529133,0.1564068539769838,0.8
urban,0.7511483678225827,0.5897796007780784,0.384593394997964,0.12865630839199152,0.7
weather,0.19237309226246913,0.7524720150537384,0.3748353592425985,0.08744908436888665,0.1
highway,0.9813771043261948,0.1747425911540505,0.9217274205310659,0.1865925097134159,0.2
urban,0.06513450144396105,0.4342185961684175,0.06761392547758194,0.08180311571834444,0.3
weather,0.7443037173373661,0.46696740916379786,0.09112030228514248,0.1993501289446863,0.1
highway,0.3134133648536701,0.19029359744888352,0.018548195724407468,0.14494085502971163,0.0
urban,0.4814353459576055,0.044395264969327,0.4087662079790603,0.2969676486719624,0.7
weather,0.35625304289880133,0.6138958422079134,0.12466044024386069,0.9905949802106567,0.1
highway,0.7878647195855439,0.12694200548053408,0.763631915547134,0.13759680430473395,1.0
urban,0.4486132528296719,0.8831330623274579,0.4852762574425507,0.1273716305521071,0.0
weather,0.4211913798253908,0.839566706475422,0.23610134610387778,0.19187671310235677,0.1
highway,0.8899637051372478,0.4226686112532069,0.296945095953572,0.15829767646895151,0.2
urban,0.07276237623962711,0.09876905139875125,0.207958266466358,0.0916144445905391,0.7
weather,0.5805192766763702,0.5945501011450448,0.11634557405187942,0.26649720001284527,0.0
highway,0.2601159830153992,0.47095248641916454,0.530088496914424,0.16626481425704995,0.8
urban,0.5945483826116572,0.5893763726481173,0.34211435544401275,0.11097842859169758,0.3
weather,0.19280190266645925,0.6273755044353622,0.3917679492551409,0.46440290632064596,0.0
highway,0.6348361559792174,0.44345336219608794,0.4262314582647643,0.06645581407839933,0.2
urban,0.7858004651879744,0.2962557533167841,0.27250420786197027,0.0671691699917055,0.7
weather,0.633068609865107,0.5541936966153982,0.28214253454216826,0.4174745560781662,1.0
highway,0.017704445073237207,0.4308869198946773,0.1742786785013607,0.12437639277807871,0.8
urban,0.5223833054267352,0.4307611583617351,0.3240579221423477,0.10928722640207368,1.0
weather,0.30714995018995217,0.9050881233882643,0.3477360431629421,0.23769876030622883,1.0
highway,0.31925670524789684,0.19622594243425395,0.27931812906328124,0.186282065558612,0.0
urban,0.13339923517748942,0.6863722327726434,0.10618532765124888,0.2572763027287205,0.3
weather,0.8299575091561823,0.15441494433999237,0.3291125459464672,0.5402942426723664,0.1
highway,0.18266304885701368,0.30493436749276887,0.7261060683694185,0.06289532717330211,1.0
urban,0.11516391190452557,0.4178115829015002,0.13152575700596864,0.021300323851617075,1.0
weather,0.16553529269386602,0.40273236986696614,0.13737223520779726,0.40090272257912607,0.0
highway,0.9432342833469689,0.36145752646146767,0.689473899406764,0.19363163324550325,0.0
urban,0.7869568104790414,0.5460245933207503,0.2735140732122239,0.016002048901555054,0.0
weather,0.11163744532118536,0.45860487967234187,0.2787972936283203,0.9975482216812411,1.0
highway,0.6762337350404775,0.17045820459604522,0.5435343783741237,0.16810717598983876,0.2
urban,0.948935875001504,0.4884408067135001,0.25139185538598585,0.18636004338125464,0.7
weather,0.5982377598518965,0.854820052992188,0.15262975513020713,0.740035944984177,1.0
highway,0.37815161329246105,0.40197176538802604,0.7999916725555348,0.18715936817909057,0.2
urban,0.6858544924014919,0.017878484034818065,0.10811644719549562,0.02084399546505957,0.0
weather,0.36790292528627566,0.33667383425369246,0.10097698521118703,0.5765157904886378,1.0
highway,0.6899690121417249,0.4857009243043231,0.08368098824769732,0.18024480459555786,0.2
urban,0.3501048042845637,0.2243668276923797,0.17642205918675002,0.19359924384885652,0.7
weather,0.5941046382754251,0.7081473345985572,0.3331034673810857,0.12151116953766616,0.1
highway,0.07305864603278145,0.23112762142205023,0.30159660744592354,0.12256011442722617,0.0
urban,0.9450505533946035,0.5482037727921516,0.4765887691315696,0.054087039184692175,0.7
weather,0.8419721187072957,0.4638343429500522,0.3044241535869905,0.5245855790735243,0.0
highway,0.860930482578696,0.41082329858225003,0.12228872118059952,0.16971753140617563,0.0
urban,0.3373928312487664,0.12283997885710418,0.04232130360612568,0.013948811907391301,0.7
weather,0.2634036119558445,0.003929321422217802,0.19818367716117777,0.10022825664288426,0.0
highway,0.8083824312394494,0.2602635564045818,0.7242098308133599,0.0732657049397517,1.0
urban,0.781490243258572,0.15158791190231946,0.3235797805634787,0.27522775584135034,1.0
weather,0.30556306102142994,0.49552462331184466,0.20065192356923767,0.023287079442581904,0.9
highway,0.7151056136180892,0.3197769131886556,0.6637667361217,0.08284011086092868,0.8
urban,0.8630543931159491,0.5255496701502296,0.264176061275618,0.288440237715303,0.3
weather,0.33615966498509886,0.2943217442312359,0.3491185300317772,0.7969876547589855,0.1
highway,0.15109104760538583,0.3503522880936841,0.25765617680719477,0.18453516570484824,0.8
urban,0.8364731916659712,0.9499550093322041,0.40281846263745913,0.11326362689866715,0.7
weather,0.635874527331007,0.9377530155114836,0.051401591400483865,0.08773392726269891,0.9
highway,0.9035593036972819,0.11949329387783825,0.206513164929784,0.19396415704820807,0.8
urban,0.21746208359138774,0.92880401999779,0.15350009142416698,0.11952230464920965,1.0
weather,0.1396423302095836,0.5517792837256954,0.10962168297181912,0.06519280218469103,0.9
highway,0.6018513226178042,0.28649682205679644,0.4583770391386607,0.055409119256684486,0.0
urban,0.3428920913489797,0.41836891013200717,0.46447336778631165,0.27322554382144415,0.7
weather,0.14508944663913825,0.6991774314615729,0.008996931854216196,0.85644304464543,0.0
highway,0.6236259472972642,0.24084991900617048,0.40065784843795327,0.19723606232173904,0.2
urban,0.5046424376590564,0.8855238387531971,0.44329330053017174,0.007253413126251062,0.7
weather,0.35243102555274064,0.4029728001233942,0.006614849824268321,0.814792001635896,0.1
highway,0.3812657190890473,0.25046934587494724,0.9511462314054133,0.15242169333948752,0.0
urban,0.6086875278828008,0.9502840501704856,0.49937501719565847,0.11155803459992832,0.7
weather,0.38069553567734393,0.5384966507450597,0.35672195443404087,0.9137962594266289,0.1
highway,0.7817458588152745,0.17766985410977348,0.5742703802570872,0.16661138825284272,0.8
urban,0.07703199998411392,0.028483810549271515,0.4420736064928609,0.22444358073094234,0.0
weather,0.9054894774913257,0.03689328891076815,0.0879202847847695,0.30956935223823145,0.0
highway,0.578718010590238,0.18214250064741627,0.08031644794524506,0.177397413904664,0.8
urban,0.5025296267016556,0.27117778571120343,0.4738012508038611,0.13915956642865426,0.3
weather,0.7560716102217615,0.09811887390051244,0.17876631514277733,0.7340043505996046,0.0
highway,0.5707437417333199,0.38607625240373233,0.928008741774554,0.05222542888661541,0.8
urban,0.16809058535297527,0.11747194027285901,0.0898465473256515,0.29105631729188175,0.0
weather,0.13192982575381085,0.49550917733063826,0.0426477091221694,0.34558087334869747,0.9
highway,0.3327705460491802,0.1910574322547593,0.594409383809073,0.013957156800092952,0.0
urban,0.5990126371146123,0.8562676535240813,0.058731036398191994,0.2068693233155895,1.0
weather,0.3839392230372589,0.26872746946479087,0.26082395039784995,0.13465916138445688,0.0
highway,0.2527426687484531,0.155702822522439,0.12108129824146274,0.17293182277797836,0.8
urban,0.059926648230454904,0.018784326087181835,0.4869677029940974,0.05801479784964748,0.7
weather,0.7451327484983999,0.12705626535767434,0.0415495161115242,0.7101450375965034,1.0
highway,0.40735481162944986,0.3494430425585339,0.9041685495477267,0.1610496173926877,0.0
urban,0.623431793443361,0.6443961622818657,0.35702716532772866,0.0877838182270396,0.7
weather,0.7685751724093984,0.5916580655236704,0.12420110101979334,0.9944310025427634,1.0
highway,0.16465468825602958,0.0027970779409347557,0.04278326824726786,0.04881269020858506,1.0
urban,0.7152214760582009,0.03668400539454231,0.2146600214270883,0.22634144250067112,0.0
weather,0.39929925602578586,0.5078942095312776,0.3240823398013342,0.8391216031061648,0.1
highway,0.9442570396456513,0.2586433838839633,0.07439762437194852,0.1633151226718559,0.8
urban,0.24869180947113512,0.4317168850266111,0.3170252541533597,0.07709578135613433,1.0
weather,0.893029958085968,0.9558616803747381,0.20572837295636456,0.7984945335265625,0.1
highway,0.23948871457012988,0.11061075709114959,0.9867965941798967,0.06120122104178865,0.0
urban,0.042478766631800946,0.16009613765744457,0.19205745562188464,0.06577971047777402,0.0
weather,0.561616159791455,0.7148559742004091,0.29124179694709695,0.6665384552976888,1.0
highway,0.7320983698226917,0.36967216647765244,0.6597450184066322,0.04568725919957502,0.0
urban,0.8182120013704631,0.005652104841184724,0.49599850450742555,0.054868131698759766,0.7
weather,0.44958659911177845,0.7590520100671082,0.027170325746521985,0.6731607327802641,0.0
highway,0.3950763253881926,0.08856772739650126,0.363627748771157,0.07469284335854441,1.0
urban,0.8958542570085304,0.5779497408478429,0.26370114358502916,0.0481152401531014,1.0
weather,0.030192015337188627,0.10533389424496431,0.3861942628031736,0.9408635478946974,0.9
highway,0.434065261197629,0.2792363958080675,0.8164538556005582,0.04439900900379512,0.0
urban,0.22159343043944735,0.7566227880899452,0.15477658470132538,0.2766393976588231,0.3
weather,0.5866333129730164,0.9095173164450526,0.07539521997545547,0.8059529683774829,0.9
highway,0.33971454383608435,0.4679775768643017,0.16474103836327192,0.008430083392586841,0.2
urban,0.7869607269854091,0.4618065340196199,0.4995453838986554,0.2517274495956316,0.3
weather,0.10006467156653331,0.5886889743360161,0.3113582457412847,0.0933281202698264,0.0
highway,0.09770321110107494,0.30796600354333437,0.434690392663586,0.0852881590584864,0.0
urban,0.982040087590982,0.06303365249976156,0.4515005425757481,0.2442204862160042,0.3
weather,0.9247089920455704,0.9352701625819336,0.14600139823348735,0.5318909576590998,0.0
highway,0.7576576166029725,0.28173523690642593,0.12000274961688806,0.10639434689929966,1.0
urban,0.7929124742166477,0.27301199554003175,0.3132246841140557,0.24838029745555704,0.3
weather,0.8091032168230461,0.9384620531246688,0.31572017964326005,0.1301944598703667,1.0
highway,0.7856177540186438,0.3633023821888313,0.7014906155293632,0.14327381102280873,1.0
urban,0.39804317410409573,0.33190628489749674,0.31221246359219623,0.2476826017522782,1.0
weather,0.1545640066498828,0.8864450113972573,0.1099877465811796,0.1384426344655404,1.0
highway,0.49060968831173946,0.10834332185269635,0.16972343974787296,3.1548915611345765e-05,0.8
urban,0.8496633776359052,0.9584503564524582,0.4793773081074518,0.13258923268403078,0.3
weather,0.39795727729576924,0.6746739920231618,0.022255463731481087,0.12393919426443945,0.9
highway,0.7956990326714872,0.12040175607730952,0.46052733113637623,0.0961241467233288,0.8
urban,0.6918185861250508,0.12161815681964938,0.03252297886857031,0.2924617600293729,0.0
weather,0.09595575494658992,0.4020084716508614,0.3829267405162209,0.9955480752882525,1.0
highway,0.47787730565305764,0.214941379062424,0.01102808426890034,0.18531142302836762,0.0
urban,0.7218642398950005,0.8838922375411049,0.30788815734882613,0.039098509376907696,0.7
weather,0.8740565631389788,0.9977843878200647,0.09787447524930903,0.8422495851992341,0.0
highway,0.6862499358575073,0.15905537120415847,0.17680166646406437,0.020480069959200244,0.0
urban,0.8708917904678061,0.0041271546746038945,0.010512403609801102,0.13976139260891052,1.0
weather,0.5180023363965844,0.7433791649756157,0.32623325609411535,0.6860731554227195,0.0
highway,0.3880492700584143,0.09280203197771658,0.7922223472439286,0.08321404711065601,0.8
urban,0.8903987890805519,0.9158906347367032,0.13885781962028632,0.05636698508175422,0.0
weather,0.8595277052474898,0.9246125323329719,0.33050309173282766,0.33407721741784724,0.0
highway,0.32731318882968785,0.06806822017525566,0.15637361253330695,0.13677679468925405,0.8
urban,0.049291999023804434,0.694355888995271,0.41611289175195276,0.25390463395992696,0.0
weather,0.08795300836872899,0.7049703338072059,0.14405267510954975,0.045464627204925834,0.0
highway,0.8471574570031077,0.1548792816293103,0.19621565117029527,0.10962401299636369,1.0
urban,0.5465160450172301,0.42215516492748006,0.3093383545344325,0.13314382229402424,0.0
weather,0.09498664497731213,0.3207644140217002,0.15486215762159328,0.62259379656269,0.9
highway,0.43108204648349047,0.200667971549713,0.028324357547027668,0.13905578027348206,0.0
urban,0.27504025894073336,0.14182882868767488,0.0018725473556424066,0.15964724549545067,1.0
weather,0.4015162541846019,0.4290977834855896,0.3871200986972031,0.7239226711930654,0.0
highway,0.7747216226093416,0.4733955861408103,0.100440417861966,0.031118064877001573,1.0
urban,0.7077026295496838,0.4058877526047254,0.015567868965284781,0.2902204890705689,1.0
weather,0.3073251809877495,0.9385888581772965,0.1267781154542342,0.654306321534056,0.9
highway,0.6799855101282135,0.35999461551636214,0.08496983743224928,0.02130232740636029,0.0
urban,0.4287514083413543,0.8698123658139231,0.22447771873911876,0.29377448361059555,0.7
weather,0.927642705508595,0.8211420914972102,0.08990565791014245,0.8741822332939535,0.0
highway,0.6242904007832697,0.03634115779490743,0.8367107205834616,0.03490917670069931,0.2
urban,0.3289957746879688,0.7054341850945512,0.33787262758209163,0.24196878963912097,1.0
weather,0.43949251256986366,0.06044692298527021,0.29964623161034826,0.5651732562239374,0.9
highway,0.6958883576785689,0.1262975465595667,0.9577041070064872,0.006032274301367791,1.0
urban,0.5438936964926411,0.876847774154112,0.27177195732472104,0.07147872400197901,0.7
weather,0.7524420064480531,0.20884041642279205,0.07871605343671978,0.6425799158045408,0.9
highway,0.8444056122920658,0.2266498693232714,0.7264413581074167,0.019107241527247434,1.0
urban,0.993386112028669,0.6787816942368469,0.11592257827498315,0.03245585846401163,1.0
weather,0.3298158088563611,0.6503655604954457,0.30279790379586224,0.7495266088079098,0.9
highway,0.4035894707651476,0.20218734978541014,0.22630428615123455,0.0034651943511394114,0.2
urban,0.9523013846011067,0.7929936513925113,0.2893503238461212,0.19404169810472907,0.7
weather,0.031789149555137675,0.674231449748532,0.1605588465250777,0.5615245987731451,0.9
highway,0.3230435846186024,0.2318902986804614,0.41507812900779906,0.029819135734286784,0.8
urban,0.47671193185681415,0.9204723006138882,0.36199213262407565,0.19858487594396798,1.0
weather,0.02396138512426982,0.7642204838423086,0.23236555929851135,0.6255895834697527,0.9
highway,0.34664043196319283,0.1007570627120542,0.807555550999301,0.010772422891019297,0.0
urban,0.5661859843173752,0.6121498216133903,0.27462563568894716,0.0819086387027578,0.3
weather,0.7725347961266315,0.3246789563378011,0.29620757584714696,0.8623032360263989,0.0
highway,0.17720937982123952,0.43651780076306834,0.7427308637633193,0.1318798159810743,0.0
urban,0.11867249207180408,0.028980590249976235,0.05643470882341106,0.12937373735408308,0.7
weather,0.8475647962784947,0.7589319486146815,0.11883221995119936,0.4265528542416397,0.0
highway,0.9541556694437,0.38663811133340753,0.9324054961466182,0.1414192152322223,0.2
urban,0.9956087115144261,0.07661981392964867,0.23651756254185013,0.2406187677932409,0.3
weather,0.8373274338245179,0.8776388715877751,0.11989179388836996,0.8234508081895735,0.0
highway,0.9739405835732572,0.16377363546924645,0.9231438877168577,0.05387138363609883,0.0
urban,0.5786950787176466,0.20690289485090574,0.39782067244272834,0.18949334682344907,0.0
weather,0.2741738575114666,0.11355454384349384,0.04562011908215951,0.34767174146891133,0.1
highway,0.03560522651650877,0.40226629787156193,0.6155085552650431,0.02017640561069194,0.2
urban,0.9608555767847797,0.6701854674112075,0.0875874318520905,0.14213500869234666,0.0
weather,0.15624411425191675,0.9575272278108466,0.3114952627700657,0.7367224265013965,0.1
highway,0.42954912352067554,0.2437202368798942,0.13802760893789678,0.13467831582316617,0.8
urban,0.21523273210573268,0.324027955633848,0.25971486448365416,0.23479650331667384,0.3
weather,0.15397435116568392,0.37681960614797083,0.25127304180414206,0.5472374278792835,1.0
highway,0.8030945758806354,0.3060248107240766,0.37689501688521376,0.00027359687270736013,1.0
urban,0.5534000268334149,0.3622929983164862,0.18252563877090272,0.2638251930793188,0.3
weather,0.6147573887406486,0.8375193153647736,0.07342529797893076,0.42464397130904963,0.1
highway,0.6055292748912722,0.2423890300452235,0.10577890689406699,0.055584402153871816,0.2
urban,0.5185517560689777,0.6038473651812715,0.21869162124649488,0.2469286740886901,0.0
weather,0.7028508233960326,0.6140436069725635,0.2041050584882597,0.4337844022073727,0.9
highway,0.18892506683912458,0.12826021366290397,0.05333006820674624,0.1930800233948118,1.0
urban,0.4496798508851573,0.8056847888768923,0.08080803036514872,0.08785068673807812,0.3
weather,0.9694728204271883,0.5025669767893975,0.07024991253153527,0.6586225089630944,0.0
highway,0.06835171485056624,0.006296306333747392,0.8982235188321621,0.11626784338645973,1.0
urban,0.7762816640182929,0.7182728321618272,0.13238358687237717,0.18640200642853477,0.7
weather,0.9832159866537458,0.6350245661416096,0.1771482024423562,0.4911409691346621,0.9
highway,0.6778731204686652,0.27495419356358075,0.33096290435844833,0.03379443000757807,0.2
urban,0.19583924189423374,0.4852532545932269,0.39238716058139467,0.14564876734976176,1.0
weather,0.46662075133884684,0.25700564347427723,0.34008439264079504,0.3555435062567456,0.0
highway,0.9771877391324183,0.05565716073877508,0.21212539872193992,0.09461890761987496,1.0
urban,0.6051421968028677,0.61914713604919,0.2647941013191448,0.22868555856951728,1.0
weather,0.1028328160641574,0.05297290604610083,0.34224105082161127,0.9272648702069862,1.0
highway,0.8799054333077924,0.25535664347251563,0.08229354101797604,0.12334482254001472,0.8
urban,0.970076618910001,0.6678602222396804,0.38927651275927105,0.23284182110745663,0.0
weather,0.0078066944888902645,0.693683814971205,0.1290672550038877,0.5715889152967192,1.0
highway,0.5335085861345135,0.4117265268796603,0.981727217381659,0.08220851308418611,0.2
urban,0.43677788302125775,0.7404531223835897,0.22323895384154063,0.020552270202465715,0.3
weather,0.3632461785621772,0.6106427509216448,0.04770006707258663,0.9240344924302546,0.1
highway,0.8377574453503394,0.48037005479312506,0.040887097490669544,0.015606374130771062,0.2
urban,0.7408093647327442,0.6014711008812074,0.3358214607274726,0.116749384954044,0.7
weather,0.21598527572950332,0.7286423237169002,0.25828413789825494,0.9857447020100294,1.0
highway,0.7651115104398498,0.38200631283286035,0.2924454609973959,0.016278063326596582,0.8
urban,0.8879018383283207,0.40419487960888134,0.3123664259478072,0.26677144125804764,0.3
weather,0.25641836957542063,0.8912294410314674,0.1964271798614314,0.5991756352105778,0.9
highway,0.9543646155515045,0.10286241376483318,0.3116832568459613,0.06155855110958495,0.8
urban,0.6256671806315931,0.9104110895781161,0.13699530023629503,0.15153501554120233,0.0
weather,0.42287011573013766,0.6694807463859314,0.006860672278645641,0.8201536586856478,0.9
highway,0.35121963066756967,0.15693968674188247,0.6842096705883705,0.043108657020909075,0.8
urban,0.3993953480435508,0.4604268223666015,0.4534871465342393,0.2681963021271742,1.0
weather,0.9693496144198253,0.1403235197678261,0.23494671178299442,0.2009740327912396,1.0
highway,0.2725942863799854,0.28915381473529017,0.7006138184075389,0.13092640518341905,0.0
urban,0.6129773415893603,0.985633620087704,0.4411982673831819,0.2869691785683507,0.7
weather,0.6884877913115593,0.8308372511591529,0.16352555602936414,0.6927815064283436,0.9
highway,0.15015364418387522,0.32986576613037855,0.32357760403951186,0.0682404144784307,0.0
urban,0.8647139628753022,0.06706765154028893,0.32515357865362804,0.036027211971465356,0.0
weather,0.06423524805742087,0.194053880245605,0.26245988580126617,0.8549256565110712,0.1
highway,0.5470612147986262,0.4775141311329631,0.49670612969676253,0.07871556402915159,0.2
urban,0.7736366450057608,0.1452917119657816,0.23191486590831606,0.2324483299963864,0.0
weather,0.25200567121138284,0.32647272981862063,0.031129385854866378,0.4973811444092764,0.1
highway,0.8305833251144513,0.17772473179023923,0.2815538627281957,0.16817779534229702,0.0
urban,0.849477949713236,0.9514636797458197,0.28396826343536513,0.049597330194162556,0.0
weather,0.7509283935167222,0.06392316419193877,0.28587497977398163,0.527299133128794,1.0
highway,0.014723891861331495,0.3740270345440581,0.09153511748280574,0.05195018722051517,0.2
urban,0.45610539951721263,0.20562947553228128,0.3778549612461964,0.1354008098217866,1.0
weather,0.6818729434967669,0.5410678586568224,0.38429513555978856,0.11995620774819193,0.1
highway,0.8712729076173946,0.41374047987850304,0.36011771548900384,0.12002478798789931,0.0
urban,0.003716100271983991,0.26059788637177617,0.2691001957049102,0.15986210374845208,0.7
weather,0.4112273626316605,0.26879709616697756,0.3994793927365148,0.07171052088493268,0.9
highway,0.5765639634226069,0.3427362925226705,0.12039996668128794,0.02455798038084467,0.8
urban,0.8801066672064047,0.2139617308407954,0.4860210470883118,0.0428354550418694,0.7
weather,0.001314633430626433,0.8531518099690073,0.2860007875590753,0.6905385581155655,0.0
highway,0.9778959877861265,0.21721006905916473,0.15044855077321628,0.09319334963722735,0.8
urban,0.570560051740898,0.44232440336621015,0.27820956555607473,0.1552831432238475,0.3
weather,0.645916526405514,0.9859719439503437,0.019621429035117544,0.8865306707051678,0.1
highway,0.015610622257729245,0.15914869291666783,0.36802146943922565,0.07511777480198478,1.0
urban,0.18149762827084115,0.24445221025666208,0.4164245207957213,0.18432300279514974,0.7
weather,0.15367430621362066,0.6162947127307845,0.06206391157533982,0.5766733177592012,0.9
highway,0.9983069303819881,0.3474826344093195,0.30839459196514607,0.17537171660523435,0.8
urban,0.4679156319455442,0.5675357864563202,0.39560212679403556,0.1679275478787872,1.0
weather,0.22633083973707457,0.468579804375139,0.16994717082720442,0.28888729937422675,0.9
highway,0.9265998807715683,0.39870895441662435,0.6434719322457282,0.1562920291661277,0.8
urban,0.24480896141213337,0.21766587606593824,0.06834753724451814,0.16539916490769035,1.0
weather,0.4539327823035617,0.21216126293102922,0.08077526477674635,0.8591723615699336,0.0
highway,0.6815145354423379,0.17472382039181417,0.21262318961931304,0.07486723073934791,1.0
urban,0.45491014486784276,0.7954549106220818,0.19399324004766116,0.11507437576297737,0.3
weather,0.06477219952520175,0.7388274373511795,0.08461145034536549,0.39343548943686024,0.9
highway,0.8400084989239989,0.2908903054628606,0.3234273553222152,0.10324620188338283,0.2
urban,0.33591384510668953,0.13423841909374357,0.03708631514246119,0.2976515143345228,1.0
weather,0.6266250948764123,0.8213294503502435,0.20472255897544966,0.7179795340203848,0.1
highway,0.016539449289876607,0.09340394909524924,0.654905302117831,0.07515186956079259,0.8
urban,0.22483857471797453,0.4682175960879691,0.1252567365819457,0.02402764826407362,0.3
weather,0.32135230581522534,0.9895648082378068,0.06307546882925892,0.5163398188383266,0.9
highway,0.9888376327800935,0.39147888298364003,0.07140120108690695,0.17448263529734037,0.8
urban,0.6040721005990636,0.0545396606751507,0.42110504010513,0.19445041469386304,0.0
weather,0.2725731359136815,0.9155008762454153,0.3313998848577077,0.9805579409092934,0.0
highway,0.6160985621493547,0.09450853366727713,0.1918875497180953,0.13065431316654874,0.2
urban,0.5652118199572381,0.4036792825865142,0.19811007224089044,0.05801358296371656,1.0
weather,0.7211358535990435,0.25523121691856543,0.0356999006546336,0.07868365694189783,0.0
highway,0.6167380805749029,0.3129501164619961,0.29626983595446943,0.08302890077365754,0.0
urban,0.6055702738939303,0.6798728739471749,0.32146560408038,0.2583390729134344,1.0
weather,0.41770217667860565,0.5253587684736037,0.04587572712430346,0.9917142287874369,0.1
highway,0.5310031297429625,0.3414822093443436,0.6373908503732993,0.17626497789299034,0.2
urban,0.7559273449972372,0.38250173068573434,0.20558048292317455,0.20181375794603104,0.7
weather,0.38573232789983325,0.7791041873386466,0.28991572047817415,0.05952619687182248,0.9
highway,0.1308635259433787,0.3297651595149903,0.5476306513801775,0.0989271880831179,1.0
urban,0.12175199764767841,0.594473854912619,0.17244458708659166,0.010471757721932784,0.7
weather,0.5718465997863196,0.09576788619962695,0.06413785756206627,0.08546680148748131,0.9
highway,0.75659393401413,0.41121115500813865,0.21649056726611737,0.052714590183720204,1.0
urban,0.6843854245920734,0.5337699424320241,0.33349243073477297,0.07010721463292859,0.7
weather,0.6386990948831726,0.38765990055879906,0.17030464597212208,0.07532143216740483,0.0
highway,0.2751740269025832,0.23684263020168572,0.775298018397503,0.1603315525616128,0.0
urban,0.2773758133333014,0.4758925108294907,0.23538011083385113,0.1165281663683571,0.3
weather,0.3856205973860919,0.5303327560696343,0.23953360586023364,0.9358009760546209,0.1
highway,0.8904222037791651,0.13500249823250698,0.03498248830806283,0.05221335997906584,0.0
urban,0.706122278491857,0.9863629016968811,0.26101170883217434,0.24792447865466455,0.0
weather,0.1556761255419754,0.6304217481689232,0.29416561020280124,0.8596439105653961,1.0
highway,0.7229705244429748,0.20982692133550523,0.0965765807056641,0.00799722575956816,0.2
urban,0.9146651074237494,0.5751125669393615,0.36909594866224954,0.1470357708380346,0.7
weather,0.5627955352082512,0.2784824560427891,0.03825943982240268,0.16485674094655012,0.1
highway,0.721909573992304,0.4053328867417562,0.4118974783621112,0.149283846568821,0.2
urban,0.977038753616442,0.27282266888020223,0.07918651026460011,0.015611351308368115,0.0
weather,0.41104078057461146,0.16562005941017133,0.08162922336072276,0.6933950025983777,1.0
highway,0.5829529493645202,0.03476077012659773,0.047683144249763276,0.012224575065153377,1.0
urban,0.2906503293653684,0.23357908312186626,0.3679922443785398,0.0023534763721869576,0.3
weather,0.24734467114334402,0.40134800423851813,0.28754562915352433,0.8760328715212651,0.0
highway,0.65502469640509,0.22292481709935885,0.3465779878757792,0.1671848146055627,0.0
urban,0.15930748225193592,0.4838613502906203,0.10921156433152979,0.18088428920718125,0.7
weather,0.5828693611920428,0.05166217582898969,0.13477074998561536,0.7531997019142294,0.1
highway,0.15065973820766854,0.4415828389878088,0.1670401636200184,0.04455699284199204,0.8
urban,0.7477766382721007,0.39745392566702686,0.10521024187075911,0.15638124206756074,1.0
weather,0.846066420075422,0.6178152797588892,0.30064655745851077,0.21400004943611484,1.0
highway,0.591528797355373,0.36703201751155395,0.5149473515144448,0.16279679491466173,0.2
urban,0.11840158414150281,0.2506559800415695,0.06987032978217717,0.11705121458151692,1.0
weather,0.13696512380929482,0.48824112943343057,0.1035554967882018,0.7545233074255646,0.1
highway,0.20201783732239242,0.39598249598230145,0.7427766411078949,0.09526522278377268,0.8
urban,0.4569803596280049,0.32827229355815124,0.07911963133710675,0.05028427684398882,0.3
weather,0.43661456220172634,0.09242110045317864,0.3663801882049378,0.778493099453379,0.0
highway,0.7437673473735441,0.3559410426146446,0.05843099085457515,0.1120540151193946,0.0
urban,0.17244913357306846,0.02074134280620077,0.01579050607321031,0.15220964161944892,0.0
weather,0.8114530304136905,0.8285385759270494,0.2278831402279733,0.3060591982161759,0.9
highway,0.39133656268715866,0.2798075028825381,0.6849367482413092,0.1927550364414457,0.2
urban,0.46806086279546444,0.23305009852461556,0.2943218348580308,0.27695280853689896,0.7
weather,0.005634759861429139,0.029799763729583262,0.22533974494918554,0.7628334253025342,0.0
highway,0.8947104554268656,0.12426800100641816,0.09130887757816075,0.15000303584573904,0.2
urban,0.01943515518230199,0.11070568880651088,0.4059291114548889,0.24882404917449566,0.7
weather,0.05441012775017795,0.6566569566228452,0.33480311832124693,0.37331540636594096,0.1
highway,0.667361797491808,0.2570213948391021,0.36334723346484443,0.146039053232311,0.0
urban,0.41986959087030684,0.6132833468418987,0.3808374526970918,0.16371090480988454,1.0
weather,0.2587516452018195,0.30929306372303,0.0646350007032273,0.8229806253142905,0.0
highway,0.6113055170553867,0.08926645226985741,0.3761473100104902,0.093567602624943,0.2
urban,0.19840536399390396,0.7326198214622593,0.30705757723122373,0.06190166357462666,1.0
weather,0.6800610283068366,0.8972826721355218,0.05446965694462849,0.2503730507069777,0.0
highway,0.3895531356260953,0.3456749321380812,0.6950393764974039,0.08602365472153813,0.2
urban,0.359231140621723,0.29272443783977187,0.08717835382543582,0.23747217267900836,0.0
weather,0.4912387759510036,0.1944663446576944,0.2999961728566814,0.27550801993199525,0.9
highway,0.6740261791261327,0.21749208958523147,0.5587234082125524,0.011609267403700763,0.0
urban,0.7442216728093075,0.7650685743770371,0.07927798414583104,0.1778316897982596,0.0
weather,0.32366278103580026,0.4813103785582933,0.2386651627729926,0.2873536617419967,0.1
highway,0.10058565659662388,0.1983030626754862,0.507239498216864,0.1991691203432546,0.8
urban,0.7922507001640182,0.9614313123833371,0.21348309964060963,0.15380518603498283,0.3
weather,0.6139951240348172,0.21349739391099587,0.11657563332085111,0.8545465017352898,0.9
highway,0.1956985393030396,0.382281859028551,0.023502422818324042,0.0750994482643242,0.8
urban,0.10040114337560113,0.946771481436021,0.039024764199945994,0.18760692049009234,1.0
weather,0.3005911227809184,0.6566219494731291,0.3675408205035639,0.40059537410527235,0.9
highway,0.45842587404491564,0.2614791387841136,0.2398116705688813,0.17837359675021625,1.0
urban,0.1496367215089267,0.44972730832378194,0.13924600167869333,0.28294893835600476,0.0
weather,0.47849085989521845,0.5376057067264131,0.1967665679009507,0.8024182871787032,0.9
highway,0.8768479982514564,0.2637572599442724,0.33421529337075984,0.04157767082099942,0.8
urban,0.29145841765789693,0.11727176955391061,0.3268413328285677,0.25531108156050675,0.0
weather,0.9598434267385185,0.5200899376058343,0.1602797124973012,0.5214220423483239,1.0
highway,0.39996007338247397,0.3649556568961818,0.5312680049608358,0.16572122672975675,0.8
urban,0.7127180029585496,0.8819875907661296,0.18558706034455652,0.02260646886866754,1.0
weather,0.5269630658254916,0.5535587938372605,0.3629062851259271,0.6245852451511749,0.1
highway,0.2052575297362701,0.37757152505807073,0.8037519743040816,0.11059511720348797,1.0
urban,0.9627405860568448,0.07188612285220364,0.13416303448216932,0.024062312344117796,0.3
weather,0.9536564509632712,0.7836227424434298,0.26396971810362396,0.5176480890176051,0.9
highway,0.7151013387624671,0.24350769585013649,0.42533459594045275,0.08510008974939419,0.0
urban,0.8739980116130832,0.8872910017773294,0.005482958028223628,0.2658887234254199,0.7
weather,0.8606888505739895,0.14663081502758157,0.36344429511984216,0.2834677219110062,0.0
highway,0.5744337572963584,0.4065601363107097,0.7863095527102798,0.17802109468854083,0.0
urban,0.5742286143276624,0.29240290072669706,0.20113640694523083,0.22939876656877342,0.3
weather,0.499822257748589,0.3875663382998321,0.24522892395308601,0.055965557262007026,0.9
highway,0.6812556301868748,0.3228020564223137,0.7116077276050291,0.1836222677521123,0.2
urban,0.4285638378056973,0.3583676323323983,0.2202683240616891,0.1558358299552669,0.7
weather,0.3249918952635884,0.5649999711819157,0.35258991067850864,0.7911141182014395,1.0
highway,0.33848051036797766,0.3289754140597071,0.7177222547434914,0.11160979512589751,0.2
urban,0.06492362297984111,0.5301935545004733,0.4507322880723536,0.21162980870922085,1.0
weather,0.018348661673632582,0.7556817770495199,0.10613698992277328,0.3100218462161024,0.0
highway,0.6955044360155284,0.2875307794081841,0.18928286496824598,0.12066899306235068,0.2
urban,0.84942226945489,0.6158438944212358,0.14616475792131672,0.1262280623329382,0.3
weather,0.1199401838575358,0.7258936605836355,0.22788776261339427,0.533741980777665,0.9
highway,0.003504663531058272,0.013814877904207545,0.8238405151711938,0.03989253736661041,0.2
urban,0.13636565385124133,0.5893809380091738,0.28388061274054,0.2913015550918926,0.7
weather,0.23762121756042043,0.5032704481005844,0.37048564215942753,0.8150077769837577,1.0
highway,0.632932178543989,0.3600390803390011,0.16085349814928585,0.12653187518590794,1.0
urban,0.16840794901002998,0.7278558680501468,0.09186946292121395,0.15344603076265004,0.3
weather,0.4436781996554594,0.8506182085272715,0.030668952787315986,0.3555353652304085,0.1
highway,0.006128647313680791,0.23206759359936602,0.024656055706892888,0.1817385532605812,0.8
urban,0.8323331406335831,0.1115953930487984,0.46027708568986136,0.2804735383545626,0.7
weather,0.6929091515680809,0.8676188661891324,0.14658265853599187,0.04321369954999832,0.9
highway,0.6159047336665763,0.39483423139025137,0.8119879690459179,0.03878504486395478,0.2
urban,0.6891572317245083,0.9805403040313542,0.48281286141879626,0.04828110336072553,1.0
weather,0.7351839435513237,0.21583676813024888,0.33865762573307134,0.41473263637014,1.0
highway,0.9590070867644345,0.31936962814461894,0.8470469188705548,0.10801314305683436,0.8
urban,0.24651632440971505,0.5636165855983001,0.4058419498312234,0.223957704648284,0.7
weather,0.6753546270086592,0.548938678518675,0.0014043403642602483,0.04001964073900599,1.0
highway,0.8844179748446377,0.05627725368275788,0.6797405578563708,0.052056639433004696,1.0
urban,0.42053769006887654,0.09886633845601467,0.02118096597639102,0.20218333472190703,1.0
weather,0.3657158571790471,0.7263570177140827,0.1824279720416051,0.5472460421002873,0.9
highway,0.6411194650519794,0.47678611191757936,0.8396244958615607,0.0852001621004819,0.8
urban,0.17483928931557324,0.8344228458443447,0.0751074477334629,0.19761730026822188,0.0
weather,0.9276382991901473,0.4073349205032607,0.3995379308738525,0.5792200352275578,0.1
highway,0.37119223614599395,0.35251001743440585,0.38495088392854715,0.049218827219088816,0.0
urban,0.2757296369807559,0.7965485540464985,0.14410879147793348,0.05829790616213228,1.0
weather,0.9746718955162564,0.23309407086205636,0.309259440332596,0.0876067024504652,0.9
highway,0.9146957435212146,0.33722053568343424,0.4037330041049302,0.1724760769048548,1.0
urban,0.9444379623549934,0.10055695437304946,0.13592296699210116,0.2937401752553175,0.3
weather,0.6535607255451928,0.8393708635378904,0.3777951519380975,0.2729217275327368,0.9
highway,0.8563001936971452,0.441324381909752,0.29691250791543156,0.164717964834126,0.2
urban,0.34293511583670533,0.9688593354677885,0.34748373030292334,0.12039763318236718,1.0
weather,0.25299974051184704,0.9756233704823213,0.34500041635723655,0.8097983293737647,0.0
highway,0.9976503383754736,0.08205721979789515,0.054522558878279725,0.06594622142924247,0.8
urban,0.3521384835602436,0.4286478407787152,0.4121014557811272,0.22986684540121383,0.0
weather,0.7125779432472608,0.6349515157609817,0.15488714283168192,0.909040941314236,0.9
highway,0.9468960253420421,0.01603226074208558,0.04558098707818259,0.06890280111320402,0.2
urban,0.4364483988231128,0.5817912647777101,0.26103678556866655,0.09927257492340781,1.0
weather,0.6548113000303577,0.6848544791789158,0.37297838227400587,0.14679689737704904,0.9
highway,0.06641640448143493,0.2759141121117925,0.10493918032794947,0.004469357685371467,0.2
urban,0.8667868864897577,0.39424637484059444,0.46244122163384616,0.25432748943923283,1.0
weather,0.18247633109922934,0.6134574266312571,0.16478387195831956,0.6537995093336167,0.1
highway,0.6779109458462668,0.17668472977087551,0.8086080319094565,0.04716721037997423,1.0
urban,0.9530465861598449,0.2818256790996847,0.19101741520563548,0.027491461552718355,0.7
weather,0.5391993353273016,0.5105150933886485,0.06371843698843863,0.37218689706809827,1.0
highway,0.7619697445971535,0.13140713727647085,0.045229630920214925,0.00037454878383371695,0.8
urban,0.08291752071279457,0.10217232303558077,0.23511519349935756,0.15906582204513003,0.3
weather,0.9148783806173704,0.14026721345916893,0.21505938559507168,0.5931059551121646,0.9
highway,0.20560491903913336,0.2721256886377869,0.8042810935621733,0.10740181713651108,0.2
urban,0.188598931271592,0.5616325332843798,0.34640419692455027,0.15963595806141193,0.7
weather,0.8334068386803076,0.725853084338395,0.31611309414913674,0.2888167257176215,0.1
highway,0.757482324740119,0.20960000363536724,0.29730059922563934,0.09410829720919506,0.2
urban,0.3512783724511417,0.5727552332848548,0.433981884968076,0.2788045574072975,0.0
weather,0.8491366361611221,0.23564233199968698,0.37406480429871125,0.9549079089350034,0.9
highway,0.4310612442907894,0.15286149965161472,0.365377374534934,0.07938525612476277,0.0
urban,0.5586814439372337,0.8499757671095955,0.4979955254730526,0.15244719196804427,0.7
weather,0.74260132153259,0.3563935011982904,0.23271421047781016,0.09954803850888205,0.9
highway,0.8249384798173974,0.2522884839464003,0.9164683486660565,0.1256166953142871,0.2
urban,0.6501005526505539,0.9043543402503142,0.04274431867578571,0.0649848107328259,0.0
weather,0.18976355814601087,0.9265006190442213,0.012886144180149151,0.4625349432957061,1.0
highway,0.19909639407006974,0.4703226716802619,0.761541548076109,0.13924611870482875,0.0
urban,0.9819177845014142,0.7839165096792028,0.4486020654658957,0.1316286661954889,0.7
weather,0.27761250296133355,0.5703762003488236,0.1002033743543339,0.31120535932830795,1.0
highway,0.046635900461590385,0.21617386916906578,0.8274457359796132,0.004932737659602161,0.2
urban,0.4330049301124801,0.6466072368392933,0.13596476872874363,0.11523204440273765,1.0
weather,0.9622780601524632,0.23492919302914328,0.04013242128482748,0.14828253789591594,0.0
highway,0.39863433484553445,0.16958681000112202,0.43626886111556273,0.12653325076367994,1.0
urban,0.5807610919522531,0.4836804457578665,0.3644170735611517,0.13240802360568643,1.0
weather,0.43143146703748825,0.8697991535922163,0.3586039342455458,0.8360069997223499,0.9
highway,0.34685701092888954,0.0182849061814791,0.1864138471663268,0.14935408892388582,0.8
urban,0.19463403275785607,0.18419652966323619,0.1439098066880753,0.07452168157405645,0.7
weather,0.021439866623113257,0.7386526505881421,0.3835146575761632,0.8622717293529393,1.0
highway,0.6418731087954365,0.4846858388649368,0.13763899804136426,0.08372140185860988,0.8
urban,0.3170737693630582,0.5395065739842955,0.3454602850355975,0.1264019449833145,0.0
weather,0.17444656619094256,0.35287784833211855,0.1502031911049047,0.44729153987262804,1.0
highway,0.5575182646672753,0.4784442213164831,0.8790620045522501,0.08090328062302635,0.8
urban,0.7474929558814,0.4446252400615428,0.4724680226826982,0.2471431565641053,0.7
weather,0.0013336394907920157,0.32384963074584483,0.08797372553223251,0.971218789960782,0.9
highway,0.838132525605361,0.1565805714310895,0.5701032915473028,0.12968488367415648,0.2
urban,0.5364295458983578,0.8353623541788925,0.3078962760506927,0.19013652586350066,1.0
weather,0.1771938124840381,0.4642704049639603,0.008013753630886055,0.1409793369901141,1.0
highway,0.4595870058794439,0.09327895609780784,0.6363443153180893,0.10001846715644665,1.0
urban,0.4334128439251168,0.12611607074463327,0.21864800858344502,0.21962947674033947,1.0
weather,0.6815350002084708,0.3390285497439097,0.22856455721769373,0.4473798226380674,1.0
highway,0.3291191536976066,0.2857193257410087,0.24550181102747182,0.1303157855960504,1.0
urban,0.9609174315580614,0.18269481271138277,0.15562262628929846,0.1529677727192615,0.0
weather,0.1834162951757764,0.8935300018181299,0.37555685894600777,0.7804396399111774,0.0
highway,0.39275018353870994,0.17827811184417813,0.8328558086179211,0.008869372390720233,0.0
urban,0.8098716190413278,0.9841754851150772,0.4120146462183049,0.16649260045576444,0.3
weather,0.19758458582831828,0.4307166216080104,0.20068119367053963,0.9011891219546017,0.0
highway,0.9340598200844861,0.42711017148286623,0.10240061596289896,0.026305044777141996,0.2
urban,0.03555187754905509,0.9973811268138131,0.4363183438455989,0.0892031242620137,0.7
weather,0.4786867974805912,0.40607629236703335,0.3492637436757619,0.03216247497705027,1.0
highway,0.6211334068483314,0.08213183186031198,0.8459812924460132,0.16248049680626309,0.0
urban,0.588486163711026,0.5372055563862999,0.3929334283529425,0.16676132891895157,0.0
weather,0.4579094069647154,0.5671645462958707,0.35973576360736126,0.9699255735659434,0.0
highway,0.9404635188285677,0.16784707115519204,0.5298863139801888,0.13166580458462954,0.2
urban,0.43136545638800194,0.4459652704044057,0.1543038408177183,0.18220691504332312,1.0
weather,0.7007795395472368,0.6557244745924983,0.2934753837103427,0.36598690100280706,0.9
highway,0.23114034200984768,0.44449581927816617,0.0549534538686266,0.03532273851482457,0.2
urban,0.7704130148967145,0.37089031223842506,0.3652333505721853,0.1232028744848101,0.7
weather,0.6588347003588382,0.3654061309015568,0.18817289906529655,0.26655012045428694,0.0
highway,0.6940660748559568,0.38385502577875474,0.8955714790830762,0.07090884125286563,1.0
urban,0.12155662951826907,0.2149922235883912,0.01858764402482299,0.04224355862789984,0.3
weather,0.07143838300882832,0.7262864640181202,0.2044210671178306,0.7022133684083246,0.0
highway,0.7546825208681412,0.4667363959737789,0.22012942083576414,0.16727385860201727,1.0
urban,0.7146768709254209,0.3839601263173785,0.38544920215940126,0.04284297773480088,0.3
weather,0.2624563029848903,0.32859216302805483,0.043162286889190465,0.9350766159804688,0.0
highway,0.2759441474126463,0.2105356990968169,0.20228794187253796,0.07760552366830285,1.0
urban,0.778545821422689,0.85541615463118,0.21780324874048296,0.11345154433587937,0.3
weather,0.20707217539024336,0.3770354967931787,0.0032233155582140683,0.7586375839137117,0.9
highway,0.3875816674368331,0.28811470588896715,0.831435619292711,0.03767895348009845,1.0
urban,0.0036129325342386664,0.25369429508851193,0.246945676103124,0.18560620491359137,0.3
weather,0.8328430928668374,0.019231703456760174,0.04488054670625714,0.9905652127567347,1.0
highway,0.5948230994905769,0.013746444815887326,0.06470033050398849,0.14677401744256832,0.0
urban,0.6577784072381785,0.5811223999290556,0.2649495879025038,0.2530321330994221,0.0
weather,0.30036322357111367,0.5271239217776975,0.1862527686236548,0.9996696431230337,0.0
highway,0.3338420643433858,0.23562535831176407,0.026770585703127847,0.018387587184167532,1.0
urban,0.5722677888644485,0.19210763919942242,0.39672079568606616,0.010299651342855974,0.7
weather,0.6167123307671348,0.09372486605971642,0.31237327191619774,0.991507688278502,0.9
highway,0.27943517031356313,0.1205158689518055,0.49752001045344574,0.18891207405342958,0.2
urban,0.16742294774625122,0.2655356056137621,0.2227168376430151,0.2136746675532042,0.0
weather,0.4043300593475422,0.7847351140860993,0.32594680598617853,0.9273326151740112,0.9
