vehicle_id,type,ai,shockwave_factor,n_steps,condition,share,seed
f_normal.100,normal,25.215405463140755,0.188871623668333,221,baseline,0.0,1
f_normal.101,normal,37.44126887585893,0.030889216846012015,270,baseline,0.0,1
f_normal.102,normal,37.85616532054975,0.03244440859433893,244,baseline,0.0,1
f_normal.103,normal,33.081057700701244,0.03806914009765413,94,baseline,0.0,1
f_normal.104,normal,35.688754901397516,0.03964320187353505,165,baseline,0.0,1
f_normal.105,normal,23.916914796645138,0.07519386751708293,89,baseline,0.0,1
f_normal.106,normal,30.465150141135325,0.07654823546090722,273,baseline,0.0,1
f_normal.107,normal,37.050520266269906,0.0343277845466624,279,baseline,0.0,1
f_normal.108,normal,38.5906469105617,0.036879505966387637,286,baseline,0.0,1
f_normal.109,normal,38.45333492851048,0.029367217291187502,284,baseline,0.0,1
f_normal.110,normal,36.703233942466255,0.03507023613041923,281,baseline,0.0,1
f_normal.111,normal,38.48381241957992,0.039919404898275286,274,baseline,0.0,1
f_normal.112,normal,35.3175350537675,0.03269693365835577,286,baseline,0.0,1
f_normal.113,normal,24.894605741949263,0.1415746543502296,254,baseline,0.0,1
f_normal.114,normal,37.555430959812185,0.028773860876144423,286,baseline,0.0,1
f_normal.115,normal,37.88667786044045,0.029356680246274667,285,baseline,0.0,1
f_normal.116,normal,33.25011370984316,0.0551940828934271,253,baseline,0.0,1
f_normal.117,normal,34.58750567239405,0.06265782455521195,209,baseline,0.0,1
f_normal.118,normal,38.78530814488323,0.025795916210263933,283,baseline,0.0,1
f_normal.119,normal,33.37260334723067,0.06025761800699278,222,baseline,0.0,1
f_normal.120,normal,38.315761528248174,0.02915547508952326,283,baseline,0.0,1
f_normal.121,normal,25.51351131943753,0.06774852285455632,254,baseline,0.0,1
f_normal.122,normal,34.04445584626841,0.06260554832955559,251,baseline,0.0,1
f_normal.123,normal,37.900504962739355,0.03189829780395566,280,baseline,0.0,1
f_normal.124,normal,36.87044311771668,0.02896256662496709,283,baseline,0.0,1
f_normal.125,normal,37.98073295801951,0.03075354932161458,281,baseline,0.0,1
f_normal.126,normal,25.52919917684541,0.06747545236826523,50,baseline,0.0,1
f_normal.127,normal,27.528324614638738,0.1055749038287472,192,baseline,0.0,1
f_normal.128,normal,31.717427758465345,0.06963806801754942,274,baseline,0.0,1
f_normal.129,normal,38.33031591342427,0.041170661280488116,183,baseline,0.0,1
f_normal.13,normal,20.59782018404489,0.15662217299164957,33,baseline,0.0,1
f_normal.130,normal,27.707238674269558,0.12938510649516421,271,baseline,0.0,1
f_normal.131,normal,36.18570845873101,0.028282741990969817,277,baseline,0.0,1
f_normal.132,normal,37.377962603797336,0.03984794211528175,284,baseline,0.0,1
f_normal.133,normal,36.2795383228306,0.04301645327993284,289,baseline,0.0,1
f_normal.134,normal,37.03853201384394,0.035140842375836076,266,baseline,0.0,1
f_normal.135,normal,29.607080482189332,0.09274847046702431,210,baseline,0.0,1
f_normal.136,normal,38.886878791512274,0.03961973768153135,291,baseline,0.0,1
f_normal.137,normal,35.90595616263587,0.03732414199745425,284,baseline,0.0,1
f_normal.138,normal,33.111965211338756,0.09713231378641159,272,baseline,0.0,1
f_normal.139,normal,38.12917662794777,0.0419190742688301,249,baseline,0.0,1
f_normal.14,normal,32.29575404324454,0.04527358777407712,42,baseline,0.0,1
f_normal.140,normal,38.681263434585944,0.041736743230753055,275,baseline,0.0,1
f_normal.141,normal,39.83577868169652,0.03833383893977564,242,baseline,0.0,1
f_normal.142,normal,27.100324944545058,0.09345539581280002,162,baseline,0.0,1
f_normal.143,normal,33.83384923894357,0.06733788902557958,277,baseline,0.0,1
f_normal.144,normal,40.45705266971019,0.03439470727124947,225,baseline,0.0,1
f_normal.145,normal,37.73216964305788,0.041838620387760414,304,baseline,0.0,1
f_normal.146,normal,39.455604460398305,0.02857481858119096,301,baseline,0.0,1
f_normal.147,normal,29.199991703741237,0.06848444822149877,155,baseline,0.0,1
f_normal.148,normal,40.399169145879476,0.03161268491281194,299,baseline,0.0,1
f_normal.149,normal,39.95892637121326,0.030852733277495607,296,baseline,0.0,1
f_normal.15,normal,30.46646699271497,0.037703340291800586,36,baseline,0.0,1
f_normal.150,normal,40.383182933710735,0.02813595843858249,300,baseline,0.0,1
f_normal.151,normal,39.028194817565385,0.033606612777149124,301,baseline,0.0,1
f_normal.152,normal,40.10937860948615,0.031026071893334093,301,baseline,0.0,1
f_normal.153,normal,30.268881160195996,0.056865050836312256,252,baseline,0.0,1
f_normal.154,normal,41.196085631845214,0.03701388310996757,252,baseline,0.0,1
f_normal.155,normal,40.09918434408387,0.030549401166424732,300,baseline,0.0,1
f_normal.156,normal,25.026579034034455,0.06714258158148331,223,baseline,0.0,1
f_normal.157,normal,40.2343050745367,0.03188576722077925,301,baseline,0.0,1
f_normal.158,normal,40.55449315101445,0.03600375320766946,300,baseline,0.0,1
f_normal.159,normal,43.100459974099465,0.04417227072275544,266,baseline,0.0,1
f_normal.16,normal,31.22182865722046,0.03349482094861436,36,baseline,0.0,1
f_normal.160,normal,25.62529140816085,0.06528982051836833,55,baseline,0.0,1
f_normal.161,normal,37.81157610983097,0.051956638044069324,307,baseline,0.0,1
f_normal.162,normal,38.421881551561405,0.046497831596733104,308,baseline,0.0,1
f_normal.163,normal,40.68992762359512,0.03388622690626393,306,baseline,0.0,1
f_normal.164,normal,41.22132569091033,0.039687636487984554,276,baseline,0.0,1
f_normal.165,normal,26.94483424606164,0.13533098468983626,70,baseline,0.0,1
f_normal.166,normal,41.728752902613806,0.036276702106509434,328,baseline,0.0,1
f_normal.167,normal,39.21130074124445,0.03257674121594818,314,baseline,0.0,1
f_normal.168,normal,35.36418776722346,0.053162739617289685,315,baseline,0.0,1
f_normal.169,normal,37.24138892054504,0.07723670736122308,318,baseline,0.0,1
f_normal.17,normal,31.478107255753486,0.04457615139895464,39,baseline,0.0,1
f_normal.170,normal,41.46595288483748,0.03438486284271419,317,baseline,0.0,1
f_normal.171,normal,39.61118606388095,0.03064284877930763,317,baseline,0.0,1
f_normal.172,normal,39.95478321387356,0.03350225590417059,319,baseline,0.0,1
f_normal.173,normal,28.118519013175177,0.17005464562030767,240,baseline,0.0,1
f_normal.174,normal,25.098121791397233,0.06991881594674529,261,baseline,0.0,1
f_normal.175,normal,40.904352792749904,0.036094204831694544,320,baseline,0.0,1
f_normal.176,normal,24.845391968269467,0.06897082315270804,239,baseline,0.0,1
f_normal.177,normal,42.46966989627852,0.03256568488963361,326,baseline,0.0,1
f_normal.178,normal,31.96283944705635,0.06387670099141013,258,baseline,0.0,1
f_normal.179,normal,23.708270246625386,0.07525416370608513,218,baseline,0.0,1
f_normal.18,normal,32.62239929359173,0.04353286356611679,53,baseline,0.0,1
f_normal.180,normal,41.652735159348,0.027760233935548582,328,baseline,0.0,1
f_normal.181,normal,41.821803713459914,0.033228576679113254,327,baseline,0.0,1
f_normal.182,normal,41.358954559120356,0.027702202679450554,325,baseline,0.0,1
f_normal.183,normal,40.32891362589755,0.02841850749698295,325,baseline,0.0,1
f_normal.184,normal,44.129490153717114,0.033520126787215755,339,baseline,0.0,1
f_normal.185,normal,25.04384082866439,0.07719816361442791,248,baseline,0.0,1
f_normal.186,normal,41.56420227597845,0.03689561019859252,323,baseline,0.0,1
f_normal.187,normal,41.14603670111375,0.03098864042572917,321,baseline,0.0,1
f_normal.188,normal,29.464859878085925,0.06035609657559791,223,baseline,0.0,1
f_normal.189,normal,41.74931004283965,0.03713172359984033,330,baseline,0.0,1
f_normal.19,normal,32.751744012156834,0.04868365752915868,44,baseline,0.0,1
f_normal.190,normal,42.025140720066126,0.033253474145831734,337,baseline,0.0,1
f_normal.191,normal,42.29027866114294,0.0382783923442389,273,baseline,0.0,1
f_normal.192,normal,25.00889113986865,0.07229504789118248,61,baseline,0.0,1
f_normal.193,normal,41.914631247522145,0.03410621558664724,262,baseline,0.0,1
f_normal.194,normal,43.308082361358935,0.03345588032517418,340,baseline,0.0,1
f_normal.195,normal,42.53708248652673,0.032280709938268745,335,baseline,0.0,1
f_normal.196,normal,40.457123243272,0.043527746379175385,328,baseline,0.0,1
f_normal.197,normal,24.64159476002425,0.2196460103088687,254,baseline,0.0,1
f_normal.198,normal,43.90305738755427,0.033790747482537915,262,baseline,0.0,1
f_normal.199,normal,34.963661626992575,0.05576962542402972,263,baseline,0.0,1
f_normal.20,normal,32.40443734149504,0.04571644407763006,47,baseline,0.0,1
f_normal.200,normal,28.31268886481584,0.04834367465853967,265,baseline,0.0,1
f_normal.201,normal,33.683946998744695,0.08366532190627014,175,baseline,0.0,1
f_normal.202,normal,24.842449708821785,0.10648497965068887,72,baseline,0.0,1
f_normal.203,normal,41.728873740745556,0.03256463320745872,337,baseline,0.0,1
f_normal.204,normal,41.3273845612026,0.04119177693933458,339,baseline,0.0,1
f_normal.205,normal,42.26384162351869,0.035256062746001154,329,baseline,0.0,1
f_normal.206,normal,21.37034633385731,0.22720981016396546,271,baseline,0.0,1
f_normal.207,normal,44.464303204286416,0.03186022964050582,347,baseline,0.0,1
f_normal.208,normal,32.14929233831423,0.05534735080283675,262,baseline,0.0,1
f_normal.209,normal,33.12237364897328,0.06359707844014453,244,baseline,0.0,1
f_normal.21,normal,32.327440597194766,0.045708963163902695,50,baseline,0.0,1
f_normal.210,normal,43.797738974998964,0.039594913205907065,338,baseline,0.0,1
f_normal.211,normal,32.62584972565238,0.0719300575199168,224,baseline,0.0,1
f_normal.212,normal,41.27819572507155,0.03162398826774907,349,baseline,0.0,1
f_normal.213,normal,44.018493283808574,0.04060414093283232,268,baseline,0.0,1
f_normal.214,normal,42.30615673212497,0.03605079193305169,331,baseline,0.0,1
f_normal.215,normal,43.8686034099592,0.04265210679879861,317,baseline,0.0,1
f_normal.216,normal,24.166792680367717,0.08328455381784462,247,baseline,0.0,1
f_normal.217,normal,41.17797365695214,0.05130307719505531,349,baseline,0.0,1
f_normal.218,normal,46.23504009311845,0.03422291814285479,363,baseline,0.0,1
f_normal.219,normal,45.14090351200741,0.036136775793626,358,baseline,0.0,1
f_normal.22,normal,33.4111032022207,0.04426687958739124,56,baseline,0.0,1
f_normal.220,normal,44.15993861474995,0.036386271105730755,355,baseline,0.0,1
f_normal.221,normal,45.27150820372422,0.034865831081185274,360,baseline,0.0,1
f_normal.222,normal,23.61522623420119,0.10160145345261175,91,baseline,0.0,1
f_normal.223,normal,33.58321511567696,0.07565910393873558,184,baseline,0.0,1
f_normal.224,normal,45.81067905928282,0.03350926081768292,337,baseline,0.0,1
f_normal.225,normal,22.89834061146573,0.09343524504439482,271,baseline,0.0,1
f_normal.226,normal,32.17561104795825,0.0708424800629872,194,baseline,0.0,1
f_normal.227,normal,46.7350903413204,0.03566524638147115,362,baseline,0.0,1
f_normal.228,normal,44.55786379162525,0.04102590409533186,364,baseline,0.0,1
f_normal.229,normal,46.851176325094826,0.03813300604175362,262,baseline,0.0,1
f_normal.23,normal,33.43170520310634,0.048571937726504505,62,baseline,0.0,1
f_normal.230,normal,24.204782226092085,0.07645338764525121,272,baseline,0.0,1
f_normal.231,normal,24.799080154362017,0.05650480921626137,180,baseline,0.0,1
f_normal.232,normal,44.566810071204145,0.04915083540094603,347,baseline,0.0,1
f_normal.233,normal,48.70494047316602,0.023887572226213884,343,baseline,0.0,1
f_normal.234,normal,21.094939287133766,0.21952508001101662,263,baseline,0.0,1
f_normal.235,normal,48.747515449673294,0.018536212695309567,261,baseline,0.0,1
f_normal.236,normal,47.841922995885646,0.028677951345069324,346,baseline,0.0,1
f_normal.237,normal,49.82781084205743,0.019223825812974684,331,baseline,0.0,1
f_normal.238,normal,49.29219714014229,0.024295192961680624,340,baseline,0.0,1
f_normal.239,normal,34.289296094984195,0.055506300114474674,250,baseline,0.0,1
f_normal.24,normal,34.15536524923609,0.04407512458057712,67,baseline,0.0,1
f_normal.240,normal,47.92900611273971,0.02040128042301869,335,baseline,0.0,1
f_normal.241,normal,47.62576273243763,0.01862743573080128,316,baseline,0.0,1
f_normal.242,normal,45.170301617819256,0.037935458280446144,324,baseline,0.0,1
f_normal.243,normal,47.37106720691297,0.01896673980421495,323,baseline,0.0,1
f_normal.244,normal,23.11883478747995,0.06828884613089516,207,baseline,0.0,1
f_normal.245,normal,47.10284716441271,0.020026854397868735,318,baseline,0.0,1
f_normal.246,normal,46.80885456369583,0.020292226576941772,314,baseline,0.0,1
f_normal.247,normal,26.62218690423506,0.06392997426958782,273,baseline,0.0,1
f_normal.248,normal,36.55684018047676,0.08668216979884677,248,baseline,0.0,1
f_normal.249,normal,46.867037296080206,0.019988656723042383,311,baseline,0.0,1
f_normal.25,normal,33.27894568365128,0.04397128653206193,58,baseline,0.0,1
f_normal.250,normal,46.78070105880225,0.020175378732898874,306,baseline,0.0,1
f_normal.251,normal,24.850607340608782,0.07416906865566239,262,baseline,0.0,1
f_normal.252,normal,26.106041959890064,0.06990693575463552,269,baseline,0.0,1
f_normal.253,normal,46.445492589470014,0.01954134912556894,301,baseline,0.0,1
f_normal.254,normal,44.77340852347095,0.018497245358556395,282,baseline,0.0,1
f_normal.255,normal,46.31590061872246,0.020597018580007436,297,baseline,0.0,1
f_normal.256,normal,45.7949308187977,0.023588543934651006,215,baseline,0.0,1
f_normal.257,normal,35.78310341955227,0.08010104724139688,177,baseline,0.0,1
f_normal.258,normal,41.63047944884651,0.050657605473612116,285,baseline,0.0,1
f_normal.259,normal,44.76502785467134,0.019683159677170787,279,baseline,0.0,1
f_normal.26,normal,33.702721651793695,0.04382889750617358,64,baseline,0.0,1
f_normal.260,normal,25.54221471906474,0.08781494289523825,273,baseline,0.0,1
f_normal.261,normal,28.203776803109495,0.05309628048307747,278,baseline,0.0,1
f_normal.262,normal,44.772131234562664,0.02434926372401248,275,baseline,0.0,1
f_normal.263,normal,44.652928363177466,0.01921287359793045,260,baseline,0.0,1
f_normal.264,normal,36.307487486812654,0.0746111415810204,273,baseline,0.0,1
f_normal.265,normal,43.99102973966016,0.030535237582741324,263,baseline,0.0,1
f_normal.266,normal,34.28664793119298,0.14962830198074364,71,baseline,0.0,1
f_normal.267,normal,43.454223107074576,0.024120239502615843,268,baseline,0.0,1
f_normal.268,normal,25.422756464185934,0.24486227059525073,226,baseline,0.0,1
f_normal.269,normal,44.24053451939424,0.023097837566424407,263,baseline,0.0,1
f_normal.27,normal,35.47745786608635,0.054016301054615294,75,baseline,0.0,1
f_normal.270,normal,43.248898508224876,0.02052653834386764,249,baseline,0.0,1
f_normal.271,normal,43.84552370232481,0.021118373318218097,252,baseline,0.0,1
f_normal.272,normal,25.027846263048545,0.09461315602507324,159,baseline,0.0,1
f_normal.273,normal,43.84202815651078,0.021202638752034465,251,baseline,0.0,1
f_normal.274,normal,44.077411181443814,0.021689439911897142,237,baseline,0.0,1
f_normal.275,normal,44.30850685358831,0.021116142375904496,249,baseline,0.0,1
f_normal.276,normal,24.316446027780763,0.08327632291471902,224,baseline,0.0,1
f_normal.277,normal,42.921638388869994,0.0220645166783935,239,baseline,0.0,1
f_normal.278,normal,33.56367918990615,0.06132457353299074,236,baseline,0.0,1
f_normal.279,normal,34.58175246009409,0.06879828429617031,187,baseline,0.0,1
f_normal.28,normal,35.24676996156245,0.043975481710518204,70,baseline,0.0,1
f_normal.280,normal,42.73862785829339,0.02038514583158095,236,baseline,0.0,1
f_normal.281,normal,42.56258434949647,0.020089654807741802,232,baseline,0.0,1
f_normal.282,normal,24.258541516377434,0.06615973940156684,140,baseline,0.0,1
f_normal.283,normal,41.11190534085948,0.021349435255664607,229,baseline,0.0,1
f_normal.284,normal,41.16231041568843,0.02657509031584455,193,baseline,0.0,1
f_normal.285,normal,38.5547481580906,0.03215749016729843,221,baseline,0.0,1
f_normal.286,normal,23.288898097098887,0.05674191306059364,218,baseline,0.0,1
f_normal.287,normal,40.38530150321363,0.022186787873483882,190,baseline,0.0,1
f_normal.288,normal,26.00380507284057,0.04151000706225776,199,baseline,0.0,1
f_normal.29,normal,35.78932323363566,0.040494665107411995,73,baseline,0.0,1
f_normal.290,normal,42.86725952628546,0.021417105013391183,188,baseline,0.0,1
f_normal.291,normal,40.80073470171699,0.02123353756140627,203,baseline,0.0,1
f_normal.292,normal,20.074698455639677,0.0770229531572207,24,baseline,0.0,1
f_normal.293,normal,41.43828694499329,0.023858276931141197,171,baseline,0.0,1
f_normal.294,normal,39.73474353037474,0.022414217307383435,139,baseline,0.0,1
f_normal.295,normal,38.08333888576765,0.0292339974500632,196,baseline,0.0,1
f_normal.296,normal,39.44363052228282,0.02513104172188354,193,baseline,0.0,1
f_normal.297,normal,36.13492668675612,0.02550643971377623,188,baseline,0.0,1
f_normal.298,normal,38.76357755233021,0.022216404229220606,181,baseline,0.0,1
f_normal.299,normal,23.138491553394264,0.2366094242596483,178,baseline,0.0,1
f_normal.30,normal,31.70420338192974,0.058144018067487764,81,baseline,0.0,1
f_normal.300,normal,23.019103553221935,0.035174693002005035,48,baseline,0.0,1
f_normal.301,normal,39.22692948476638,0.022349396481922086,177,baseline,0.0,1
f_normal.302,normal,38.984544124988936,0.018190517262112876,182,baseline,0.0,1
f_normal.303,normal,34.186684033819304,0.016786262624272963,62,baseline,0.0,1
f_normal.304,normal,38.804229596232915,0.027140206849809705,173,baseline,0.0,1
f_normal.305,normal,38.700943864716045,0.03443735587734718,119,baseline,0.0,1
f_normal.306,normal,27.915548171824863,0.10719869600316621,164,baseline,0.0,1
f_normal.307,normal,38.494002389307276,0.023475870388184095,161,baseline,0.0,1
f_normal.308,normal,33.57231314575954,0.025172319581562765,157,baseline,0.0,1
f_normal.309,normal,35.333233573230075,0.027476689546403345,155,baseline,0.0,1
f_normal.31,normal,33.250184421272266,0.042221235943791256,83,baseline,0.0,1
f_normal.310,normal,21.095419684679808,0.03758237926621071,144,baseline,0.0,1
f_normal.311,normal,33.5364231717794,0.020799193606106513,151,baseline,0.0,1
f_normal.312,normal,20.39666178244067,0.2169047383180641,152,baseline,0.0,1
f_normal.313,normal,31.03461081482275,0.034457001170974166,139,baseline,0.0,1
f_normal.314,normal,32.13022131685942,0.020984652624819917,147,baseline,0.0,1
f_normal.315,normal,33.16971990111319,0.02586267357475565,142,baseline,0.0,1
f_normal.316,normal,34.64479177681029,0.020858981528580026,129,baseline,0.0,1
f_normal.317,normal,32.55094247749037,0.04685856983229864,112,baseline,0.0,1
f_normal.318,normal,32.93650717369653,0.02472989700620594,131,baseline,0.0,1
f_normal.319,normal,34.035300041243055,0.023808801616072572,131,baseline,0.0,1
f_normal.32,normal,26.503959805730467,0.05236622872437157,91,baseline,0.0,1
f_normal.320,normal,23.33897693413093,0.04602099120560809,101,baseline,0.0,1
f_normal.321,normal,23.41068279593687,0.04968442588398283,122,baseline,0.0,1
f_normal.322,normal,34.507769407004375,0.02670764166610624,125,baseline,0.0,1
f_normal.323,normal,33.14268577181132,0.027531299940033806,121,baseline,0.0,1
f_normal.324,normal,34.14183466001483,0.03613451232536462,118,baseline,0.0,1
f_normal.325,normal,33.54631213903568,0.023532320479338738,120,baseline,0.0,1
f_normal.326,normal,33.24923827250645,0.02546267178818435,116,baseline,0.0,1
f_normal.327,normal,30.46189413893877,0.03899477557307185,49,baseline,0.0,1
f_normal.328,normal,30.736118556083078,0.026991272565093604,113,baseline,0.0,1
f_normal.329,normal,27.866080364026672,0.02232179140154393,100,baseline,0.0,1
f_normal.33,normal,31.596244555825823,0.04510234582986621,94,baseline,0.0,1
f_normal.330,normal,23.12779577017122,0.07031781459145642,108,baseline,0.0,1
f_normal.331,normal,25.373111093670833,0.02552780665344526,61,baseline,0.0,1
f_normal.332,normal,31.82882328902868,0.022975046651492238,102,baseline,0.0,1
f_normal.333,normal,32.06499914000372,0.0229726105257559,98,baseline,0.0,1
f_normal.334,normal,23.195244794490232,0.029621631990312893,36,baseline,0.0,1
f_normal.335,normal,31.30872457799114,0.022051076369517666,93,baseline,0.0,1
f_normal.336,normal,32.08862875624969,0.02070890995021361,91,baseline,0.0,1
f_normal.337,normal,29.817003208896963,0.026108488543468547,88,baseline,0.0,1
f_normal.338,normal,26.4670497407438,0.05641973925569775,82,baseline,0.0,1
f_normal.339,normal,30.030500935358553,0.021726557343737917,82,baseline,0.0,1
f_normal.34,normal,33.41419936029742,0.04834137571648723,97,baseline,0.0,1
f_normal.340,normal,32.56007850840033,0.028298309162786712,77,baseline,0.0,1
f_normal.341,normal,32.172253632769916,0.04291608116301756,77,baseline,0.0,1
f_normal.343,normal,33.81660295429373,0.04469248751110817,35,baseline,0.0,1
f_normal.344,normal,27.77906961444863,0.06044901791374294,60,baseline,0.0,1
f_normal.345,normal,30.423059231184734,0.04059414352234865,66,baseline,0.0,1
f_normal.346,normal,32.214251628951956,0.023503707916092062,62,baseline,0.0,1
f_normal.347,normal,34.82251671790109,0.022298611447652307,62,baseline,0.0,1
f_normal.35,normal,36.15522954909986,0.04466680367516222,99,baseline,0.0,1
f_normal.350,normal,22.500948283067753,0.10950598791737354,54,baseline,0.0,1
f_normal.351,normal,25.427881874506532,0.08190271951213564,49,baseline,0.0,1
f_normal.352,normal,27.314913474056713,0.01741890515687997,48,baseline,0.0,1
f_normal.353,normal,30.35069111082127,0.019204310946851696,43,baseline,0.0,1
f_normal.354,normal,29.492635193990765,0.01380269087857072,37,baseline,0.0,1
f_normal.356,normal,33.90845110322064,0.022249896444351974,41,baseline,0.0,1
f_normal.357,normal,28.478589599249517,0.02807371726392829,36,baseline,0.0,1
f_normal.358,normal,30.834871561356785,0.00438716274314508,31,baseline,0.0,1
f_normal.36,normal,33.711900864450456,0.08958103247527668,105,baseline,0.0,1
f_normal.361,normal,31.948727305240006,0.0038717426170492577,24,baseline,0.0,1
f_normal.37,normal,32.71515398432916,0.050171498216751736,102,baseline,0.0,1
f_normal.38,normal,33.624497927982695,0.05033609513352389,107,baseline,0.0,1
f_normal.39,normal,35.02931102608284,0.04303332326793692,92,baseline,0.0,1
f_normal.40,normal,34.65423895892988,0.04548016670311845,116,baseline,0.0,1
f_normal.41,normal,36.57375039632514,0.044057198537154146,125,baseline,0.0,1
f_normal.42,normal,34.71806771151202,0.045082098770373745,113,baseline,0.0,1
f_normal.43,normal,34.238303735575336,0.0454880949521201,119,baseline,0.0,1
f_normal.44,normal,32.28500230910945,0.04609337501357888,96,baseline,0.0,1
f_normal.45,normal,30.252051723044644,0.08418489435667896,137,baseline,0.0,1
f_normal.46,normal,29.699290356108477,0.04402958067512527,130,baseline,0.0,1
f_normal.47,normal,32.960342738822774,0.040319380294492474,134,baseline,0.0,1
f_normal.48,normal,35.30130621375619,0.04139520169411174,140,baseline,0.0,1
f_normal.49,normal,33.7548205411001,0.04517596370524872,143,baseline,0.0,1
f_normal.50,normal,30.14781304341536,0.10689205935127681,119,baseline,0.0,1
f_normal.51,normal,34.56177212012187,0.03961799581428529,151,baseline,0.0,1
f_normal.52,normal,35.1621587778832,0.03858849712082489,148,baseline,0.0,1
f_normal.53,normal,36.37472300133338,0.04907541153520977,171,baseline,0.0,1
f_normal.54,normal,28.206017935218167,0.11968049397151034,159,baseline,0.0,1
f_normal.55,normal,34.057114713552245,0.04556026132365733,154,baseline,0.0,1
f_normal.56,normal,34.09406466003827,0.05031356763164455,162,baseline,0.0,1
f_normal.57,normal,30.221539104874328,0.06833189696823166,165,baseline,0.0,1
f_normal.58,normal,36.59915206298759,0.04115066317816379,189,baseline,0.0,1
f_normal.59,normal,31.771220028516915,0.06894405713286497,168,baseline,0.0,1
f_normal.60,normal,36.96924948022383,0.04857842777439923,182,baseline,0.0,1
f_normal.61,normal,35.62241577790546,0.04615839614114013,173,baseline,0.0,1
f_normal.62,normal,27.968004610892017,0.07094526359612792,177,baseline,0.0,1
f_normal.63,normal,33.8449701145299,0.07673129690900321,180,baseline,0.0,1
f_normal.64,normal,33.333809995593285,0.08031505411029749,186,baseline,0.0,1
f_normal.65,normal,36.81921584928006,0.04121190212669068,194,baseline,0.0,1
f_normal.66,normal,36.93518362488614,0.03655998080862634,200,baseline,0.0,1
f_normal.67,normal,36.75719141881675,0.035616049135546696,202,baseline,0.0,1
f_normal.68,normal,26.257531710996638,0.07056264737946145,192,baseline,0.0,1
f_normal.69,normal,36.606372168164576,0.04143315707461823,206,baseline,0.0,1
f_normal.70,normal,33.455885230389384,0.05980203938825579,133,baseline,0.0,1
f_normal.71,normal,36.15149676616996,0.03760208220582377,209,baseline,0.0,1
f_normal.72,normal,35.078537482694415,0.035038421769974244,218,baseline,0.0,1
f_normal.73,normal,36.85850078324016,0.032024292235922805,221,baseline,0.0,1
f_normal.74,normal,28.5250774907325,0.0681704914050032,214,baseline,0.0,1
f_normal.75,normal,31.722040188535363,0.05062213673993955,68,baseline,0.0,1
f_normal.76,normal,36.572112878235544,0.03108365311081779,157,baseline,0.0,1
f_normal.77,normal,31.536986568807457,0.05963344962410345,228,baseline,0.0,1
f_normal.78,normal,35.449279785333125,0.03187066247535665,160,baseline,0.0,1
f_normal.79,normal,34.32884240488885,0.03191296878718983,239,baseline,0.0,1
f_normal.80,normal,28.741928736301393,0.06736420659032027,236,baseline,0.0,1
f_normal.81,normal,35.820324846051314,0.03386659108102036,244,baseline,0.0,1
f_normal.82,normal,29.445223806355475,0.0350627573603169,129,baseline,0.0,1
f_normal.83,normal,34.6776583839002,0.03127041627431175,259,baseline,0.0,1
f_normal.84,normal,34.78525802995999,0.033998860079703715,248,baseline,0.0,1
f_normal.85,normal,34.860776314281544,0.03344424312150132,250,baseline,0.0,1
f_normal.86,normal,35.59343622375842,0.032319535382994015,256,baseline,0.0,1
f_normal.87,normal,26.371891382135594,0.17006121574967967,253,baseline,0.0,1
f_normal.88,normal,26.7264894453951,0.04777762056847441,251,baseline,0.0,1
f_normal.89,normal,29.27622830607921,0.05949494492149015,254,baseline,0.0,1
f_normal.90,normal,36.37117381520313,0.03936617270355875,267,baseline,0.0,1
f_normal.91,normal,36.85829556975717,0.036356794496282124,275,baseline,0.0,1
f_normal.92,normal,36.282590713932706,0.028276582141532506,268,baseline,0.0,1
f_normal.93,normal,37.16687865869344,0.03375994094325585,279,baseline,0.0,1
f_normal.94,normal,26.295076249016432,0.0668753465223641,253,baseline,0.0,1
f_normal.95,normal,36.477974668761526,0.0302261792050658,271,baseline,0.0,1
f_normal.96,normal,33.50557054401743,0.062320247958518205,247,baseline,0.0,1
f_normal.97,normal,37.107530556269154,0.03251459507294333,273,baseline,0.0,1
f_normal.98,normal,36.64496661511705,0.03456650017614636,274,baseline,0.0,1
f_normal.99,normal,36.17490378767374,0.0555998790470328,242,baseline,0.0,1
f_normal.10,normal,33.22806596616414,0.0509726862100775,46,baseline,0.0,2
f_normal.100,normal,39.00428631136376,0.03152385198875831,296,baseline,0.0,2
f_normal.101,normal,38.75732645606245,0.03139911945641552,299,baseline,0.0,2
f_normal.102,normal,24.25553868009867,0.20228278176536105,255,baseline,0.0,2
f_normal.103,normal,39.77157267872877,0.036770722465190184,302,baseline,0.0,2
f_normal.104,normal,39.70299679477943,0.03382421729150238,307,baseline,0.0,2
f_normal.105,normal,24.314441908572732,0.07868970409953553,140,baseline,0.0,2
f_normal.106,normal,37.91697311551937,0.03235758379322796,309,baseline,0.0,2
f_normal.107,normal,35.0661795212837,0.06246346876890531,261,baseline,0.0,2
f_normal.108,normal,36.85728122458251,0.030226947074450672,307,baseline,0.0,2
f_normal.109,normal,38.971337841523685,0.03299768579933666,309,baseline,0.0,2
f_normal.11,normal,31.560877581981647,0.03534270937082483,38,baseline,0.0,2
f_normal.110,normal,34.47520332029637,0.044528997301790454,74,baseline,0.0,2
f_normal.111,normal,39.542723273880235,0.029226653336151685,299,baseline,0.0,2
f_normal.112,normal,39.2431873612162,0.032673601741068786,306,baseline,0.0,2
f_normal.113,normal,39.12631204078855,0.03243792981688935,289,baseline,0.0,2
f_normal.114,normal,39.750619464771844,0.03026410201607342,313,baseline,0.0,2
f_normal.115,normal,25.039671926791787,0.21571544442070592,252,baseline,0.0,2
f_normal.116,normal,39.04399165170771,0.029422290372112567,313,baseline,0.0,2
f_normal.117,normal,39.014696680911655,0.036404235907909276,301,baseline,0.0,2
f_normal.118,normal,40.424680750293646,0.038436743870969445,242,baseline,0.0,2
f_normal.119,normal,28.99724358996747,0.07339124339628755,202,baseline,0.0,2
f_normal.12,normal,32.68389152501381,0.05133863592426794,42,baseline,0.0,2
f_normal.120,normal,30.39005173487463,0.07784705930056093,260,baseline,0.0,2
f_normal.121,normal,36.57956767331442,0.05159767673728639,314,baseline,0.0,2
f_normal.122,normal,39.122387563946596,0.02817932862103899,312,baseline,0.0,2
f_normal.123,normal,27.86564041697718,0.0770314178749334,174,baseline,0.0,2
f_normal.124,normal,39.44686389514312,0.03235237836924488,310,baseline,0.0,2
f_normal.125,normal,39.9539417758368,0.029795461397908063,315,baseline,0.0,2
f_normal.126,normal,26.307848794297616,0.09827909187028484,73,baseline,0.0,2
f_normal.127,normal,24.359256658988,0.19224117924562054,266,baseline,0.0,2
f_normal.128,normal,37.12680507866234,0.05869173353226293,330,baseline,0.0,2
f_normal.129,normal,40.084044862804085,0.035002056303426066,237,baseline,0.0,2
f_normal.13,normal,32.98047747257444,0.047106771493755646,49,baseline,0.0,2
f_normal.130,normal,33.72559834285239,0.04981331622405738,114,baseline,0.0,2
f_normal.131,normal,41.74040463982572,0.02849235572688831,328,baseline,0.0,2
f_normal.132,normal,20.92795486505382,0.20829533386804439,272,baseline,0.0,2
f_normal.133,normal,42.364100094477735,0.0327145073706588,331,baseline,0.0,2
f_normal.134,normal,42.31214597119368,0.03418306203998471,333,baseline,0.0,2
f_normal.135,normal,43.94618332094291,0.030545589653371463,342,baseline,0.0,2
f_normal.136,normal,33.82361486229507,0.0545360570269484,257,baseline,0.0,2
f_normal.137,normal,42.22864078060531,0.03693814033492889,334,baseline,0.0,2
f_normal.138,normal,33.61261238554109,0.056193253437101486,277,baseline,0.0,2
f_normal.139,normal,43.592785405816166,0.029639975740170545,341,baseline,0.0,2
f_normal.14,normal,33.481683148787965,0.044610899426966014,51,baseline,0.0,2
f_normal.140,normal,32.549425338442305,0.06119245258819514,277,baseline,0.0,2
f_normal.141,normal,43.34345514012961,0.02837446823460866,340,baseline,0.0,2
f_normal.142,normal,35.12239277678619,0.0584027906951967,253,baseline,0.0,2
f_normal.143,normal,43.97232723366246,0.031902378740759164,338,baseline,0.0,2
f_normal.144,normal,44.01309906040049,0.031312374825775084,329,baseline,0.0,2
f_normal.145,normal,35.85607551791759,0.07953492921049819,188,baseline,0.0,2
f_normal.146,normal,43.208555572629884,0.03242325914364524,340,baseline,0.0,2
f_normal.147,normal,26.46410263369389,0.09087183606046861,197,baseline,0.0,2
f_normal.148,normal,44.378431947592524,0.030885847072957048,321,baseline,0.0,2
f_normal.149,normal,42.950483696117296,0.033681699146342135,342,baseline,0.0,2
f_normal.15,normal,34.27698406543324,0.04495577882890069,59,baseline,0.0,2
f_normal.150,normal,45.23134823411956,0.03366111766792941,329,baseline,0.0,2
f_normal.151,normal,41.08671416253461,0.035633589481932654,342,baseline,0.0,2
f_normal.152,normal,24.540465523216604,0.06871885471890514,177,baseline,0.0,2
f_normal.153,normal,43.36573533953168,0.029902567399095137,339,baseline,0.0,2
f_normal.154,normal,43.756367662909554,0.02812993263411894,341,baseline,0.0,2
f_normal.155,normal,24.668687430293986,0.0699177275217216,177,baseline,0.0,2
f_normal.156,normal,43.68778529109458,0.029162228554108285,339,baseline,0.0,2
f_normal.157,normal,43.43585727396234,0.028696568821881856,341,baseline,0.0,2
f_normal.158,normal,43.127798651017095,0.025897812767332006,338,baseline,0.0,2
f_normal.159,normal,23.453280295709558,0.07697144460594645,253,baseline,0.0,2
f_normal.16,normal,33.7356068668976,0.04301267629765925,54,baseline,0.0,2
f_normal.160,normal,30.47733941424613,0.05419946138998897,261,baseline,0.0,2
f_normal.161,normal,43.74279009471949,0.026533744473637117,339,baseline,0.0,2
f_normal.162,normal,34.268598555921855,0.05236581427089065,253,baseline,0.0,2
f_normal.163,normal,44.14275889710821,0.026343056576313473,338,baseline,0.0,2
f_normal.164,normal,44.07650068669446,0.025184823000427767,339,baseline,0.0,2
f_normal.165,normal,44.0662597354725,0.026086618541600545,269,baseline,0.0,2
f_normal.166,normal,36.03523227205319,0.07140040504596737,203,baseline,0.0,2
f_normal.167,normal,22.976445012318386,0.07094123202135572,260,baseline,0.0,2
f_normal.168,normal,43.06509372505523,0.028678637741784276,333,baseline,0.0,2
f_normal.169,normal,35.60846015328132,0.054959385774012944,193,baseline,0.0,2
f_normal.17,normal,33.71118940819103,0.041685259410278855,57,baseline,0.0,2
f_normal.170,normal,44.30463699022569,0.03234646852081535,330,baseline,0.0,2
f_normal.171,normal,44.720870698659205,0.038202776945814615,300,baseline,0.0,2
f_normal.172,normal,41.54613651776643,0.04295191398285954,328,baseline,0.0,2
f_normal.173,normal,24.483544489832628,0.0773422137390663,164,baseline,0.0,2
f_normal.174,normal,44.309257650049446,0.03027826403180739,340,baseline,0.0,2
f_normal.175,normal,42.97059975928978,0.028714016175697705,337,baseline,0.0,2
f_normal.176,normal,24.576012039937556,0.06611507153049424,236,baseline,0.0,2
f_normal.177,normal,43.88460521477645,0.03423138604655923,340,baseline,0.0,2
f_normal.178,normal,44.65326086765921,0.03406340457731649,337,baseline,0.0,2
f_normal.179,normal,22.931182748366723,0.09642702350788208,44,baseline,0.0,2
f_normal.18,normal,34.37148530153902,0.04485339788815136,62,baseline,0.0,2
f_normal.180,normal,44.806944663855866,0.03457101257422921,264,baseline,0.0,2
f_normal.181,normal,40.81668949374753,0.05437830419803105,344,baseline,0.0,2
f_normal.182,normal,43.05096983477524,0.0290058957518125,343,baseline,0.0,2
f_normal.183,normal,40.85663438712026,0.033103283826794026,233,baseline,0.0,2
f_normal.184,normal,43.900769950712316,0.03083050972094034,348,baseline,0.0,2
f_normal.185,normal,40.771352188368,0.03752877115357166,351,baseline,0.0,2
f_normal.186,normal,39.634334210850305,0.08364965873145379,357,baseline,0.0,2
f_normal.187,normal,42.78725302548612,0.03061929658120429,352,baseline,0.0,2
f_normal.188,normal,26.811363767035573,0.16001034002433476,75,baseline,0.0,2
f_normal.189,normal,44.02275605765183,0.033911951892708375,357,baseline,0.0,2
f_normal.19,normal,38.22009570426701,0.05124779549067555,65,baseline,0.0,2
f_normal.190,normal,43.51905999497792,0.03331274104213188,353,baseline,0.0,2
f_normal.191,normal,44.50354004367521,0.032265991294031446,355,baseline,0.0,2
f_normal.192,normal,24.749152827273935,0.1497523489993262,145,baseline,0.0,2
f_normal.193,normal,44.04688130617619,0.03240267440814854,359,baseline,0.0,2
f_normal.194,normal,45.32644711990497,0.03193734441955754,368,baseline,0.0,2
f_normal.195,normal,44.99973859896006,0.03522357124873397,365,baseline,0.0,2
f_normal.196,normal,40.83709272438372,0.04383392146828779,252,baseline,0.0,2
f_normal.197,normal,44.93412211195912,0.03456653261427584,365,baseline,0.0,2
f_normal.198,normal,45.885969994000696,0.029117797387949413,378,baseline,0.0,2
f_normal.199,normal,23.79731319842157,0.1954660413707036,263,baseline,0.0,2
f_normal.20,normal,35.14157347058638,0.05636776537755566,68,baseline,0.0,2
f_normal.200,normal,45.312946951895725,0.029581065213846083,375,baseline,0.0,2
f_normal.201,normal,21.87810874658953,0.07754162307163863,191,baseline,0.0,2
f_normal.202,normal,45.939902766685094,0.02879431163549545,375,baseline,0.0,2
f_normal.203,normal,45.57962511249633,0.03602158705167298,369,baseline,0.0,2
f_normal.204,normal,44.6006954155953,0.0324820992565562,371,baseline,0.0,2
f_normal.205,normal,24.09589739503531,0.07069865521709881,253,baseline,0.0,2
f_normal.206,normal,45.82714143929754,0.03578676733357341,375,baseline,0.0,2
f_normal.207,normal,47.576355228252645,0.03188759026327157,387,baseline,0.0,2
f_normal.208,normal,34.86747480232346,0.0698024092976219,189,baseline,0.0,2
f_normal.209,normal,46.68797617382001,0.02998742741832696,375,baseline,0.0,2
f_normal.21,normal,35.1063994421589,0.06508587816305725,75,baseline,0.0,2
f_normal.210,normal,45.0402092943411,0.033220174269319905,378,baseline,0.0,2
f_normal.211,normal,23.975328764897142,0.06675869122357798,43,baseline,0.0,2
f_normal.212,normal,46.233391960633334,0.0352383401503327,378,baseline,0.0,2
f_normal.213,normal,48.19566662361914,0.03088930466626052,392,baseline,0.0,2
f_normal.214,normal,22.669009084073274,0.2376877082160888,253,baseline,0.0,2
f_normal.215,normal,47.41048007879088,0.03251191939949937,389,baseline,0.0,2
f_normal.216,normal,29.883677262457564,0.057429880748443886,198,baseline,0.0,2
f_normal.217,normal,48.58219642120675,0.035162634198093505,375,baseline,0.0,2
f_normal.218,normal,32.09179944061616,0.07592685208317144,183,baseline,0.0,2
f_normal.219,normal,46.86394464794711,0.033470918409546656,390,baseline,0.0,2
f_normal.22,normal,38.18067601681336,0.059435802457986964,80,baseline,0.0,2
f_normal.220,normal,48.04008244240589,0.033477462602134904,318,baseline,0.0,2
f_normal.221,normal,46.07012912314757,0.03925137967412906,371,baseline,0.0,2
f_normal.222,normal,24.44252455147508,0.08566537010078205,247,baseline,0.0,2
f_normal.223,normal,48.16867315695694,0.029304384148311696,376,baseline,0.0,2
f_normal.224,normal,48.42778888524017,0.030346520951565314,372,baseline,0.0,2
f_normal.225,normal,49.50916569765622,0.027920647322944196,371,baseline,0.0,2
f_normal.226,normal,48.75915847886697,0.0268794222057499,369,baseline,0.0,2
f_normal.227,normal,23.358425714155903,0.09031017299479703,268,baseline,0.0,2
f_normal.228,normal,47.96286624537131,0.02522157379226412,363,baseline,0.0,2
f_normal.229,normal,48.1630601217226,0.024422263918301917,357,baseline,0.0,2
f_normal.23,normal,38.28686177371474,0.05905355812241613,87,baseline,0.0,2
f_normal.230,normal,27.474524608571514,0.05255877525858348,271,baseline,0.0,2
f_normal.231,normal,28.08184459342905,0.061266212884657834,275,baseline,0.0,2
f_normal.232,normal,25.531365317286756,0.06578371910053425,259,baseline,0.0,2
f_normal.233,normal,49.04149636649,0.01995578633498478,355,baseline,0.0,2
f_normal.234,normal,47.837773518042,0.021477783951227427,351,baseline,0.0,2
f_normal.235,normal,30.26885195142085,0.05869299208404327,268,baseline,0.0,2
f_normal.236,normal,47.47931554064266,0.01964401471478271,347,baseline,0.0,2
f_normal.237,normal,35.284093917021906,0.05067358464021384,141,baseline,0.0,2
f_normal.238,normal,47.633122866801706,0.019226273286307986,341,baseline,0.0,2
f_normal.239,normal,48.309455548572636,0.024500237941121963,263,baseline,0.0,2
f_normal.24,normal,38.220959532942125,0.06939523053397703,71,baseline,0.0,2
f_normal.240,normal,48.50375424612168,0.027111767581256486,236,baseline,0.0,2
f_normal.241,normal,42.65091124019789,0.05805804016313896,330,baseline,0.0,2
f_normal.242,normal,46.84119467126222,0.02241303388404575,328,baseline,0.0,2
f_normal.243,normal,46.15196419640389,0.02198439337595641,325,baseline,0.0,2
f_normal.244,normal,46.23554111975206,0.020849446117965156,320,baseline,0.0,2
f_normal.245,normal,23.623369302058105,0.23789635662719727,269,baseline,0.0,2
f_normal.246,normal,32.304809580974975,0.06174791931910482,269,baseline,0.0,2
f_normal.247,normal,46.59594700515953,0.01662194822966618,317,baseline,0.0,2
f_normal.248,normal,30.2515182943096,0.059023754822992894,276,baseline,0.0,2
f_normal.249,normal,31.02836490133806,0.0805624663145199,177,baseline,0.0,2
f_normal.25,normal,39.04576759294032,0.047581584237089865,93,baseline,0.0,2
f_normal.250,normal,45.19122424310945,0.0188722557219462,313,baseline,0.0,2
f_normal.251,normal,46.29527931321597,0.018672193073371948,310,baseline,0.0,2
f_normal.252,normal,45.23420334028763,0.01968452991853426,304,baseline,0.0,2
f_normal.253,normal,21.916974203472584,0.10570988037135622,277,baseline,0.0,2
f_normal.254,normal,31.71851337992656,0.05823734200965144,219,baseline,0.0,2
f_normal.255,normal,46.11760340230893,0.017582468047306992,299,baseline,0.0,2
f_normal.256,normal,46.09239767268684,0.01971352462806428,293,baseline,0.0,2
f_normal.257,normal,46.597492178985924,0.02283930064419258,263,baseline,0.0,2
f_normal.258,normal,24.64869584495234,0.06962883765617821,239,baseline,0.0,2
f_normal.259,normal,25.960670734296894,0.07162005039708744,262,baseline,0.0,2
f_normal.26,normal,34.38695641968944,0.10432562761585254,77,baseline,0.0,2
f_normal.260,normal,44.581010084814245,0.027246858302737886,288,baseline,0.0,2
f_normal.261,normal,43.560317073072866,0.021215568589505705,283,baseline,0.0,2
f_normal.262,normal,45.5373014991408,0.018979565768529435,279,baseline,0.0,2
f_normal.263,normal,24.01392526800414,0.10812210990313811,102,baseline,0.0,2
f_normal.264,normal,45.49779826008219,0.020431812391168397,273,baseline,0.0,2
f_normal.265,normal,45.91627431225494,0.022665343251076536,270,baseline,0.0,2
f_normal.266,normal,22.477063819441096,0.12025071107139719,29,baseline,0.0,2
f_normal.267,normal,45.79822749511641,0.02016784179698739,268,baseline,0.0,2
f_normal.268,normal,45.27898588888429,0.021896345997686282,262,baseline,0.0,2
f_normal.269,normal,46.759081678554445,0.02436186837169065,256,baseline,0.0,2
f_normal.27,normal,39.351606675978886,0.04076363212293458,96,baseline,0.0,2
f_normal.270,normal,45.73942658671991,0.025007613799969252,261,baseline,0.0,2
f_normal.271,normal,44.661175241222,0.026072265102449428,255,baseline,0.0,2
f_normal.272,normal,44.47010695588853,0.01993435228585817,252,baseline,0.0,2
f_normal.273,normal,44.25411641459882,0.020193188090041208,250,baseline,0.0,2
f_normal.275,normal,42.56296874033736,0.0264151367886163,244,baseline,0.0,2
f_normal.276,normal,44.76306672437109,0.027458193663823686,195,baseline,0.0,2
f_normal.277,normal,19.402182490692045,0.2645221667599425,231,baseline,0.0,2
f_normal.278,normal,39.057932556404836,0.04520950377388089,237,baseline,0.0,2
f_normal.279,normal,42.77006236075265,0.02321302557810275,232,baseline,0.0,2
f_normal.28,normal,30.035945275460108,0.08656980683174807,84,baseline,0.0,2
f_normal.280,normal,20.58670170001675,0.043864444665025294,226,baseline,0.0,2
f_normal.281,normal,43.69971375574612,0.022067936576275392,223,baseline,0.0,2
f_normal.282,normal,43.36246811850544,0.01882389783862668,225,baseline,0.0,2
f_normal.283,normal,32.83342362931072,0.04811205699365247,222,baseline,0.0,2
f_normal.284,normal,43.270969042729924,0.020829077419497372,220,baseline,0.0,2
f_normal.285,normal,43.05432591992973,0.019082721167158763,217,baseline,0.0,2
f_normal.286,normal,24.942424639180064,0.04236257640933106,220,baseline,0.0,2
f_normal.287,normal,30.618640231775224,0.0677311906795696,198,baseline,0.0,2
f_normal.288,normal,42.327806611208516,0.019662081889120164,212,baseline,0.0,2
f_normal.289,normal,42.71079380306317,0.02219216981317671,207,baseline,0.0,2
f_normal.29,normal,39.28578246416487,0.038900096972679044,101,baseline,0.0,2
f_normal.290,normal,20.978837985635472,0.022394098584670754,30,baseline,0.0,2
f_normal.291,normal,43.1750249474734,0.028261820602810545,190,baseline,0.0,2
f_normal.292,normal,41.708593198618665,0.02987305169359004,143,baseline,0.0,2
f_normal.293,normal,36.21902538530478,0.05919535330480472,198,baseline,0.0,2
f_normal.295,normal,40.750804319891145,0.025645565166716646,193,baseline,0.0,2
f_normal.296,normal,40.91212112203074,0.023045025993594252,175,baseline,0.0,2
f_normal.297,normal,41.43494249001947,0.02020764460595603,188,baseline,0.0,2
f_normal.298,normal,39.57376920575172,0.02397261207660505,185,baseline,0.0,2
f_normal.299,normal,40.64850707983,0.024310352632942022,179,baseline,0.0,2
f_normal.3,normal,30.314907396378047,0.044399486181628124,22,baseline,0.0,2
f_normal.30,normal,39.366677392402,0.03724905730104454,99,baseline,0.0,2
f_normal.300,normal,22.122166079746883,0.2567455770672912,180,baseline,0.0,2
f_normal.301,normal,29.36180242781965,0.045925380623614835,179,baseline,0.0,2
f_normal.302,normal,40.58084803744746,0.022662144625233884,177,baseline,0.0,2
f_normal.303,normal,33.79163370234603,0.05264879190864465,174,baseline,0.0,2
f_normal.304,normal,40.99582903564802,0.02810459061511177,162,baseline,0.0,2
f_normal.305,normal,34.75400314497775,0.08513482683971116,94,baseline,0.0,2
f_normal.306,normal,41.16652650276352,0.021910941891079824,110,baseline,0.0,2
f_normal.307,normal,19.533744877207525,0.1096342843377312,150,baseline,0.0,2
f_normal.308,normal,35.982257663956865,0.0438598969308855,159,baseline,0.0,2
f_normal.309,normal,21.951758987406738,0.04636390865941105,154,baseline,0.0,2
f_normal.31,normal,36.21220797520232,0.05929507869776277,56,baseline,0.0,2
f_normal.310,normal,40.55776444226966,0.023889776835928463,104,baseline,0.0,2
f_normal.311,normal,39.30442400872689,0.021723042122193722,157,baseline,0.0,2
f_normal.312,normal,40.42580245038857,0.023443733316541038,140,baseline,0.0,2
f_normal.313,normal,32.64632171336077,0.06260661267231522,143,baseline,0.0,2
f_normal.314,normal,40.00893098862589,0.01992577175625555,146,baseline,0.0,2
f_normal.315,normal,39.73827531240521,0.026552667732493474,140,baseline,0.0,2
f_normal.316,normal,35.08116750715287,0.08104654582136624,78,baseline,0.0,2
f_normal.317,normal,39.790972891896466,0.028585537857865512,134,baseline,0.0,2
f_normal.318,normal,23.932493095241043,0.0789907859454468,73,baseline,0.0,2
f_normal.319,normal,24.873381862561114,0.08259385250057895,40,baseline,0.0,2
f_normal.32,normal,39.251638220266756,0.05109441851753395,111,baseline,0.0,2
f_normal.320,normal,35.990747496685366,0.03151008934975544,129,baseline,0.0,2
f_normal.321,normal,38.956175951082635,0.03070285680970926,125,baseline,0.0,2
f_normal.322,normal,38.17009589411936,0.03567013908915257,85,baseline,0.0,2
f_normal.323,normal,22.36016595588288,0.10435959291135394,107,baseline,0.0,2
f_normal.324,normal,30.061962042492446,0.04996273360983959,119,baseline,0.0,2
f_normal.325,normal,27.93866177687235,0.03719188757471306,114,baseline,0.0,2
f_normal.326,normal,34.143436039096535,0.02182991680824181,114,baseline,0.0,2
f_normal.327,normal,34.949882185359634,0.025683736024133912,110,baseline,0.0,2
f_normal.328,normal,33.20492100792866,0.027549048458666438,41,baseline,0.0,2
f_normal.329,normal,34.84910708238921,0.025953063720364718,108,baseline,0.0,2
f_normal.33,normal,39.39104754172667,0.03737423679006307,104,baseline,0.0,2
f_normal.330,normal,35.955071841176,0.020073537588412196,106,baseline,0.0,2
f_normal.331,normal,33.123588011243406,0.0213200278026861,100,baseline,0.0,2
f_normal.332,normal,26.01143795429416,0.06981333765492588,94,baseline,0.0,2
f_normal.333,normal,29.48622433716012,0.035868856894527276,95,baseline,0.0,2
f_normal.334,normal,33.314063932684704,0.022199089919454688,97,baseline,0.0,2
f_normal.335,normal,33.318227591785956,0.024802772198882456,93,baseline,0.0,2
f_normal.337,normal,33.31275443157191,0.02355170477139629,90,baseline,0.0,2
f_normal.338,normal,32.825891590732226,0.02567872710864572,83,baseline,0.0,2
f_normal.339,normal,34.28155227740539,0.029293364333987014,82,baseline,0.0,2
f_normal.34,normal,40.58064119904495,0.04953872764368742,114,baseline,0.0,2
f_normal.340,normal,20.40343690542909,0.14368150682490877,70,baseline,0.0,2
f_normal.341,normal,33.76897793847826,0.018243511757795646,78,baseline,0.0,2
f_normal.342,normal,32.26656106943621,0.025689694393054324,73,baseline,0.0,2
f_normal.343,normal,28.60235075424694,0.0204638495753044,63,baseline,0.0,2
f_normal.344,normal,34.51379549813388,0.025061562745381447,72,baseline,0.0,2
f_normal.345,normal,34.14895182148233,0.021470703416716086,66,baseline,0.0,2
f_normal.346,normal,39.121046384086156,0.0097901701890183,56,baseline,0.0,2
f_normal.347,normal,33.85322490486461,0.037622336159487,41,baseline,0.0,2
f_normal.348,normal,28.56670249965758,0.013667651798838786,46,baseline,0.0,2
f_normal.349,normal,30.143528625529875,0.020406426733717536,55,baseline,0.0,2
f_normal.35,normal,39.41585438099503,0.0450983002359812,107,baseline,0.0,2
f_normal.350,normal,31.46765939352083,0.014755586890429955,52,baseline,0.0,2
f_normal.351,normal,33.66522898415673,0.015389469121250984,50,baseline,0.0,2
f_normal.352,normal,35.92207064449397,0.021099256667304594,48,baseline,0.0,2
f_normal.355,normal,21.787364269765984,0.17840307440315523,39,baseline,0.0,2
f_normal.356,normal,38.89260963248385,0.022054723886261857,33,baseline,0.0,2
f_normal.357,normal,26.780962205784896,0.039239469166617365,29,baseline,0.0,2
f_normal.358,normal,32.042875606401566,0.037596985574636296,27,baseline,0.0,2
f_normal.359,normal,30.164546993137172,0.012254412949002681,24,baseline,0.0,2
f_normal.36,normal,40.39526671588452,0.04075492874850468,122,baseline,0.0,2
f_normal.360,normal,28.767375555479003,0.09736961034392419,22,baseline,0.0,2
f_normal.362,normal,30.722661642941443,0.01941702238874763,20,baseline,0.0,2
f_normal.37,normal,40.31806197247388,0.04153145487286084,120,baseline,0.0,2
f_normal.38,normal,40.42464122025585,0.04294204582740214,132,baseline,0.0,2
f_normal.39,normal,41.09254087684808,0.03905606294402723,135,baseline,0.0,2
f_normal.4,normal,32.184159922892185,0.03688643433305764,28,baseline,0.0,2
f_normal.40,normal,29.053351434831605,0.1972961877498924,117,baseline,0.0,2
f_normal.41,normal,40.61689786325707,0.04451976787783509,138,baseline,0.0,2
f_normal.42,normal,28.149567431540365,0.07158407976494618,125,baseline,0.0,2
f_normal.43,normal,42.360923649464056,0.0436696419519461,144,baseline,0.0,2
f_normal.44,normal,40.868167703048734,0.037981662932895885,147,baseline,0.0,2
f_normal.45,normal,33.2779956291199,0.06515600137960612,76,baseline,0.0,2
f_normal.46,normal,40.58279035629129,0.03799329135807891,150,baseline,0.0,2
f_normal.47,normal,40.990169116815295,0.039871136491002615,146,baseline,0.0,2
f_normal.48,normal,23.492395371783406,0.060091028328811934,57,baseline,0.0,2
f_normal.49,normal,42.39925788597859,0.03751145768739116,155,baseline,0.0,2
f_normal.5,normal,31.158451578241838,0.04336574180012903,25,baseline,0.0,2
f_normal.50,normal,41.180066774978194,0.03563994163786886,158,baseline,0.0,2
f_normal.51,normal,40.662085232322184,0.037376300507327584,145,baseline,0.0,2
f_normal.52,normal,40.904173885431234,0.03716134520697072,161,baseline,0.0,2
f_normal.53,normal,35.07482830112914,0.052893212021063556,168,baseline,0.0,2
f_normal.54,normal,36.08453922334946,0.03528520315126732,144,baseline,0.0,2
f_normal.55,normal,39.00129083668505,0.04104020751809582,173,baseline,0.0,2
f_normal.56,normal,31.69735474788341,0.11041206558869929,206,baseline,0.0,2
f_normal.57,normal,38.27233677891842,0.04092860829331983,174,baseline,0.0,2
f_normal.58,normal,35.744449092195936,0.0450767141301624,188,baseline,0.0,2
f_normal.59,normal,29.96036983569755,0.1185519599121993,181,baseline,0.0,2
f_normal.6,normal,32.36044276772422,0.038154447190335464,31,baseline,0.0,2
f_normal.60,normal,39.265074703501575,0.040026582203365836,196,baseline,0.0,2
f_normal.61,normal,32.85196674478144,0.0656611635633189,184,baseline,0.0,2
f_normal.62,normal,34.42762211946848,0.0729782437137751,189,baseline,0.0,2
f_normal.63,normal,37.6441202905553,0.0395424675080772,199,baseline,0.0,2
f_normal.64,normal,39.144301045702264,0.03876888279632984,209,baseline,0.0,2
f_normal.65,normal,38.53198755719189,0.041763837916910136,214,baseline,0.0,2
f_normal.66,normal,40.86966281040713,0.031374278446821224,242,baseline,0.0,2
f_normal.67,normal,39.44230708050205,0.03503974545683691,223,baseline,0.0,2
f_normal.68,normal,31.490238724221207,0.0833985626716178,137,baseline,0.0,2
f_normal.69,normal,38.716249771737516,0.033938343849810974,226,baseline,0.0,2
f_normal.7,normal,31.103374996424186,0.03675308349045618,37,baseline,0.0,2
f_normal.70,normal,25.059647672397734,0.1317249423964456,212,baseline,0.0,2
f_normal.71,normal,40.879393627073284,0.03394305314285011,201,baseline,0.0,2
f_normal.72,normal,38.7537227812502,0.03284788316517647,199,baseline,0.0,2
f_normal.73,normal,37.2266263667461,0.04055454845773493,234,baseline,0.0,2
f_normal.74,normal,39.96337471165056,0.0314920193817936,244,baseline,0.0,2
f_normal.75,normal,33.826105212482105,0.04617121696822589,200,baseline,0.0,2
f_normal.76,normal,28.14782996292908,0.05412087252593633,51,baseline,0.0,2
f_normal.77,normal,38.09912949757091,0.03126182659967045,246,baseline,0.0,2
f_normal.78,normal,38.6441532092252,0.031375270177405316,249,baseline,0.0,2
f_normal.79,normal,39.068942210324686,0.032934131444579025,257,baseline,0.0,2
f_normal.8,normal,31.83610246081677,0.04078669446953688,34,baseline,0.0,2
f_normal.80,normal,38.748107934879414,0.030316571612000607,255,baseline,0.0,2
f_normal.81,normal,24.946971272564944,0.19222173477909568,238,baseline,0.0,2
f_normal.82,normal,38.611351050965794,0.028116447562696326,251,baseline,0.0,2
f_normal.83,normal,35.056470828720734,0.045718884647227856,105,baseline,0.0,2
f_normal.84,normal,38.76815828232087,0.051179574677758057,188,baseline,0.0,2
f_normal.85,normal,39.47838809946981,0.028442944803976737,260,baseline,0.0,2
f_normal.86,normal,38.211963673212615,0.029799997507437125,263,baseline,0.0,2
f_normal.87,normal,40.1578251005375,0.03980953655698321,260,baseline,0.0,2
f_normal.88,normal,37.897825683183854,0.0354155818544719,273,baseline,0.0,2
f_normal.89,normal,38.697476606610415,0.03925257761012377,293,baseline,0.0,2
f_normal.9,normal,32.1847176652484,0.04539412304479126,40,baseline,0.0,2
f_normal.90,normal,32.63594874343376,0.07811250426975902,288,baseline,0.0,2
f_normal.91,normal,33.0628215473215,0.09285097125114038,293,baseline,0.0,2
f_normal.92,normal,37.48606420210034,0.03405177802811526,293,baseline,0.0,2
f_normal.93,normal,28.02292503147551,0.1159574778050847,255,baseline,0.0,2
f_normal.94,normal,37.81814120411097,0.03554691715814377,291,baseline,0.0,2
f_normal.95,normal,38.536877978058016,0.035699218979989934,297,baseline,0.0,2
f_normal.96,normal,32.29673684458583,0.0583444411199477,255,baseline,0.0,2
f_normal.97,normal,35.05274259653951,0.060481121459112205,52,baseline,0.0,2
f_normal.98,normal,23.959487391300968,0.11576728448202131,264,baseline,0.0,2
f_normal.99,normal,39.228911601985466,0.03453244667424597,296,baseline,0.0,2
f_aggressive.10,aggressive,59.69115909909577,0.033277229345316614,247,aggressive,0.1,1
f_aggressive.11,aggressive,61.66728438320084,0.03025903727613995,265,aggressive,0.1,1
f_aggressive.12,aggressive,56.89523132088577,0.037446758069270704,253,aggressive,0.1,1
f_aggressive.13,aggressive,59.42748282281122,0.0397829947234651,283,aggressive,0.1,1
f_aggressive.14,aggressive,60.2815581338027,0.03562349544450189,295,aggressive,0.1,1
f_aggressive.15,aggressive,61.492379203164106,0.04553159445273451,271,aggressive,0.1,1
f_aggressive.16,aggressive,60.19059672002551,0.034744703698675675,287,aggressive,0.1,1
f_aggressive.17,aggressive,62.22330007926823,0.04168884413460298,248,aggressive,0.1,1
f_aggressive.18,aggressive,63.274979022033165,0.03439144871866212,324,aggressive,0.1,1
f_aggressive.19,aggressive,61.444829769671074,0.05082467207009709,184,aggressive,0.1,1
f_aggressive.20,aggressive,64.98651243871511,0.03801932400591079,282,aggressive,0.1,1
f_aggressive.21,aggressive,65.47541696381346,0.03135212679758004,358,aggressive,0.1,1
f_aggressive.22,aggressive,67.58281853421938,0.021620915838265142,341,aggressive,0.1,1
f_aggressive.23,aggressive,66.83233067771273,0.021706022811320266,335,aggressive,0.1,1
f_aggressive.24,aggressive,65.43462531801083,0.021588199511524665,289,aggressive,0.1,1
f_aggressive.25,aggressive,66.55974820735044,0.022132306745164337,289,aggressive,0.1,1
f_aggressive.26,aggressive,65.1686734823273,0.025076209144940863,257,aggressive,0.1,1
f_aggressive.27,aggressive,65.03688827010065,0.035382725793971954,196,aggressive,0.1,1
f_aggressive.28,aggressive,66.11399718831795,0.02356638270024322,204,aggressive,0.1,1
f_aggressive.29,aggressive,63.4909551712072,0.023374078979336507,190,aggressive,0.1,1
f_aggressive.30,aggressive,62.54202151351073,0.019992775600311954,155,aggressive,0.1,1
f_aggressive.31,aggressive,62.02810182590685,0.02240870370376231,138,aggressive,0.1,1
f_aggressive.32,aggressive,61.324510647427445,0.036899677359273464,131,aggressive,0.1,1
f_aggressive.33,aggressive,58.10273126513055,0.02497727603592845,95,aggressive,0.1,1
f_aggressive.34,aggressive,55.95930622099468,0.017674766709532264,60,aggressive,0.1,1
f_aggressive.4,aggressive,57.79806483145185,0.03863794084674631,109,aggressive,0.1,1
f_aggressive.5,aggressive,56.53143522294935,0.037694429101988204,134,aggressive,0.1,1
f_aggressive.6,aggressive,57.151633147576106,0.039958966288160994,162,aggressive,0.1,1
f_aggressive.7,aggressive,57.52177272107642,0.04267871999993574,189,aggressive,0.1,1
f_aggressive.8,aggressive,58.33415196101236,0.034649262774401654,237,aggressive,0.1,1
f_aggressive.9,aggressive,59.551967380819,0.03941043997660126,234,aggressive,0.1,1
f_normal.100,normal,35.637944361425276,0.05152960221730989,287,aggressive,0.1,1
f_normal.101,normal,34.57486013123684,0.057779727793840566,255,aggressive,0.1,1
f_normal.102,normal,37.81954839741013,0.041230365221611776,288,aggressive,0.1,1
f_normal.103,normal,27.173883372796553,0.055803076250400846,250,aggressive,0.1,1
f_normal.104,normal,29.143237283557415,0.03292439673987953,285,aggressive,0.1,1
f_normal.105,normal,37.653737503209506,0.032129233204982316,276,aggressive,0.1,1
f_normal.106,normal,34.248765015602025,0.06336510848762424,257,aggressive,0.1,1
f_normal.107,normal,39.10995914190014,0.030340897823412333,284,aggressive,0.1,1
f_normal.108,normal,33.79456535533433,0.033783242911787796,283,aggressive,0.1,1
f_normal.109,normal,38.58196901153617,0.027849879239200476,283,aggressive,0.1,1
f_normal.11,normal,19.882191550938305,0.1059183638981733,31,aggressive,0.1,1
f_normal.110,normal,24.933946266801886,0.07102556710590756,233,aggressive,0.1,1
f_normal.111,normal,37.49321314114892,0.0296573549692709,281,aggressive,0.1,1
f_normal.112,normal,38.26981390121894,0.03061560042035203,280,aggressive,0.1,1
f_normal.113,normal,25.51932163692748,0.07795231334886185,59,aggressive,0.1,1
f_normal.114,normal,32.49945689007255,0.10700288166715713,283,aggressive,0.1,1
f_normal.115,normal,31.845133411388087,0.05231531289587163,155,aggressive,0.1,1
f_normal.116,normal,38.86758104083918,0.043578109040848044,182,aggressive,0.1,1
f_normal.117,normal,30.19072780458688,0.10359682770695514,286,aggressive,0.1,1
f_normal.118,normal,34.621135568716234,0.03935981721404574,299,aggressive,0.1,1
f_normal.119,normal,22.435379882299742,0.07912697949308957,268,aggressive,0.1,1
f_normal.120,normal,38.3496358228376,0.03746792378904621,309,aggressive,0.1,1
f_normal.121,normal,35.43599564768567,0.04541762234509573,298,aggressive,0.1,1
f_normal.122,normal,38.531864198925675,0.032634912620141086,305,aggressive,0.1,1
f_normal.123,normal,39.06118004452964,0.034000955607109626,309,aggressive,0.1,1
f_normal.124,normal,24.431697570475052,0.14407321705451753,240,aggressive,0.1,1
f_normal.125,normal,38.477625471170136,0.04299623549619618,310,aggressive,0.1,1
f_normal.126,normal,32.17984223887289,0.056268100271769025,261,aggressive,0.1,1
f_normal.127,normal,39.6593793287867,0.029964204960689255,305,aggressive,0.1,1
f_normal.128,normal,31.743691869971656,0.03129018244811935,299,aggressive,0.1,1
f_normal.129,normal,32.75295001162096,0.04597748206423037,266,aggressive,0.1,1
f_normal.130,normal,33.915352860929204,0.06518723901486169,199,aggressive,0.1,1
f_normal.131,normal,41.007902212990224,0.03213212734287076,306,aggressive,0.1,1
f_normal.132,normal,23.790024196760548,0.08748231608680315,264,aggressive,0.1,1
f_normal.133,normal,39.40914400044368,0.031933813768924985,315,aggressive,0.1,1
f_normal.134,normal,34.41474986047467,0.07939192614150997,164,aggressive,0.1,1
f_normal.135,normal,39.48684758120139,0.03371116768469578,312,aggressive,0.1,1
f_normal.136,normal,40.06771939888729,0.042406370638445184,312,aggressive,0.1,1
f_normal.137,normal,33.141667129958016,0.039229884502363754,331,aggressive,0.1,1
f_normal.138,normal,40.53254132339703,0.03394290242596727,315,aggressive,0.1,1
f_normal.139,normal,24.558631473421812,0.11499701256409153,264,aggressive,0.1,1
f_normal.14,normal,30.811195674041915,0.031795643692561,36,aggressive,0.1,1
f_normal.140,normal,34.03652383143717,0.06455593420848753,174,aggressive,0.1,1
f_normal.141,normal,40.24973931715386,0.0397077780792547,329,aggressive,0.1,1
f_normal.142,normal,41.23683475844147,0.041085966213700385,329,aggressive,0.1,1
f_normal.143,normal,22.674909751364652,0.08050534605594727,267,aggressive,0.1,1
f_normal.144,normal,41.7599916171953,0.03912848199855365,331,aggressive,0.1,1
f_normal.145,normal,27.227963420255225,0.05084351938333561,258,aggressive,0.1,1
f_normal.146,normal,34.14632985155163,0.03709512863121144,332,aggressive,0.1,1
f_normal.147,normal,42.35846842726919,0.03362350968803575,334,aggressive,0.1,1
f_normal.148,normal,33.69330315932555,0.07687843966312026,51,aggressive,0.1,1
f_normal.149,normal,30.232009882236397,0.07303621512876642,233,aggressive,0.1,1
f_normal.150,normal,42.75038103925674,0.03716138151926604,335,aggressive,0.1,1
f_normal.151,normal,18.72044417897547,0.24627894989934274,252,aggressive,0.1,1
f_normal.152,normal,44.02890910926719,0.03981737544160568,339,aggressive,0.1,1
f_normal.153,normal,37.95354303278929,0.038791909286692544,346,aggressive,0.1,1
f_normal.154,normal,44.215674816324714,0.03223790074257045,347,aggressive,0.1,1
f_normal.155,normal,44.17694019772557,0.031069504529793023,338,aggressive,0.1,1
f_normal.156,normal,42.41091668465795,0.03435509751271907,353,aggressive,0.1,1
f_normal.157,normal,43.947757818750446,0.03504775300206885,352,aggressive,0.1,1
f_normal.158,normal,40.031293496674564,0.04534134200242105,348,aggressive,0.1,1
f_normal.159,normal,30.57121842620318,0.06801387298946604,271,aggressive,0.1,1
f_normal.16,normal,31.748316449691583,0.04145578938641259,40,aggressive,0.1,1
f_normal.160,normal,43.58483143029835,0.03570729507768724,357,aggressive,0.1,1
f_normal.161,normal,35.98764272505827,0.05920638181917464,273,aggressive,0.1,1
f_normal.162,normal,44.58825140802629,0.04123802491264116,360,aggressive,0.1,1
f_normal.163,normal,34.097515825340196,0.0546108108676801,275,aggressive,0.1,1
f_normal.164,normal,34.28098097977435,0.07222991533370143,202,aggressive,0.1,1
f_normal.165,normal,37.66885708571791,0.035186579060153426,356,aggressive,0.1,1
f_normal.166,normal,43.922823041199294,0.036156892631773574,357,aggressive,0.1,1
f_normal.167,normal,25.84247452100585,0.06611800263556644,276,aggressive,0.1,1
f_normal.168,normal,43.11002717918111,0.04340879855347373,361,aggressive,0.1,1
f_normal.169,normal,38.07213634950822,0.06873151273188853,206,aggressive,0.1,1
f_normal.170,normal,46.892169416103215,0.03840138905737415,366,aggressive,0.1,1
f_normal.171,normal,47.218834824811616,0.03518512849459518,372,aggressive,0.1,1
f_normal.172,normal,46.9196294933792,0.0328078699898527,375,aggressive,0.1,1
f_normal.173,normal,47.48533758362228,0.0374325257421359,376,aggressive,0.1,1
f_normal.174,normal,47.45250021966749,0.03736850999810569,351,aggressive,0.1,1
f_normal.175,normal,26.534911051848763,0.23548288622976943,186,aggressive,0.1,1
f_normal.176,normal,23.462650901726295,0.08390214901711057,201,aggressive,0.1,1
f_normal.177,normal,48.24181352037918,0.02998858004817444,385,aggressive,0.1,1
f_normal.178,normal,47.2791329729455,0.034574545224367446,389,aggressive,0.1,1
f_normal.179,normal,48.80501742548524,0.03406231042205952,390,aggressive,0.1,1
f_normal.18,normal,31.736856913797144,0.040747736611080394,45,aggressive,0.1,1
f_normal.180,normal,48.37765824497703,0.03805897367799909,390,aggressive,0.1,1
f_normal.181,normal,24.785376567313136,0.0973148265401255,213,aggressive,0.1,1
f_normal.182,normal,34.01203333716004,0.13260018309001587,50,aggressive,0.1,1
f_normal.183,normal,43.22312057681278,0.04496050153413732,395,aggressive,0.1,1
f_normal.184,normal,48.81236095151138,0.028533226663007782,395,aggressive,0.1,1
f_normal.185,normal,20.0040304792732,0.23130737105971444,253,aggressive,0.1,1
f_normal.186,normal,48.689130583530286,0.03766342796970879,392,aggressive,0.1,1
f_normal.187,normal,44.55523419127536,0.034412368068430406,397,aggressive,0.1,1
f_normal.188,normal,49.3908210049117,0.038292043089385455,414,aggressive,0.1,1
f_normal.189,normal,50.015791990297664,0.0341655264754639,396,aggressive,0.1,1
f_normal.190,normal,33.52859745177608,0.04992749297872181,135,aggressive,0.1,1
f_normal.191,normal,49.80041558046788,0.03888743744063956,343,aggressive,0.1,1
f_normal.192,normal,48.60881927604049,0.03449147690374041,406,aggressive,0.1,1
f_normal.193,normal,50.12949520041339,0.03678456918501093,318,aggressive,0.1,1
f_normal.194,normal,46.54226586070586,0.021231592024228904,357,aggressive,0.1,1
f_normal.195,normal,48.84591012328326,0.03871318010639867,392,aggressive,0.1,1
f_normal.196,normal,23.836943123808176,0.1920916499199454,258,aggressive,0.1,1
f_normal.197,normal,51.1868358319202,0.03097040234254795,389,aggressive,0.1,1
f_normal.198,normal,51.928461130460526,0.030850100815396193,386,aggressive,0.1,1
f_normal.199,normal,33.74985290177529,0.09016061553264806,258,aggressive,0.1,1
f_normal.20,normal,32.52017474499351,0.043453752927299354,51,aggressive,0.1,1
f_normal.200,normal,27.272414017871483,0.07144449184522386,188,aggressive,0.1,1
f_normal.201,normal,47.261120230240174,0.024578806483133975,302,aggressive,0.1,1
f_normal.202,normal,48.67505916510075,0.04140689368378757,374,aggressive,0.1,1
f_normal.203,normal,22.387576937982747,0.08999152447819093,272,aggressive,0.1,1
f_normal.204,normal,50.0242043929478,0.024244078405434036,369,aggressive,0.1,1
f_normal.205,normal,29.14814915071511,0.0700936841886555,265,aggressive,0.1,1
f_normal.206,normal,51.16033571800556,0.029322498641120805,365,aggressive,0.1,1
f_normal.207,normal,29.71143060555775,0.07012343117455973,276,aggressive,0.1,1
f_normal.208,normal,25.153709553196176,0.10617366440471918,98,aggressive,0.1,1
f_normal.209,normal,50.35919690057049,0.020561882543345615,354,aggressive,0.1,1
f_normal.21,normal,29.801293464891376,0.03239434332999084,34,aggressive,0.1,1
f_normal.210,normal,20.352725666851754,0.2196053899708084,263,aggressive,0.1,1
f_normal.211,normal,50.076665790715616,0.024155683906344157,351,aggressive,0.1,1
f_normal.212,normal,50.195060243476874,0.030199001365275546,341,aggressive,0.1,1
f_normal.213,normal,50.298214625567894,0.025499271122573563,346,aggressive,0.1,1
f_normal.214,normal,30.204812250985505,0.06905537625032368,254,aggressive,0.1,1
f_normal.215,normal,46.34452763090864,0.0330971605454794,236,aggressive,0.1,1
f_normal.216,normal,33.472332859142256,0.08462501275994495,92,aggressive,0.1,1
f_normal.217,normal,46.39519155623101,0.033745035044971096,321,aggressive,0.1,1
f_normal.218,normal,45.35565411193973,0.024190014479592247,274,aggressive,0.1,1
f_normal.219,normal,46.83058116629474,0.03633103281115656,329,aggressive,0.1,1
f_normal.22,normal,32.6844255542876,0.04388814488351284,54,aggressive,0.1,1
f_normal.220,normal,48.66274342861322,0.025107683570471755,323,aggressive,0.1,1
f_normal.221,normal,47.97188144254861,0.026810859838023688,313,aggressive,0.1,1
f_normal.222,normal,49.67323576770163,0.03401028363551286,315,aggressive,0.1,1
f_normal.223,normal,22.030716876113832,0.21815881805192908,275,aggressive,0.1,1
f_normal.224,normal,34.402933111405446,0.05753595978914699,275,aggressive,0.1,1
f_normal.225,normal,37.954042385158274,0.04755734034711569,273,aggressive,0.1,1
f_normal.226,normal,44.37660824849342,0.01991873777864825,304,aggressive,0.1,1
f_normal.227,normal,36.22434929692869,0.10680255838929556,51,aggressive,0.1,1
f_normal.228,normal,44.96290181724722,0.0757844769586736,274,aggressive,0.1,1
f_normal.229,normal,49.24016724271603,0.022737988601305183,265,aggressive,0.1,1
f_normal.23,normal,31.448515697148547,0.03250070979030189,37,aggressive,0.1,1
f_normal.230,normal,48.892944175730484,0.01784036495169149,190,aggressive,0.1,1
f_normal.231,normal,48.50199517483557,0.027442155432258683,285,aggressive,0.1,1
f_normal.232,normal,44.19091763700641,0.05517382012239644,288,aggressive,0.1,1
f_normal.233,normal,45.92872518732672,0.02970535565807274,271,aggressive,0.1,1
f_normal.234,normal,47.22161680045103,0.034744974215138065,284,aggressive,0.1,1
f_normal.235,normal,24.614290742086297,0.1902325418589495,265,aggressive,0.1,1
f_normal.236,normal,25.366008778521294,0.06076442498470233,266,aggressive,0.1,1
f_normal.237,normal,42.42930792353486,0.030048614110397463,274,aggressive,0.1,1
f_normal.238,normal,46.252666049965384,0.02581996136385292,267,aggressive,0.1,1
f_normal.239,normal,47.73656687119929,0.019357045561179738,266,aggressive,0.1,1
f_normal.24,normal,31.927154521448543,0.040517834346726504,43,aggressive,0.1,1
f_normal.240,normal,26.727347648474552,0.05970782318810153,266,aggressive,0.1,1
f_normal.241,normal,36.60575227900668,0.05443234824507113,265,aggressive,0.1,1
f_normal.242,normal,45.27853959043273,0.01948444676415523,261,aggressive,0.1,1
f_normal.243,normal,35.640068588155756,0.09229978193251084,160,aggressive,0.1,1
f_normal.244,normal,46.140077975325646,0.022269163353043867,256,aggressive,0.1,1
f_normal.245,normal,46.5802891679694,0.021102560057486685,254,aggressive,0.1,1
f_normal.246,normal,46.62643737495884,0.018511101404244713,251,aggressive,0.1,1
f_normal.247,normal,23.893252542539496,0.08866477795102798,165,aggressive,0.1,1
f_normal.248,normal,43.752152660450605,0.024229814896756355,244,aggressive,0.1,1
f_normal.249,normal,45.549078526979756,0.027799044761548798,221,aggressive,0.1,1
f_normal.25,normal,32.89046193230335,0.049832207750046514,57,aggressive,0.1,1
f_normal.250,normal,23.179267590070562,0.13625261435276556,65,aggressive,0.1,1
f_normal.251,normal,46.11077517445522,0.03509812178845491,234,aggressive,0.1,1
f_normal.252,normal,39.89290192872905,0.024592897225329854,228,aggressive,0.1,1
f_normal.253,normal,20.465113835014428,0.2548884562266402,108,aggressive,0.1,1
f_normal.254,normal,44.00363542080683,0.027395046984758156,217,aggressive,0.1,1
f_normal.255,normal,44.152194998325406,0.023136144099769114,221,aggressive,0.1,1
f_normal.256,normal,42.18618563495041,0.031918226966816315,223,aggressive,0.1,1
f_normal.257,normal,20.74478540206533,0.13505385794126434,183,aggressive,0.1,1
f_normal.258,normal,43.287898463777886,0.024464825769524634,214,aggressive,0.1,1
f_normal.259,normal,43.523293457462486,0.0268449178543646,208,aggressive,0.1,1
f_normal.26,normal,32.31141016250452,0.043850049508078255,49,aggressive,0.1,1
f_normal.260,normal,21.673040183807917,0.06413942607881067,134,aggressive,0.1,1
f_normal.261,normal,44.4018380416023,0.03366726271057491,207,aggressive,0.1,1
f_normal.262,normal,19.658219067081806,0.05624274271263831,144,aggressive,0.1,1
f_normal.263,normal,37.36425155402657,0.01633517201290045,199,aggressive,0.1,1
f_normal.264,normal,20.784894424039773,0.08904756851514328,119,aggressive,0.1,1
f_normal.265,normal,42.09383759830952,0.03143694693696674,151,aggressive,0.1,1
f_normal.266,normal,40.20007224957249,0.0240480924233836,192,aggressive,0.1,1
f_normal.267,normal,38.02963017271168,0.023468534520781785,190,aggressive,0.1,1
f_normal.268,normal,41.24145034285287,0.03495669888974797,184,aggressive,0.1,1
f_normal.269,normal,40.786443958228325,0.02356561918161892,185,aggressive,0.1,1
f_normal.27,normal,28.707105849762765,0.06875343145881259,63,aggressive,0.1,1
f_normal.271,normal,25.494693375428945,0.06355049740978601,88,aggressive,0.1,1
f_normal.272,normal,20.00279360034013,0.2492914137861678,166,aggressive,0.1,1
f_normal.273,normal,34.359410706781176,0.017476333921012995,167,aggressive,0.1,1
f_normal.274,normal,40.50969344191599,0.016733883415273477,167,aggressive,0.1,1
f_normal.275,normal,19.691652962218,0.10635465189844066,115,aggressive,0.1,1
f_normal.276,normal,42.01354732282346,0.019823503703528013,155,aggressive,0.1,1
f_normal.277,normal,39.43568457061236,0.019984945878369683,163,aggressive,0.1,1
f_normal.278,normal,40.105963721406454,0.03546690955519728,159,aggressive,0.1,1
f_normal.279,normal,40.594603929568706,0.015042562605106138,118,aggressive,0.1,1
f_normal.28,normal,19.24004808871076,0.16142666380166992,84,aggressive,0.1,1
f_normal.280,normal,33.92726954557658,0.02704954096693646,152,aggressive,0.1,1
f_normal.281,normal,36.93778655208355,0.03218124666751091,144,aggressive,0.1,1
f_normal.282,normal,21.54698691266941,0.08665671945162565,145,aggressive,0.1,1
f_normal.283,normal,33.35192027454886,0.02106666018461819,145,aggressive,0.1,1
f_normal.285,normal,34.21087225151532,0.018076497801392956,140,aggressive,0.1,1
f_normal.286,normal,35.811363974582385,0.02841133198997624,134,aggressive,0.1,1
f_normal.287,normal,36.24519842490223,0.04234255795516267,133,aggressive,0.1,1
f_normal.288,normal,23.420471448887188,0.2333423986703594,96,aggressive,0.1,1
f_normal.289,normal,27.438060097727952,0.029154583813066137,125,aggressive,0.1,1
f_normal.29,normal,30.870349368562778,0.050589789124077716,89,aggressive,0.1,1
f_normal.290,normal,34.712659633246446,0.01987813872992323,123,aggressive,0.1,1
f_normal.291,normal,33.434890519567325,0.020394767199353868,110,aggressive,0.1,1
f_normal.292,normal,34.83403482483539,0.01977367203897444,115,aggressive,0.1,1
f_normal.293,normal,24.98067188835989,0.048131056852229286,115,aggressive,0.1,1
f_normal.294,normal,32.47745412127544,0.024121088177257246,111,aggressive,0.1,1
f_normal.295,normal,34.10327732076474,0.03400944307011033,113,aggressive,0.1,1
f_normal.296,normal,29.532467425454787,0.03734009961650973,70,aggressive,0.1,1
f_normal.297,normal,29.790632043134973,0.03766078518002407,107,aggressive,0.1,1
f_normal.298,normal,28.700633873031208,0.04380853453657015,101,aggressive,0.1,1
f_normal.299,normal,26.422131793480226,0.019960113398941163,99,aggressive,0.1,1
f_normal.30,normal,30.60267973720137,0.033291189780768914,87,aggressive,0.1,1
f_normal.300,normal,24.175303506211172,0.022925560989433158,93,aggressive,0.1,1
f_normal.301,normal,32.31235146236965,0.02716761834710446,95,aggressive,0.1,1
f_normal.302,normal,31.880183872322103,0.020327969785232252,65,aggressive,0.1,1
f_normal.303,normal,29.57112260815152,0.020810815215122794,38,aggressive,0.1,1
f_normal.304,normal,30.417231874026406,0.014494704132077693,66,aggressive,0.1,1
f_normal.305,normal,28.190061106348153,0.04991681711965297,83,aggressive,0.1,1
f_normal.306,normal,30.3180341561328,0.041394785099567045,57,aggressive,0.1,1
f_normal.307,normal,32.61178259435408,0.057236428814954075,58,aggressive,0.1,1
f_normal.308,normal,29.91206272927996,0.04964518815749948,30,aggressive,0.1,1
f_normal.309,normal,26.57254443733892,0.061064152198043765,66,aggressive,0.1,1
f_normal.31,normal,35.12697593528901,0.04472044046115525,92,aggressive,0.1,1
f_normal.310,normal,27.72757425118652,0.07537440295013019,58,aggressive,0.1,1
f_normal.311,normal,32.00420734163577,0.020930527469544463,62,aggressive,0.1,1
f_normal.312,normal,34.39557798308298,0.05258049104738344,62,aggressive,0.1,1
f_normal.313,normal,35.86960463406741,0.038383119373632424,26,aggressive,0.1,1
f_normal.314,normal,33.728038133666274,0.025587877569941592,60,aggressive,0.1,1
f_normal.315,normal,25.549406770904064,0.08586624136899218,55,aggressive,0.1,1
f_normal.316,normal,25.61381658349664,0.08878901427531759,50,aggressive,0.1,1
f_normal.318,normal,30.82347086391549,0.023481169475113625,48,aggressive,0.1,1
f_normal.319,normal,27.674743461326866,0.047805949971096676,42,aggressive,0.1,1
f_normal.32,normal,29.62474172005967,0.08139368315818471,98,aggressive,0.1,1
f_normal.320,normal,36.71987431393988,0.03330425232525594,41,aggressive,0.1,1
f_normal.321,normal,30.48351561323586,0.034180305283317836,37,aggressive,0.1,1
f_normal.322,normal,32.214142024936294,0.023037513305874866,33,aggressive,0.1,1
f_normal.324,normal,29.32058380584278,0.05750543042216464,29,aggressive,0.1,1
f_normal.33,normal,31.669429111038436,0.058030775449356656,94,aggressive,0.1,1
f_normal.34,normal,33.92602705943113,0.06487071283179587,101,aggressive,0.1,1
f_normal.35,normal,30.979126465492175,0.044246367695645196,84,aggressive,0.1,1
f_normal.36,normal,35.894008280243035,0.056287364715680674,107,aggressive,0.1,1
f_normal.37,normal,31.483502808656187,0.10005053315419073,119,aggressive,0.1,1
f_normal.38,normal,33.52379659886259,0.050131844380420114,111,aggressive,0.1,1
f_normal.39,normal,20.15001906370937,0.05109644917563524,116,aggressive,0.1,1
f_normal.40,normal,20.414112384161452,0.136887194898753,169,aggressive,0.1,1
f_normal.41,normal,27.69219736491105,0.09154246329405757,131,aggressive,0.1,1
f_normal.42,normal,35.50792550779089,0.04475471861812299,122,aggressive,0.1,1
f_normal.43,normal,24.16642759013721,0.04952083265649607,80,aggressive,0.1,1
f_normal.44,normal,33.699890613649636,0.05017134836249963,123,aggressive,0.1,1
f_normal.45,normal,33.761311615230554,0.051353112461736024,135,aggressive,0.1,1
f_normal.46,normal,26.49631182135208,0.03393048291311687,143,aggressive,0.1,1
f_normal.47,normal,33.6080454751243,0.03775409859851204,146,aggressive,0.1,1
f_normal.48,normal,27.98188902167231,0.058531145496093465,154,aggressive,0.1,1
f_normal.49,normal,33.44397712757366,0.03770750453997254,120,aggressive,0.1,1
f_normal.50,normal,32.19836006299805,0.0357794710926266,157,aggressive,0.1,1
f_normal.51,normal,32.11509239935069,0.035293292570033816,160,aggressive,0.1,1
f_normal.52,normal,32.04526933594778,0.042893328861862735,164,aggressive,0.1,1
f_normal.53,normal,31.61481391267247,0.04127081699332681,87,aggressive,0.1,1
f_normal.54,normal,33.08552123063573,0.03680428084655465,181,aggressive,0.1,1
f_normal.55,normal,25.738574890197743,0.08695578213646121,196,aggressive,0.1,1
f_normal.56,normal,28.373871794095592,0.04293013883961734,175,aggressive,0.1,1
f_normal.57,normal,33.24276682502609,0.03680212933114821,178,aggressive,0.1,1
f_normal.58,normal,26.793846366539118,0.13170104480592162,186,aggressive,0.1,1
f_normal.59,normal,32.78056551450701,0.04148009948821364,184,aggressive,0.1,1
f_normal.60,normal,31.183615031969197,0.04544009730341527,211,aggressive,0.1,1
f_normal.61,normal,31.494298094578898,0.04663557000318811,198,aggressive,0.1,1
f_normal.62,normal,34.14645296104369,0.05189794547341784,190,aggressive,0.1,1
f_normal.63,normal,36.010404878994684,0.03174129892690768,214,aggressive,0.1,1
f_normal.64,normal,31.473436449924254,0.049800345634043515,201,aggressive,0.1,1
f_normal.65,normal,32.69098480960566,0.05858521862116384,205,aggressive,0.1,1
f_normal.66,normal,35.82919632394089,0.03065766254954698,216,aggressive,0.1,1
f_normal.67,normal,35.31796197030198,0.03023890763881756,196,aggressive,0.1,1
f_normal.68,normal,32.020218679543945,0.04940484224275275,73,aggressive,0.1,1
f_normal.69,normal,31.006770908869363,0.04506617544099339,224,aggressive,0.1,1
f_normal.70,normal,34.368728617448156,0.03644400285108779,182,aggressive,0.1,1
f_normal.71,normal,34.17092729969925,0.04006214604196504,240,aggressive,0.1,1
f_normal.72,normal,28.574279331858403,0.0605666136159922,234,aggressive,0.1,1
f_normal.73,normal,26.3981677621345,0.15269215198962865,230,aggressive,0.1,1
f_normal.74,normal,33.440599175736196,0.0559588383544487,247,aggressive,0.1,1
f_normal.75,normal,29.33494096256273,0.04120326538540703,252,aggressive,0.1,1
f_normal.76,normal,20.624058638360783,0.07050241139859593,242,aggressive,0.1,1
f_normal.77,normal,34.92682548033347,0.03699819363179662,259,aggressive,0.1,1
f_normal.78,normal,36.04708648715649,0.043767625390161914,263,aggressive,0.1,1
f_normal.79,normal,27.549491782779054,0.07331230303256132,137,aggressive,0.1,1
f_normal.80,normal,22.796271307396495,0.11911784135056368,252,aggressive,0.1,1
f_normal.81,normal,36.948861857699505,0.032477726941922976,258,aggressive,0.1,1
f_normal.82,normal,32.036276488274396,0.05289775364023734,248,aggressive,0.1,1
f_normal.83,normal,36.383298521831485,0.0321121597034089,271,aggressive,0.1,1
f_normal.84,normal,32.08682332618347,0.041330802314969085,262,aggressive,0.1,1
f_normal.85,normal,34.89730309802774,0.04839429914288097,251,aggressive,0.1,1
f_normal.86,normal,37.0711762139256,0.032965032601648375,272,aggressive,0.1,1
f_normal.87,normal,38.19227914705178,0.03625922886158115,274,aggressive,0.1,1
f_normal.88,normal,32.46757339460562,0.06177920606599287,236,aggressive,0.1,1
f_normal.89,normal,36.46584293540156,0.035796595046226905,270,aggressive,0.1,1
f_normal.90,normal,33.15742685808043,0.0893050533225421,155,aggressive,0.1,1
f_normal.91,normal,37.33046141308787,0.04423689274543534,274,aggressive,0.1,1
f_normal.92,normal,31.03006430204366,0.030247416913658884,261,aggressive,0.1,1
f_normal.93,normal,25.86242563367955,0.07873138073086233,178,aggressive,0.1,1
f_normal.94,normal,37.96187192990702,0.03176558590108987,270,aggressive,0.1,1
f_normal.95,normal,23.167660930774787,0.09955834074694145,158,aggressive,0.1,1
f_normal.96,normal,40.303331470206025,0.034790489283479394,281,aggressive,0.1,1
f_normal.97,normal,38.543218725404806,0.037157859932748644,263,aggressive,0.1,1
f_normal.98,normal,22.090253704555884,0.1124125596664353,243,aggressive,0.1,1
f_normal.99,normal,36.84415322833969,0.03974364407727904,225,aggressive,0.1,1
f_aggressive.1,aggressive,56.198591428006424,0.03175243374997935,37,aggressive,0.1,2
f_aggressive.10,aggressive,60.778832910396375,0.03548664734041573,277,aggressive,0.1,2
f_aggressive.11,aggressive,60.827657106103665,0.02585981304393056,314,aggressive,0.1,2
f_aggressive.12,aggressive,59.71393391440922,0.041788687144825316,302,aggressive,0.1,2
f_aggressive.13,aggressive,62.27565943772035,0.03082197829054084,299,aggressive,0.1,2
f_aggressive.14,aggressive,63.03080501733692,0.028431386436207483,299,aggressive,0.1,2
f_aggressive.15,aggressive,65.1301441228973,0.034203293694799096,342,aggressive,0.1,2
f_aggressive.16,aggressive,64.11245596018153,0.025737980347803113,359,aggressive,0.1,2
f_aggressive.17,aggressive,63.85231458414377,0.02929360801051873,325,aggressive,0.1,2
f_aggressive.18,aggressive,64.15044588733899,0.03825824822097111,283,aggressive,0.1,2
f_aggressive.19,aggressive,63.64325959985918,0.03401023567487567,359,aggressive,0.1,2
f_aggressive.2,aggressive,57.56465916829772,0.037115628470620304,65,aggressive,0.1,2
f_aggressive.20,aggressive,64.73903084715745,0.029357533529040934,376,aggressive,0.1,2
f_aggressive.21,aggressive,66.09757685315408,0.032783407960202925,364,aggressive,0.1,2
f_aggressive.22,aggressive,67.13502606031243,0.026869011320640585,381,aggressive,0.1,2
f_aggressive.23,aggressive,66.52841803998889,0.02559121758047126,342,aggressive,0.1,2
f_aggressive.24,aggressive,62.57262472449493,0.01779933500390299,311,aggressive,0.1,2
f_aggressive.25,aggressive,65.28802328430261,0.018671989756328056,237,aggressive,0.1,2
f_aggressive.26,aggressive,67.40658846499699,0.01920108232293566,273,aggressive,0.1,2
f_aggressive.27,aggressive,68.3466348911646,0.02367507381285035,255,aggressive,0.1,2
f_aggressive.28,aggressive,66.23821734347166,0.026572538026560517,172,aggressive,0.1,2
f_aggressive.29,aggressive,50.06612996765865,0.06825530282646672,111,aggressive,0.1,2
f_aggressive.3,aggressive,59.205848068915195,0.0444037394978095,91,aggressive,0.1,2
f_aggressive.30,aggressive,63.77231148096394,0.019073864165434502,180,aggressive,0.1,2
f_aggressive.31,aggressive,62.78522984305383,0.03680701977537879,149,aggressive,0.1,2
f_aggressive.32,aggressive,56.54866517850755,0.017803820480990586,41,aggressive,0.1,2
f_aggressive.33,aggressive,55.7603638556852,0.01940573469193962,87,aggressive,0.1,2
f_aggressive.34,aggressive,63.61988706810222,0.04138924864775145,55,aggressive,0.1,2
f_aggressive.4,aggressive,62.038199597994605,0.038324584756976976,134,aggressive,0.1,2
f_aggressive.5,aggressive,60.75634733608962,0.030157260880863956,158,aggressive,0.1,2
f_aggressive.6,aggressive,59.153036280231206,0.03572629573354518,195,aggressive,0.1,2
f_aggressive.7,aggressive,59.6160352768053,0.03899268258346904,225,aggressive,0.1,2
f_aggressive.8,aggressive,47.71496823124686,0.06135136466482257,118,aggressive,0.1,2
f_aggressive.9,aggressive,61.808798149796544,0.040895098884868246,254,aggressive,0.1,2
f_normal.10,normal,32.21241581024656,0.04090642405312346,46,aggressive,0.1,2
f_normal.100,normal,35.402762819774566,0.05637625619080087,265,aggressive,0.1,2
f_normal.101,normal,32.20089979551117,0.030314088589902494,311,aggressive,0.1,2
f_normal.102,normal,27.21215331370341,0.09089747099879014,187,aggressive,0.1,2
f_normal.103,normal,40.949962675580274,0.029363813137093967,315,aggressive,0.1,2
f_normal.104,normal,40.0578247449089,0.03322903272248488,307,aggressive,0.1,2
f_normal.105,normal,39.395985440153986,0.03810320703114607,312,aggressive,0.1,2
f_normal.106,normal,26.238649804538714,0.10300850866896194,59,aggressive,0.1,2
f_normal.107,normal,40.70964730173883,0.04595359537514569,253,aggressive,0.1,2
f_normal.108,normal,38.05561166278046,0.06471844492686728,323,aggressive,0.1,2
f_normal.109,normal,22.09069889654003,0.22345074774649373,234,aggressive,0.1,2
f_normal.11,normal,31.317460928418683,0.0388511374330403,43,aggressive,0.1,2
f_normal.110,normal,33.75088177557945,0.0394364868746207,318,aggressive,0.1,2
f_normal.111,normal,41.52470219797752,0.03266163500330907,322,aggressive,0.1,2
f_normal.112,normal,42.67663237735068,0.030999892293084304,327,aggressive,0.1,2
f_normal.113,normal,42.22975177759817,0.032299690219226296,318,aggressive,0.1,2
f_normal.114,normal,24.89812125882518,0.07699762809128591,209,aggressive,0.1,2
f_normal.115,normal,22.999084693214378,0.0780197705578439,50,aggressive,0.1,2
f_normal.116,normal,44.33964380388183,0.03352541545277384,330,aggressive,0.1,2
f_normal.117,normal,42.54277296040123,0.0408649820542821,333,aggressive,0.1,2
f_normal.118,normal,19.44010696069344,0.2314171699784212,275,aggressive,0.1,2
f_normal.119,normal,37.69951345520344,0.03204436180692858,335,aggressive,0.1,2
f_normal.12,normal,34.01953131124918,0.04142439096438922,51,aggressive,0.1,2
f_normal.120,normal,31.96481356468923,0.07628360629669892,270,aggressive,0.1,2
f_normal.121,normal,33.638643105834575,0.05005089936965124,282,aggressive,0.1,2
f_normal.122,normal,42.04136039996715,0.031802799270019985,335,aggressive,0.1,2
f_normal.123,normal,42.73954799225262,0.03487666672461821,338,aggressive,0.1,2
f_normal.124,normal,40.40319637911613,0.030685871795082573,336,aggressive,0.1,2
f_normal.125,normal,36.20671593615636,0.049456876983854876,284,aggressive,0.1,2
f_normal.126,normal,36.11497477349619,0.04972551791779575,267,aggressive,0.1,2
f_normal.127,normal,45.73863755138707,0.032871155074351455,341,aggressive,0.1,2
f_normal.128,normal,37.12246834182423,0.048389432775628884,255,aggressive,0.1,2
f_normal.129,normal,44.904225624407324,0.031971199301059225,318,aggressive,0.1,2
f_normal.13,normal,32.95168964251964,0.04399232478087844,49,aggressive,0.1,2
f_normal.130,normal,45.09949220069431,0.030950410252048262,328,aggressive,0.1,2
f_normal.131,normal,45.92161233321779,0.029951979296335585,338,aggressive,0.1,2
f_normal.132,normal,37.42738021779709,0.07767898790750681,257,aggressive,0.1,2
f_normal.133,normal,47.20884368067518,0.02858114302710588,352,aggressive,0.1,2
f_normal.134,normal,32.25162856114646,0.07107385558615122,234,aggressive,0.1,2
f_normal.135,normal,46.9962877067268,0.033412216138519454,353,aggressive,0.1,2
f_normal.136,normal,42.78550788584438,0.02902324432523111,361,aggressive,0.1,2
f_normal.137,normal,26.590435006523933,0.07805216849156107,282,aggressive,0.1,2
f_normal.138,normal,47.836045792643944,0.02672383099941584,295,aggressive,0.1,2
f_normal.139,normal,39.07433952368248,0.06450543506535181,150,aggressive,0.1,2
f_normal.14,normal,34.46556913276665,0.042577036925788236,56,aggressive,0.1,2
f_normal.140,normal,49.34271458142595,0.030103161702427217,288,aggressive,0.1,2
f_normal.141,normal,47.09564315907958,0.03536710872399935,337,aggressive,0.1,2
f_normal.142,normal,45.87032077469731,0.03330579581145597,366,aggressive,0.1,2
f_normal.143,normal,45.5199947921231,0.03499348336821202,362,aggressive,0.1,2
f_normal.144,normal,28.298368039028876,0.2040808827398457,269,aggressive,0.1,2
f_normal.145,normal,31.654414244918723,0.05550843073787439,255,aggressive,0.1,2
f_normal.146,normal,40.850047612682125,0.025751442832017954,362,aggressive,0.1,2
f_normal.147,normal,47.28536182451833,0.026814652823382936,356,aggressive,0.1,2
f_normal.148,normal,30.691255904530106,0.07834988940861315,173,aggressive,0.1,2
f_normal.149,normal,47.60303265935989,0.02827521693865332,327,aggressive,0.1,2
f_normal.15,normal,34.46177643157027,0.04333458457370065,63,aggressive,0.1,2
f_normal.150,normal,45.82257671465178,0.033963090141286865,357,aggressive,0.1,2
f_normal.151,normal,25.579352040280394,0.09863908465675006,271,aggressive,0.1,2
f_normal.152,normal,46.53483153681433,0.03492914409149183,358,aggressive,0.1,2
f_normal.153,normal,35.21664982514579,0.06364740960986506,273,aggressive,0.1,2
f_normal.154,normal,30.39481804313435,0.0945913894209691,171,aggressive,0.1,2
f_normal.155,normal,42.83257369699025,0.02900274931869409,361,aggressive,0.1,2
f_normal.156,normal,47.64091693200005,0.025721573338863293,363,aggressive,0.1,2
f_normal.157,normal,46.170995230748176,0.025114944352133337,361,aggressive,0.1,2
f_normal.158,normal,28.226957875634,0.09000753393672871,274,aggressive,0.1,2
f_normal.159,normal,46.72139522658707,0.02974717760640466,352,aggressive,0.1,2
f_normal.16,normal,34.1918028582614,0.0424692473041104,54,aggressive,0.1,2
f_normal.160,normal,36.410486901133055,0.05333050494383503,276,aggressive,0.1,2
f_normal.161,normal,32.87734849817067,0.09368632225809667,81,aggressive,0.1,2
f_normal.162,normal,46.898096622229936,0.03456169595480591,363,aggressive,0.1,2
f_normal.163,normal,41.01823928737846,0.049888173561330164,369,aggressive,0.1,2
f_normal.164,normal,44.61687190284444,0.03316698810763313,264,aggressive,0.1,2
f_normal.165,normal,47.38606134520355,0.034123247413192684,294,aggressive,0.1,2
f_normal.166,normal,42.86641439826835,0.05632438412966615,373,aggressive,0.1,2
f_normal.167,normal,46.02360301638012,0.028165022607122846,377,aggressive,0.1,2
f_normal.168,normal,46.13466713449653,0.03086236224452572,378,aggressive,0.1,2
f_normal.169,normal,46.28995196339907,0.03483909393554097,376,aggressive,0.1,2
f_normal.17,normal,33.47801683723071,0.04354253468323703,60,aggressive,0.1,2
f_normal.170,normal,47.63855505344895,0.03909212286060563,378,aggressive,0.1,2
f_normal.171,normal,23.633133400019386,0.1834300422754123,179,aggressive,0.1,2
f_normal.172,normal,45.21925733923951,0.03344444753624728,386,aggressive,0.1,2
f_normal.173,normal,42.75007182438204,0.03122735894611598,373,aggressive,0.1,2
f_normal.174,normal,45.91146524537133,0.03411077302247217,384,aggressive,0.1,2
f_normal.175,normal,48.09991515916268,0.035841512437326965,389,aggressive,0.1,2
f_normal.176,normal,25.09830561860649,0.17939564411583153,221,aggressive,0.1,2
f_normal.177,normal,48.06724349329611,0.03466535977586861,402,aggressive,0.1,2
f_normal.178,normal,48.48548582559751,0.0354394486712416,404,aggressive,0.1,2
f_normal.179,normal,26.759830496077495,0.04505829013003847,173,aggressive,0.1,2
f_normal.18,normal,34.30240364196653,0.04397334848759024,67,aggressive,0.1,2
f_normal.180,normal,42.33910169946167,0.033772566787412826,324,aggressive,0.1,2
f_normal.181,normal,47.52540853325784,0.02978082536049262,357,aggressive,0.1,2
f_normal.182,normal,48.98262686129638,0.031952870867115464,405,aggressive,0.1,2
f_normal.183,normal,47.84147935918456,0.03144295750615461,360,aggressive,0.1,2
f_normal.184,normal,48.52920560322203,0.03617130358680281,394,aggressive,0.1,2
f_normal.185,normal,25.29533286287266,0.2167825322896996,244,aggressive,0.1,2
f_normal.186,normal,25.811884724700963,0.06697700672717603,257,aggressive,0.1,2
f_normal.187,normal,49.223973737774934,0.03292798740896279,412,aggressive,0.1,2
f_normal.188,normal,49.6551400714992,0.03616277929249175,415,aggressive,0.1,2
f_normal.189,normal,45.214411532193814,0.03244183840498009,407,aggressive,0.1,2
f_normal.19,normal,34.912945681383434,0.048568305817153316,75,aggressive,0.1,2
f_normal.190,normal,34.47712983314706,0.06538868378110743,58,aggressive,0.1,2
f_normal.191,normal,50.850382320793265,0.031671800801828145,395,aggressive,0.1,2
f_normal.192,normal,22.888249850360317,0.23259950021240428,253,aggressive,0.1,2
f_normal.193,normal,50.35862408796983,0.02872335116812156,398,aggressive,0.1,2
f_normal.194,normal,31.494409094029766,0.07229217144301901,237,aggressive,0.1,2
f_normal.195,normal,51.16708115353736,0.029716050869541117,392,aggressive,0.1,2
f_normal.196,normal,51.477879025653706,0.02857390748578475,393,aggressive,0.1,2
f_normal.197,normal,51.25274495747491,0.033076244994253184,392,aggressive,0.1,2
f_normal.198,normal,28.765154826064467,0.05063526565836786,218,aggressive,0.1,2
f_normal.199,normal,45.28560388434396,0.023637543522990117,384,aggressive,0.1,2
f_normal.20,normal,21.97584574392123,0.05519831949278953,72,aggressive,0.1,2
f_normal.200,normal,25.58457968744627,0.05958527415362471,240,aggressive,0.1,2
f_normal.201,normal,50.67962364521108,0.02153388802947549,381,aggressive,0.1,2
f_normal.202,normal,50.21110757782352,0.024450207987779006,299,aggressive,0.1,2
f_normal.203,normal,23.733437003876837,0.07775876659946185,222,aggressive,0.1,2
f_normal.204,normal,31.933777854802912,0.07077281119386487,61,aggressive,0.1,2
f_normal.205,normal,49.513343109697594,0.03187354452025723,367,aggressive,0.1,2
f_normal.206,normal,50.95736396310034,0.02980037907300749,367,aggressive,0.1,2
f_normal.207,normal,44.73327018171163,0.026908643033982382,364,aggressive,0.1,2
f_normal.208,normal,48.710110915626814,0.021300455621437113,356,aggressive,0.1,2
f_normal.209,normal,50.023583285650574,0.02045861448684881,354,aggressive,0.1,2
f_normal.21,normal,36.551755500144786,0.05124842765406049,81,aggressive,0.1,2
f_normal.210,normal,24.851049613983367,0.22184369249324673,264,aggressive,0.1,2
f_normal.211,normal,33.61892175813244,0.05302366862031859,266,aggressive,0.1,2
f_normal.212,normal,49.96330414907742,0.01947061359656597,323,aggressive,0.1,2
f_normal.213,normal,22.145223165398953,0.05494190669208145,266,aggressive,0.1,2
f_normal.214,normal,49.66081752368761,0.021437835211960233,342,aggressive,0.1,2
f_normal.215,normal,50.717009630121304,0.02638838665500982,340,aggressive,0.1,2
f_normal.216,normal,34.05553146731152,0.05292231748203911,269,aggressive,0.1,2
f_normal.217,normal,35.25781791400384,0.06771881965881692,270,aggressive,0.1,2
f_normal.218,normal,46.21379062589393,0.016774726004582748,328,aggressive,0.1,2
f_normal.219,normal,35.3731003834445,0.06714210888598335,272,aggressive,0.1,2
f_normal.22,normal,35.36782164187184,0.050664682473945157,85,aggressive,0.1,2
f_normal.220,normal,34.405143892232296,0.0659998353044626,183,aggressive,0.1,2
f_normal.221,normal,49.63401960313373,0.020339783291004214,322,aggressive,0.1,2
f_normal.222,normal,50.823181109183196,0.024274297992378974,319,aggressive,0.1,2
f_normal.223,normal,51.18140362515712,0.024430256680455696,317,aggressive,0.1,2
f_normal.224,normal,24.77409669158817,0.07083788241067578,115,aggressive,0.1,2
f_normal.225,normal,44.65793042319015,0.02277799480748367,296,aggressive,0.1,2
f_normal.226,normal,47.28019890487952,0.024781244447559973,281,aggressive,0.1,2
f_normal.227,normal,46.16202475844436,0.04341901217446185,305,aggressive,0.1,2
f_normal.228,normal,46.11959032175062,0.04923723557468157,289,aggressive,0.1,2
f_normal.229,normal,49.69209631998361,0.022524222125912072,300,aggressive,0.1,2
f_normal.23,normal,35.44641189393598,0.09185201528472682,78,aggressive,0.1,2
f_normal.230,normal,49.2102533168647,0.020279605445282674,296,aggressive,0.1,2
f_normal.231,normal,24.335518034812466,0.19283124481532446,265,aggressive,0.1,2
f_normal.232,normal,47.565305883326815,0.021157841108785845,291,aggressive,0.1,2
f_normal.233,normal,31.00799835317444,0.07170395018007374,211,aggressive,0.1,2
f_normal.234,normal,47.76298964701382,0.029713008982170254,287,aggressive,0.1,2
f_normal.235,normal,25.046748931397797,0.07671537457374894,266,aggressive,0.1,2
f_normal.236,normal,44.37528948122289,0.018896850799577276,270,aggressive,0.1,2
f_normal.237,normal,34.64430066146372,0.05737659104088733,252,aggressive,0.1,2
f_normal.238,normal,49.68860442394519,0.019399242987548526,223,aggressive,0.1,2
f_normal.239,normal,34.06451896829643,0.08711465126056078,171,aggressive,0.1,2
f_normal.24,normal,37.49175934240982,0.0475715005013333,92,aggressive,0.1,2
f_normal.240,normal,46.68071345475153,0.03303480020043112,268,aggressive,0.1,2
f_normal.241,normal,48.57565908845907,0.02318193372680989,264,aggressive,0.1,2
f_normal.242,normal,22.382856205168466,0.16522970032972323,73,aggressive,0.1,2
f_normal.243,normal,49.085003568646435,0.028023170151949647,259,aggressive,0.1,2
f_normal.244,normal,23.528572381396668,0.11842482082856685,21,aggressive,0.1,2
f_normal.245,normal,43.93633367756695,0.02467455705258978,256,aggressive,0.1,2
f_normal.246,normal,48.79531777565576,0.02259931223071241,254,aggressive,0.1,2
f_normal.247,normal,46.56713764604344,0.021058736777039167,242,aggressive,0.1,2
f_normal.248,normal,48.192460498337816,0.015944666645046682,242,aggressive,0.1,2
f_normal.249,normal,48.35492897862676,0.035832523946197375,223,aggressive,0.1,2
f_normal.25,normal,33.62062482904651,0.053148250810537534,74,aggressive,0.1,2
f_normal.250,normal,19.053478878156525,0.2614259504777408,235,aggressive,0.1,2
f_normal.251,normal,47.53645775851521,0.017666018137678294,229,aggressive,0.1,2
f_normal.252,normal,32.030435528894444,0.0509850217055139,182,aggressive,0.1,2
f_normal.253,normal,48.8776927707613,0.019289296087855467,229,aggressive,0.1,2
f_normal.254,normal,48.78875021606483,0.020107937328778084,224,aggressive,0.1,2
f_normal.255,normal,47.86732094090515,0.028971080475405635,224,aggressive,0.1,2
f_normal.256,normal,34.36801968303295,0.07468322301937297,145,aggressive,0.1,2
f_normal.258,normal,41.85928961252969,0.03815671895856411,216,aggressive,0.1,2
f_normal.259,normal,46.59254496365307,0.018113871893578257,211,aggressive,0.1,2
f_normal.26,normal,39.764528156226376,0.051724175620769426,104,aggressive,0.1,2
f_normal.260,normal,47.2274900922176,0.024051130371736038,209,aggressive,0.1,2
f_normal.261,normal,50.3061147947541,0.03914635987953951,182,aggressive,0.1,2
f_normal.262,normal,46.92673594585952,0.031627011728741765,208,aggressive,0.1,2
f_normal.263,normal,41.46987144335851,0.03996966018506423,191,aggressive,0.1,2
f_normal.264,normal,19.807139971344345,0.25882839241915884,160,aggressive,0.1,2
f_normal.265,normal,46.43125931175773,0.025584628138888815,193,aggressive,0.1,2
f_normal.266,normal,45.2521333411517,0.02084524738031369,196,aggressive,0.1,2
f_normal.267,normal,46.25600877202666,0.029770245115814113,188,aggressive,0.1,2
f_normal.268,normal,20.788584398584515,0.15209555977047623,188,aggressive,0.1,2
f_normal.269,normal,45.35057573915189,0.03521267759905402,184,aggressive,0.1,2
f_normal.27,normal,25.859585840071162,0.06111257745352704,97,aggressive,0.1,2
f_normal.270,normal,29.29829094533292,0.07507122567735584,155,aggressive,0.1,2
f_normal.271,normal,39.46192415184662,0.021942760268845903,177,aggressive,0.1,2
f_normal.273,normal,44.16913969348469,0.02512354413169066,157,aggressive,0.1,2
f_normal.274,normal,44.45554538557824,0.027913719873352873,157,aggressive,0.1,2
f_normal.275,normal,44.781501169495996,0.03826808382682675,110,aggressive,0.1,2
f_normal.276,normal,37.438536228150085,0.07012984352410961,152,aggressive,0.1,2
f_normal.277,normal,20.270504619422304,0.3312654460822927,69,aggressive,0.1,2
f_normal.278,normal,41.87503016340514,0.030271296567805386,156,aggressive,0.1,2
f_normal.279,normal,28.08390301431477,0.04036004960641082,53,aggressive,0.1,2
f_normal.28,normal,31.34771170918571,0.15935847403275716,101,aggressive,0.1,2
f_normal.280,normal,22.482698490624134,0.1456539707531909,148,aggressive,0.1,2
f_normal.281,normal,34.61828663344862,0.021509794635606476,137,aggressive,0.1,2
f_normal.282,normal,40.10270564693949,0.03544298823787287,117,aggressive,0.1,2
f_normal.283,normal,39.95711499391383,0.017612841567381687,110,aggressive,0.1,2
f_normal.284,normal,32.24795990734274,0.07158519746601023,64,aggressive,0.1,2
f_normal.285,normal,45.80148631809768,0.027214357516207717,122,aggressive,0.1,2
f_normal.286,normal,38.57742780376505,0.04281932467618877,133,aggressive,0.1,2
f_normal.288,normal,39.3476481878278,0.026993268308699213,46,aggressive,0.1,2
f_normal.289,normal,27.419434905650416,0.3248251599507492,43,aggressive,0.1,2
f_normal.29,normal,44.02781433591577,0.05040926426471272,112,aggressive,0.1,2
f_normal.290,normal,26.15786002538669,0.09843579360672072,109,aggressive,0.1,2
f_normal.291,normal,31.686285634173235,0.08607721628482981,117,aggressive,0.1,2
f_normal.292,normal,27.48710493594987,0.01952378514568469,98,aggressive,0.1,2
f_normal.293,normal,25.58808971732699,0.13259501883772234,108,aggressive,0.1,2
f_normal.294,normal,33.85181367152376,0.025915705216983165,82,aggressive,0.1,2
f_normal.295,normal,29.503184105994787,0.03826759510126731,97,aggressive,0.1,2
f_normal.296,normal,30.916564690518786,0.03502875350458883,92,aggressive,0.1,2
f_normal.297,normal,32.43667547548611,0.01660002798496716,93,aggressive,0.1,2
f_normal.299,normal,34.46043799189275,0.024008798690514126,81,aggressive,0.1,2
f_normal.3,normal,30.792625278985952,0.03617435545873802,22,aggressive,0.1,2
f_normal.30,normal,40.59620951946292,0.04430599405534236,115,aggressive,0.1,2
f_normal.300,normal,32.72655317713081,0.025400608043270354,86,aggressive,0.1,2
f_normal.302,normal,31.601054195727478,0.015812842225990872,68,aggressive,0.1,2
f_normal.303,normal,37.01587429611849,0.03480521220232536,80,aggressive,0.1,2
f_normal.304,normal,34.83901580826859,0.016467277662955904,63,aggressive,0.1,2
f_normal.308,normal,29.949183416887447,0.032324400182959685,54,aggressive,0.1,2
f_normal.309,normal,35.28405567102765,0.04632599541494695,66,aggressive,0.1,2
f_normal.31,normal,35.05606860864157,0.050393372135942,107,aggressive,0.1,2
f_normal.310,normal,30.843544501230696,0.03061536769223305,25,aggressive,0.1,2
f_normal.311,normal,29.90123346819211,0.05064097174060403,53,aggressive,0.1,2
f_normal.312,normal,33.281068514627165,0.017506041788696802,50,aggressive,0.1,2
f_normal.314,normal,30.94125680278921,0.042146177759399224,45,aggressive,0.1,2
f_normal.317,normal,31.367459977007094,0.1419815657030034,20,aggressive,0.1,2
f_normal.318,normal,28.765726310730724,0.013275947251626476,23,aggressive,0.1,2
f_normal.319,normal,21.96478985463526,0.10669799745946175,25,aggressive,0.1,2
f_normal.32,normal,40.92630058344011,0.04166412497669755,121,aggressive,0.1,2
f_normal.324,normal,33.12126043149643,0.06041617197784553,21,aggressive,0.1,2
f_normal.33,normal,40.73305346979708,0.042723582838168496,123,aggressive,0.1,2
f_normal.34,normal,42.190919815773476,0.04668863096275129,130,aggressive,0.1,2
f_normal.35,normal,29.43947395509619,0.09452136668792167,110,aggressive,0.1,2
f_normal.36,normal,41.20214577717869,0.043816970033071535,134,aggressive,0.1,2
f_normal.37,normal,28.262022032601042,0.09103416622429941,118,aggressive,0.1,2
f_normal.38,normal,29.176450972772496,0.04075534318265153,139,aggressive,0.1,2
f_normal.39,normal,40.91624526283535,0.038934022981650794,142,aggressive,0.1,2
f_normal.4,normal,31.221216851846354,0.03731690779207077,25,aggressive,0.1,2
f_normal.40,normal,29.426417663095073,0.05872237833096882,65,aggressive,0.1,2
f_normal.41,normal,41.402553558008286,0.03888947667355603,145,aggressive,0.1,2
f_normal.42,normal,40.86115205124088,0.03743660421410653,147,aggressive,0.1,2
f_normal.43,normal,37.27963243143813,0.04101444168343954,152,aggressive,0.1,2
f_normal.44,normal,39.435247970660804,0.03567789863354539,155,aggressive,0.1,2
f_normal.45,normal,39.26729425362441,0.037240767675703196,160,aggressive,0.1,2
f_normal.46,normal,27.96328727311284,0.06108627623282776,164,aggressive,0.1,2
f_normal.47,normal,35.24880898026864,0.042023699142484036,137,aggressive,0.1,2
f_normal.48,normal,39.88550531733251,0.04524228706678265,118,aggressive,0.1,2
f_normal.49,normal,37.22586581707467,0.043240883075133275,168,aggressive,0.1,2
f_normal.5,normal,32.257850798585125,0.03451233130122828,28,aggressive,0.1,2
f_normal.50,normal,26.84378608093074,0.09139852034690157,182,aggressive,0.1,2
f_normal.51,normal,30.344628772949044,0.08737472338555687,184,aggressive,0.1,2
f_normal.52,normal,33.92013485059663,0.038409331077490796,126,aggressive,0.1,2
f_normal.53,normal,37.21715679562234,0.046186768436130676,188,aggressive,0.1,2
f_normal.54,normal,36.695785531298284,0.0460325879812548,195,aggressive,0.1,2
f_normal.55,normal,35.30362703450829,0.04232056154054189,203,aggressive,0.1,2
f_normal.56,normal,21.688897142698256,0.04182504314319418,199,aggressive,0.1,2
f_normal.57,normal,37.6257748814717,0.04387955547763925,217,aggressive,0.1,2
f_normal.58,normal,36.3325463452154,0.046745860556812235,211,aggressive,0.1,2
f_normal.59,normal,25.44526074959085,0.1789145797061245,206,aggressive,0.1,2
f_normal.6,normal,30.64912627784794,0.042482834849392935,31,aggressive,0.1,2
f_normal.60,normal,32.61772986320686,0.06785804544172808,209,aggressive,0.1,2
f_normal.61,normal,36.930497352659025,0.04030406435500898,220,aggressive,0.1,2
f_normal.62,normal,36.7503412682297,0.04974201323562154,228,aggressive,0.1,2
f_normal.63,normal,25.130576885072045,0.058145401742275546,214,aggressive,0.1,2
f_normal.64,normal,34.323947879992176,0.056296546080774876,234,aggressive,0.1,2
f_normal.65,normal,30.00617098488157,0.0372540219336395,238,aggressive,0.1,2
f_normal.66,normal,37.06613393084343,0.03993904159834278,241,aggressive,0.1,2
f_normal.67,normal,24.822261861305265,0.0688147838294378,222,aggressive,0.1,2
f_normal.68,normal,19.863210830038735,0.07248467290272609,209,aggressive,0.1,2
f_normal.69,normal,36.98444476639422,0.04318461659704566,245,aggressive,0.1,2
f_normal.7,normal,31.94306234658906,0.039565286811529,37,aggressive,0.1,2
f_normal.70,normal,37.57795600440288,0.036811426906680725,256,aggressive,0.1,2
f_normal.71,normal,37.794268409569604,0.03727843535700011,262,aggressive,0.1,2
f_normal.72,normal,37.93804060261885,0.0331296976025748,259,aggressive,0.1,2
f_normal.73,normal,37.76554722409579,0.03850909412774582,273,aggressive,0.1,2
f_normal.74,normal,38.57185176381168,0.03937221031276266,285,aggressive,0.1,2
f_normal.75,normal,20.209456704146422,0.19920533008356764,242,aggressive,0.1,2
f_normal.76,normal,39.197634826641796,0.03303460014467706,300,aggressive,0.1,2
f_normal.77,normal,38.11281483982262,0.03362320851078428,288,aggressive,0.1,2
f_normal.78,normal,39.42213161001426,0.03577017158074355,297,aggressive,0.1,2
f_normal.79,normal,28.570933458213002,0.056558040635734344,73,aggressive,0.1,2
f_normal.8,normal,31.67719917865605,0.044500463310192306,34,aggressive,0.1,2
f_normal.80,normal,39.910346888007304,0.03693091859084455,313,aggressive,0.1,2
f_normal.81,normal,23.535338827162647,0.20767911954508667,264,aggressive,0.1,2
f_normal.82,normal,39.153602728745014,0.03618057922834663,307,aggressive,0.1,2
f_normal.83,normal,32.64077291750088,0.062192271546326304,238,aggressive,0.1,2
f_normal.84,normal,39.61618745639139,0.048419327568396474,316,aggressive,0.1,2
f_normal.85,normal,32.74699584275809,0.06016485868959174,257,aggressive,0.1,2
f_normal.86,normal,32.45146228771807,0.049528744190384305,238,aggressive,0.1,2
f_normal.87,normal,32.26767282893006,0.038226661948524726,314,aggressive,0.1,2
f_normal.88,normal,41.70037463129355,0.03597789245349186,267,aggressive,0.1,2
f_normal.89,normal,40.35217460928685,0.03666737433054028,306,aggressive,0.1,2
f_normal.9,normal,20.62593665498394,0.04148899455271967,39,aggressive,0.1,2
f_normal.90,normal,33.868326067995426,0.08554747837307856,212,aggressive,0.1,2
f_normal.91,normal,27.470640127952915,0.07292585611930805,262,aggressive,0.1,2
f_normal.92,normal,39.01835543270697,0.04678451179534811,310,aggressive,0.1,2
f_normal.93,normal,30.350695657207453,0.05916753003770431,217,aggressive,0.1,2
f_normal.94,normal,33.478476984346976,0.0337799057339944,301,aggressive,0.1,2
f_normal.95,normal,38.18410491270081,0.032539401051647224,297,aggressive,0.1,2
f_normal.96,normal,23.758446319200807,0.07987667800765687,264,aggressive,0.1,2
f_normal.97,normal,32.70052044859437,0.05598951223631073,265,aggressive,0.1,2
f_normal.98,normal,38.99586335431495,0.037938889274422356,315,aggressive,0.1,2
f_normal.99,normal,29.253516582617003,0.06120892135349904,263,aggressive,0.1,2
f_aggressive.10,aggressive,60.44934856539702,0.034395132907837335,153,aggressive,0.2,1
f_aggressive.11,aggressive,59.7799155970522,0.0317685712531082,159,aggressive,0.2,1
f_aggressive.12,aggressive,59.30407607488257,0.043715811770046444,183,aggressive,0.2,1
f_aggressive.13,aggressive,61.19865233852019,0.032911073636880214,205,aggressive,0.2,1
f_aggressive.14,aggressive,60.160805689703125,0.030460971919795535,215,aggressive,0.2,1
f_aggressive.15,aggressive,59.65730093633786,0.03384222328303443,230,aggressive,0.2,1
f_aggressive.16,aggressive,59.23213501253043,0.04148916623861341,235,aggressive,0.2,1
f_aggressive.17,aggressive,58.3722870626989,0.03229254078256785,282,aggressive,0.2,1
f_aggressive.18,aggressive,60.007159719071694,0.034264365512534936,286,aggressive,0.2,1
f_aggressive.19,aggressive,59.948045899204544,0.03866142391822579,252,aggressive,0.2,1
f_aggressive.20,aggressive,59.97985032002813,0.03934491346216478,245,aggressive,0.2,1
f_aggressive.21,aggressive,59.593092482038514,0.036745349046812446,287,aggressive,0.2,1
f_aggressive.22,aggressive,60.994672080429844,0.03225030674385027,271,aggressive,0.2,1
f_aggressive.23,aggressive,62.9592872328064,0.040748131083532015,277,aggressive,0.2,1
f_aggressive.24,aggressive,61.95839923103772,0.04763870562853524,272,aggressive,0.2,1
f_aggressive.25,aggressive,60.57363592402524,0.0418350618796456,209,aggressive,0.2,1
f_aggressive.26,aggressive,62.0680751305149,0.03868205639028175,207,aggressive,0.2,1
f_aggressive.27,aggressive,57.52305469019683,0.046004866442800274,289,aggressive,0.2,1
f_aggressive.28,aggressive,60.241628780277985,0.031275616961506346,223,aggressive,0.2,1
f_aggressive.29,aggressive,62.1479526132908,0.03358392643092936,314,aggressive,0.2,1
f_aggressive.3,aggressive,57.198302993341535,0.05366350436313251,43,aggressive,0.2,1
f_aggressive.30,aggressive,61.9526059992525,0.03681433596679602,300,aggressive,0.2,1
f_aggressive.31,aggressive,63.48526076425145,0.031128759761447307,293,aggressive,0.2,1
f_aggressive.32,aggressive,56.14096578274474,0.04578097707478008,232,aggressive,0.2,1
f_aggressive.33,aggressive,63.98393063478686,0.038945876368897674,241,aggressive,0.2,1
f_aggressive.34,aggressive,62.7484933146284,0.02776739176955416,353,aggressive,0.2,1
f_aggressive.35,aggressive,65.76966881296448,0.035842705625295374,384,aggressive,0.2,1
f_aggressive.36,aggressive,65.2571635284229,0.0300036788455053,367,aggressive,0.2,1
f_aggressive.37,aggressive,65.30271917518829,0.026555959144977402,338,aggressive,0.2,1
f_aggressive.38,aggressive,66.48570841340566,0.02937482020303923,344,aggressive,0.2,1
f_aggressive.39,aggressive,64.69298977777831,0.028799424373942503,336,aggressive,0.2,1
f_aggressive.4,aggressive,57.288440502149946,0.04929943857040423,40,aggressive,0.2,1
f_aggressive.40,aggressive,63.28815886763452,0.03899577671504876,310,aggressive,0.2,1
f_aggressive.41,aggressive,59.74476257123106,0.036684672637998815,300,aggressive,0.2,1
f_aggressive.42,aggressive,66.45917100791223,0.04291023764229082,405,aggressive,0.2,1
f_aggressive.43,aggressive,67.31099041383881,0.03187779743997517,378,aggressive,0.2,1
f_aggressive.44,aggressive,66.50309462515764,0.029830615694580075,344,aggressive,0.2,1
f_aggressive.45,aggressive,66.43818578946426,0.02237110014777527,372,aggressive,0.2,1
f_aggressive.46,aggressive,66.14473878694047,0.023413672806661144,278,aggressive,0.2,1
f_aggressive.47,aggressive,65.45836746062814,0.020920494326389674,328,aggressive,0.2,1
f_aggressive.48,aggressive,66.35914432046253,0.021619269557714687,333,aggressive,0.2,1
f_aggressive.49,aggressive,66.185057329348,0.023065656884736684,319,aggressive,0.2,1
f_aggressive.5,aggressive,58.37210660844554,0.05104251193967621,72,aggressive,0.2,1
f_aggressive.50,aggressive,65.96849901523483,0.026694132004195757,277,aggressive,0.2,1
f_aggressive.51,aggressive,65.7601793088148,0.02970038980610019,276,aggressive,0.2,1
f_aggressive.52,aggressive,68.64439428474617,0.028589588718597243,285,aggressive,0.2,1
f_aggressive.53,aggressive,66.57942386412972,0.019329344986126082,228,aggressive,0.2,1
f_aggressive.54,aggressive,65.5319913659477,0.02761483332338886,260,aggressive,0.2,1
f_aggressive.55,aggressive,64.84525481675747,0.027316885729286627,220,aggressive,0.2,1
f_aggressive.56,aggressive,65.7724990851046,0.02179536705396089,163,aggressive,0.2,1
f_aggressive.57,aggressive,64.90307596773191,0.029114998201871106,207,aggressive,0.2,1
f_aggressive.58,aggressive,64.06689070798704,0.028562078861102576,117,aggressive,0.2,1
f_aggressive.59,aggressive,61.88703613302417,0.026068393447869147,197,aggressive,0.2,1
f_aggressive.6,aggressive,56.42410435153934,0.039236357691900356,82,aggressive,0.2,1
f_aggressive.60,aggressive,61.160238759480904,0.021971445644741846,92,aggressive,0.2,1
f_aggressive.61,aggressive,59.49329315618458,0.03096196513555557,154,aggressive,0.2,1
f_aggressive.62,aggressive,59.836231879814264,0.02364500520866848,155,aggressive,0.2,1
f_aggressive.63,aggressive,59.51780132990607,0.02424184726905738,128,aggressive,0.2,1
f_aggressive.64,aggressive,60.46875963755,0.02031143356252356,98,aggressive,0.2,1
f_aggressive.65,aggressive,56.406044387764425,0.02069309478417129,78,aggressive,0.2,1
f_aggressive.66,aggressive,54.19243741569218,0.02543846601721116,90,aggressive,0.2,1
f_aggressive.67,aggressive,54.296367984587455,0.02350231827738029,51,aggressive,0.2,1
f_aggressive.68,aggressive,56.97652114381348,0.02399325157695416,62,aggressive,0.2,1
f_aggressive.69,aggressive,56.15606575559681,0.028515163876621376,43,aggressive,0.2,1
f_aggressive.7,aggressive,57.87919326698863,0.059160809970158865,88,aggressive,0.2,1
f_aggressive.70,aggressive,58.05635120779764,0.033222256773823226,35,aggressive,0.2,1
f_aggressive.71,aggressive,47.09231927191799,0.027088834131342998,33,aggressive,0.2,1
f_aggressive.8,aggressive,59.962541788301024,0.050880447085726636,110,aggressive,0.2,1
f_aggressive.9,aggressive,60.93085133878875,0.034602486920614475,131,aggressive,0.2,1
f_normal.10,normal,20.01122341794382,0.14863358166318097,31,aggressive,0.2,1
f_normal.100,normal,37.14408236191994,0.041006149776389424,295,aggressive,0.2,1
f_normal.101,normal,43.04498852044508,0.031469677505175916,302,aggressive,0.2,1
f_normal.102,normal,36.24798362291638,0.06783407037670824,258,aggressive,0.2,1
f_normal.103,normal,42.045728323313654,0.03843758657177445,299,aggressive,0.2,1
f_normal.104,normal,32.77127249388934,0.08682874478539393,310,aggressive,0.2,1
f_normal.105,normal,37.10032314082777,0.038713168928714035,286,aggressive,0.2,1
f_normal.106,normal,24.397944949728473,0.17790583781579608,259,aggressive,0.2,1
f_normal.107,normal,41.662849645653196,0.04473244006711611,208,aggressive,0.2,1
f_normal.108,normal,40.88389991707687,0.06253568914156113,314,aggressive,0.2,1
f_normal.109,normal,34.42137184348669,0.06161734004979172,262,aggressive,0.2,1
f_normal.11,normal,29.85244996645562,0.03685980823580494,34,aggressive,0.2,1
f_normal.110,normal,43.624646792591506,0.03533533514612105,329,aggressive,0.2,1
f_normal.111,normal,34.4382799987813,0.03943335112177491,110,aggressive,0.2,1
f_normal.112,normal,43.102303339258995,0.03992813056877167,331,aggressive,0.2,1
f_normal.113,normal,40.53189682148337,0.07017789548556982,323,aggressive,0.2,1
f_normal.114,normal,43.667014806936045,0.040504492862384424,271,aggressive,0.2,1
f_normal.115,normal,43.25373466583477,0.04270939775646641,335,aggressive,0.2,1
f_normal.116,normal,34.41461825693445,0.05565315516225167,328,aggressive,0.2,1
f_normal.117,normal,33.579170601419264,0.059847244128426985,259,aggressive,0.2,1
f_normal.118,normal,34.75470393792406,0.04242959323279685,332,aggressive,0.2,1
f_normal.119,normal,25.14784517214123,0.1793101557915732,252,aggressive,0.2,1
f_normal.12,normal,31.754889712855714,0.03772490446321312,37,aggressive,0.2,1
f_normal.120,normal,32.93112386309686,0.052690242079538596,255,aggressive,0.2,1
f_normal.121,normal,43.6377153879246,0.04053569921816739,333,aggressive,0.2,1
f_normal.122,normal,31.147105962833695,0.06214929622702512,257,aggressive,0.2,1
f_normal.123,normal,37.77031868783771,0.04077851505365043,332,aggressive,0.2,1
f_normal.124,normal,35.3111000277654,0.04462663583486037,263,aggressive,0.2,1
f_normal.125,normal,32.897056681453606,0.11852131149039996,118,aggressive,0.2,1
f_normal.126,normal,35.19888889318737,0.03817670791076899,328,aggressive,0.2,1
f_normal.127,normal,26.618703160839697,0.10318706934291964,49,aggressive,0.2,1
f_normal.128,normal,40.228329498013125,0.0411226612933515,258,aggressive,0.2,1
f_normal.129,normal,40.85674835608071,0.049328382775187495,339,aggressive,0.2,1
f_normal.13,normal,32.359357744282484,0.05103174743571127,41,aggressive,0.2,1
f_normal.130,normal,42.361675268517146,0.037584442377344415,245,aggressive,0.2,1
f_normal.131,normal,44.24681829268646,0.03608706757163962,330,aggressive,0.2,1
f_normal.132,normal,44.24279192034709,0.03861521275908976,334,aggressive,0.2,1
f_normal.133,normal,44.68371167633944,0.04584983693553994,349,aggressive,0.2,1
f_normal.134,normal,36.52415175853731,0.08232424001672081,358,aggressive,0.2,1
f_normal.135,normal,45.30461736733082,0.03849286556524614,359,aggressive,0.2,1
f_normal.136,normal,41.04071886076299,0.07972213616575471,353,aggressive,0.2,1
f_normal.137,normal,43.52444226056391,0.030546728015393106,345,aggressive,0.2,1
f_normal.138,normal,45.51641557737415,0.030443145478546815,378,aggressive,0.2,1
f_normal.139,normal,44.37737341357177,0.02968115270198309,372,aggressive,0.2,1
f_normal.14,normal,34.12196730793149,0.04600674623864098,68,aggressive,0.2,1
f_normal.140,normal,21.17055095577035,0.20507205047856167,235,aggressive,0.2,1
f_normal.141,normal,46.984789523383746,0.0325902628973016,380,aggressive,0.2,1
f_normal.142,normal,46.55385846372275,0.03677498983568876,382,aggressive,0.2,1
f_normal.143,normal,26.601671600579046,0.07888754710819955,274,aggressive,0.2,1
f_normal.144,normal,43.436061183632006,0.026023147461747498,384,aggressive,0.2,1
f_normal.145,normal,30.745192170212558,0.05728035684882677,271,aggressive,0.2,1
f_normal.146,normal,29.090920963900235,0.06423198609385128,251,aggressive,0.2,1
f_normal.147,normal,29.50407851365722,0.05232281611865419,273,aggressive,0.2,1
f_normal.148,normal,47.64674774537556,0.028152470341667294,382,aggressive,0.2,1
f_normal.149,normal,47.949293843055905,0.03570433880168654,379,aggressive,0.2,1
f_normal.15,normal,32.03335074844431,0.043934232908423604,51,aggressive,0.2,1
f_normal.150,normal,36.87998385350261,0.056900201309719414,273,aggressive,0.2,1
f_normal.151,normal,26.00799170230494,0.06129576758327154,269,aggressive,0.2,1
f_normal.152,normal,35.35073576921317,0.06761012260209716,234,aggressive,0.2,1
f_normal.153,normal,42.95362352643002,0.03492144864418724,378,aggressive,0.2,1
f_normal.154,normal,43.784452858899876,0.03228160961048372,381,aggressive,0.2,1
f_normal.155,normal,44.669079571731196,0.029650899561454367,384,aggressive,0.2,1
f_normal.156,normal,37.51455166881898,0.05772285098416602,271,aggressive,0.2,1
f_normal.157,normal,31.65973160525121,0.07230842414264606,280,aggressive,0.2,1
f_normal.158,normal,36.89610438922233,0.07065237113579616,234,aggressive,0.2,1
f_normal.159,normal,48.560751405570315,0.04046701590723067,387,aggressive,0.2,1
f_normal.16,normal,22.84363798474939,0.05411958597382558,48,aggressive,0.2,1
f_normal.160,normal,28.77954738438646,0.08509189469948016,217,aggressive,0.2,1
f_normal.161,normal,45.79904848982177,0.036225221592705976,334,aggressive,0.2,1
f_normal.162,normal,32.647905595184035,0.054116036738869125,288,aggressive,0.2,1
f_normal.163,normal,37.28846538068815,0.06396530941214403,170,aggressive,0.2,1
f_normal.164,normal,49.05238038840883,0.03874780501008719,388,aggressive,0.2,1
f_normal.165,normal,44.89689571494632,0.05140117289155191,399,aggressive,0.2,1
f_normal.166,normal,50.631902751427056,0.03786509594942085,415,aggressive,0.2,1
f_normal.167,normal,30.062790682690714,0.18953479956795247,228,aggressive,0.2,1
f_normal.168,normal,51.449469414092334,0.04120412707289065,402,aggressive,0.2,1
f_normal.169,normal,26.707682782644923,0.07820982600819343,278,aggressive,0.2,1
f_normal.17,normal,33.057707874162,0.043341541244996,53,aggressive,0.2,1
f_normal.170,normal,47.61259383117497,0.032467960434564604,388,aggressive,0.2,1
f_normal.171,normal,35.72815706977719,0.1196651247668671,84,aggressive,0.2,1
f_normal.172,normal,51.360805721794286,0.037929525414732025,347,aggressive,0.2,1
f_normal.173,normal,49.90216419771344,0.04672480400065076,396,aggressive,0.2,1
f_normal.174,normal,51.38613270565989,0.037294490692200345,394,aggressive,0.2,1
f_normal.175,normal,51.953435104818865,0.03667355052899255,387,aggressive,0.2,1
f_normal.176,normal,29.05333265483115,0.196078481187118,266,aggressive,0.2,1
f_normal.177,normal,35.647231816199216,0.09662516560165371,118,aggressive,0.2,1
f_normal.178,normal,54.14079291514186,0.023898017061939683,283,aggressive,0.2,1
f_normal.179,normal,46.99856031399921,0.03210283048651417,363,aggressive,0.2,1
f_normal.18,normal,32.87874008328314,0.03942727834921266,56,aggressive,0.2,1
f_normal.180,normal,48.851255714423615,0.0457315844891074,376,aggressive,0.2,1
f_normal.181,normal,46.765116657128345,0.03534457996657467,276,aggressive,0.2,1
f_normal.182,normal,48.973338762689416,0.024557557075993237,359,aggressive,0.2,1
f_normal.183,normal,23.576267405840735,0.10307281944161963,149,aggressive,0.2,1
f_normal.184,normal,47.44288683006919,0.02206900671863161,309,aggressive,0.2,1
f_normal.185,normal,49.18637713513882,0.033871490267853806,290,aggressive,0.2,1
f_normal.186,normal,49.78754369079543,0.027064988310595478,265,aggressive,0.2,1
f_normal.187,normal,45.92129209360131,0.054521103585325185,346,aggressive,0.2,1
f_normal.188,normal,44.68297106097534,0.062294926050758884,339,aggressive,0.2,1
f_normal.189,normal,47.85550772229479,0.028327031641907485,341,aggressive,0.2,1
f_normal.19,normal,33.03341008347901,0.042667356318400795,59,aggressive,0.2,1
f_normal.190,normal,50.106359662990734,0.02627738532932369,338,aggressive,0.2,1
f_normal.191,normal,49.113949263422406,0.02774630285495748,340,aggressive,0.2,1
f_normal.192,normal,23.001016420815933,0.17742392446792024,257,aggressive,0.2,1
f_normal.193,normal,20.911520350724828,0.06470809528927834,264,aggressive,0.2,1
f_normal.194,normal,43.77588726829414,0.020691690044529962,330,aggressive,0.2,1
f_normal.195,normal,34.924024237010656,0.05755713064225303,228,aggressive,0.2,1
f_normal.196,normal,48.38286084441221,0.03098585162581148,326,aggressive,0.2,1
f_normal.197,normal,23.0814406985792,0.08300777877916624,274,aggressive,0.2,1
f_normal.198,normal,43.8027891893461,0.022886449425208084,317,aggressive,0.2,1
f_normal.199,normal,33.62976436375836,0.06330890092063612,267,aggressive,0.2,1
f_normal.20,normal,32.9862262077868,0.04506135670349229,65,aggressive,0.2,1
f_normal.200,normal,49.14031631619,0.03378011701692635,313,aggressive,0.2,1
f_normal.201,normal,33.12846947261291,0.061193358434877845,268,aggressive,0.2,1
f_normal.202,normal,35.87833397037068,0.06513870228569381,269,aggressive,0.2,1
f_normal.203,normal,45.98253124032684,0.020628342711937895,300,aggressive,0.2,1
f_normal.204,normal,50.223557228470845,0.0234672506923561,270,aggressive,0.2,1
f_normal.205,normal,22.307751348527862,0.1132463781803337,196,aggressive,0.2,1
f_normal.206,normal,22.44742573486993,0.09407833429159931,243,aggressive,0.2,1
f_normal.207,normal,51.070336570427855,0.022210350980796715,289,aggressive,0.2,1
f_normal.208,normal,51.09305545995137,0.029355551822442774,286,aggressive,0.2,1
f_normal.209,normal,45.707562636635075,0.02001327030205753,270,aggressive,0.2,1
f_normal.21,normal,33.37854557356383,0.041688446066549194,62,aggressive,0.2,1
f_normal.210,normal,33.88724516370153,0.060607994437308445,265,aggressive,0.2,1
f_normal.211,normal,50.77008708702379,0.030746725502426325,273,aggressive,0.2,1
f_normal.212,normal,33.19168379383021,0.13801742680727191,57,aggressive,0.2,1
f_normal.213,normal,49.24759375540769,0.019769104293836486,186,aggressive,0.2,1
f_normal.214,normal,46.63681383794548,0.024857174703652726,236,aggressive,0.2,1
f_normal.215,normal,47.31353702952878,0.04264522924589775,261,aggressive,0.2,1
f_normal.216,normal,49.130289825929886,0.033792456977273164,260,aggressive,0.2,1
f_normal.217,normal,43.89399563380955,0.022276245995710806,254,aggressive,0.2,1
f_normal.218,normal,45.989696530218964,0.06314160259397072,241,aggressive,0.2,1
f_normal.219,normal,49.104724331463,0.03652229362194615,248,aggressive,0.2,1
f_normal.22,normal,34.10582398410994,0.0440026909157958,70,aggressive,0.2,1
f_normal.220,normal,23.60062046359877,0.2241682153331286,243,aggressive,0.2,1
f_normal.221,normal,33.65935793827233,0.08562653841915725,239,aggressive,0.2,1
f_normal.222,normal,45.0477183507757,0.05030223304496722,231,aggressive,0.2,1
f_normal.223,normal,44.72287420701568,0.032548318805840956,238,aggressive,0.2,1
f_normal.224,normal,29.701230388079853,0.11685554349899537,36,aggressive,0.2,1
f_normal.225,normal,42.36597458308732,0.041806566185551605,230,aggressive,0.2,1
f_normal.226,normal,48.92818518220697,0.02410967382265245,227,aggressive,0.2,1
f_normal.227,normal,22.685687307749948,0.30745291444957734,144,aggressive,0.2,1
f_normal.228,normal,44.305674748671365,0.03871240132448653,223,aggressive,0.2,1
f_normal.229,normal,22.363891030657317,0.08887846124563407,197,aggressive,0.2,1
f_normal.23,normal,37.71015401101737,0.051886720034072416,75,aggressive,0.2,1
f_normal.230,normal,41.94492805346617,0.03190497426982478,212,aggressive,0.2,1
f_normal.231,normal,21.011451756096495,0.26012719168211146,200,aggressive,0.2,1
f_normal.233,normal,37.68312711969543,0.07946367230077535,203,aggressive,0.2,1
f_normal.234,normal,45.37707653591974,0.030266948568449352,199,aggressive,0.2,1
f_normal.235,normal,39.88977790529438,0.029194759179390434,197,aggressive,0.2,1
f_normal.236,normal,40.80234571775734,0.027571314116726826,191,aggressive,0.2,1
f_normal.237,normal,25.64151155826748,0.05297837333279663,178,aggressive,0.2,1
f_normal.238,normal,42.719369159830094,0.03620335467099596,186,aggressive,0.2,1
f_normal.239,normal,32.803864037541274,0.0588433873862616,93,aggressive,0.2,1
f_normal.24,normal,21.27974263428279,0.06460902470280928,83,aggressive,0.2,1
f_normal.240,normal,38.08258966413617,0.027201211734006255,93,aggressive,0.2,1
f_normal.241,normal,43.38707522234906,0.03629757360247364,174,aggressive,0.2,1
f_normal.242,normal,34.75866525207773,0.08342924529184008,175,aggressive,0.2,1
f_normal.243,normal,21.218749549784746,0.22185095418610098,168,aggressive,0.2,1
f_normal.244,normal,27.03600573614756,0.03739081934207248,164,aggressive,0.2,1
f_normal.245,normal,32.83533428345686,0.028812197739545634,163,aggressive,0.2,1
f_normal.246,normal,28.029472814031156,0.05989045114404632,152,aggressive,0.2,1
f_normal.247,normal,38.96597879747035,0.04249962319470609,158,aggressive,0.2,1
f_normal.248,normal,31.072614464892688,0.042727525963833626,154,aggressive,0.2,1
f_normal.249,normal,27.345668314053526,0.08998133044988459,52,aggressive,0.2,1
f_normal.25,normal,19.298245450353722,0.1038807404050752,99,aggressive,0.2,1
f_normal.250,normal,30.35356239282088,0.01802736363089688,153,aggressive,0.2,1
f_normal.251,normal,33.949357286424515,0.03215400359633571,148,aggressive,0.2,1
f_normal.252,normal,37.023899725032415,0.0428489857613736,146,aggressive,0.2,1
f_normal.253,normal,24.310763282566594,0.09049632783944327,64,aggressive,0.2,1
f_normal.254,normal,28.499357512678767,0.03849971121577634,135,aggressive,0.2,1
f_normal.255,normal,25.487256476412092,0.08485332566557323,134,aggressive,0.2,1
f_normal.256,normal,34.08029737534739,0.04440369399589838,124,aggressive,0.2,1
f_normal.257,normal,37.752552658495866,0.0375854477940646,115,aggressive,0.2,1
f_normal.258,normal,28.93888732445188,0.03432349342322549,124,aggressive,0.2,1
f_normal.26,normal,30.359071317741908,0.09331798679702669,102,aggressive,0.2,1
f_normal.260,normal,31.63170576566346,0.06863506894410433,90,aggressive,0.2,1
f_normal.261,normal,26.426061360346363,0.03576641752430111,114,aggressive,0.2,1
f_normal.262,normal,30.97532918923128,0.026315253390023188,78,aggressive,0.2,1
f_normal.263,normal,26.470324209154708,0.06040058133422379,109,aggressive,0.2,1
f_normal.264,normal,24.428612706110776,0.160284328212404,105,aggressive,0.2,1
f_normal.265,normal,26.205702694818207,0.01897174944443622,98,aggressive,0.2,1
f_normal.266,normal,28.33990592353001,0.02161807739191789,101,aggressive,0.2,1
f_normal.267,normal,24.441527060008507,0.028034892286642524,93,aggressive,0.2,1
f_normal.268,normal,30.93296078836051,0.04188205440633807,92,aggressive,0.2,1
f_normal.269,normal,30.04091557761906,0.006482209484792476,32,aggressive,0.2,1
f_normal.27,normal,21.40902429314105,0.05461635472200179,90,aggressive,0.2,1
f_normal.270,normal,28.1035905079949,0.01829748167754639,60,aggressive,0.2,1
f_normal.271,normal,29.644593407207694,0.06525056384371648,83,aggressive,0.2,1
f_normal.272,normal,30.629741773016068,0.035226116692248906,46,aggressive,0.2,1
f_normal.274,normal,27.43269856564513,0.1277787175134828,34,aggressive,0.2,1
f_normal.275,normal,26.85545433152392,0.059554478279562464,69,aggressive,0.2,1
f_normal.276,normal,31.03430178804865,0.0483768229006853,66,aggressive,0.2,1
f_normal.278,normal,33.306088838482665,0.03732158358448821,60,aggressive,0.2,1
f_normal.279,normal,31.953688040432123,0.11469437844841689,24,aggressive,0.2,1
f_normal.28,normal,35.800675657544254,0.05600238979701136,108,aggressive,0.2,1
f_normal.280,normal,24.93930759732947,0.1442413579153147,55,aggressive,0.2,1
f_normal.281,normal,26.795546271242518,0.1375216657265996,44,aggressive,0.2,1
f_normal.282,normal,28.476483640107027,0.02498210298651619,45,aggressive,0.2,1
f_normal.283,normal,31.387326934911155,0.006566090801845892,43,aggressive,0.2,1
f_normal.284,normal,27.333822487986588,0.041677289719840874,29,aggressive,0.2,1
f_normal.285,normal,25.44781475630029,0.008952547071720291,38,aggressive,0.2,1
f_normal.286,normal,29.05953464094063,0.01256709913663294,34,aggressive,0.2,1
f_normal.289,normal,32.40126323103021,0.02604582824239338,24,aggressive,0.2,1
f_normal.29,normal,34.6962505832144,0.05876915814012288,120,aggressive,0.2,1
f_normal.30,normal,36.864275713281536,0.07082192359747166,105,aggressive,0.2,1
f_normal.31,normal,22.89481660291046,0.09936655491353051,117,aggressive,0.2,1
f_normal.32,normal,38.268235590212434,0.05644935283129605,111,aggressive,0.2,1
f_normal.33,normal,34.694206395406425,0.063548211864963,123,aggressive,0.2,1
f_normal.34,normal,35.26419754794953,0.05446316634287364,91,aggressive,0.2,1
f_normal.35,normal,38.93536884221569,0.049372935646798656,128,aggressive,0.2,1
f_normal.36,normal,39.14985828764387,0.04366415835547692,132,aggressive,0.2,1
f_normal.37,normal,25.51320909699674,0.04523689908004792,138,aggressive,0.2,1
f_normal.38,normal,36.52172115178366,0.04245018609031265,117,aggressive,0.2,1
f_normal.39,normal,39.79314560530097,0.040460664696032454,146,aggressive,0.2,1
f_normal.40,normal,38.97596640494055,0.039683973990172434,150,aggressive,0.2,1
f_normal.41,normal,28.04989070599713,0.05092635270842315,74,aggressive,0.2,1
f_normal.42,normal,38.872281451197566,0.042418495171589826,153,aggressive,0.2,1
f_normal.43,normal,31.536810658124622,0.04609359027845091,148,aggressive,0.2,1
f_normal.44,normal,25.243237044314363,0.0421560456636622,160,aggressive,0.2,1
f_normal.45,normal,33.76373574001851,0.05171648794859825,177,aggressive,0.2,1
f_normal.46,normal,24.831436727821647,0.04301314160811426,142,aggressive,0.2,1
f_normal.47,normal,36.96078861755193,0.0433960759972707,186,aggressive,0.2,1
f_normal.48,normal,28.546032272563895,0.07633741731914935,181,aggressive,0.2,1
f_normal.49,normal,28.459545936301694,0.17116331618075958,175,aggressive,0.2,1
f_normal.50,normal,30.592869883715046,0.0486232016134969,193,aggressive,0.2,1
f_normal.51,normal,39.69678283893613,0.05564133475354338,206,aggressive,0.2,1
f_normal.52,normal,23.65070322447073,0.0989284273077009,190,aggressive,0.2,1
f_normal.53,normal,28.59604880787227,0.05803061385404468,196,aggressive,0.2,1
f_normal.54,normal,26.447764310846367,0.037460686474590686,211,aggressive,0.2,1
f_normal.55,normal,37.80238465336052,0.0415284925382164,215,aggressive,0.2,1
f_normal.56,normal,30.060300895091956,0.06257355343768209,199,aggressive,0.2,1
f_normal.57,normal,29.42558269357516,0.0631144213686149,55,aggressive,0.2,1
f_normal.58,normal,25.980190417662065,0.03708038646743776,221,aggressive,0.2,1
f_normal.59,normal,37.495016558603744,0.03553343928090123,227,aggressive,0.2,1
f_normal.60,normal,37.03843393163016,0.03966018501445336,232,aggressive,0.2,1
f_normal.61,normal,23.637423251112804,0.2035067635656781,130,aggressive,0.2,1
f_normal.62,normal,25.657590491943736,0.08276329968496407,208,aggressive,0.2,1
f_normal.63,normal,30.497264835026783,0.04207336412525347,242,aggressive,0.2,1
f_normal.64,normal,19.72864757455647,0.11229299302081665,238,aggressive,0.2,1
f_normal.65,normal,32.895931929425885,0.04719366803860672,179,aggressive,0.2,1
f_normal.66,normal,37.509176973369456,0.03793741016854546,276,aggressive,0.2,1
f_normal.67,normal,35.99885632814304,0.06180170264879052,265,aggressive,0.2,1
f_normal.68,normal,38.34371085840669,0.039593792877991016,269,aggressive,0.2,1
f_normal.69,normal,33.73254289442917,0.05261234625934959,248,aggressive,0.2,1
f_normal.70,normal,38.05196546987152,0.04857692972936588,282,aggressive,0.2,1
f_normal.71,normal,35.158475719431706,0.04199598922748785,253,aggressive,0.2,1
f_normal.72,normal,31.91171926557806,0.04023447909259305,287,aggressive,0.2,1
f_normal.73,normal,34.32685322554079,0.05906989077897759,253,aggressive,0.2,1
f_normal.74,normal,33.00378779585867,0.0590618624643005,252,aggressive,0.2,1
f_normal.75,normal,29.74836584759564,0.06726941478837362,259,aggressive,0.2,1
f_normal.76,normal,29.99599009485737,0.04470638025340868,285,aggressive,0.2,1
f_normal.77,normal,32.407255255249254,0.04722032293286206,292,aggressive,0.2,1
f_normal.78,normal,37.468958658281515,0.048748124077982395,250,aggressive,0.2,1
f_normal.79,normal,36.6663284235174,0.04692109886688194,291,aggressive,0.2,1
f_normal.8,normal,30.6645419061238,0.03688664010379026,36,aggressive,0.2,1
f_normal.80,normal,34.45143474215266,0.05737164569607741,221,aggressive,0.2,1
f_normal.81,normal,39.93540078908727,0.054348203137045845,127,aggressive,0.2,1
f_normal.82,normal,33.78223605957373,0.0427337368851984,224,aggressive,0.2,1
f_normal.83,normal,37.8843621234132,0.053090366941721014,292,aggressive,0.2,1
f_normal.84,normal,34.71965939706578,0.040803779899076846,189,aggressive,0.2,1
f_normal.85,normal,39.646815601473676,0.03443063074019576,298,aggressive,0.2,1
f_normal.86,normal,41.59123582196763,0.028240960864953618,301,aggressive,0.2,1
f_normal.87,normal,24.007153064445113,0.20832543599240605,121,aggressive,0.2,1
f_normal.88,normal,38.43851542490841,0.03733887359482647,302,aggressive,0.2,1
f_normal.89,normal,21.51661896895329,0.13062528126531178,248,aggressive,0.2,1
f_normal.90,normal,32.77298163741863,0.03592914307991863,297,aggressive,0.2,1
f_normal.91,normal,40.38750972719297,0.04014799674286978,302,aggressive,0.2,1
f_normal.92,normal,39.91453078314225,0.04765155587048242,225,aggressive,0.2,1
f_normal.93,normal,40.86974008662449,0.04628425205959681,302,aggressive,0.2,1
f_normal.94,normal,26.26729257229224,0.05412938571148867,252,aggressive,0.2,1
f_normal.95,normal,30.42597708523299,0.04810907322271018,257,aggressive,0.2,1
f_normal.96,normal,33.43025338066621,0.040867270929501216,300,aggressive,0.2,1
f_normal.97,normal,35.09009361915691,0.049874981003340486,261,aggressive,0.2,1
f_normal.98,normal,34.94869814023616,0.03692878486951836,165,aggressive,0.2,1
f_normal.99,normal,40.3338453486583,0.03383405722697709,189,aggressive,0.2,1
f_aggressive.1,aggressive,54.85777015500003,0.039946697840587145,25,aggressive,0.2,2
f_aggressive.10,aggressive,60.593895350256986,0.042103806521160504,138,aggressive,0.2,2
f_aggressive.11,aggressive,60.65995204841671,0.041287414306025234,170,aggressive,0.2,2
f_aggressive.12,aggressive,60.31029761407782,0.03453454999689516,203,aggressive,0.2,2
f_aggressive.13,aggressive,60.50610291441793,0.03236753574045772,222,aggressive,0.2,2
f_aggressive.14,aggressive,60.021517008737206,0.026601815423750626,233,aggressive,0.2,2
f_aggressive.15,aggressive,48.26305023260305,0.04019667745057603,183,aggressive,0.2,2
f_aggressive.16,aggressive,60.67650588192608,0.03649583376460637,218,aggressive,0.2,2
f_aggressive.17,aggressive,59.338304467930385,0.034422654256109124,269,aggressive,0.2,2
f_aggressive.18,aggressive,60.01617887562971,0.040343234864608855,298,aggressive,0.2,2
f_aggressive.19,aggressive,60.8219645892335,0.031532373363028464,282,aggressive,0.2,2
f_aggressive.2,aggressive,56.96488330658671,0.03647360793085462,36,aggressive,0.2,2
f_aggressive.20,aggressive,60.54767949704562,0.030552704470700534,298,aggressive,0.2,2
f_aggressive.21,aggressive,59.67236920703088,0.03185057955507449,271,aggressive,0.2,2
f_aggressive.22,aggressive,59.80788635265374,0.028322182646844617,293,aggressive,0.2,2
f_aggressive.23,aggressive,59.947197245971616,0.029714390858614968,288,aggressive,0.2,2
f_aggressive.24,aggressive,60.71730803074603,0.03232323119774049,298,aggressive,0.2,2
f_aggressive.25,aggressive,62.32271104664796,0.03472381593688515,225,aggressive,0.2,2
f_aggressive.26,aggressive,60.69619930936307,0.03240724726526155,322,aggressive,0.2,2
f_aggressive.27,aggressive,61.533225976049856,0.031285686230218795,312,aggressive,0.2,2
f_aggressive.28,aggressive,63.92528058167803,0.03532399370258958,295,aggressive,0.2,2
f_aggressive.29,aggressive,64.9986393737769,0.031501110023861176,306,aggressive,0.2,2
f_aggressive.3,aggressive,57.12741879442493,0.05241717006679487,56,aggressive,0.2,2
f_aggressive.30,aggressive,61.31249716004322,0.04324451369497498,290,aggressive,0.2,2
f_aggressive.31,aggressive,63.66525116725149,0.04040190190583935,326,aggressive,0.2,2
f_aggressive.32,aggressive,63.45862790776207,0.032800309086868304,259,aggressive,0.2,2
f_aggressive.33,aggressive,65.53465439241552,0.04261820903184469,364,aggressive,0.2,2
f_aggressive.34,aggressive,65.03571361990345,0.03980884960657389,262,aggressive,0.2,2
f_aggressive.35,aggressive,65.29260526508781,0.03796451940225814,262,aggressive,0.2,2
f_aggressive.36,aggressive,65.05496378299932,0.04164017144572033,353,aggressive,0.2,2
f_aggressive.37,aggressive,65.64977695157633,0.04288066343971971,321,aggressive,0.2,2
f_aggressive.38,aggressive,66.04464733666899,0.03765142547959963,385,aggressive,0.2,2
f_aggressive.39,aggressive,66.32406185031866,0.04351251360395984,389,aggressive,0.2,2
f_aggressive.4,aggressive,57.409225864292615,0.04713603331854842,55,aggressive,0.2,2
f_aggressive.40,aggressive,66.32132219155488,0.039653454748589785,328,aggressive,0.2,2
f_aggressive.41,aggressive,68.1308542172252,0.03801303512812785,402,aggressive,0.2,2
f_aggressive.42,aggressive,68.58077405405139,0.02201473659914161,341,aggressive,0.2,2
f_aggressive.43,aggressive,69.38933426828065,0.038091197837829535,384,aggressive,0.2,2
f_aggressive.44,aggressive,69.37940452045045,0.02606216418934316,377,aggressive,0.2,2
f_aggressive.45,aggressive,67.91915528671642,0.020610538962184354,348,aggressive,0.2,2
f_aggressive.46,aggressive,68.33307511714206,0.02066007267856274,338,aggressive,0.2,2
f_aggressive.47,aggressive,66.89531047987313,0.026236405417239803,342,aggressive,0.2,2
f_aggressive.48,aggressive,66.73504397865676,0.023955490480972518,319,aggressive,0.2,2
f_aggressive.49,aggressive,66.71006765984664,0.02512359091957684,305,aggressive,0.2,2
f_aggressive.5,aggressive,59.00775856543767,0.059576472053365435,75,aggressive,0.2,2
f_aggressive.50,aggressive,66.68423228172597,0.020229509832457398,288,aggressive,0.2,2
f_aggressive.51,aggressive,66.71452525445999,0.024527808759886773,255,aggressive,0.2,2
f_aggressive.52,aggressive,65.79840227730844,0.0197339935037457,244,aggressive,0.2,2
f_aggressive.53,aggressive,66.8432831697176,0.029712578753354462,249,aggressive,0.2,2
f_aggressive.54,aggressive,63.57527174329962,0.019160766079023665,213,aggressive,0.2,2
f_aggressive.55,aggressive,64.62353463273817,0.03803106267150728,236,aggressive,0.2,2
f_aggressive.56,aggressive,67.73709278784123,0.023739328608669456,221,aggressive,0.2,2
f_aggressive.57,aggressive,64.35600463870303,0.03993297716940067,210,aggressive,0.2,2
f_aggressive.58,aggressive,63.54986312753665,0.024696516690338333,193,aggressive,0.2,2
f_aggressive.59,aggressive,63.60698417097019,0.03330598371149018,162,aggressive,0.2,2
f_aggressive.6,aggressive,60.55938680805179,0.039235389576472934,110,aggressive,0.2,2
f_aggressive.60,aggressive,61.85472696805553,0.023238864319194,177,aggressive,0.2,2
f_aggressive.61,aggressive,64.92714961825094,0.04427568529280235,157,aggressive,0.2,2
f_aggressive.62,aggressive,61.79636952026705,0.022823574534055015,154,aggressive,0.2,2
f_aggressive.63,aggressive,60.00552465545236,0.02309510137227374,122,aggressive,0.2,2
f_aggressive.64,aggressive,58.937671784240216,0.024414772276878865,123,aggressive,0.2,2
f_aggressive.65,aggressive,60.83233138981297,0.024226160940594512,106,aggressive,0.2,2
f_aggressive.66,aggressive,55.02877307278082,0.028911205953775415,84,aggressive,0.2,2
f_aggressive.67,aggressive,56.60947517844039,0.04442854022275916,79,aggressive,0.2,2
f_aggressive.68,aggressive,55.10527888949883,0.03060776213691189,79,aggressive,0.2,2
f_aggressive.69,aggressive,53.92012369761938,0.03021093973535651,52,aggressive,0.2,2
f_aggressive.7,aggressive,60.235132854321066,0.035049057059824903,119,aggressive,0.2,2
f_aggressive.70,aggressive,59.0043332408471,0.015101811353920193,49,aggressive,0.2,2
f_aggressive.8,aggressive,59.54652023043546,0.04720641884844999,126,aggressive,0.2,2
f_aggressive.9,aggressive,61.81871723022919,0.037902361525266444,142,aggressive,0.2,2
f_normal.10,normal,32.917848912269655,0.04176195896907421,45,aggressive,0.2,2
f_normal.100,normal,26.571427342900318,0.0790452752125313,181,aggressive,0.2,2
f_normal.101,normal,39.488744985523745,0.03146199933857744,354,aggressive,0.2,2
f_normal.102,normal,32.793075797302684,0.05625435151285862,324,aggressive,0.2,2
f_normal.103,normal,22.644134107570363,0.08797302106473677,63,aggressive,0.2,2
f_normal.104,normal,40.12418606136931,0.03920338207384994,326,aggressive,0.2,2
f_normal.105,normal,19.63659295045779,0.22691145228804424,276,aggressive,0.2,2
f_normal.106,normal,34.13410211485714,0.056217466229045755,279,aggressive,0.2,2
f_normal.107,normal,36.921875127019945,0.03232006770498631,347,aggressive,0.2,2
f_normal.108,normal,43.922726234804266,0.03714911183166866,345,aggressive,0.2,2
f_normal.109,normal,32.93277359711599,0.05301216638847819,265,aggressive,0.2,2
f_normal.11,normal,32.34578477476714,0.03982402847081064,46,aggressive,0.2,2
f_normal.110,normal,37.53526572581947,0.04295078983077,284,aggressive,0.2,2
f_normal.111,normal,32.942896050518186,0.054442695858844335,278,aggressive,0.2,2
f_normal.112,normal,32.095348277985224,0.0578073530828609,278,aggressive,0.2,2
f_normal.113,normal,45.719187409888356,0.035773702150980184,353,aggressive,0.2,2
f_normal.114,normal,45.02472663828752,0.0421925559885341,352,aggressive,0.2,2
f_normal.115,normal,39.95123835524962,0.052144281717303786,281,aggressive,0.2,2
f_normal.116,normal,40.74410106339962,0.04294874275884341,355,aggressive,0.2,2
f_normal.117,normal,38.27411242485973,0.053603787910581985,281,aggressive,0.2,2
f_normal.118,normal,31.935392633381923,0.07152351392943355,255,aggressive,0.2,2
f_normal.119,normal,38.06190840696319,0.06105694766587629,284,aggressive,0.2,2
f_normal.12,normal,35.23166376357241,0.04285532717772686,67,aggressive,0.2,2
f_normal.120,normal,39.42354766788122,0.035027886843922655,354,aggressive,0.2,2
f_normal.121,normal,46.3063279322883,0.03893762388152701,354,aggressive,0.2,2
f_normal.122,normal,37.1190721035035,0.051358711024388284,281,aggressive,0.2,2
f_normal.123,normal,37.853480675248825,0.04929432891808804,281,aggressive,0.2,2
f_normal.124,normal,39.54044195723645,0.04297711577633415,350,aggressive,0.2,2
f_normal.125,normal,38.2518071659604,0.0566019207855096,246,aggressive,0.2,2
f_normal.126,normal,35.275341775443984,0.05517800262092426,280,aggressive,0.2,2
f_normal.127,normal,36.416421946212964,0.05485793982496152,277,aggressive,0.2,2
f_normal.128,normal,43.63972273677829,0.04159128149507769,337,aggressive,0.2,2
f_normal.129,normal,37.34765280863261,0.06640003219855956,170,aggressive,0.2,2
f_normal.13,normal,33.7769482602661,0.053562404017854046,54,aggressive,0.2,2
f_normal.130,normal,47.777508511092094,0.03606408343092862,352,aggressive,0.2,2
f_normal.131,normal,47.08036388624961,0.03547183577056914,353,aggressive,0.2,2
f_normal.132,normal,47.46346435022024,0.03755693985248401,272,aggressive,0.2,2
f_normal.133,normal,24.269148231983422,0.07699908847522066,249,aggressive,0.2,2
f_normal.134,normal,45.83124704988836,0.045399715215370146,358,aggressive,0.2,2
f_normal.135,normal,47.41985682072646,0.05043625244925275,366,aggressive,0.2,2
f_normal.136,normal,36.71727824700069,0.08172558019388507,61,aggressive,0.2,2
f_normal.137,normal,46.25107494613473,0.041953372268401054,293,aggressive,0.2,2
f_normal.138,normal,43.623838966912146,0.039698779383152714,369,aggressive,0.2,2
f_normal.139,normal,49.03661944900309,0.03994510740159255,325,aggressive,0.2,2
f_normal.14,normal,24.600079501327986,0.05464561673545742,61,aggressive,0.2,2
f_normal.140,normal,45.31514707312913,0.05223401453608431,376,aggressive,0.2,2
f_normal.141,normal,22.668383560512012,0.13544724236329805,77,aggressive,0.2,2
f_normal.142,normal,26.832603292944906,0.19546306236364963,234,aggressive,0.2,2
f_normal.143,normal,42.74189683591744,0.052046143438909113,380,aggressive,0.2,2
f_normal.144,normal,48.363033302764954,0.04986766348394058,382,aggressive,0.2,2
f_normal.145,normal,41.80311414981704,0.07265451434605658,398,aggressive,0.2,2
f_normal.146,normal,42.12523423827478,0.04424757113402869,377,aggressive,0.2,2
f_normal.147,normal,48.82653620378687,0.03720134788444022,336,aggressive,0.2,2
f_normal.148,normal,45.28676574957297,0.053965328821613215,370,aggressive,0.2,2
f_normal.149,normal,46.92322446325966,0.04457001457626842,337,aggressive,0.2,2
f_normal.15,normal,34.50540442290784,0.043619156695262264,63,aggressive,0.2,2
f_normal.150,normal,47.225480943983314,0.051312156743085466,404,aggressive,0.2,2
f_normal.151,normal,21.870921158034253,0.1646147252270796,65,aggressive,0.2,2
f_normal.152,normal,48.97329964338731,0.04491825256517314,417,aggressive,0.2,2
f_normal.153,normal,49.80256739293986,0.055408308737018956,375,aggressive,0.2,2
f_normal.154,normal,46.53985283376191,0.037267689389949045,424,aggressive,0.2,2
f_normal.155,normal,51.23135489688734,0.040895657068072626,438,aggressive,0.2,2
f_normal.156,normal,50.498690622670686,0.040745428232039374,435,aggressive,0.2,2
f_normal.157,normal,24.601731112800863,0.18384067667557769,269,aggressive,0.2,2
f_normal.158,normal,35.45656173733555,0.040901688923530896,268,aggressive,0.2,2
f_normal.159,normal,48.14685701891536,0.03963114140796646,442,aggressive,0.2,2
f_normal.16,normal,35.26983474608637,0.042962655628960976,70,aggressive,0.2,2
f_normal.160,normal,36.1286967973324,0.053836322161836606,154,aggressive,0.2,2
f_normal.161,normal,49.723105090142056,0.03870309804589573,336,aggressive,0.2,2
f_normal.162,normal,53.626452649664245,0.03713452625848867,377,aggressive,0.2,2
f_normal.163,normal,52.51778270500964,0.04349143409981049,430,aggressive,0.2,2
f_normal.164,normal,53.281973012436055,0.04056023102412459,425,aggressive,0.2,2
f_normal.165,normal,55.57338433511826,0.01789147952851279,400,aggressive,0.2,2
f_normal.166,normal,24.029940113258515,0.22666736631665196,259,aggressive,0.2,2
f_normal.167,normal,50.9278048667943,0.021672851059098996,417,aggressive,0.2,2
f_normal.168,normal,23.107996863723073,0.155063599947924,45,aggressive,0.2,2
f_normal.169,normal,55.09318049184825,0.02451551896575249,404,aggressive,0.2,2
f_normal.17,normal,21.527933691851022,0.06087500996265482,68,aggressive,0.2,2
f_normal.170,normal,54.953060324028726,0.02437016011624696,401,aggressive,0.2,2
f_normal.171,normal,22.373079557544397,0.2401908932642473,226,aggressive,0.2,2
f_normal.172,normal,54.537590607871635,0.019562981715480727,380,aggressive,0.2,2
f_normal.173,normal,54.901020001743575,0.023494830566713854,380,aggressive,0.2,2
f_normal.174,normal,54.1547056258233,0.03432254979702543,384,aggressive,0.2,2
f_normal.175,normal,24.80595506541593,0.18120418316952439,48,aggressive,0.2,2
f_normal.176,normal,53.178698684021306,0.026530061423778603,378,aggressive,0.2,2
f_normal.177,normal,49.76709453602799,0.0283833713100464,378,aggressive,0.2,2
f_normal.178,normal,49.270918160302564,0.023534678687910728,370,aggressive,0.2,2
f_normal.179,normal,26.081001930216072,0.08793946550894874,215,aggressive,0.2,2
f_normal.18,normal,34.60824209521411,0.0457732256171106,73,aggressive,0.2,2
f_normal.180,normal,51.96247720210793,0.029383890272044046,367,aggressive,0.2,2
f_normal.181,normal,21.28471861755021,0.2218831897589397,271,aggressive,0.2,2
f_normal.182,normal,53.28242097062183,0.026616025054703406,339,aggressive,0.2,2
f_normal.183,normal,26.958716389071565,0.06848121827837349,279,aggressive,0.2,2
f_normal.184,normal,50.543491313276796,0.03497193798660441,364,aggressive,0.2,2
f_normal.185,normal,48.50309450185342,0.02243508956454168,347,aggressive,0.2,2
f_normal.186,normal,47.74132711895728,0.022788172707129163,352,aggressive,0.2,2
f_normal.187,normal,53.4434601242548,0.025240176626690095,349,aggressive,0.2,2
f_normal.188,normal,52.121908187070694,0.026144822280351802,347,aggressive,0.2,2
f_normal.189,normal,26.386951944255127,0.04507808137957477,177,aggressive,0.2,2
f_normal.19,normal,35.74441520427342,0.056874323974704995,77,aggressive,0.2,2
f_normal.190,normal,46.78786348024829,0.022735109363373553,342,aggressive,0.2,2
f_normal.191,normal,22.668203715337153,0.08825383117268921,191,aggressive,0.2,2
f_normal.192,normal,50.82654302193983,0.028669340607632546,340,aggressive,0.2,2
f_normal.193,normal,46.44554915431028,0.02228055547335953,330,aggressive,0.2,2
f_normal.194,normal,23.34381200961826,0.06930786485144874,269,aggressive,0.2,2
f_normal.195,normal,33.332303152333175,0.0754193519955204,245,aggressive,0.2,2
f_normal.196,normal,50.445803279729695,0.03269699919361125,325,aggressive,0.2,2
f_normal.197,normal,23.69310819537932,0.07962710574489523,275,aggressive,0.2,2
f_normal.198,normal,46.49798051771227,0.025956874104729764,246,aggressive,0.2,2
f_normal.199,normal,34.70820336192714,0.13041504414347438,56,aggressive,0.2,2
f_normal.2,normal,29.526995984652196,0.05136666164222958,20,aggressive,0.2,2
f_normal.20,normal,35.188194564796035,0.05997202384260417,86,aggressive,0.2,2
f_normal.200,normal,47.50553120331349,0.04989405865466914,313,aggressive,0.2,2
f_normal.201,normal,44.89654225745516,0.0500294783586325,308,aggressive,0.2,2
f_normal.202,normal,20.802017465899656,0.22293429079006946,259,aggressive,0.2,2
f_normal.203,normal,50.00704073340512,0.025885241380696256,302,aggressive,0.2,2
f_normal.204,normal,49.844470177321426,0.03211390071337044,298,aggressive,0.2,2
f_normal.205,normal,30.52847566753472,0.0614953558063244,208,aggressive,0.2,2
f_normal.206,normal,44.54637777995368,0.03320735214230539,291,aggressive,0.2,2
f_normal.207,normal,47.58768648550204,0.04161017055052175,288,aggressive,0.2,2
f_normal.208,normal,49.21973981946052,0.03005569446798505,287,aggressive,0.2,2
f_normal.209,normal,22.724210187300635,0.08053591465985935,281,aggressive,0.2,2
f_normal.21,normal,37.45875154676044,0.04599517484632451,89,aggressive,0.2,2
f_normal.210,normal,33.665439662088765,0.17391810901642893,56,aggressive,0.2,2
f_normal.211,normal,44.531137243710994,0.028549588833542725,275,aggressive,0.2,2
f_normal.212,normal,49.390976134270254,0.027076151939715843,274,aggressive,0.2,2
f_normal.213,normal,48.02153301481275,0.03401495934417253,269,aggressive,0.2,2
f_normal.214,normal,22.156651049051277,0.24600215414241813,260,aggressive,0.2,2
f_normal.215,normal,46.78763806976908,0.018510128731632568,253,aggressive,0.2,2
f_normal.216,normal,34.389691444674014,0.0771232938506291,216,aggressive,0.2,2
f_normal.217,normal,50.03854699533501,0.02686185682448699,183,aggressive,0.2,2
f_normal.219,normal,46.369320239305424,0.018239737855431887,161,aggressive,0.2,2
f_normal.22,normal,37.18395868160505,0.04783982930502467,92,aggressive,0.2,2
f_normal.220,normal,44.38527771245861,0.046405083887929084,242,aggressive,0.2,2
f_normal.221,normal,45.23378790854505,0.04996696299218258,180,aggressive,0.2,2
f_normal.222,normal,18.644640412623247,0.24858524189879283,224,aggressive,0.2,2
f_normal.223,normal,47.84565826202327,0.03618119270604005,237,aggressive,0.2,2
f_normal.224,normal,47.28438775689043,0.023828676396130472,226,aggressive,0.2,2
f_normal.225,normal,43.18064434920261,0.023506188757112467,227,aggressive,0.2,2
f_normal.226,normal,35.5968791569207,0.03935142661506009,176,aggressive,0.2,2
f_normal.227,normal,48.24732940649746,0.02724070924541534,191,aggressive,0.2,2
f_normal.228,normal,46.32577211319147,0.026954103431130028,157,aggressive,0.2,2
f_normal.229,normal,42.69612323781228,0.05266908339266871,219,aggressive,0.2,2
f_normal.23,normal,37.292434858167155,0.05418669089975136,95,aggressive,0.2,2
f_normal.230,normal,21.767066516401623,0.09374270666981695,213,aggressive,0.2,2
f_normal.231,normal,28.040183769710072,0.05079694968111827,210,aggressive,0.2,2
f_normal.232,normal,41.152124737340884,0.01985065663599965,149,aggressive,0.2,2
f_normal.233,normal,36.10756873887839,0.06845292516027347,45,aggressive,0.2,2
f_normal.234,normal,19.02157447476774,0.11174850190176107,81,aggressive,0.2,2
f_normal.235,normal,42.57090365039253,0.03303046553767682,198,aggressive,0.2,2
f_normal.236,normal,37.83445819294741,0.022260866566734237,133,aggressive,0.2,2
f_normal.237,normal,42.865767252316154,0.02677654924063326,195,aggressive,0.2,2
f_normal.238,normal,39.216256794964664,0.036056698190787946,188,aggressive,0.2,2
f_normal.239,normal,38.82345241106956,0.08389898588876107,164,aggressive,0.2,2
f_normal.24,normal,41.47526457234554,0.06290403078928863,103,aggressive,0.2,2
f_normal.240,normal,41.74747833809258,0.03429137782663115,181,aggressive,0.2,2
f_normal.241,normal,36.696896997701366,0.02016117869514955,174,aggressive,0.2,2
f_normal.242,normal,21.865517932444746,0.2063571663214919,176,aggressive,0.2,2
f_normal.244,normal,41.30890503897305,0.02689972962397727,119,aggressive,0.2,2
f_normal.245,normal,19.476437889340627,0.2584217950822706,135,aggressive,0.2,2
f_normal.246,normal,37.404652461704096,0.048914023614127944,161,aggressive,0.2,2
f_normal.247,normal,41.24532716191927,0.03791614609996517,158,aggressive,0.2,2
f_normal.248,normal,29.617697731827047,0.04539263643085178,155,aggressive,0.2,2
f_normal.249,normal,34.32458282641639,0.034862712715380606,148,aggressive,0.2,2
f_normal.25,normal,41.35963055903098,0.0513886281852701,111,aggressive,0.2,2
f_normal.250,normal,34.890545612691845,0.04604290755457042,150,aggressive,0.2,2
f_normal.251,normal,34.490144241172835,0.03305796721154342,142,aggressive,0.2,2
f_normal.252,normal,32.60824389100396,0.04478418715050986,144,aggressive,0.2,2
f_normal.253,normal,35.385022563346375,0.0263016672066203,138,aggressive,0.2,2
f_normal.254,normal,33.250877576617015,0.055720797511266816,137,aggressive,0.2,2
f_normal.255,normal,40.510434071964575,0.032114028346632906,134,aggressive,0.2,2
f_normal.257,normal,33.252054454337404,0.029948968128347176,53,aggressive,0.2,2
f_normal.258,normal,28.641927178945178,0.08688798346975371,126,aggressive,0.2,2
f_normal.259,normal,33.986712324802575,0.03764023888025845,120,aggressive,0.2,2
f_normal.26,normal,38.82055713464343,0.0384785930032864,121,aggressive,0.2,2
f_normal.260,normal,28.048647482432276,0.11530273917958088,106,aggressive,0.2,2
f_normal.261,normal,28.305756062094872,0.11304388668925983,103,aggressive,0.2,2
f_normal.262,normal,33.906004477529784,0.03655438009367018,110,aggressive,0.2,2
f_normal.263,normal,30.04354467090055,0.03007840154581675,69,aggressive,0.2,2
f_normal.264,normal,26.97669300029087,0.030143931917202476,99,aggressive,0.2,2
f_normal.265,normal,27.259301040979775,0.05152932347349907,97,aggressive,0.2,2
f_normal.266,normal,34.006504441327365,0.025422174383925234,98,aggressive,0.2,2
f_normal.267,normal,33.092601589438125,0.028024608927929892,94,aggressive,0.2,2
f_normal.269,normal,33.07193561547966,0.04090227211866599,91,aggressive,0.2,2
f_normal.27,normal,29.930327098442373,0.14994624994473096,98,aggressive,0.2,2
f_normal.270,normal,26.555038009629342,0.03610463573343504,84,aggressive,0.2,2
f_normal.271,normal,32.02384972899575,0.04699313136534695,82,aggressive,0.2,2
f_normal.272,normal,20.945000001211955,0.14044887958234606,78,aggressive,0.2,2
f_normal.273,normal,27.21397400064465,0.025184446528944224,73,aggressive,0.2,2
f_normal.274,normal,28.699225049321612,0.019430386963260143,72,aggressive,0.2,2
f_normal.275,normal,32.56105121293006,0.039430703729299674,70,aggressive,0.2,2
f_normal.276,normal,29.199671189335522,0.01666371860009602,61,aggressive,0.2,2
f_normal.277,normal,29.33620096504317,0.013255444367472276,65,aggressive,0.2,2
f_normal.279,normal,30.280451030550253,0.03959287025079452,58,aggressive,0.2,2
f_normal.28,normal,26.961855847997015,0.04521488585129257,117,aggressive,0.2,2
f_normal.280,normal,34.4841562231762,0.050666699701827925,57,aggressive,0.2,2
f_normal.281,normal,34.537284226009,0.04581906822957938,50,aggressive,0.2,2
f_normal.284,normal,20.836888122008617,0.2003913794679069,42,aggressive,0.2,2
f_normal.285,normal,26.09926882243659,0.15131309490920747,26,aggressive,0.2,2
f_normal.286,normal,31.20556439796275,0.05958423193022715,29,aggressive,0.2,2
f_normal.287,normal,33.114474531625085,0.02364756153741251,30,aggressive,0.2,2
f_normal.289,normal,34.882869814704925,0.020876209161578046,26,aggressive,0.2,2
f_normal.29,normal,33.15152134613174,0.10428872437883507,101,aggressive,0.2,2
f_normal.3,normal,30.38950305551632,0.05485712192477555,23,aggressive,0.2,2
f_normal.30,normal,34.77017311431073,0.06943258868625006,78,aggressive,0.2,2
f_normal.31,normal,26.46601472137775,0.047330245468555375,127,aggressive,0.2,2
f_normal.32,normal,37.29104609887948,0.04512837326185958,134,aggressive,0.2,2
f_normal.33,normal,23.65258741182782,0.04852020905324852,95,aggressive,0.2,2
f_normal.34,normal,39.99702343536912,0.04358090027291552,138,aggressive,0.2,2
f_normal.35,normal,40.99335972086893,0.040624391826090046,140,aggressive,0.2,2
f_normal.36,normal,40.08946051697671,0.04396062615098393,146,aggressive,0.2,2
f_normal.37,normal,34.030838866194934,0.0614799274290639,154,aggressive,0.2,2
f_normal.38,normal,26.27445400718682,0.05176026161390609,153,aggressive,0.2,2
f_normal.39,normal,38.99399065706956,0.042704499279417295,151,aggressive,0.2,2
f_normal.4,normal,21.228115779749597,0.04195500404911676,29,aggressive,0.2,2
f_normal.40,normal,19.774022523981632,0.09823198827106029,106,aggressive,0.2,2
f_normal.41,normal,38.20234662171919,0.04146235285729272,172,aggressive,0.2,2
f_normal.42,normal,36.401974209326916,0.04685899125377854,168,aggressive,0.2,2
f_normal.43,normal,39.780405236318266,0.05092651714956803,157,aggressive,0.2,2
f_normal.44,normal,25.909632078090237,0.04710020836923652,143,aggressive,0.2,2
f_normal.45,normal,36.283819909567235,0.06835063724625724,199,aggressive,0.2,2
f_normal.46,normal,35.77493722147477,0.059104791333574616,196,aggressive,0.2,2
f_normal.47,normal,28.791254714648904,0.1532556843259668,181,aggressive,0.2,2
f_normal.48,normal,40.229546447904106,0.04321634840739381,203,aggressive,0.2,2
f_normal.49,normal,32.35271687483666,0.05395286020295545,61,aggressive,0.2,2
f_normal.5,normal,30.695229388875664,0.046540010538679635,33,aggressive,0.2,2
f_normal.50,normal,33.0423983547406,0.0680217679126601,184,aggressive,0.2,2
f_normal.51,normal,30.517641932744418,0.03548732385496705,211,aggressive,0.2,2
f_normal.52,normal,33.24920126046054,0.07502323582543531,186,aggressive,0.2,2
f_normal.53,normal,38.83706620636785,0.03328245021147704,217,aggressive,0.2,2
f_normal.54,normal,38.49716810364618,0.038785918811867916,224,aggressive,0.2,2
f_normal.55,normal,38.60190967104835,0.03403526797946351,220,aggressive,0.2,2
f_normal.56,normal,29.62812601178211,0.037481525621120865,236,aggressive,0.2,2
f_normal.57,normal,22.165347036966654,0.205537497929256,209,aggressive,0.2,2
f_normal.58,normal,26.28823001418783,0.033255066200831324,240,aggressive,0.2,2
f_normal.59,normal,25.425610127983703,0.03245345155308372,151,aggressive,0.2,2
f_normal.6,normal,31.185802889654674,0.044482401889908395,36,aggressive,0.2,2
f_normal.60,normal,37.4323515220288,0.0386033791265735,244,aggressive,0.2,2
f_normal.61,normal,35.35607726439243,0.03875841840813792,251,aggressive,0.2,2
f_normal.62,normal,38.02220094811758,0.03569907099831582,255,aggressive,0.2,2
f_normal.63,normal,21.32789757176534,0.1129846705950696,97,aggressive,0.2,2
f_normal.64,normal,38.27309124574161,0.03664401125800916,235,aggressive,0.2,2
f_normal.65,normal,37.67468109146665,0.037924129092531844,275,aggressive,0.2,2
f_normal.66,normal,26.981228191666183,0.04491460942584118,265,aggressive,0.2,2
f_normal.67,normal,39.14520965160711,0.032199655540656125,301,aggressive,0.2,2
f_normal.68,normal,38.19604339681469,0.04581256216948423,281,aggressive,0.2,2
f_normal.69,normal,38.63646773430695,0.033264623510813336,292,aggressive,0.2,2
f_normal.7,normal,20.921928416927432,0.04285259958631624,39,aggressive,0.2,2
f_normal.70,normal,22.62848458165505,0.06328007131701978,60,aggressive,0.2,2
f_normal.71,normal,31.769987427414723,0.03050023750271959,289,aggressive,0.2,2
f_normal.72,normal,23.602950536526,0.21072895527495722,269,aggressive,0.2,2
f_normal.73,normal,31.387943989515197,0.06184265315428324,190,aggressive,0.2,2
f_normal.74,normal,39.113939151491934,0.03829099529686632,300,aggressive,0.2,2
f_normal.75,normal,38.9276951531903,0.032168639968278595,300,aggressive,0.2,2
f_normal.76,normal,39.051004304824275,0.03110559911630825,299,aggressive,0.2,2
f_normal.77,normal,31.77387537049256,0.030559008523016764,301,aggressive,0.2,2
f_normal.78,normal,21.494867482116543,0.11704967575202375,263,aggressive,0.2,2
f_normal.79,normal,36.349743233269265,0.06412370735945279,178,aggressive,0.2,2
f_normal.8,normal,32.84137090753761,0.041805053210444656,42,aggressive,0.2,2
f_normal.80,normal,40.239252130390526,0.043143441741310226,301,aggressive,0.2,2
f_normal.81,normal,24.636627114430986,0.08517388592638923,268,aggressive,0.2,2
f_normal.82,normal,29.83648729364811,0.03904340831107052,83,aggressive,0.2,2
f_normal.83,normal,31.94044153293265,0.03375851795638588,305,aggressive,0.2,2
f_normal.84,normal,28.929306266817637,0.03465156807852085,307,aggressive,0.2,2
f_normal.85,normal,38.64992525623511,0.03383753784943353,284,aggressive,0.2,2
f_normal.86,normal,36.68113105715877,0.04611483560949897,314,aggressive,0.2,2
f_normal.87,normal,39.54676047007014,0.03616212368811141,314,aggressive,0.2,2
f_normal.88,normal,21.734883675711778,0.2561222879021747,166,aggressive,0.2,2
f_normal.89,normal,25.641257568741235,0.09100974975527268,260,aggressive,0.2,2
f_normal.9,normal,32.97721505869307,0.05328767643518535,50,aggressive,0.2,2
f_normal.90,normal,31.84829677846518,0.03107160242292278,316,aggressive,0.2,2
f_normal.91,normal,38.43593473367872,0.03714613053044884,317,aggressive,0.2,2
f_normal.92,normal,40.27798300876912,0.03843040972223793,270,aggressive,0.2,2
f_normal.93,normal,24.35879006467086,0.0851167752983581,61,aggressive,0.2,2
f_normal.94,normal,31.360413591843525,0.04451551641741391,318,aggressive,0.2,2
f_normal.95,normal,30.588227140986316,0.040486564146700404,312,aggressive,0.2,2
f_normal.96,normal,36.99206055843318,0.052959790069407986,320,aggressive,0.2,2
f_normal.97,normal,40.30546140700536,0.04156472123800001,326,aggressive,0.2,2
f_normal.98,normal,25.024386932833206,0.22027032167667804,265,aggressive,0.2,2
f_normal.99,normal,31.34085132553258,0.06707855725141397,252,aggressive,0.2,2
f_aggressive.10,aggressive,56.96108786758985,0.05557962387225802,65,aggressive,0.3,1
f_aggressive.100,aggressive,61.3027330575974,0.05086709643287938,95,aggressive,0.3,1
f_aggressive.101,aggressive,55.93439336635463,0.03441208296613075,60,aggressive,0.3,1
f_aggressive.102,aggressive,61.893057947655635,0.042053248628128446,76,aggressive,0.3,1
f_aggressive.103,aggressive,32.403213087229396,0.06027469140743659,49,aggressive,0.3,1
f_aggressive.104,aggressive,53.18013590046569,0.017331154478584816,54,aggressive,0.3,1
f_aggressive.106,aggressive,47.91122213135708,0.03609612766623636,42,aggressive,0.3,1
f_aggressive.107,aggressive,44.066484166746086,0.02371105169885253,30,aggressive,0.3,1
f_aggressive.11,aggressive,56.0330410307743,0.031518067296042826,76,aggressive,0.3,1
f_aggressive.12,aggressive,57.64784287000677,0.04837258507924096,85,aggressive,0.3,1
f_aggressive.13,aggressive,58.12498274166633,0.04659368878204898,87,aggressive,0.3,1
f_aggressive.14,aggressive,58.12466855054326,0.04352132786220652,85,aggressive,0.3,1
f_aggressive.15,aggressive,58.25176219336569,0.047956571174591726,113,aggressive,0.3,1
f_aggressive.16,aggressive,56.62108997292996,0.031055921482648925,119,aggressive,0.3,1
f_aggressive.17,aggressive,58.259451093850956,0.03478618516358596,143,aggressive,0.3,1
f_aggressive.18,aggressive,58.93705871633436,0.03602971601562902,155,aggressive,0.3,1
f_aggressive.19,aggressive,59.01450482454459,0.037900208463815095,167,aggressive,0.3,1
f_aggressive.20,aggressive,59.21371879208154,0.03739391859967356,179,aggressive,0.3,1
f_aggressive.21,aggressive,58.94654366897365,0.03475439564523764,193,aggressive,0.3,1
f_aggressive.22,aggressive,57.98757090349869,0.04854105052395428,202,aggressive,0.3,1
f_aggressive.23,aggressive,58.59963388786022,0.03785545784955539,120,aggressive,0.3,1
f_aggressive.24,aggressive,57.0339764164355,0.042097910472191566,224,aggressive,0.3,1
f_aggressive.25,aggressive,57.03020098743765,0.04021522191660454,223,aggressive,0.3,1
f_aggressive.26,aggressive,57.59563135997376,0.0340491592133805,222,aggressive,0.3,1
f_aggressive.27,aggressive,58.736723877267835,0.03685535378347211,241,aggressive,0.3,1
f_aggressive.28,aggressive,57.185865787069986,0.03532104555408948,212,aggressive,0.3,1
f_aggressive.29,aggressive,59.082427261810075,0.039120486337975165,244,aggressive,0.3,1
f_aggressive.30,aggressive,55.573804657114756,0.03633833078194606,235,aggressive,0.3,1
f_aggressive.31,aggressive,56.699776097683824,0.03738729217430529,210,aggressive,0.3,1
f_aggressive.32,aggressive,59.147021504394786,0.04623285611605373,232,aggressive,0.3,1
f_aggressive.33,aggressive,56.66266712255655,0.039157420333791125,205,aggressive,0.3,1
f_aggressive.34,aggressive,60.089767794828965,0.04326208036171329,270,aggressive,0.3,1
f_aggressive.35,aggressive,56.938895096541934,0.03442041590477423,250,aggressive,0.3,1
f_aggressive.36,aggressive,60.22684855752509,0.041503749822600806,272,aggressive,0.3,1
f_aggressive.37,aggressive,59.98649238481201,0.03295985275944473,251,aggressive,0.3,1
f_aggressive.38,aggressive,57.78516693251391,0.03584853139265162,270,aggressive,0.3,1
f_aggressive.39,aggressive,58.322843533438,0.03293499198145473,233,aggressive,0.3,1
f_aggressive.40,aggressive,58.10379620903196,0.03497854125903942,246,aggressive,0.3,1
f_aggressive.41,aggressive,59.711121200395645,0.034690769646568254,264,aggressive,0.3,1
f_aggressive.42,aggressive,59.89951398553369,0.03826805981748031,206,aggressive,0.3,1
f_aggressive.43,aggressive,60.23538771553413,0.0377781217898606,273,aggressive,0.3,1
f_aggressive.44,aggressive,59.282704376633596,0.03300514688484139,272,aggressive,0.3,1
f_aggressive.45,aggressive,58.65609937797474,0.04141057471112578,278,aggressive,0.3,1
f_aggressive.46,aggressive,59.27537464370677,0.03453571376357067,212,aggressive,0.3,1
f_aggressive.47,aggressive,59.780018032900045,0.0465211156235827,272,aggressive,0.3,1
f_aggressive.48,aggressive,59.76997248752031,0.034325254857702506,191,aggressive,0.3,1
f_aggressive.49,aggressive,59.20195605721994,0.03264636314852074,297,aggressive,0.3,1
f_aggressive.50,aggressive,61.1267960332809,0.05037479649229135,197,aggressive,0.3,1
f_aggressive.51,aggressive,58.93142726320222,0.05014411274984201,297,aggressive,0.3,1
f_aggressive.52,aggressive,59.73932076716756,0.04818779614065332,249,aggressive,0.3,1
f_aggressive.53,aggressive,60.71701686548373,0.04316874515075057,287,aggressive,0.3,1
f_aggressive.54,aggressive,62.407467132654546,0.03727921719206374,320,aggressive,0.3,1
f_aggressive.55,aggressive,50.84255443189783,0.07268000817370486,331,aggressive,0.3,1
f_aggressive.56,aggressive,63.09618715252055,0.03408903310281167,310,aggressive,0.3,1
f_aggressive.57,aggressive,62.652460848838814,0.033566394950248414,326,aggressive,0.3,1
f_aggressive.58,aggressive,64.38410483704715,0.04114092994517554,339,aggressive,0.3,1
f_aggressive.59,aggressive,63.92021281065037,0.04275384400722667,341,aggressive,0.3,1
f_aggressive.60,aggressive,62.19900451181711,0.043059100372786915,325,aggressive,0.3,1
f_aggressive.61,aggressive,62.131182124669785,0.03889902159563212,296,aggressive,0.3,1
f_aggressive.62,aggressive,63.92750817520923,0.05350306706865371,360,aggressive,0.3,1
f_aggressive.63,aggressive,62.90886011654146,0.05268812088869756,364,aggressive,0.3,1
f_aggressive.64,aggressive,63.29827811614742,0.04554688027055416,333,aggressive,0.3,1
f_aggressive.65,aggressive,64.80495859734809,0.04380130684929001,384,aggressive,0.3,1
f_aggressive.66,aggressive,65.08781597872284,0.04049848239513194,382,aggressive,0.3,1
f_aggressive.67,aggressive,65.0873278037398,0.036260311562708335,352,aggressive,0.3,1
f_aggressive.68,aggressive,64.89249268014038,0.027245437592337548,357,aggressive,0.3,1
f_aggressive.69,aggressive,66.06697023893582,0.03796171446888005,332,aggressive,0.3,1
f_aggressive.7,aggressive,57.023325538919906,0.04608377512695422,46,aggressive,0.3,1
f_aggressive.70,aggressive,63.43507499445872,0.034692972733571636,324,aggressive,0.3,1
f_aggressive.71,aggressive,66.5701447293327,0.02634123329400852,264,aggressive,0.3,1
f_aggressive.72,aggressive,66.14465188686842,0.01997179850438656,309,aggressive,0.3,1
f_aggressive.73,aggressive,66.29222519137055,0.029008345513303353,308,aggressive,0.3,1
f_aggressive.74,aggressive,66.03277856647499,0.027562379133070955,294,aggressive,0.3,1
f_aggressive.75,aggressive,64.78598055170191,0.03914851333223264,307,aggressive,0.3,1
f_aggressive.76,aggressive,65.46080558532687,0.040359229572207306,298,aggressive,0.3,1
f_aggressive.77,aggressive,68.0254807812082,0.024168956586900468,195,aggressive,0.3,1
f_aggressive.78,aggressive,65.19132534547174,0.040940603152973806,272,aggressive,0.3,1
f_aggressive.79,aggressive,64.6753588285513,0.03657770749976568,258,aggressive,0.3,1
f_aggressive.8,aggressive,56.700904405197406,0.04923804260665383,47,aggressive,0.3,1
f_aggressive.80,aggressive,64.44422681354993,0.025507041470330966,231,aggressive,0.3,1
f_aggressive.81,aggressive,65.09242481465897,0.0414343611298526,237,aggressive,0.3,1
f_aggressive.82,aggressive,63.71580532380796,0.019765456561795004,159,aggressive,0.3,1
f_aggressive.83,aggressive,65.29169888995155,0.0299806144893564,212,aggressive,0.3,1
f_aggressive.84,aggressive,64.1262094475134,0.04611990240325867,183,aggressive,0.3,1
f_aggressive.85,aggressive,65.31431120304678,0.031093292224253416,215,aggressive,0.3,1
f_aggressive.86,aggressive,61.51841079882839,0.033580355502258886,209,aggressive,0.3,1
f_aggressive.87,aggressive,61.735065923846584,0.019186105598213057,177,aggressive,0.3,1
f_aggressive.88,aggressive,62.987270225245446,0.03719108060537868,188,aggressive,0.3,1
f_aggressive.89,aggressive,60.09279830180782,0.03733807597962343,189,aggressive,0.3,1
f_aggressive.9,aggressive,56.88346734630368,0.039001551634573584,58,aggressive,0.3,1
f_aggressive.90,aggressive,62.35872436116681,0.023285100936838825,136,aggressive,0.3,1
f_aggressive.91,aggressive,61.11419272929472,0.04224284203088802,169,aggressive,0.3,1
f_aggressive.92,aggressive,61.908438821184326,0.01964615826759231,104,aggressive,0.3,1
f_aggressive.93,aggressive,60.62234437339668,0.02638675168654458,143,aggressive,0.3,1
f_aggressive.94,aggressive,59.43695927573475,0.02320119714629418,83,aggressive,0.3,1
f_aggressive.95,aggressive,58.39708640811951,0.027168359781342973,107,aggressive,0.3,1
f_aggressive.96,aggressive,58.7012571309843,0.027042169817214464,127,aggressive,0.3,1
f_aggressive.97,aggressive,58.29406213694576,0.023451926849240384,59,aggressive,0.3,1
f_aggressive.98,aggressive,56.987281908786336,0.02784435581328481,60,aggressive,0.3,1
f_aggressive.99,aggressive,42.66755525000047,0.06607150727717843,24,aggressive,0.3,1
f_normal.100,normal,23.091620402263647,0.05134956847079735,64,aggressive,0.3,1
f_normal.101,normal,29.63707824525784,0.05808038044048298,277,aggressive,0.3,1
f_normal.102,normal,30.784157741804087,0.04020306493604309,279,aggressive,0.3,1
f_normal.103,normal,31.15558716943582,0.04304125862817498,277,aggressive,0.3,1
f_normal.104,normal,24.31526886238891,0.1904699697992917,255,aggressive,0.3,1
f_normal.105,normal,27.94753442976553,0.03508192669596792,280,aggressive,0.3,1
f_normal.106,normal,33.05597150693344,0.05671683703012906,252,aggressive,0.3,1
f_normal.107,normal,38.34089272295181,0.04226693243451613,280,aggressive,0.3,1
f_normal.108,normal,27.147660425996087,0.0637464630292772,204,aggressive,0.3,1
f_normal.109,normal,34.949287248586515,0.04664901742290575,280,aggressive,0.3,1
f_normal.11,normal,30.764334483721825,0.03728935985507275,36,aggressive,0.3,1
f_normal.110,normal,31.189716671469835,0.05115997969789833,72,aggressive,0.3,1
f_normal.111,normal,23.125171153956757,0.10554884505974199,54,aggressive,0.3,1
f_normal.112,normal,37.8803131376508,0.03806288835276867,283,aggressive,0.3,1
f_normal.113,normal,30.864719461898392,0.053995132602300495,281,aggressive,0.3,1
f_normal.114,normal,37.82805138340978,0.05109578353243631,286,aggressive,0.3,1
f_normal.115,normal,22.676932809618826,0.21112330437817475,251,aggressive,0.3,1
f_normal.116,normal,29.463048774530137,0.044161391362605586,298,aggressive,0.3,1
f_normal.117,normal,30.25971208050542,0.08191730346939853,297,aggressive,0.3,1
f_normal.118,normal,28.421282472615783,0.05687454792477816,252,aggressive,0.3,1
f_normal.119,normal,36.679435916716066,0.049745460473344306,300,aggressive,0.3,1
f_normal.120,normal,28.359299793221393,0.06996475560510951,243,aggressive,0.3,1
f_normal.121,normal,34.44881193338654,0.05591925345029751,315,aggressive,0.3,1
f_normal.122,normal,41.73298920658955,0.04616593077591629,318,aggressive,0.3,1
f_normal.123,normal,26.578251774858,0.06899741469647051,256,aggressive,0.3,1
f_normal.124,normal,26.19917626647846,0.07358622007341534,255,aggressive,0.3,1
f_normal.125,normal,36.00215190665612,0.04152254216340104,328,aggressive,0.3,1
f_normal.126,normal,36.023940274983026,0.07286405730876509,83,aggressive,0.3,1
f_normal.127,normal,42.81867725484278,0.038188141306581255,335,aggressive,0.3,1
f_normal.128,normal,35.67028712581002,0.037629991606648976,333,aggressive,0.3,1
f_normal.129,normal,38.836925716603915,0.046327764231800225,340,aggressive,0.3,1
f_normal.130,normal,34.30038460038345,0.10637526889750941,262,aggressive,0.3,1
f_normal.131,normal,22.527424963547656,0.1758407157620909,259,aggressive,0.3,1
f_normal.132,normal,35.50509139284189,0.04132011084187664,336,aggressive,0.3,1
f_normal.133,normal,38.52419656007479,0.1260766665140756,81,aggressive,0.3,1
f_normal.134,normal,36.96647599828381,0.07331251530364048,281,aggressive,0.3,1
f_normal.135,normal,36.94432522438844,0.03542859230563144,335,aggressive,0.3,1
f_normal.136,normal,43.784429803779,0.04588648082575517,339,aggressive,0.3,1
f_normal.137,normal,36.33928027697725,0.04810038700343402,343,aggressive,0.3,1
f_normal.138,normal,37.40196160189463,0.03808747660072372,351,aggressive,0.3,1
f_normal.139,normal,23.041730476272768,0.24385291499434972,223,aggressive,0.3,1
f_normal.14,normal,23.156542892000825,0.0571862383527626,53,aggressive,0.3,1
f_normal.140,normal,34.832475777238834,0.12882003380444912,44,aggressive,0.3,1
f_normal.141,normal,47.76849570472938,0.05040158018762147,240,aggressive,0.3,1
f_normal.142,normal,24.36853294469413,0.06586642150683909,255,aggressive,0.3,1
f_normal.143,normal,41.17945375202334,0.09613430974076102,379,aggressive,0.3,1
f_normal.144,normal,39.32811516820212,0.10667697937140612,369,aggressive,0.3,1
f_normal.145,normal,40.591128693571235,0.04540034386708214,360,aggressive,0.3,1
f_normal.146,normal,45.55741563897111,0.03603210404307379,378,aggressive,0.3,1
f_normal.147,normal,44.6482259157465,0.03480829619870801,383,aggressive,0.3,1
f_normal.148,normal,45.209308024615574,0.03987174781575379,381,aggressive,0.3,1
f_normal.149,normal,45.89269503043424,0.04929888270760295,365,aggressive,0.3,1
f_normal.150,normal,47.024534441343434,0.037503493315170576,388,aggressive,0.3,1
f_normal.151,normal,32.83962830545662,0.07146994167816498,234,aggressive,0.3,1
f_normal.152,normal,22.54399750876227,0.14802556039821213,266,aggressive,0.3,1
f_normal.153,normal,47.356498613093734,0.04292609015155893,387,aggressive,0.3,1
f_normal.154,normal,31.383089948126234,0.06834876997814819,264,aggressive,0.3,1
f_normal.155,normal,42.854541056416764,0.03183002253814929,338,aggressive,0.3,1
f_normal.156,normal,36.0222714295231,0.055766226821872114,260,aggressive,0.3,1
f_normal.157,normal,23.575175939816468,0.07463784530578377,280,aggressive,0.3,1
f_normal.158,normal,46.9065332345724,0.04096248495524739,369,aggressive,0.3,1
f_normal.159,normal,32.72246414872207,0.08713885406351071,175,aggressive,0.3,1
f_normal.16,normal,30.608118278877782,0.04056491624808326,56,aggressive,0.3,1
f_normal.160,normal,41.61239047404614,0.0410649750942252,364,aggressive,0.3,1
f_normal.161,normal,47.43513897077998,0.04165663889486413,347,aggressive,0.3,1
f_normal.162,normal,41.23535619123406,0.045388716985550456,358,aggressive,0.3,1
f_normal.163,normal,28.504067815637242,0.08130586625505384,265,aggressive,0.3,1
f_normal.164,normal,43.356028974483515,0.03670752087547538,344,aggressive,0.3,1
f_normal.165,normal,26.956968632229266,0.059338088736848114,263,aggressive,0.3,1
f_normal.166,normal,49.24844092101989,0.024961166876734157,306,aggressive,0.3,1
f_normal.167,normal,34.900282661132735,0.06645637306921737,155,aggressive,0.3,1
f_normal.168,normal,43.29043022418023,0.03970103391504497,338,aggressive,0.3,1
f_normal.169,normal,22.98408472464675,0.07416607073839318,176,aggressive,0.3,1
f_normal.17,normal,30.493204071029552,0.032774957213218145,36,aggressive,0.3,1
f_normal.170,normal,43.74622372154529,0.027976709219363783,329,aggressive,0.3,1
f_normal.171,normal,46.160993065587526,0.03537139054562014,325,aggressive,0.3,1
f_normal.172,normal,24.865071760454057,0.09824932711279141,262,aggressive,0.3,1
f_normal.173,normal,21.962958707655346,0.07975901693015994,279,aggressive,0.3,1
f_normal.174,normal,43.086493320977134,0.03161837818902988,312,aggressive,0.3,1
f_normal.175,normal,36.46229174929517,0.06553912883672591,263,aggressive,0.3,1
f_normal.176,normal,38.21051301549351,0.050118897659079925,274,aggressive,0.3,1
f_normal.177,normal,29.183999841167843,0.05369744161197287,174,aggressive,0.3,1
f_normal.178,normal,43.26870345137095,0.03648200627853839,295,aggressive,0.3,1
f_normal.179,normal,45.99188491555263,0.025595935883140904,173,aggressive,0.3,1
f_normal.18,normal,31.234692424605132,0.0499918855567742,39,aggressive,0.3,1
f_normal.180,normal,44.59018656708055,0.05845845914978774,289,aggressive,0.3,1
f_normal.181,normal,47.30820645197115,0.03217842615797066,286,aggressive,0.3,1
f_normal.182,normal,46.982066806990225,0.04328012961656165,285,aggressive,0.3,1
f_normal.183,normal,43.48071134778358,0.06973431439231645,257,aggressive,0.3,1
f_normal.184,normal,47.735070597309836,0.029591982321383003,270,aggressive,0.3,1
f_normal.185,normal,49.26101817954358,0.025742931718136217,262,aggressive,0.3,1
f_normal.186,normal,47.47437541419867,0.02384158167764651,184,aggressive,0.3,1
f_normal.187,normal,47.85546695559599,0.023039098173054783,209,aggressive,0.3,1
f_normal.188,normal,43.91703594742989,0.03697457747137693,262,aggressive,0.3,1
f_normal.189,normal,22.765536727871797,0.22018153683982455,235,aggressive,0.3,1
f_normal.19,normal,32.98195409063715,0.04638519500773121,60,aggressive,0.3,1
f_normal.190,normal,44.17307295851408,0.03883522911972968,253,aggressive,0.3,1
f_normal.191,normal,28.245641713355386,0.09108130777987244,49,aggressive,0.3,1
f_normal.192,normal,43.875976916424904,0.027816246097843878,146,aggressive,0.3,1
f_normal.193,normal,39.65060605544047,0.045153372296221864,243,aggressive,0.3,1
f_normal.194,normal,39.94565728989519,0.026805313757941013,230,aggressive,0.3,1
f_normal.195,normal,45.124672064361775,0.03810873115885097,239,aggressive,0.3,1
f_normal.196,normal,23.602544388523278,0.1465660107975268,121,aggressive,0.3,1
f_normal.197,normal,42.31534283679612,0.03380098729976812,172,aggressive,0.3,1
f_normal.198,normal,45.45148443866813,0.04384770353353672,227,aggressive,0.3,1
f_normal.199,normal,36.71043690180783,0.03071041225320235,219,aggressive,0.3,1
f_normal.20,normal,32.95591265325527,0.051827712872125564,46,aggressive,0.3,1
f_normal.200,normal,42.39218062016142,0.02893413872632816,217,aggressive,0.3,1
f_normal.201,normal,22.087567214604,0.27415785612193583,194,aggressive,0.3,1
f_normal.202,normal,38.00161893864662,0.020996809407614156,202,aggressive,0.3,1
f_normal.204,normal,19.315244826521205,0.24171078492055836,202,aggressive,0.3,1
f_normal.205,normal,42.66767748433834,0.022893630441824013,147,aggressive,0.3,1
f_normal.206,normal,34.71232879136092,0.03359250692271859,193,aggressive,0.3,1
f_normal.207,normal,39.42635826949027,0.04515921916507551,193,aggressive,0.3,1
f_normal.208,normal,34.16197203073545,0.03688340383186836,172,aggressive,0.3,1
f_normal.209,normal,34.0689040178155,0.030367760406987823,183,aggressive,0.3,1
f_normal.21,normal,20.769036208613244,0.05820472843042506,73,aggressive,0.3,1
f_normal.211,normal,37.48921021136269,0.018813526430792517,161,aggressive,0.3,1
f_normal.212,normal,32.412931497788236,0.022926967818382826,70,aggressive,0.3,1
f_normal.213,normal,40.851796109146306,0.0298860418361151,172,aggressive,0.3,1
f_normal.214,normal,18.889855582911192,0.22835199122769803,151,aggressive,0.3,1
f_normal.215,normal,35.255592803862406,0.033259619394178215,162,aggressive,0.3,1
f_normal.216,normal,42.329927621385686,0.03945126187884588,158,aggressive,0.3,1
f_normal.217,normal,31.801295747637997,0.019556455215715588,156,aggressive,0.3,1
f_normal.218,normal,28.24384681313308,0.053531034958457256,92,aggressive,0.3,1
f_normal.219,normal,35.027780704459865,0.04014512448274853,151,aggressive,0.3,1
f_normal.22,normal,20.132938410241174,0.0613112452211663,96,aggressive,0.3,1
f_normal.220,normal,24.352326537204487,0.059453782950560634,129,aggressive,0.3,1
f_normal.221,normal,29.398309074001418,0.05659669909234772,143,aggressive,0.3,1
f_normal.222,normal,31.852721836466937,0.020962249237746495,136,aggressive,0.3,1
f_normal.223,normal,25.53815804560216,0.05007148888901854,60,aggressive,0.3,1
f_normal.224,normal,35.61953701309139,0.04720804233319377,130,aggressive,0.3,1
f_normal.225,normal,28.935867191626613,0.05525281116151301,118,aggressive,0.3,1
f_normal.226,normal,34.72389411252583,0.037386963745676245,123,aggressive,0.3,1
f_normal.227,normal,30.118553806121078,0.08318100342529602,26,aggressive,0.3,1
f_normal.228,normal,27.170132823525616,0.05549739582918482,117,aggressive,0.3,1
f_normal.229,normal,25.861527807720687,0.1041109675605085,78,aggressive,0.3,1
f_normal.23,normal,21.19308302289878,0.054693072074478336,66,aggressive,0.3,1
f_normal.230,normal,24.32118747212219,0.05111682467129877,109,aggressive,0.3,1
f_normal.231,normal,28.532950971315877,0.03696561202890571,103,aggressive,0.3,1
f_normal.232,normal,31.050445551406117,0.042219859010273496,35,aggressive,0.3,1
f_normal.233,normal,35.393035714098204,0.07026502157084338,98,aggressive,0.3,1
f_normal.234,normal,29.15828806737494,0.049048282666365246,93,aggressive,0.3,1
f_normal.235,normal,32.750698514174466,0.044547580363922146,89,aggressive,0.3,1
f_normal.236,normal,32.55545336418598,0.07573451698900203,22,aggressive,0.3,1
f_normal.237,normal,28.303389846736195,0.022365672872944733,85,aggressive,0.3,1
f_normal.238,normal,32.509929410711706,0.02797022541836437,80,aggressive,0.3,1
f_normal.239,normal,36.1986074170943,0.034929623895159335,77,aggressive,0.3,1
f_normal.24,normal,32.80953093172112,0.039519971498937136,77,aggressive,0.3,1
f_normal.240,normal,32.09115971854232,0.017008787413757973,74,aggressive,0.3,1
f_normal.241,normal,30.494208342861796,0.036486989459379914,65,aggressive,0.3,1
f_normal.242,normal,33.487150023088695,0.03157927936637096,65,aggressive,0.3,1
f_normal.244,normal,34.72187622079449,0.02024082200244941,40,aggressive,0.3,1
f_normal.245,normal,22.082748215922138,0.11570663380001764,53,aggressive,0.3,1
f_normal.246,normal,27.50773377131204,0.042389222882092494,43,aggressive,0.3,1
f_normal.247,normal,27.827612954669064,0.1001345987903582,46,aggressive,0.3,1
f_normal.249,normal,35.62994263235608,0.021263174649736004,26,aggressive,0.3,1
f_normal.25,normal,32.50694539805128,0.04789189769947599,99,aggressive,0.3,1
f_normal.250,normal,34.32377880821316,0.030267483390538474,33,aggressive,0.3,1
f_normal.251,normal,37.22030953027345,0.07927488868379826,26,aggressive,0.3,1
f_normal.252,normal,28.692812270695278,0.04454005192839886,29,aggressive,0.3,1
f_normal.26,normal,33.24919255000081,0.09166731470319395,105,aggressive,0.3,1
f_normal.27,normal,19.73021388938523,0.054864444518777256,85,aggressive,0.3,1
f_normal.28,normal,35.86708560068352,0.08077108045293006,111,aggressive,0.3,1
f_normal.29,normal,24.786985727073496,0.08619434827852694,115,aggressive,0.3,1
f_normal.30,normal,36.000483335634364,0.047320110355740456,93,aggressive,0.3,1
f_normal.31,normal,35.50218820485179,0.05506113634323793,101,aggressive,0.3,1
f_normal.32,normal,30.540145682229685,0.05947273668196308,127,aggressive,0.3,1
f_normal.33,normal,34.494753156286514,0.05728834841181324,108,aggressive,0.3,1
f_normal.34,normal,34.42478100875099,0.04965635154099956,114,aggressive,0.3,1
f_normal.35,normal,32.8386043088054,0.04448912026003451,127,aggressive,0.3,1
f_normal.36,normal,21.752136409007658,0.047998504487813516,132,aggressive,0.3,1
f_normal.37,normal,36.62792821355998,0.042014655645069246,156,aggressive,0.3,1
f_normal.38,normal,36.48337738975663,0.039273252234446686,141,aggressive,0.3,1
f_normal.39,normal,34.2504216643639,0.04182283555136405,145,aggressive,0.3,1
f_normal.40,normal,23.165652186519658,0.054892871323734944,139,aggressive,0.3,1
f_normal.41,normal,32.188782498449925,0.045594570727251975,153,aggressive,0.3,1
f_normal.42,normal,24.513845031265213,0.06584186816420982,161,aggressive,0.3,1
f_normal.43,normal,31.902016970932817,0.109165821051545,164,aggressive,0.3,1
f_normal.44,normal,35.25943712037536,0.049769595562333485,169,aggressive,0.3,1
f_normal.45,normal,35.75553963578392,0.045762553521590275,181,aggressive,0.3,1
f_normal.46,normal,23.956282798768957,0.0679192975172538,86,aggressive,0.3,1
f_normal.47,normal,30.07253687574868,0.0355156619492357,177,aggressive,0.3,1
f_normal.48,normal,32.18875948834738,0.04282038297653657,134,aggressive,0.3,1
f_normal.49,normal,23.820768018522934,0.056330399896341275,102,aggressive,0.3,1
f_normal.5,normal,32.35138723915817,0.04999682786958399,42,aggressive,0.3,1
f_normal.50,normal,31.474338464202376,0.06523952524959854,194,aggressive,0.3,1
f_normal.51,normal,23.5344456776376,0.04091977527493169,201,aggressive,0.3,1
f_normal.52,normal,23.09139881507548,0.11685775911287177,159,aggressive,0.3,1
f_normal.53,normal,32.24238039040337,0.04022486873131177,220,aggressive,0.3,1
f_normal.54,normal,30.133464209247435,0.04380491867547366,108,aggressive,0.3,1
f_normal.55,normal,22.36488544769831,0.041703766043843425,105,aggressive,0.3,1
f_normal.56,normal,25.59489057366148,0.09536029569790046,216,aggressive,0.3,1
f_normal.57,normal,29.72789182221365,0.03802988486199579,247,aggressive,0.3,1
f_normal.58,normal,28.776846688435523,0.09943303736617624,235,aggressive,0.3,1
f_normal.59,normal,27.516097889046485,0.034749026441901774,228,aggressive,0.3,1
f_normal.60,normal,34.86569118395185,0.03874300515299323,237,aggressive,0.3,1
f_normal.61,normal,32.21651648595691,0.07655366515397219,221,aggressive,0.3,1
f_normal.62,normal,31.81930120980235,0.052443962795522235,262,aggressive,0.3,1
f_normal.63,normal,33.783808750660796,0.04676867148400312,245,aggressive,0.3,1
f_normal.64,normal,24.952598587862305,0.08876595698073644,208,aggressive,0.3,1
f_normal.65,normal,29.53925100112635,0.043211131253672534,245,aggressive,0.3,1
f_normal.66,normal,25.060316929426243,0.11795145755062426,169,aggressive,0.3,1
f_normal.67,normal,25.130164928729123,0.04016504211628099,248,aggressive,0.3,1
f_normal.68,normal,33.72644276664928,0.04816703833214107,256,aggressive,0.3,1
f_normal.69,normal,27.65736452292145,0.13284729281743177,212,aggressive,0.3,1
f_normal.70,normal,31.513538332285762,0.05624624247330491,229,aggressive,0.3,1
f_normal.71,normal,27.972558740097064,0.038642504914509025,257,aggressive,0.3,1
f_normal.72,normal,30.173816662032337,0.05963612615418545,241,aggressive,0.3,1
f_normal.73,normal,25.617872064775433,0.0994817374067524,127,aggressive,0.3,1
f_normal.74,normal,20.524758951642543,0.10177663741229705,240,aggressive,0.3,1
f_normal.75,normal,32.64768002322156,0.05410479166434969,252,aggressive,0.3,1
f_normal.76,normal,38.91308813317031,0.0296420583133533,272,aggressive,0.3,1
f_normal.77,normal,32.63065755831772,0.05825529366926462,251,aggressive,0.3,1
f_normal.78,normal,28.395068488907825,0.0705580107531162,255,aggressive,0.3,1
f_normal.79,normal,34.59267896032211,0.05138312485348119,274,aggressive,0.3,1
f_normal.80,normal,30.68431813993662,0.02934374441307101,277,aggressive,0.3,1
f_normal.81,normal,33.373701287067746,0.058115632214862434,212,aggressive,0.3,1
f_normal.82,normal,38.29874283121073,0.03262482602587387,271,aggressive,0.3,1
f_normal.83,normal,35.785362210663195,0.06274916239378463,238,aggressive,0.3,1
f_normal.84,normal,33.66616728339444,0.05460812756414452,245,aggressive,0.3,1
f_normal.85,normal,37.23698265020023,0.036089917251010295,273,aggressive,0.3,1
f_normal.86,normal,30.38232434113575,0.06555686933165708,246,aggressive,0.3,1
f_normal.87,normal,31.606097855491477,0.06621775381410767,39,aggressive,0.3,1
f_normal.88,normal,29.593531341922432,0.049834162699381915,151,aggressive,0.3,1
f_normal.89,normal,29.764304741319066,0.09285977748053056,270,aggressive,0.3,1
f_normal.9,normal,20.670703130878113,0.1238028834829146,33,aggressive,0.3,1
f_normal.90,normal,25.619163925747255,0.032930673717038485,261,aggressive,0.3,1
f_normal.91,normal,23.545062929420553,0.06693019814462672,172,aggressive,0.3,1
f_normal.92,normal,35.108779677919,0.03888909328472363,267,aggressive,0.3,1
f_normal.93,normal,29.718901707724413,0.08768190964989742,275,aggressive,0.3,1
f_normal.94,normal,32.097212087754464,0.043558376541472224,269,aggressive,0.3,1
f_normal.95,normal,34.42882260811005,0.035349401453874246,274,aggressive,0.3,1
f_normal.96,normal,32.343752470835994,0.06837512994648383,215,aggressive,0.3,1
f_normal.97,normal,36.174058914098026,0.04379048051449081,277,aggressive,0.3,1
f_normal.98,normal,36.024109965946685,0.03536871652038193,277,aggressive,0.3,1
f_normal.99,normal,39.355211489942484,0.040688787765848895,283,aggressive,0.3,1
f_aggressive.1,aggressive,53.87586484452681,0.051416291235291456,22,aggressive,0.3,2
f_aggressive.10,aggressive,60.47002666997959,0.05416053757645644,108,aggressive,0.3,2
f_aggressive.100,aggressive,54.72160544899666,0.02317087872921089,97,aggressive,0.3,2
f_aggressive.101,aggressive,54.33212570823452,0.022450796240162364,56,aggressive,0.3,2
f_aggressive.102,aggressive,62.310186864177815,0.06316434889967905,71,aggressive,0.3,2
f_aggressive.103,aggressive,55.39637702221174,0.0177132004403671,67,aggressive,0.3,2
f_aggressive.104,aggressive,52.605498275467525,0.050141517818749946,58,aggressive,0.3,2
f_aggressive.105,aggressive,53.71627955320459,0.018654038557302313,24,aggressive,0.3,2
f_aggressive.107,aggressive,64.25786049470169,0.06286077041229002,36,aggressive,0.3,2
f_aggressive.108,aggressive,49.739446772741104,0.030532771396242858,23,aggressive,0.3,2
f_aggressive.11,aggressive,61.5270457756687,0.03893743673042388,123,aggressive,0.3,2
f_aggressive.12,aggressive,61.25625718845484,0.04104497402544749,129,aggressive,0.3,2
f_aggressive.13,aggressive,60.04043947517595,0.04835461978909149,124,aggressive,0.3,2
f_aggressive.14,aggressive,61.82869959823193,0.03559369587346075,148,aggressive,0.3,2
f_aggressive.15,aggressive,61.79483328542699,0.04140294001641758,168,aggressive,0.3,2
f_aggressive.16,aggressive,61.2671628477588,0.03404667445484679,168,aggressive,0.3,2
f_aggressive.17,aggressive,60.59122729270958,0.030684826893645756,200,aggressive,0.3,2
f_aggressive.18,aggressive,59.80614044466769,0.03952269194438459,202,aggressive,0.3,2
f_aggressive.19,aggressive,59.225795944054326,0.041133700189978306,210,aggressive,0.3,2
f_aggressive.2,aggressive,57.179255420641475,0.03536612755907665,24,aggressive,0.3,2
f_aggressive.20,aggressive,60.6983711205517,0.031656580475950796,209,aggressive,0.3,2
f_aggressive.21,aggressive,60.7209116555461,0.045237362756970684,254,aggressive,0.3,2
f_aggressive.22,aggressive,61.26310181085375,0.03827542132274114,241,aggressive,0.3,2
f_aggressive.23,aggressive,61.49707207382664,0.031742002557890774,252,aggressive,0.3,2
f_aggressive.24,aggressive,60.65999617500104,0.0401628014253212,264,aggressive,0.3,2
f_aggressive.25,aggressive,60.324076529793736,0.04786651220092326,276,aggressive,0.3,2
f_aggressive.26,aggressive,60.61270592083836,0.03642347780619962,276,aggressive,0.3,2
f_aggressive.27,aggressive,61.14951116932421,0.04692051138552002,291,aggressive,0.3,2
f_aggressive.28,aggressive,60.60239053593748,0.04581827665432362,265,aggressive,0.3,2
f_aggressive.29,aggressive,59.287212743897214,0.04676635020830323,283,aggressive,0.3,2
f_aggressive.3,aggressive,56.331755136676136,0.0328899222464862,36,aggressive,0.3,2
f_aggressive.30,aggressive,62.29932659194771,0.037216058480366916,264,aggressive,0.3,2
f_aggressive.31,aggressive,59.696419019074206,0.03600474065621448,286,aggressive,0.3,2
f_aggressive.32,aggressive,61.488284694849675,0.03252290045129873,299,aggressive,0.3,2
f_aggressive.33,aggressive,61.46190475864745,0.0432987571191506,278,aggressive,0.3,2
f_aggressive.34,aggressive,61.45333221541987,0.03761503028306244,296,aggressive,0.3,2
f_aggressive.35,aggressive,60.092700403400684,0.027995189249272547,292,aggressive,0.3,2
f_aggressive.36,aggressive,59.55468197543205,0.028046853644560544,299,aggressive,0.3,2
f_aggressive.37,aggressive,59.77106789952796,0.04459719137327416,294,aggressive,0.3,2
f_aggressive.38,aggressive,60.731051009599895,0.029878594895515212,295,aggressive,0.3,2
f_aggressive.39,aggressive,46.60780744436701,0.04802935725160808,172,aggressive,0.3,2
f_aggressive.4,aggressive,58.16518437447616,0.03750230716073242,39,aggressive,0.3,2
f_aggressive.40,aggressive,59.82400803784845,0.03850265024635274,304,aggressive,0.3,2
f_aggressive.41,aggressive,61.74084853218663,0.04813512445695287,320,aggressive,0.3,2
f_aggressive.42,aggressive,61.08631585838057,0.040108539177514065,306,aggressive,0.3,2
f_aggressive.43,aggressive,62.95888698916068,0.035262228563799576,327,aggressive,0.3,2
f_aggressive.44,aggressive,63.50466830636032,0.04705287827324499,345,aggressive,0.3,2
f_aggressive.45,aggressive,60.619254229072375,0.04872628844854694,277,aggressive,0.3,2
f_aggressive.46,aggressive,64.83005878257866,0.04606247960460471,342,aggressive,0.3,2
f_aggressive.47,aggressive,62.96410490717878,0.039057496150782585,303,aggressive,0.3,2
f_aggressive.48,aggressive,61.85993095082496,0.0338666874799047,298,aggressive,0.3,2
f_aggressive.49,aggressive,62.344840176580874,0.04495462965662965,343,aggressive,0.3,2
f_aggressive.5,aggressive,58.17977172228094,0.04307943367742732,57,aggressive,0.3,2
f_aggressive.50,aggressive,61.29924544275175,0.04202585332021028,258,aggressive,0.3,2
f_aggressive.51,aggressive,65.17629688597087,0.03973346837665866,286,aggressive,0.3,2
f_aggressive.52,aggressive,61.647371470209336,0.043472933716975394,306,aggressive,0.3,2
f_aggressive.53,aggressive,53.707976410963205,0.04857628067497403,343,aggressive,0.3,2
f_aggressive.54,aggressive,62.948505033784535,0.0393538489068676,343,aggressive,0.3,2
f_aggressive.55,aggressive,63.923787438857445,0.03098150903711165,351,aggressive,0.3,2
f_aggressive.56,aggressive,64.24301539687278,0.02889136345364861,337,aggressive,0.3,2
f_aggressive.57,aggressive,67.45853701079574,0.03145803945620983,348,aggressive,0.3,2
f_aggressive.58,aggressive,64.16988559082135,0.04272936857269353,373,aggressive,0.3,2
f_aggressive.59,aggressive,64.36569318117314,0.038337849721011445,308,aggressive,0.3,2
f_aggressive.6,aggressive,57.527846116122106,0.039944785848319765,64,aggressive,0.3,2
f_aggressive.60,aggressive,65.08689098229607,0.04109227826217789,378,aggressive,0.3,2
f_aggressive.61,aggressive,64.56088236397618,0.03451868631853846,337,aggressive,0.3,2
f_aggressive.62,aggressive,66.70859022461657,0.03346172887087173,370,aggressive,0.3,2
f_aggressive.63,aggressive,66.59588546945169,0.04053643987061613,380,aggressive,0.3,2
f_aggressive.64,aggressive,63.654383466875814,0.038891188765835305,321,aggressive,0.3,2
f_aggressive.65,aggressive,65.10095970898236,0.041045527649683694,330,aggressive,0.3,2
f_aggressive.66,aggressive,66.43442717111606,0.03632398717084328,341,aggressive,0.3,2
f_aggressive.67,aggressive,67.43822258072858,0.03419297591890612,330,aggressive,0.3,2
f_aggressive.68,aggressive,64.2873514150319,0.027774927965038852,279,aggressive,0.3,2
f_aggressive.69,aggressive,67.83402207156458,0.02415645743488543,313,aggressive,0.3,2
f_aggressive.7,aggressive,58.35620753170738,0.0586241894762906,79,aggressive,0.3,2
f_aggressive.70,aggressive,65.78811661280017,0.03646835665362246,348,aggressive,0.3,2
f_aggressive.71,aggressive,66.4642264693817,0.027870557500005916,348,aggressive,0.3,2
f_aggressive.72,aggressive,60.504954459187225,0.030879801706315012,302,aggressive,0.3,2
f_aggressive.73,aggressive,65.79882786325025,0.02341927056428996,285,aggressive,0.3,2
f_aggressive.74,aggressive,65.89162184149274,0.02044987936096219,254,aggressive,0.3,2
f_aggressive.75,aggressive,64.85203465207084,0.03336817327673021,306,aggressive,0.3,2
f_aggressive.76,aggressive,65.90187779972595,0.024002083413406594,277,aggressive,0.3,2
f_aggressive.77,aggressive,66.09398241388554,0.02441058108196108,238,aggressive,0.3,2
f_aggressive.78,aggressive,64.5016755536159,0.03703980783751367,287,aggressive,0.3,2
f_aggressive.79,aggressive,65.2189019964208,0.024476913049596184,263,aggressive,0.3,2
f_aggressive.8,aggressive,58.12353616542714,0.05135072734753157,78,aggressive,0.3,2
f_aggressive.80,aggressive,66.63625965690956,0.029520309354617778,257,aggressive,0.3,2
f_aggressive.81,aggressive,62.27807369758984,0.02144767950177112,218,aggressive,0.3,2
f_aggressive.82,aggressive,65.92131913304358,0.03716568644253528,243,aggressive,0.3,2
f_aggressive.83,aggressive,65.19439826310878,0.0248056613845486,242,aggressive,0.3,2
f_aggressive.84,aggressive,62.698806093192644,0.023417200350079725,232,aggressive,0.3,2
f_aggressive.85,aggressive,62.74176676822881,0.02775358181042455,208,aggressive,0.3,2
f_aggressive.86,aggressive,60.320812932225785,0.019059050693937048,187,aggressive,0.3,2
f_aggressive.87,aggressive,44.562815720445414,0.048864767270824956,96,aggressive,0.3,2
f_aggressive.88,aggressive,61.89005843222289,0.023516711564757688,201,aggressive,0.3,2
f_aggressive.89,aggressive,62.05489971471402,0.026892100702269682,194,aggressive,0.3,2
f_aggressive.9,aggressive,57.981287507736994,0.041481469716149806,89,aggressive,0.3,2
f_aggressive.90,aggressive,62.54133394881382,0.019717718620922153,180,aggressive,0.3,2
f_aggressive.91,aggressive,63.02965232961023,0.036650472357805206,169,aggressive,0.3,2
f_aggressive.92,aggressive,58.7827716923913,0.02371778918464635,150,aggressive,0.3,2
f_aggressive.93,aggressive,59.346620351569115,0.02461579137710448,130,aggressive,0.3,2
f_aggressive.94,aggressive,58.861695694778255,0.042601486307159105,41,aggressive,0.3,2
f_aggressive.95,aggressive,62.37095451462782,0.03418191273797064,141,aggressive,0.3,2
f_aggressive.96,aggressive,57.958230431272796,0.023712874347615428,110,aggressive,0.3,2
f_aggressive.97,aggressive,58.723897923373244,0.04442577941290281,116,aggressive,0.3,2
f_aggressive.98,aggressive,54.93319745501585,0.02511812400196248,116,aggressive,0.3,2
f_aggressive.99,aggressive,56.01432972938007,0.04653679677095221,99,aggressive,0.3,2
f_normal.10,normal,33.41018233859236,0.045571001950493156,54,aggressive,0.3,2
f_normal.100,normal,34.98557374218349,0.031327029861807895,330,aggressive,0.3,2
f_normal.101,normal,25.946365126852093,0.05168983662255994,269,aggressive,0.3,2
f_normal.102,normal,31.001645140555162,0.0471091647028571,268,aggressive,0.3,2
f_normal.103,normal,31.831042644431378,0.05872833182859489,272,aggressive,0.3,2
f_normal.104,normal,36.38428319360893,0.05940398560742455,269,aggressive,0.3,2
f_normal.105,normal,42.305505904894204,0.036109084787771945,327,aggressive,0.3,2
f_normal.106,normal,38.09763793828276,0.03975816692974861,339,aggressive,0.3,2
f_normal.107,normal,43.36084775476395,0.04720898883859475,343,aggressive,0.3,2
f_normal.108,normal,23.050318973591633,0.08040355157250066,270,aggressive,0.3,2
f_normal.109,normal,25.66799143723386,0.06384246068045157,252,aggressive,0.3,2
f_normal.11,normal,32.66459187415571,0.0406969683314924,52,aggressive,0.3,2
f_normal.110,normal,36.44251355542573,0.04395680562295859,334,aggressive,0.3,2
f_normal.111,normal,24.586083920713648,0.057664815575122,242,aggressive,0.3,2
f_normal.112,normal,38.08348162946104,0.03721691971116814,342,aggressive,0.3,2
f_normal.113,normal,44.494992639639285,0.044727375578843154,343,aggressive,0.3,2
f_normal.114,normal,35.56511163506566,0.04915132267070204,267,aggressive,0.3,2
f_normal.115,normal,36.8712551861851,0.05867353661333385,272,aggressive,0.3,2
f_normal.116,normal,35.522497290733874,0.06344356189025736,253,aggressive,0.3,2
f_normal.117,normal,37.20503003393827,0.06071476104622705,81,aggressive,0.3,2
f_normal.118,normal,39.216539479835845,0.044848038925246254,349,aggressive,0.3,2
f_normal.119,normal,44.38162915545272,0.05118186909713318,357,aggressive,0.3,2
f_normal.12,normal,33.639804229476574,0.047308504388981265,60,aggressive,0.3,2
f_normal.120,normal,38.58790159434505,0.048738123842229295,358,aggressive,0.3,2
f_normal.121,normal,22.378064540680317,0.2151248841400411,196,aggressive,0.3,2
f_normal.122,normal,43.89350414169167,0.04596774427478838,359,aggressive,0.3,2
f_normal.123,normal,42.00410568714224,0.04760625922158874,367,aggressive,0.3,2
f_normal.124,normal,26.178563669597175,0.06027835825663517,257,aggressive,0.3,2
f_normal.125,normal,25.400126262829122,0.06926398332858613,171,aggressive,0.3,2
f_normal.126,normal,42.6731240257955,0.04237066546200278,303,aggressive,0.3,2
f_normal.127,normal,44.23416862535756,0.05639144112849473,378,aggressive,0.3,2
f_normal.128,normal,25.56896817835368,0.09055455847711565,92,aggressive,0.3,2
f_normal.129,normal,37.79300936682701,0.06185298116265776,386,aggressive,0.3,2
f_normal.13,normal,21.495659892365854,0.05755347170630718,65,aggressive,0.3,2
f_normal.130,normal,40.90232281601493,0.035960067611104284,374,aggressive,0.3,2
f_normal.131,normal,23.888220016961405,0.17498529347901912,231,aggressive,0.3,2
f_normal.132,normal,31.367628067955337,0.07416380113535032,205,aggressive,0.3,2
f_normal.133,normal,45.40718676488936,0.042890596968511545,367,aggressive,0.3,2
f_normal.134,normal,27.344184447736712,0.0740995344880532,263,aggressive,0.3,2
f_normal.135,normal,26.64292549000535,0.05642084307735021,263,aggressive,0.3,2
f_normal.136,normal,40.62934348514449,0.04063297753703094,373,aggressive,0.3,2
f_normal.137,normal,41.899993982379485,0.04191501380458592,382,aggressive,0.3,2
f_normal.138,normal,23.308379358957815,0.09106458566183248,190,aggressive,0.3,2
f_normal.139,normal,46.059417183306394,0.04602446174816382,349,aggressive,0.3,2
f_normal.14,normal,21.334520706904467,0.04960868439796614,71,aggressive,0.3,2
f_normal.140,normal,46.40934001224767,0.04504682751075633,380,aggressive,0.3,2
f_normal.141,normal,37.64418187701274,0.06146681322678373,196,aggressive,0.3,2
f_normal.142,normal,44.31082633884439,0.034588441755414666,371,aggressive,0.3,2
f_normal.143,normal,23.903954120845913,0.1003674263563593,48,aggressive,0.3,2
f_normal.144,normal,49.39183774713936,0.036976624157515826,381,aggressive,0.3,2
f_normal.145,normal,42.9983560161907,0.03781567870085588,383,aggressive,0.3,2
f_normal.146,normal,48.306693510468335,0.03901320147231004,384,aggressive,0.3,2
f_normal.147,normal,47.016695527911175,0.043538899556907956,385,aggressive,0.3,2
f_normal.148,normal,25.952665174576378,0.20792653905022407,260,aggressive,0.3,2
f_normal.149,normal,44.373709931208055,0.04673660954543379,385,aggressive,0.3,2
f_normal.15,normal,33.28360487350806,0.04263257852651228,90,aggressive,0.3,2
f_normal.150,normal,28.25591025514275,0.07628690089230675,262,aggressive,0.3,2
f_normal.151,normal,35.69660327082515,0.06811102554700725,275,aggressive,0.3,2
f_normal.152,normal,39.57849355664162,0.05042339495185811,219,aggressive,0.3,2
f_normal.153,normal,43.64424016321808,0.0417518451780229,393,aggressive,0.3,2
f_normal.154,normal,28.310117309414647,0.07520901496219123,187,aggressive,0.3,2
f_normal.155,normal,46.34176533412536,0.04478015256820569,322,aggressive,0.3,2
f_normal.156,normal,50.96079699950246,0.04841878480711199,380,aggressive,0.3,2
f_normal.157,normal,25.113725146591392,0.05274428740766188,144,aggressive,0.3,2
f_normal.158,normal,46.265510573449774,0.0310777854119617,334,aggressive,0.3,2
f_normal.159,normal,49.24253240258417,0.030123972593447304,277,aggressive,0.3,2
f_normal.16,normal,36.2666693724184,0.05931409419115891,78,aggressive,0.3,2
f_normal.160,normal,51.29049331028717,0.039098127501959325,311,aggressive,0.3,2
f_normal.161,normal,48.11260898620839,0.04510323153880282,364,aggressive,0.3,2
f_normal.162,normal,47.92350154558315,0.04553724413746666,355,aggressive,0.3,2
f_normal.163,normal,45.58159372637922,0.03980432070067154,298,aggressive,0.3,2
f_normal.164,normal,22.78829308757943,0.17378282487125457,269,aggressive,0.3,2
f_normal.165,normal,45.54329162908444,0.0634697915270378,320,aggressive,0.3,2
f_normal.166,normal,47.9770569569731,0.0293324016552529,343,aggressive,0.3,2
f_normal.167,normal,47.05266624847385,0.024535333433558966,340,aggressive,0.3,2
f_normal.168,normal,49.716022077129736,0.024955180071870725,335,aggressive,0.3,2
f_normal.169,normal,24.513637453382472,0.048207806505526696,210,aggressive,0.3,2
f_normal.17,normal,23.568353993211762,0.060508844830130894,74,aggressive,0.3,2
f_normal.170,normal,49.9537203949958,0.030698045343313052,330,aggressive,0.3,2
f_normal.171,normal,23.25077483679231,0.0771928441667882,223,aggressive,0.3,2
f_normal.172,normal,44.24673731948706,0.030316162883853425,321,aggressive,0.3,2
f_normal.173,normal,24.921499742359828,0.0844013994745409,46,aggressive,0.3,2
f_normal.174,normal,44.06973456349995,0.0318303801133755,264,aggressive,0.3,2
f_normal.175,normal,45.94960254602533,0.044876782882407144,312,aggressive,0.3,2
f_normal.176,normal,48.0681144265632,0.03253815095232622,308,aggressive,0.3,2
f_normal.177,normal,41.328962569368,0.057734982484967744,301,aggressive,0.3,2
f_normal.178,normal,25.845822962607926,0.18567456130415583,265,aggressive,0.3,2
f_normal.179,normal,48.209122196246796,0.026491806091847713,295,aggressive,0.3,2
f_normal.18,normal,33.55179919389,0.056141815959548265,74,aggressive,0.3,2
f_normal.180,normal,30.103175360979346,0.0793835686287357,260,aggressive,0.3,2
f_normal.181,normal,48.17713958348588,0.03156157809434779,291,aggressive,0.3,2
f_normal.182,normal,22.59977551340743,0.0747195627701136,257,aggressive,0.3,2
f_normal.183,normal,42.82573879448498,0.03617156638807825,281,aggressive,0.3,2
f_normal.184,normal,39.17820833318645,0.06282717539708174,221,aggressive,0.3,2
f_normal.185,normal,27.25909578378274,0.06907700422014726,215,aggressive,0.3,2
f_normal.186,normal,43.4663616297591,0.025993808560586952,272,aggressive,0.3,2
f_normal.187,normal,46.90837584512446,0.032558637741941496,268,aggressive,0.3,2
f_normal.188,normal,24.559719111092072,0.07128228527153711,265,aggressive,0.3,2
f_normal.189,normal,28.17103492554857,0.1000052787084036,61,aggressive,0.3,2
f_normal.19,normal,22.72667193012074,0.06038656710647087,96,aggressive,0.3,2
f_normal.190,normal,43.56971848844435,0.02823255294114621,223,aggressive,0.3,2
f_normal.191,normal,45.28397076212068,0.04614447132271134,254,aggressive,0.3,2
f_normal.193,normal,42.722793857419525,0.03747776448565592,152,aggressive,0.3,2
f_normal.194,normal,39.01695624372522,0.07819086726869354,233,aggressive,0.3,2
f_normal.195,normal,38.12226813914408,0.1029389308994758,225,aggressive,0.3,2
f_normal.196,normal,22.962715369853733,0.20127370100003794,225,aggressive,0.3,2
f_normal.197,normal,42.40149839029897,0.0403420141840012,229,aggressive,0.3,2
f_normal.198,normal,43.60393980701295,0.031622683926293964,228,aggressive,0.3,2
f_normal.199,normal,38.8961101081673,0.023628017769068827,207,aggressive,0.3,2
f_normal.2,normal,31.121517288456925,0.06264025950571372,20,aggressive,0.3,2
f_normal.20,normal,31.116334428787468,0.12268256168741157,99,aggressive,0.3,2
f_normal.200,normal,35.90199008036179,0.03447882363120258,221,aggressive,0.3,2
f_normal.201,normal,30.50992576977305,0.03950000582813833,217,aggressive,0.3,2
f_normal.202,normal,36.37073894792483,0.06233225892387988,77,aggressive,0.3,2
f_normal.203,normal,44.529830722886416,0.028109854270753146,208,aggressive,0.3,2
f_normal.204,normal,43.094280950338145,0.032343108390220955,205,aggressive,0.3,2
f_normal.205,normal,37.40798809660495,0.02469643536483808,122,aggressive,0.3,2
f_normal.206,normal,37.86115211312333,0.02776645696755469,197,aggressive,0.3,2
f_normal.207,normal,36.75058035392591,0.03076745966078439,151,aggressive,0.3,2
f_normal.208,normal,36.845732612212835,0.04871542909771599,188,aggressive,0.3,2
f_normal.209,normal,40.71349713972937,0.02241512965437874,188,aggressive,0.3,2
f_normal.21,normal,41.120603516445996,0.06170567299012323,104,aggressive,0.3,2
f_normal.210,normal,39.80630029534376,0.030745233968016122,181,aggressive,0.3,2
f_normal.211,normal,21.368850228769123,0.3253197519661965,102,aggressive,0.3,2
f_normal.212,normal,31.811391777281653,0.024422660804453378,175,aggressive,0.3,2
f_normal.213,normal,38.89486887739124,0.03564152143464967,171,aggressive,0.3,2
f_normal.214,normal,23.055804974665865,0.09630724017800935,170,aggressive,0.3,2
f_normal.215,normal,25.99601071891272,0.04009930466415536,146,aggressive,0.3,2
f_normal.216,normal,31.968049190411836,0.02988141761903928,159,aggressive,0.3,2
f_normal.217,normal,31.349323079815477,0.04631415552809558,137,aggressive,0.3,2
f_normal.218,normal,30.459059086398437,0.024903309444234172,146,aggressive,0.3,2
f_normal.219,normal,27.122956319411177,0.04681270915881761,108,aggressive,0.3,2
f_normal.22,normal,38.36266451885501,0.05990321990479738,109,aggressive,0.3,2
f_normal.220,normal,37.17752551402622,0.027208125417463692,145,aggressive,0.3,2
f_normal.221,normal,37.99772130178991,0.039823427949008054,141,aggressive,0.3,2
f_normal.222,normal,30.133925721602427,0.026557270130143387,135,aggressive,0.3,2
f_normal.224,normal,35.63993520815747,0.035295625501584556,132,aggressive,0.3,2
f_normal.225,normal,29.375025352379314,0.05775159274909654,81,aggressive,0.3,2
f_normal.226,normal,26.39523879651794,0.08601441105169504,125,aggressive,0.3,2
f_normal.227,normal,23.449102417523346,0.19197883637248542,118,aggressive,0.3,2
f_normal.229,normal,24.97206710883235,0.024782736548485992,110,aggressive,0.3,2
f_normal.23,normal,30.601942007644933,0.09175946020762152,102,aggressive,0.3,2
f_normal.230,normal,32.257683439483294,0.019579426338137897,107,aggressive,0.3,2
f_normal.231,normal,31.696296373854032,0.03246649194246868,105,aggressive,0.3,2
f_normal.232,normal,26.878753613631012,0.16009074688663902,88,aggressive,0.3,2
f_normal.233,normal,30.296643223573284,0.026214074714540115,96,aggressive,0.3,2
f_normal.234,normal,26.32837165952254,0.036386781019195284,92,aggressive,0.3,2
f_normal.235,normal,30.561527313056473,0.049201034847917706,91,aggressive,0.3,2
f_normal.237,normal,29.94998249519811,0.019378201970460838,72,aggressive,0.3,2
f_normal.238,normal,20.356203434163035,0.11957994969403249,38,aggressive,0.3,2
f_normal.239,normal,31.97820374644287,0.0314886379574587,46,aggressive,0.3,2
f_normal.24,normal,37.01577237628925,0.04565421764118966,120,aggressive,0.3,2
f_normal.240,normal,29.433963274925443,0.06883408121337295,72,aggressive,0.3,2
f_normal.241,normal,30.812706247116246,0.029549486376027674,62,aggressive,0.3,2
f_normal.242,normal,28.058790238506084,0.029287885558780348,65,aggressive,0.3,2
f_normal.243,normal,29.460414935460882,0.01687481392041758,61,aggressive,0.3,2
f_normal.244,normal,30.444394377030306,0.01841765121023398,56,aggressive,0.3,2
f_normal.246,normal,35.608523281911225,0.03204126181835514,52,aggressive,0.3,2
f_normal.247,normal,33.49442900199306,0.049910070839156946,48,aggressive,0.3,2
f_normal.248,normal,20.504749624043015,0.11042134618464072,25,aggressive,0.3,2
f_normal.249,normal,36.02147706986133,0.05257158600526744,37,aggressive,0.3,2
f_normal.25,normal,40.11885883548114,0.046870469947831214,125,aggressive,0.3,2
f_normal.250,normal,34.140133940565356,0.027773219822404497,31,aggressive,0.3,2
f_normal.252,normal,37.52124891907574,0.044394045155969966,26,aggressive,0.3,2
f_normal.26,normal,36.1634374724338,0.06082362390247056,118,aggressive,0.3,2
f_normal.27,normal,24.402030722115647,0.061727854307865336,89,aggressive,0.3,2
f_normal.28,normal,27.215910495840156,0.05072389163911367,131,aggressive,0.3,2
f_normal.29,normal,25.190479240424537,0.04344987415985952,131,aggressive,0.3,2
f_normal.3,normal,21.018620337255424,0.03524638919287734,28,aggressive,0.3,2
f_normal.30,normal,37.59171265119226,0.051013899645214,140,aggressive,0.3,2
f_normal.31,normal,35.509450143684475,0.04521633629315835,149,aggressive,0.3,2
f_normal.32,normal,27.600385251081644,0.044431941183303306,155,aggressive,0.3,2
f_normal.33,normal,38.60310028789121,0.04439431318573398,163,aggressive,0.3,2
f_normal.34,normal,20.73957880119747,0.10001074313410087,72,aggressive,0.3,2
f_normal.35,normal,39.06560085466956,0.045915533546325715,167,aggressive,0.3,2
f_normal.36,normal,26.612155621631487,0.03858933731541393,173,aggressive,0.3,2
f_normal.37,normal,27.053900421170024,0.06125016063103638,75,aggressive,0.3,2
f_normal.38,normal,38.3171866858468,0.04103413483398072,148,aggressive,0.3,2
f_normal.39,normal,23.62134113533704,0.19801954954536022,187,aggressive,0.3,2
f_normal.4,normal,21.684959225787285,0.04233075383370417,37,aggressive,0.3,2
f_normal.40,normal,34.03360958392411,0.05788461056790912,181,aggressive,0.3,2
f_normal.41,normal,38.33822947369567,0.044441381387531204,196,aggressive,0.3,2
f_normal.42,normal,37.60837455216188,0.03972116983293367,201,aggressive,0.3,2
f_normal.43,normal,30.67720076281224,0.05937463588821064,74,aggressive,0.3,2
f_normal.44,normal,34.337579338859115,0.062394362853579174,190,aggressive,0.3,2
f_normal.45,normal,25.244699753316784,0.038560706351194164,208,aggressive,0.3,2
f_normal.46,normal,26.43350779900424,0.18377095714083938,218,aggressive,0.3,2
f_normal.47,normal,34.77613330715686,0.05003844671036318,162,aggressive,0.3,2
f_normal.48,normal,24.908606345575283,0.03402043753074745,214,aggressive,0.3,2
f_normal.49,normal,35.32418930394931,0.045375698415139,227,aggressive,0.3,2
f_normal.5,normal,31.593213863801704,0.043756617205934455,31,aggressive,0.3,2
f_normal.50,normal,38.09112306348992,0.03807342226281532,236,aggressive,0.3,2
f_normal.51,normal,38.542625511231385,0.04605717598553567,243,aggressive,0.3,2
f_normal.52,normal,31.2289706705842,0.043273021192387115,252,aggressive,0.3,2
f_normal.53,normal,32.586962194254944,0.06831920571090187,220,aggressive,0.3,2
f_normal.54,normal,31.048272319386374,0.06512076686626359,223,aggressive,0.3,2
f_normal.55,normal,32.973829705078074,0.0555730720147483,230,aggressive,0.3,2
f_normal.56,normal,28.321249812892294,0.03176670055204135,259,aggressive,0.3,2
f_normal.57,normal,37.98220356382087,0.03607119176246795,263,aggressive,0.3,2
f_normal.58,normal,30.44447662320308,0.06241579414388477,66,aggressive,0.3,2
f_normal.59,normal,28.98592542406953,0.06658703923193274,273,aggressive,0.3,2
f_normal.6,normal,31.647542337413455,0.043377209615174515,34,aggressive,0.3,2
f_normal.60,normal,30.316898453565592,0.03926235131899418,274,aggressive,0.3,2
f_normal.61,normal,22.412460276385964,0.07860599900419485,57,aggressive,0.3,2
f_normal.62,normal,32.04899776252619,0.03309684561741546,286,aggressive,0.3,2
f_normal.63,normal,20.417789097696513,0.23255692298782568,249,aggressive,0.3,2
f_normal.64,normal,39.13482489577447,0.035210207883115976,293,aggressive,0.3,2
f_normal.65,normal,38.86121417998023,0.04271049027843493,293,aggressive,0.3,2
f_normal.66,normal,30.38722941663885,0.04957976344811063,178,aggressive,0.3,2
f_normal.67,normal,34.26608991505185,0.0431550234275941,295,aggressive,0.3,2
f_normal.68,normal,37.95157904089065,0.031722098853692336,265,aggressive,0.3,2
f_normal.69,normal,39.548310535108286,0.03833834177198276,190,aggressive,0.3,2
f_normal.7,normal,32.92022498683804,0.05324456981350264,41,aggressive,0.3,2
f_normal.70,normal,26.92522878844699,0.08408723293870018,259,aggressive,0.3,2
f_normal.71,normal,35.40394561846817,0.06887880433550918,291,aggressive,0.3,2
f_normal.72,normal,32.546361416863405,0.036194929559232814,286,aggressive,0.3,2
f_normal.73,normal,32.405799734736355,0.04338649047439696,81,aggressive,0.3,2
f_normal.74,normal,37.94187455530696,0.0410695642594199,270,aggressive,0.3,2
f_normal.75,normal,36.58804493621762,0.046495549168976975,302,aggressive,0.3,2
f_normal.76,normal,32.00862244376366,0.033670702790454476,295,aggressive,0.3,2
f_normal.77,normal,35.59263212379488,0.06120042575175513,217,aggressive,0.3,2
f_normal.78,normal,39.705583727555705,0.0450455314334042,305,aggressive,0.3,2
f_normal.79,normal,30.51108258763034,0.03890984282063584,303,aggressive,0.3,2
f_normal.8,normal,21.75062922389427,0.048741041984001365,46,aggressive,0.3,2
f_normal.80,normal,28.273510622648747,0.046746495983231245,266,aggressive,0.3,2
f_normal.81,normal,39.32566735238683,0.03841534588890992,306,aggressive,0.3,2
f_normal.82,normal,22.50040326017352,0.21515275988090835,257,aggressive,0.3,2
f_normal.83,normal,29.921938682462226,0.03376277634826174,304,aggressive,0.3,2
f_normal.84,normal,25.513132416000907,0.0621233438030049,260,aggressive,0.3,2
f_normal.85,normal,32.745230173693145,0.07850834442023369,236,aggressive,0.3,2
f_normal.86,normal,29.463833635622354,0.037555190086323874,301,aggressive,0.3,2
f_normal.87,normal,34.3474592212106,0.07462501955293643,57,aggressive,0.3,2
f_normal.88,normal,30.697824293297284,0.03106846132980447,300,aggressive,0.3,2
f_normal.89,normal,35.71743468074493,0.03630777578661325,298,aggressive,0.3,2
f_normal.9,normal,32.3662737209622,0.038576424509759295,49,aggressive,0.3,2
f_normal.90,normal,38.18464578944638,0.037823816347330466,302,aggressive,0.3,2
f_normal.91,normal,35.459482515958406,0.04544981670411305,187,aggressive,0.3,2
f_normal.92,normal,31.137899185224416,0.10571626130721323,320,aggressive,0.3,2
f_normal.93,normal,38.995726054503,0.04551960141028717,322,aggressive,0.3,2
f_normal.94,normal,31.872483831109076,0.11442462531981527,291,aggressive,0.3,2
f_normal.95,normal,35.68772776178209,0.05047113159746382,330,aggressive,0.3,2
f_normal.96,normal,42.36579656723487,0.032148244788960056,336,aggressive,0.3,2
f_normal.97,normal,21.81360267780132,0.18303385402727027,279,aggressive,0.3,2
f_normal.98,normal,34.19348189081148,0.04541149213416795,304,aggressive,0.3,2
f_normal.99,normal,37.56231015223849,0.0444880460512551,330,aggressive,0.3,2
f_conservative.1,conservative,18.326755401973497,0.17645813582242775,39,conservative,0.1,1
f_conservative.10,conservative,18.112672426206604,0.0978487663841187,273,conservative,0.1,1
f_conservative.11,conservative,19.132011142237584,0.09598379760156,296,conservative,0.1,1
f_conservative.12,conservative,17.002137133526606,0.21417356172941052,274,conservative,0.1,1
f_conservative.13,conservative,20.93760807922583,0.03600757433245043,307,conservative,0.1,1
f_conservative.14,conservative,20.017584666673592,0.09608842786918356,315,conservative,0.1,1
f_conservative.15,conservative,15.896286917928249,0.23020093074632073,280,conservative,0.1,1
f_conservative.16,conservative,15.458865787845607,0.23608931625948282,280,conservative,0.1,1
f_conservative.17,conservative,25.877452557070566,0.07490748418798489,368,conservative,0.1,1
f_conservative.18,conservative,16.247308996305303,0.237803865542992,288,conservative,0.1,1
f_conservative.19,conservative,26.78724582705248,0.09363493744298412,386,conservative,0.1,1
f_conservative.2,conservative,17.521976030308565,0.07825253355738725,72,conservative,0.1,1
f_conservative.20,conservative,26.60055704507666,0.09101019467996202,381,conservative,0.1,1
f_conservative.21,conservative,16.68899295684254,0.06065418926221211,204,conservative,0.1,1
f_conservative.22,conservative,30.365062559595046,0.02322323833747066,332,conservative,0.1,1
f_conservative.23,conservative,16.90053410186512,0.23371425722186256,287,conservative,0.1,1
f_conservative.24,conservative,28.224313349664996,0.09494839115764536,284,conservative,0.1,1
f_conservative.25,conservative,27.168510974277588,0.07009765474760442,246,conservative,0.1,1
f_conservative.26,conservative,17.140002208294145,0.16262720932850225,219,conservative,0.1,1
f_conservative.27,conservative,17.21903983610476,0.2780184270302949,149,conservative,0.1,1
f_conservative.28,conservative,17.433643678111217,0.2759543437213319,126,conservative,0.1,1
f_conservative.29,conservative,19.202497424950323,0.1301915485992143,145,conservative,0.1,1
f_conservative.3,conservative,17.610128631724937,0.058262753195750985,99,conservative,0.1,1
f_conservative.30,conservative,16.79096293646878,0.19235746693563713,124,conservative,0.1,1
f_conservative.31,conservative,18.330101571825676,0.13330740137864097,96,conservative,0.1,1
f_conservative.32,conservative,24.46665558724634,0.023055670260451924,54,conservative,0.1,1
f_conservative.4,conservative,17.317568035362612,0.04887630110938571,126,conservative,0.1,1
f_conservative.5,conservative,17.856230828339886,0.04200199517853688,159,conservative,0.1,1
f_conservative.6,conservative,19.027659621324535,0.10208137270377556,195,conservative,0.1,1
f_conservative.7,conservative,17.828171542643833,0.05704025932247111,171,conservative,0.1,1
f_conservative.8,conservative,18.68272308362066,0.034878139527077814,265,conservative,0.1,1
f_conservative.9,conservative,19.551274667124435,0.0974434213135022,280,conservative,0.1,1
f_normal.10,normal,30.65692813786279,0.04112348197548676,40,conservative,0.1,1
f_normal.100,normal,35.28003684947024,0.02729504676750185,295,conservative,0.1,1
f_normal.101,normal,36.80491122861569,0.03666721824135963,293,conservative,0.1,1
f_normal.102,normal,35.68141167370399,0.029939354383011218,293,conservative,0.1,1
f_normal.103,normal,35.94729862621484,0.03276387330970896,290,conservative,0.1,1
f_normal.104,normal,36.79476214863815,0.028798577192451113,301,conservative,0.1,1
f_normal.105,normal,37.53408273311091,0.033539658459920615,303,conservative,0.1,1
f_normal.106,normal,23.3517088461418,0.06290486599011406,212,conservative,0.1,1
f_normal.107,normal,23.818216879293548,0.059661709971066616,57,conservative,0.1,1
f_normal.108,normal,37.726957835119435,0.03618660001046968,303,conservative,0.1,1
f_normal.109,normal,38.472280025132015,0.03047415463159315,302,conservative,0.1,1
f_normal.11,normal,31.399724093570676,0.04432193141335755,43,conservative,0.1,1
f_normal.110,normal,36.89141083974562,0.0329736914290663,301,conservative,0.1,1
f_normal.111,normal,37.17638239383901,0.031062076160817832,293,conservative,0.1,1
f_normal.112,normal,31.80695226174009,0.11692886626513915,57,conservative,0.1,1
f_normal.113,normal,37.840522770596756,0.030926679197260252,296,conservative,0.1,1
f_normal.114,normal,23.922561196448612,0.21807665806076526,276,conservative,0.1,1
f_normal.115,normal,34.52399488866207,0.03397139090471476,193,conservative,0.1,1
f_normal.116,normal,37.79115393269885,0.037695439023941776,255,conservative,0.1,1
f_normal.117,normal,32.56752553601035,0.07520373347069148,303,conservative,0.1,1
f_normal.118,normal,36.59903218242802,0.025409637643486103,304,conservative,0.1,1
f_normal.119,normal,21.311355195458837,0.2207560842379163,273,conservative,0.1,1
f_normal.12,normal,30.839758665838026,0.04341486852017714,49,conservative,0.1,1
f_normal.120,normal,37.42419592360745,0.03516116519543934,309,conservative,0.1,1
f_normal.121,normal,37.40758874445987,0.032714426338099345,305,conservative,0.1,1
f_normal.122,normal,36.48023899348656,0.0475497540088346,98,conservative,0.1,1
f_normal.123,normal,38.20513253071962,0.03093775945925164,307,conservative,0.1,1
f_normal.124,normal,38.77570613598842,0.035601574083553245,286,conservative,0.1,1
f_normal.125,normal,38.19723221064108,0.04071582338772148,193,conservative,0.1,1
f_normal.126,normal,39.61107464927547,0.033890000950178696,305,conservative,0.1,1
f_normal.127,normal,42.519634141898145,0.03476242380803076,343,conservative,0.1,1
f_normal.128,normal,38.52542724688279,0.03411774824133253,324,conservative,0.1,1
f_normal.129,normal,34.19944606384456,0.08712173621894585,197,conservative,0.1,1
f_normal.13,normal,31.13522973278222,0.041078117873317097,45,conservative,0.1,1
f_normal.130,normal,39.227633566181325,0.03182951349303375,322,conservative,0.1,1
f_normal.131,normal,37.884551418329565,0.03457925745073766,321,conservative,0.1,1
f_normal.132,normal,39.08224394584135,0.03564786528844935,319,conservative,0.1,1
f_normal.133,normal,38.83555036781114,0.03524564089540792,312,conservative,0.1,1
f_normal.134,normal,24.878261432677498,0.10344026008278995,273,conservative,0.1,1
f_normal.135,normal,34.889955436446336,0.06218189324455734,64,conservative,0.1,1
f_normal.136,normal,33.317014006877805,0.05437306676643698,98,conservative,0.1,1
f_normal.137,normal,43.40609112098096,0.0334102024964167,320,conservative,0.1,1
f_normal.138,normal,38.915960376650254,0.03982006885061246,315,conservative,0.1,1
f_normal.139,normal,39.426182095376994,0.033011258900079804,323,conservative,0.1,1
f_normal.14,normal,36.396203584794414,0.047822606727766455,83,conservative,0.1,1
f_normal.140,normal,42.03425643312341,0.038990902365746496,341,conservative,0.1,1
f_normal.141,normal,39.88289660406855,0.03167748598453854,325,conservative,0.1,1
f_normal.142,normal,39.14762258057484,0.035657837251666526,323,conservative,0.1,1
f_normal.143,normal,43.29467443826284,0.03480766139724044,349,conservative,0.1,1
f_normal.144,normal,40.82965093738973,0.035994909972039496,324,conservative,0.1,1
f_normal.145,normal,40.63543889010727,0.033307956730752826,323,conservative,0.1,1
f_normal.146,normal,34.50707206804728,0.05608160784089828,273,conservative,0.1,1
f_normal.147,normal,42.1654207504727,0.035338256960472034,344,conservative,0.1,1
f_normal.148,normal,43.18002429069287,0.0333751890667819,348,conservative,0.1,1
f_normal.149,normal,44.13143023467376,0.033583036168467376,337,conservative,0.1,1
f_normal.15,normal,32.02805278165018,0.04807911066556582,52,conservative,0.1,1
f_normal.150,normal,44.70417297293662,0.03094481580635257,251,conservative,0.1,1
f_normal.151,normal,32.686953484506276,0.07268566334587624,292,conservative,0.1,1
f_normal.152,normal,29.780216005478582,0.08280720507459535,286,conservative,0.1,1
f_normal.153,normal,29.965945458719823,0.06285960280857822,272,conservative,0.1,1
f_normal.154,normal,42.70864662493788,0.027867525057619833,363,conservative,0.1,1
f_normal.155,normal,30.626586206605623,0.055756996317513775,285,conservative,0.1,1
f_normal.156,normal,42.065584110184645,0.026070981378956987,361,conservative,0.1,1
f_normal.157,normal,43.0354590969537,0.032402198340293765,363,conservative,0.1,1
f_normal.158,normal,25.31748152752774,0.069843318974545,59,conservative,0.1,1
f_normal.159,normal,43.84239765637528,0.036795275214054665,363,conservative,0.1,1
f_normal.16,normal,32.41178956205245,0.04541261835371023,54,conservative,0.1,1
f_normal.160,normal,43.79459050603668,0.03368713545628544,371,conservative,0.1,1
f_normal.161,normal,43.98652929753078,0.03147440276628999,372,conservative,0.1,1
f_normal.162,normal,44.110430369904236,0.031400852869342376,371,conservative,0.1,1
f_normal.163,normal,35.39402142903797,0.058269039186532284,277,conservative,0.1,1
f_normal.164,normal,43.44377402062104,0.03322581663236183,369,conservative,0.1,1
f_normal.165,normal,46.1223310772554,0.031203199290541203,373,conservative,0.1,1
f_normal.166,normal,43.91618247202218,0.030803807530163704,367,conservative,0.1,1
f_normal.167,normal,45.565525497898854,0.04016647094325382,247,conservative,0.1,1
f_normal.168,normal,44.72290905933675,0.032372519677617444,359,conservative,0.1,1
f_normal.169,normal,35.26282474226561,0.05339478297908295,291,conservative,0.1,1
f_normal.17,normal,32.83706049437785,0.04143001561976221,57,conservative,0.1,1
f_normal.170,normal,46.562706824096566,0.030695298505708592,374,conservative,0.1,1
f_normal.171,normal,35.894893922946196,0.0564531074035579,290,conservative,0.1,1
f_normal.172,normal,37.0964614791629,0.07624350579861601,75,conservative,0.1,1
f_normal.173,normal,43.8016166576636,0.03287751102976026,387,conservative,0.1,1
f_normal.174,normal,44.09600039372785,0.030671349190374748,386,conservative,0.1,1
f_normal.175,normal,21.214988816521707,0.06826661077167802,47,conservative,0.1,1
f_normal.176,normal,43.22925808336908,0.041562309812927384,245,conservative,0.1,1
f_normal.177,normal,45.04987856186079,0.033411582279723184,383,conservative,0.1,1
f_normal.178,normal,45.43672911980146,0.035386704845070824,374,conservative,0.1,1
f_normal.179,normal,22.265667909110288,0.12373727730171731,283,conservative,0.1,1
f_normal.18,normal,32.97430302592818,0.049850480911152496,81,conservative,0.1,1
f_normal.180,normal,40.276768181957486,0.0969514332510041,379,conservative,0.1,1
f_normal.181,normal,23.075931718023902,0.07787215570053282,259,conservative,0.1,1
f_normal.182,normal,44.84637457778198,0.032824222908841016,382,conservative,0.1,1
f_normal.183,normal,44.527804725424744,0.027742424919661324,376,conservative,0.1,1
f_normal.184,normal,45.22496402786934,0.027651040907227992,372,conservative,0.1,1
f_normal.185,normal,43.30687925311179,0.031037421429722628,364,conservative,0.1,1
f_normal.186,normal,45.57265618140879,0.030644836714367695,360,conservative,0.1,1
f_normal.187,normal,23.860129595575753,0.05038213884872945,283,conservative,0.1,1
f_normal.188,normal,45.19460321845181,0.028400961040808942,373,conservative,0.1,1
f_normal.189,normal,46.864608847960525,0.023858853976509182,350,conservative,0.1,1
f_normal.19,normal,32.612179634588365,0.04606314691316227,79,conservative,0.1,1
f_normal.190,normal,46.17482235012566,0.02918305433135229,348,conservative,0.1,1
f_normal.191,normal,46.58317685554006,0.03011311158774921,357,conservative,0.1,1
f_normal.192,normal,47.68258664793576,0.02273301779278087,345,conservative,0.1,1
f_normal.193,normal,46.428584893051834,0.023601364336334245,340,conservative,0.1,1
f_normal.194,normal,47.01873523825101,0.019120458340275332,325,conservative,0.1,1
f_normal.195,normal,35.176505513520944,0.0532857348731445,282,conservative,0.1,1
f_normal.196,normal,46.21799084347574,0.021005825264479784,291,conservative,0.1,1
f_normal.197,normal,32.64832389595281,0.08643568075698892,58,conservative,0.1,1
f_normal.198,normal,46.3827637918136,0.027035829415488485,340,conservative,0.1,1
f_normal.199,normal,21.85303243735308,0.2411249794599818,273,conservative,0.1,1
f_normal.20,normal,32.85069028638782,0.047184945035217786,59,conservative,0.1,1
f_normal.200,normal,45.25186604782465,0.020923580196579285,328,conservative,0.1,1
f_normal.201,normal,45.89981481690299,0.022066556982141862,322,conservative,0.1,1
f_normal.202,normal,27.421559545932514,0.07316987981045005,43,conservative,0.1,1
f_normal.203,normal,44.9108857616382,0.021624991820889786,324,conservative,0.1,1
f_normal.204,normal,45.31750409784679,0.021345452589567618,317,conservative,0.1,1
f_normal.205,normal,44.983649669270655,0.024163995020617987,311,conservative,0.1,1
f_normal.206,normal,45.3295194457618,0.022027474575228342,309,conservative,0.1,1
f_normal.207,normal,46.10578685440965,0.021443085873985735,299,conservative,0.1,1
f_normal.208,normal,45.07040643049194,0.023691837000893036,296,conservative,0.1,1
f_normal.209,normal,35.56061624053863,0.07783398498595838,225,conservative,0.1,1
f_normal.21,normal,30.855743080971553,0.0426360684917959,76,conservative,0.1,1
f_normal.210,normal,23.74462095056873,0.08975250837833022,86,conservative,0.1,1
f_normal.211,normal,45.9143473709035,0.022965623865135357,293,conservative,0.1,1
f_normal.212,normal,47.42749341776664,0.021702754145631213,167,conservative,0.1,1
f_normal.213,normal,45.453238499870174,0.03444102020369135,274,conservative,0.1,1
f_normal.214,normal,20.804819832438593,0.28261568903856416,172,conservative,0.1,1
f_normal.215,normal,32.453596862231294,0.058108134749743426,255,conservative,0.1,1
f_normal.216,normal,45.61068307668772,0.024534387140571143,281,conservative,0.1,1
f_normal.217,normal,43.633548542162565,0.017994346838380398,277,conservative,0.1,1
f_normal.218,normal,20.687157302063166,0.11366910832170528,257,conservative,0.1,1
f_normal.219,normal,42.827125349009435,0.022314889493477184,266,conservative,0.1,1
f_normal.22,normal,32.684981329531965,0.049786935141242536,57,conservative,0.1,1
f_normal.220,normal,45.01173628091064,0.022880722909486093,263,conservative,0.1,1
f_normal.221,normal,33.56212332756755,0.10009918886284551,130,conservative,0.1,1
f_normal.222,normal,42.502190911297625,0.025492302914685235,205,conservative,0.1,1
f_normal.223,normal,42.245247449530815,0.025230638745193417,258,conservative,0.1,1
f_normal.224,normal,43.46532846323013,0.02126297067678599,173,conservative,0.1,1
f_normal.225,normal,43.22138655254957,0.027102403539186668,256,conservative,0.1,1
f_normal.226,normal,42.30270179826987,0.023044419047095054,234,conservative,0.1,1
f_normal.227,normal,42.77940439723706,0.02063326680320016,235,conservative,0.1,1
f_normal.228,normal,19.12265469309086,0.06709579907603978,82,conservative,0.1,1
f_normal.229,normal,41.87095928479428,0.020251637139986293,235,conservative,0.1,1
f_normal.23,normal,32.653128000560834,0.04898753696614106,84,conservative,0.1,1
f_normal.230,normal,42.00861239582826,0.021355919425801503,222,conservative,0.1,1
f_normal.231,normal,32.19263023168154,0.043116105013007194,220,conservative,0.1,1
f_normal.232,normal,41.17405676003228,0.020455172363778886,223,conservative,0.1,1
f_normal.233,normal,35.027447971793826,0.04066857851219633,216,conservative,0.1,1
f_normal.234,normal,32.63563008751616,0.04561421721101863,212,conservative,0.1,1
f_normal.235,normal,42.298872475034685,0.019791015199615347,218,conservative,0.1,1
f_normal.236,normal,34.18955872968537,0.060961003153441405,209,conservative,0.1,1
f_normal.237,normal,42.161761994585895,0.022303793126095966,213,conservative,0.1,1
f_normal.238,normal,30.39863867906984,0.06795908138664936,187,conservative,0.1,1
f_normal.239,normal,42.15176636553458,0.02478983567757661,208,conservative,0.1,1
f_normal.24,normal,35.0083928060793,0.045036286907889654,89,conservative,0.1,1
f_normal.240,normal,42.077919516388505,0.021152955939979064,201,conservative,0.1,1
f_normal.241,normal,42.523489279342726,0.023667238347841756,204,conservative,0.1,1
f_normal.242,normal,38.12723157430302,0.018170435793488957,189,conservative,0.1,1
f_normal.244,normal,39.83409455829302,0.02036394601902936,193,conservative,0.1,1
f_normal.245,normal,41.894529463613146,0.028973496322318836,168,conservative,0.1,1
f_normal.246,normal,38.98229852577567,0.02000316378000909,196,conservative,0.1,1
f_normal.248,normal,39.477581009433045,0.020593488765990566,180,conservative,0.1,1
f_normal.249,normal,22.064863676904615,0.08502844226619188,137,conservative,0.1,1
f_normal.25,normal,34.42096007873648,0.04300496795671355,129,conservative,0.1,1
f_normal.251,normal,40.507163522678894,0.019824243577945377,177,conservative,0.1,1
f_normal.252,normal,40.21343969956633,0.021480539974314296,172,conservative,0.1,1
f_normal.253,normal,36.717597507183,0.038613646893467427,167,conservative,0.1,1
f_normal.254,normal,39.19808623032389,0.03335682375277262,165,conservative,0.1,1
f_normal.255,normal,31.312886649493098,0.07358748624950225,94,conservative,0.1,1
f_normal.256,normal,36.50739626200054,0.0229251603850568,157,conservative,0.1,1
f_normal.257,normal,37.42713099309633,0.03862809064830421,43,conservative,0.1,1
f_normal.258,normal,38.19559163093731,0.02044744105924274,162,conservative,0.1,1
f_normal.259,normal,37.66533899625856,0.02411434892399884,153,conservative,0.1,1
f_normal.26,normal,36.84445647203342,0.047129030443417916,112,conservative,0.1,1
f_normal.260,normal,19.863798070567224,0.2143833789574379,143,conservative,0.1,1
f_normal.261,normal,32.77410904526495,0.023514388640348476,127,conservative,0.1,1
f_normal.262,normal,31.661993598138405,0.021012413869112716,134,conservative,0.1,1
f_normal.263,normal,30.26776433092566,0.013663780496903035,29,conservative,0.1,1
f_normal.264,normal,35.7929915971151,0.023236548603760843,123,conservative,0.1,1
f_normal.266,normal,31.544750028578584,0.022281877805578984,119,conservative,0.1,1
f_normal.267,normal,29.078694456065445,0.028131008251655487,118,conservative,0.1,1
f_normal.268,normal,31.644073503234775,0.024783196410475383,120,conservative,0.1,1
f_normal.269,normal,32.02150445896561,0.02947452801832835,115,conservative,0.1,1
f_normal.27,normal,34.2178868986905,0.048122884243458904,91,conservative,0.1,1
f_normal.270,normal,32.22595059976286,0.03743598338318089,99,conservative,0.1,1
f_normal.271,normal,33.78187462217888,0.026754030194182387,95,conservative,0.1,1
f_normal.272,normal,24.75424803656458,0.03512470841682117,107,conservative,0.1,1
f_normal.273,normal,33.65079383150293,0.03487457840279225,98,conservative,0.1,1
f_normal.274,normal,28.056414933151,0.02683687302613426,65,conservative,0.1,1
f_normal.275,normal,28.04783068596498,0.04959465585086945,45,conservative,0.1,1
f_normal.276,normal,19.85290110914473,0.1752963589287023,86,conservative,0.1,1
f_normal.277,normal,27.872620632861395,0.024080330726033713,81,conservative,0.1,1
f_normal.278,normal,28.465023212564873,0.013177197816438698,76,conservative,0.1,1
f_normal.279,normal,30.763642487780526,0.015973471091892667,74,conservative,0.1,1
f_normal.28,normal,32.642596144539695,0.09323976772939445,103,conservative,0.1,1
f_normal.280,normal,31.0984151936183,0.019831756026768017,65,conservative,0.1,1
f_normal.281,normal,32.74284988929412,0.024683650938074276,77,conservative,0.1,1
f_normal.282,normal,28.81171791088762,0.027187923730647746,88,conservative,0.1,1
f_normal.283,normal,26.950228111624362,0.017904124456617515,61,conservative,0.1,1
f_normal.284,normal,28.45137384837769,0.02144487647092404,74,conservative,0.1,1
f_normal.285,normal,27.489348936749927,0.013529950696399624,68,conservative,0.1,1
f_normal.286,normal,32.16980321612886,0.02006907427825349,61,conservative,0.1,1
f_normal.287,normal,29.723163681203356,0.03178360122679187,66,conservative,0.1,1
f_normal.289,normal,29.94508800484496,0.01646076851438982,57,conservative,0.1,1
f_normal.29,normal,34.292930985623144,0.05150324129085827,105,conservative,0.1,1
f_normal.290,normal,32.72258008026801,0.027728166473148873,50,conservative,0.1,1
f_normal.291,normal,30.165192691892017,0.022066126056415496,51,conservative,0.1,1
f_normal.293,normal,35.23049387774114,0.03220764631270799,48,conservative,0.1,1
f_normal.294,normal,28.228418784867046,0.086379514080391,44,conservative,0.1,1
f_normal.295,normal,29.657665529347252,0.026415010957834596,42,conservative,0.1,1
f_normal.296,normal,30.040315452632562,0.0202295543980941,34,conservative,0.1,1
f_normal.297,normal,28.317957619168666,0.01466441418272131,43,conservative,0.1,1
f_normal.299,normal,31.289267380789255,0.02125516088245235,34,conservative,0.1,1
f_normal.30,normal,35.18167755419262,0.05060466839676728,114,conservative,0.1,1
f_normal.300,normal,36.98389091425481,0.05301742812615164,28,conservative,0.1,1
f_normal.301,normal,30.379155254204367,0.02060723197651842,26,conservative,0.1,1
f_normal.303,normal,30.201944620621475,0.009861546953710323,22,conservative,0.1,1
f_normal.31,normal,29.11698882626958,0.08495460338281637,109,conservative,0.1,1
f_normal.32,normal,35.205848731895166,0.04208341850914148,138,conservative,0.1,1
f_normal.33,normal,37.527493850107874,0.04170660272698353,117,conservative,0.1,1
f_normal.34,normal,30.55199890284432,0.06895903479947148,105,conservative,0.1,1
f_normal.35,normal,31.504097942822902,0.06220346914463298,132,conservative,0.1,1
f_normal.36,normal,28.924363820091934,0.060435896629025654,119,conservative,0.1,1
f_normal.37,normal,36.06389224629861,0.041435675066929405,139,conservative,0.1,1
f_normal.38,normal,35.77775532511846,0.05164597723224265,128,conservative,0.1,1
f_normal.39,normal,34.80411148129226,0.05529220377778421,129,conservative,0.1,1
f_normal.40,normal,25.71140740157004,0.16472058976245277,161,conservative,0.1,1
f_normal.41,normal,33.00055177846303,0.053615021882379606,152,conservative,0.1,1
f_normal.42,normal,35.48886445094812,0.04589751299897732,165,conservative,0.1,1
f_normal.43,normal,36.07050166857925,0.039743717206068715,171,conservative,0.1,1
f_normal.44,normal,26.474100179409138,0.04287675980475348,78,conservative,0.1,1
f_normal.45,normal,34.20821464669664,0.04867920075439287,76,conservative,0.1,1
f_normal.46,normal,35.73770464555133,0.03772623108048154,174,conservative,0.1,1
f_normal.47,normal,28.939488793091666,0.1257964583814163,188,conservative,0.1,1
f_normal.48,normal,30.77329773150559,0.033122055384738794,181,conservative,0.1,1
f_normal.49,normal,34.60655477655063,0.04606019615572143,186,conservative,0.1,1
f_normal.50,normal,35.493002677644085,0.05295123290112894,198,conservative,0.1,1
f_normal.51,normal,35.26870769380985,0.030645360038633693,178,conservative,0.1,1
f_normal.52,normal,34.58659295117848,0.04006622428073632,184,conservative,0.1,1
f_normal.53,normal,37.76409834030661,0.038261842022674956,209,conservative,0.1,1
f_normal.54,normal,33.22072797599516,0.05041857097659249,206,conservative,0.1,1
f_normal.55,normal,36.88695388534394,0.03304051769035208,221,conservative,0.1,1
f_normal.56,normal,37.03775134384737,0.03677804105058477,216,conservative,0.1,1
f_normal.57,normal,37.36505531231958,0.036707712318513525,213,conservative,0.1,1
f_normal.58,normal,32.352492968644604,0.0843407511605785,201,conservative,0.1,1
f_normal.59,normal,37.232776088152,0.03568317895307028,219,conservative,0.1,1
f_normal.60,normal,33.80152483048466,0.031782483774774564,271,conservative,0.1,1
f_normal.61,normal,36.86559275825345,0.03606195168151447,154,conservative,0.1,1
f_normal.62,normal,32.56182084078652,0.05763190167191583,66,conservative,0.1,1
f_normal.63,normal,36.73694008965194,0.02897825089944512,224,conservative,0.1,1
f_normal.64,normal,33.93402443710185,0.032582345785936474,233,conservative,0.1,1
f_normal.65,normal,35.77936281461641,0.037306202077394254,225,conservative,0.1,1
f_normal.66,normal,34.55005538429767,0.02934861818810665,256,conservative,0.1,1
f_normal.67,normal,36.21361317232197,0.03329423889742938,227,conservative,0.1,1
f_normal.68,normal,33.37305857646381,0.03319645094281469,225,conservative,0.1,1
f_normal.69,normal,34.1075133196291,0.03160319952616242,259,conservative,0.1,1
f_normal.70,normal,35.96239690643409,0.034908536153573935,273,conservative,0.1,1
f_normal.71,normal,36.31253865412755,0.028830034096073643,229,conservative,0.1,1
f_normal.72,normal,30.027026544759565,0.07042557731240567,253,conservative,0.1,1
f_normal.73,normal,25.06469639337945,0.049097841942052925,83,conservative,0.1,1
f_normal.74,normal,24.465716262987883,0.05009029009015923,83,conservative,0.1,1
f_normal.75,normal,35.01834430757517,0.03809064905324823,270,conservative,0.1,1
f_normal.76,normal,35.77815032983686,0.03657036271875658,270,conservative,0.1,1
f_normal.77,normal,35.026549216613354,0.0325282140079525,271,conservative,0.1,1
f_normal.78,normal,37.01835175843018,0.03399252014254923,293,conservative,0.1,1
f_normal.79,normal,34.96870375596596,0.034958707768378686,270,conservative,0.1,1
f_normal.80,normal,25.895761328542225,0.06306798632537475,187,conservative,0.1,1
f_normal.81,normal,34.60455727423016,0.038930114485672025,182,conservative,0.1,1
f_normal.82,normal,35.78756787342396,0.038989719401494566,278,conservative,0.1,1
f_normal.83,normal,35.4916130592782,0.037311290183283066,282,conservative,0.1,1
f_normal.84,normal,24.304469748397747,0.1699373728765106,253,conservative,0.1,1
f_normal.85,normal,35.3695297755746,0.03524880084112934,278,conservative,0.1,1
f_normal.86,normal,36.68730960045145,0.03989925770234468,290,conservative,0.1,1
f_normal.87,normal,28.175027063057723,0.05124001372021732,254,conservative,0.1,1
f_normal.88,normal,30.42885389107522,0.0783138431563134,253,conservative,0.1,1
f_normal.89,normal,37.0708756809347,0.03146462049560736,282,conservative,0.1,1
f_normal.90,normal,23.696808859310245,0.05463170674818344,56,conservative,0.1,1
f_normal.91,normal,37.81911466822313,0.03632720815634992,288,conservative,0.1,1
f_normal.92,normal,36.97146628883475,0.03125641933248598,289,conservative,0.1,1
f_normal.93,normal,36.1715593510674,0.037249432857012196,288,conservative,0.1,1
f_normal.94,normal,38.137196279319454,0.034582323332280736,290,conservative,0.1,1
f_normal.95,normal,32.246316743179996,0.05960616835884198,251,conservative,0.1,1
f_normal.96,normal,39.25651927329965,0.04325899486605,165,conservative,0.1,1
f_normal.97,normal,23.247624338943112,0.1270380499286519,255,conservative,0.1,1
f_normal.98,normal,32.4144408826576,0.07022938381859851,263,conservative,0.1,1
f_normal.99,normal,31.54431022890339,0.06791238709927154,120,conservative,0.1,1
f_conservative.1,conservative,16.6786297118719,0.18543442167377702,48,conservative,0.1,2
f_conservative.10,conservative,17.46446867479573,0.10049191850823908,180,conservative,0.1,2
f_conservative.11,conservative,23.45325029030377,0.07197877869958319,349,conservative,0.1,2
f_conservative.12,conservative,15.053339314749985,0.25049350484326827,254,conservative,0.1,2
f_conservative.13,conservative,24.276420179186672,0.08425149877209645,381,conservative,0.1,2
f_conservative.14,conservative,15.864638831178103,0.23312790125273258,295,conservative,0.1,2
f_conservative.15,conservative,15.469497882579217,0.2614683711967677,246,conservative,0.1,2
f_conservative.16,conservative,31.628020286102473,0.046051329254873846,456,conservative,0.1,2
f_conservative.17,conservative,16.540916201589358,0.25744767217911574,287,conservative,0.1,2
f_conservative.18,conservative,36.96350624644259,0.08366471978139504,460,conservative,0.1,2
f_conservative.19,conservative,16.66658581403895,0.07692490600781907,308,conservative,0.1,2
f_conservative.2,conservative,16.47171635070282,0.062413984649648514,79,conservative,0.1,2
f_conservative.20,conservative,15.851068349930255,0.25282036377244266,299,conservative,0.1,2
f_conservative.21,conservative,37.12468256001528,0.05392798592736571,387,conservative,0.1,2
f_conservative.22,conservative,35.22803447657357,0.06963203286382004,357,conservative,0.1,2
f_conservative.23,conservative,15.301428846917894,0.25831053421823374,303,conservative,0.1,2
f_conservative.24,conservative,14.316897757321444,0.19712137717175698,98,conservative,0.1,2
f_conservative.25,conservative,31.021274824533457,0.091079537972116,281,conservative,0.1,2
f_conservative.26,conservative,28.614996750495745,0.029058524126463665,254,conservative,0.1,2
f_conservative.27,conservative,14.632303033008448,0.28927824438608246,214,conservative,0.1,2
f_conservative.28,conservative,17.16872261561931,0.03733022392393069,194,conservative,0.1,2
f_conservative.29,conservative,24.968321557500335,0.014783955720069552,169,conservative,0.1,2
f_conservative.3,conservative,18.927842379257875,0.06176132041565746,115,conservative,0.1,2
f_conservative.30,conservative,17.606312417623744,0.08333867999437514,139,conservative,0.1,2
f_conservative.31,conservative,16.985228728596493,0.14377746779841333,112,conservative,0.1,2
f_conservative.32,conservative,18.948779062413927,0.1138554122860847,82,conservative,0.1,2
f_conservative.33,conservative,17.687689706099633,0.1629878552171815,53,conservative,0.1,2
f_conservative.4,conservative,16.66864855624464,0.1869422403987005,150,conservative,0.1,2
f_conservative.5,conservative,16.35841403371139,0.1935369457058915,173,conservative,0.1,2
f_conservative.6,conservative,15.783886049759671,0.098453416549058,98,conservative,0.1,2
f_conservative.7,conservative,18.198272131788247,0.1303079938986698,256,conservative,0.1,2
f_conservative.8,conservative,16.059997782567173,0.17969760506887225,110,conservative,0.1,2
f_conservative.9,conservative,21.200086142039062,0.06771200859187929,330,conservative,0.1,2
f_normal.10,normal,30.206797888585026,0.046170088076434065,52,conservative,0.1,2
f_normal.100,normal,42.30900193928179,0.032166945023782825,348,conservative,0.1,2
f_normal.101,normal,41.41190919207562,0.029770342369093393,349,conservative,0.1,2
f_normal.102,normal,29.297505942213107,0.058917756541804436,57,conservative,0.1,2
f_normal.103,normal,42.783444247441004,0.032192789885593445,350,conservative,0.1,2
f_normal.104,normal,41.58793445715259,0.03779153760115649,348,conservative,0.1,2
f_normal.105,normal,41.59039179032943,0.0295444599527025,341,conservative,0.1,2
f_normal.106,normal,41.849100625980135,0.028057840509295037,350,conservative,0.1,2
f_normal.107,normal,42.580112000405414,0.04433995681757699,343,conservative,0.1,2
f_normal.108,normal,40.90705221919796,0.03148109380232437,357,conservative,0.1,2
f_normal.109,normal,30.459046433573125,0.06972817969376044,286,conservative,0.1,2
f_normal.11,normal,30.944588153725412,0.04490964683711067,55,conservative,0.1,2
f_normal.110,normal,42.126946564980436,0.03468937355712199,351,conservative,0.1,2
f_normal.111,normal,35.59919941815404,0.05451018869520068,282,conservative,0.1,2
f_normal.112,normal,42.965939161436324,0.034401782872679726,360,conservative,0.1,2
f_normal.113,normal,35.48808435358717,0.05940301877846906,98,conservative,0.1,2
f_normal.114,normal,44.85866975028203,0.03254494878443004,392,conservative,0.1,2
f_normal.115,normal,40.96717597236793,0.04041933767517728,269,conservative,0.1,2
f_normal.116,normal,22.01092909462832,0.07249960863069498,271,conservative,0.1,2
f_normal.117,normal,20.579850159188943,0.21956680415185223,251,conservative,0.1,2
f_normal.118,normal,39.03825265607277,0.033234029581092374,380,conservative,0.1,2
f_normal.119,normal,42.574858212981894,0.03156166196572672,382,conservative,0.1,2
f_normal.12,normal,32.010060546391905,0.04416038679210968,61,conservative,0.1,2
f_normal.120,normal,44.09959179807826,0.03423557435747418,374,conservative,0.1,2
f_normal.121,normal,43.88303618351921,0.030407818724168006,383,conservative,0.1,2
f_normal.122,normal,43.31897315981578,0.029651498509979935,382,conservative,0.1,2
f_normal.123,normal,32.154163780853395,0.06285027324657745,67,conservative,0.1,2
f_normal.124,normal,46.115162722791425,0.03125282901425006,400,conservative,0.1,2
f_normal.125,normal,46.00111045022907,0.029307159658293152,401,conservative,0.1,2
f_normal.126,normal,34.43662465922875,0.05118156657217421,298,conservative,0.1,2
f_normal.127,normal,35.68863901807718,0.050361106733086615,276,conservative,0.1,2
f_normal.128,normal,45.99421125905526,0.029633996329924864,403,conservative,0.1,2
f_normal.129,normal,26.94081929318602,0.06032861379086953,278,conservative,0.1,2
f_normal.13,normal,33.91884976908526,0.04629614529477417,70,conservative,0.1,2
f_normal.130,normal,46.33972579300777,0.030616000763094366,402,conservative,0.1,2
f_normal.131,normal,45.62602003957565,0.03182602449666749,402,conservative,0.1,2
f_normal.132,normal,49.165256451266494,0.032469707424984555,421,conservative,0.1,2
f_normal.133,normal,35.60490157045683,0.11071781608627415,73,conservative,0.1,2
f_normal.134,normal,45.65181314923937,0.031968583838528054,403,conservative,0.1,2
f_normal.135,normal,46.463884749884265,0.03156988954053451,401,conservative,0.1,2
f_normal.136,normal,49.23238820671447,0.03685682209711821,435,conservative,0.1,2
f_normal.137,normal,46.71661751245088,0.03177823259013409,402,conservative,0.1,2
f_normal.138,normal,46.98177101611328,0.03112190910895338,370,conservative,0.1,2
f_normal.139,normal,47.67530206281401,0.04101229781264249,432,conservative,0.1,2
f_normal.14,normal,32.22882805505319,0.04637267437592569,62,conservative,0.1,2
f_normal.140,normal,46.88406380035538,0.034048784020204004,417,conservative,0.1,2
f_normal.141,normal,48.5897405773274,0.02988851040289518,455,conservative,0.1,2
f_normal.142,normal,48.34672322529187,0.029033482281027347,456,conservative,0.1,2
f_normal.143,normal,21.97124537739106,0.08583654336246575,252,conservative,0.1,2
f_normal.144,normal,21.9192262407151,0.07200919642218874,296,conservative,0.1,2
f_normal.145,normal,34.47785344073534,0.05609918546682531,300,conservative,0.1,2
f_normal.146,normal,49.08063998521435,0.03017670535214712,452,conservative,0.1,2
f_normal.147,normal,49.25051952282354,0.032029259615566,455,conservative,0.1,2
f_normal.148,normal,22.920281872345093,0.05381327152950151,296,conservative,0.1,2
f_normal.149,normal,36.49034123362292,0.18028365966387147,55,conservative,0.1,2
f_normal.15,normal,33.615480281286864,0.049509319019855814,66,conservative,0.1,2
f_normal.150,normal,48.93712914841627,0.03208837529649027,456,conservative,0.1,2
f_normal.151,normal,49.90323683864141,0.031795595689125274,455,conservative,0.1,2
f_normal.152,normal,34.80174308910862,0.06272287348448252,282,conservative,0.1,2
f_normal.153,normal,50.56638849792133,0.03044445872422451,458,conservative,0.1,2
f_normal.154,normal,36.11562366452972,0.04998171603084316,301,conservative,0.1,2
f_normal.155,normal,50.748112056861984,0.03219469308194703,458,conservative,0.1,2
f_normal.156,normal,31.87576741354938,0.07265575851670222,272,conservative,0.1,2
f_normal.157,normal,51.864333035890574,0.02924274675742961,483,conservative,0.1,2
f_normal.158,normal,51.051481862824886,0.029846064965870747,480,conservative,0.1,2
f_normal.159,normal,52.90369918745586,0.028733433834178965,434,conservative,0.1,2
f_normal.16,normal,33.97401690964498,0.04696313577069732,69,conservative,0.1,2
f_normal.160,normal,51.92017141676147,0.02936811662208054,466,conservative,0.1,2
f_normal.161,normal,52.09094496556052,0.02789118988036133,477,conservative,0.1,2
f_normal.162,normal,36.954101735554666,0.08094334408560348,89,conservative,0.1,2
f_normal.163,normal,51.55917837127063,0.030714554691836277,397,conservative,0.1,2
f_normal.164,normal,52.31913719325819,0.024350655360380863,456,conservative,0.1,2
f_normal.165,normal,51.77084014387265,0.02617274684425755,336,conservative,0.1,2
f_normal.166,normal,21.94627606413959,0.23211183960814522,281,conservative,0.1,2
f_normal.167,normal,52.55506046748683,0.021244827943115486,430,conservative,0.1,2
f_normal.168,normal,52.59398370491767,0.02155507841446175,454,conservative,0.1,2
f_normal.169,normal,52.87219502292824,0.01967234063047365,448,conservative,0.1,2
f_normal.17,normal,31.623416753741008,0.042008100150939295,83,conservative,0.1,2
f_normal.170,normal,52.69736728275586,0.01901261525685546,439,conservative,0.1,2
f_normal.171,normal,52.50246052295215,0.021505065100565116,441,conservative,0.1,2
f_normal.172,normal,37.092641352537264,0.07611093422806321,76,conservative,0.1,2
f_normal.173,normal,21.852369538576887,0.05462440938808793,231,conservative,0.1,2
f_normal.174,normal,52.791151610837616,0.021838805692912265,426,conservative,0.1,2
f_normal.175,normal,52.149102926921614,0.01982829601323698,434,conservative,0.1,2
f_normal.176,normal,35.25403164024202,0.1001745695961256,85,conservative,0.1,2
f_normal.177,normal,52.6298061634934,0.020457393584115427,423,conservative,0.1,2
f_normal.178,normal,52.07959247385484,0.01971971855896157,414,conservative,0.1,2
f_normal.179,normal,52.571568364039116,0.020859923001293943,412,conservative,0.1,2
f_normal.18,normal,32.64856142869535,0.041024979316467536,86,conservative,0.1,2
f_normal.180,normal,52.29156247798504,0.021469574426390716,419,conservative,0.1,2
f_normal.181,normal,30.929042094678756,0.06044404584902309,313,conservative,0.1,2
f_normal.182,normal,52.7859068670249,0.020330100554709546,403,conservative,0.1,2
f_normal.183,normal,36.508436863175525,0.04984815326930541,303,conservative,0.1,2
f_normal.184,normal,52.45835825578655,0.020076612330983838,398,conservative,0.1,2
f_normal.185,normal,22.114115735762155,0.21754986605352716,303,conservative,0.1,2
f_normal.186,normal,21.3176384223313,0.22933937223779455,294,conservative,0.1,2
f_normal.187,normal,54.01762606706498,0.02251735739011346,397,conservative,0.1,2
f_normal.188,normal,52.813689658951816,0.022915634333109825,393,conservative,0.1,2
f_normal.189,normal,52.32852669526849,0.02326741955860284,302,conservative,0.1,2
f_normal.19,normal,32.26548702268882,0.05070272470273655,91,conservative,0.1,2
f_normal.190,normal,50.819823069509056,0.0168740864552248,384,conservative,0.1,2
f_normal.192,normal,51.22435955965864,0.016713435756093166,368,conservative,0.1,2
f_normal.193,normal,32.85735767731995,0.04334986826796395,273,conservative,0.1,2
f_normal.194,normal,51.38538008366084,0.02338019884402497,262,conservative,0.1,2
f_normal.195,normal,50.783405841530744,0.018975283769570486,347,conservative,0.1,2
f_normal.196,normal,50.160793347646866,0.021086358662394854,343,conservative,0.1,2
f_normal.197,normal,51.20646224647263,0.020894791842772497,367,conservative,0.1,2
f_normal.198,normal,50.908960916006286,0.017356542772647834,373,conservative,0.1,2
f_normal.199,normal,49.61602033373218,0.018115177578620086,349,conservative,0.1,2
f_normal.2,normal,29.40580899544201,0.046148131856899165,20,conservative,0.1,2
f_normal.20,normal,32.65246729739544,0.040057253148325395,89,conservative,0.1,2
f_normal.200,normal,34.74397366284201,0.05635141268284793,296,conservative,0.1,2
f_normal.201,normal,32.59655154195465,0.05578295113460746,300,conservative,0.1,2
f_normal.202,normal,31.79565937906545,0.05391043059867548,298,conservative,0.1,2
f_normal.203,normal,49.930757407505325,0.020723624444456343,334,conservative,0.1,2
f_normal.204,normal,50.31388951004002,0.021875003681993077,337,conservative,0.1,2
f_normal.205,normal,35.18135444939118,0.184391465515982,45,conservative,0.1,2
f_normal.206,normal,49.80685033932364,0.0191029675356998,344,conservative,0.1,2
f_normal.207,normal,49.20554057841357,0.020404750361843794,328,conservative,0.1,2
f_normal.208,normal,35.037936795045226,0.0655326791312468,302,conservative,0.1,2
f_normal.209,normal,34.70288004917383,0.06014418771879441,316,conservative,0.1,2
f_normal.21,normal,33.392323113395705,0.05248728184855373,97,conservative,0.1,2
f_normal.210,normal,49.64632073878135,0.02184361201238038,318,conservative,0.1,2
f_normal.211,normal,49.7349600922546,0.026745073866276954,278,conservative,0.1,2
f_normal.212,normal,49.467168699353216,0.02071882030890568,324,conservative,0.1,2
f_normal.213,normal,50.23843096408442,0.019118498298005028,315,conservative,0.1,2
f_normal.214,normal,37.24348222963328,0.07692540543965184,69,conservative,0.1,2
f_normal.215,normal,49.64755791920942,0.02259157361086323,308,conservative,0.1,2
f_normal.216,normal,49.58146076997536,0.019980862903456374,311,conservative,0.1,2
f_normal.217,normal,49.48975166899378,0.024313409797773494,304,conservative,0.1,2
f_normal.218,normal,48.858688230875536,0.01861433977053413,200,conservative,0.1,2
f_normal.219,normal,49.868818347213036,0.020362407568140766,300,conservative,0.1,2
f_normal.22,normal,35.8330791585066,0.05170683526341645,93,conservative,0.1,2
f_normal.220,normal,48.52936556320123,0.019051136344205247,295,conservative,0.1,2
f_normal.221,normal,49.14013212837834,0.01996564363339126,289,conservative,0.1,2
f_normal.222,normal,50.264401547601096,0.018075273587204243,290,conservative,0.1,2
f_normal.223,normal,19.924630281807612,0.2692301554093283,264,conservative,0.1,2
f_normal.224,normal,18.207219328745225,0.08057675928374489,26,conservative,0.1,2
f_normal.225,normal,47.99360725568473,0.02576303343702749,278,conservative,0.1,2
f_normal.226,normal,45.81295741153385,0.02148943344878087,269,conservative,0.1,2
f_normal.227,normal,46.43479593093852,0.02901348524477941,235,conservative,0.1,2
f_normal.228,normal,45.49952200743553,0.02153903102043581,264,conservative,0.1,2
f_normal.229,normal,46.19073953024072,0.02277351565328293,274,conservative,0.1,2
f_normal.23,normal,34.8087029224839,0.07803796787924994,103,conservative,0.1,2
f_normal.230,normal,17.265506147017557,0.2848675052504005,238,conservative,0.1,2
f_normal.231,normal,45.672010065103805,0.020930782707114116,245,conservative,0.1,2
f_normal.232,normal,43.89147807291803,0.021013892605756895,246,conservative,0.1,2
f_normal.233,normal,24.220615558277288,0.036927558370787664,237,conservative,0.1,2
f_normal.234,normal,45.69498358348587,0.024238026466004193,255,conservative,0.1,2
f_normal.235,normal,46.40071003152762,0.024073633939340623,251,conservative,0.1,2
f_normal.236,normal,43.83203509860243,0.02090252491679333,223,conservative,0.1,2
f_normal.237,normal,43.88389019595997,0.022261719245831483,241,conservative,0.1,2
f_normal.238,normal,44.28515089582799,0.021340400252650885,227,conservative,0.1,2
f_normal.239,normal,27.827882103610186,0.07803749411074479,121,conservative,0.1,2
f_normal.24,normal,36.52601935821626,0.053989088269206585,100,conservative,0.1,2
f_normal.241,normal,44.0702287584108,0.01990107489737206,237,conservative,0.1,2
f_normal.242,normal,18.96489296272464,0.12037437002776433,208,conservative,0.1,2
f_normal.243,normal,43.06953521599029,0.02489444937921516,215,conservative,0.1,2
f_normal.244,normal,45.2253977190981,0.020941427968808924,225,conservative,0.1,2
f_normal.245,normal,44.313391238867965,0.020572273167550656,221,conservative,0.1,2
f_normal.246,normal,42.96073751379589,0.021977898606505637,215,conservative,0.1,2
f_normal.247,normal,44.288928530066904,0.029058435648283445,209,conservative,0.1,2
f_normal.248,normal,36.47016401100191,0.03612894662265958,207,conservative,0.1,2
f_normal.249,normal,45.250380765619205,0.02460136286840469,209,conservative,0.1,2
f_normal.25,normal,35.68846085698397,0.04726262461520189,106,conservative,0.1,2
f_normal.250,normal,43.72143669955157,0.02159339984954621,199,conservative,0.1,2
f_normal.251,normal,41.80727232098377,0.02287766088252973,208,conservative,0.1,2
f_normal.252,normal,41.3659125781133,0.024057862343803343,195,conservative,0.1,2
f_normal.253,normal,29.85188736999136,0.061038435322658874,124,conservative,0.1,2
f_normal.254,normal,41.46265812842464,0.021497749246349503,179,conservative,0.1,2
f_normal.255,normal,33.47677189661808,0.04111290406332953,193,conservative,0.1,2
f_normal.256,normal,41.62415971593487,0.022428580477475143,191,conservative,0.1,2
f_normal.257,normal,39.67688395263652,0.025777768963023424,168,conservative,0.1,2
f_normal.258,normal,34.102810696427994,0.05682596130195238,185,conservative,0.1,2
f_normal.259,normal,41.043124583366875,0.019821929487300147,186,conservative,0.1,2
f_normal.26,normal,35.954998596078674,0.05499766959594591,123,conservative,0.1,2
f_normal.260,normal,41.03027607525548,0.02090033091066764,181,conservative,0.1,2
f_normal.261,normal,38.497586249769235,0.023158598279921845,135,conservative,0.1,2
f_normal.262,normal,39.26620179252661,0.022087863598342986,164,conservative,0.1,2
f_normal.263,normal,35.0151293697066,0.02408141647061178,164,conservative,0.1,2
f_normal.264,normal,18.587882098144537,0.09034325914800449,110,conservative,0.1,2
f_normal.265,normal,20.18261222603316,0.06238393921401585,151,conservative,0.1,2
f_normal.266,normal,29.20883417933361,0.046039832325388774,148,conservative,0.1,2
f_normal.267,normal,37.93159092061419,0.021295111923892062,161,conservative,0.1,2
f_normal.268,normal,19.22108190834413,0.0956921516424703,144,conservative,0.1,2
f_normal.269,normal,33.95328224755808,0.053980183722731216,98,conservative,0.1,2
f_normal.27,normal,35.23984877243118,0.05154763859844792,118,conservative,0.1,2
f_normal.270,normal,38.233175038689765,0.022126068425506438,154,conservative,0.1,2
f_normal.271,normal,38.23803633687768,0.021243042318642893,150,conservative,0.1,2
f_normal.272,normal,35.04794877486963,0.018410631496586366,126,conservative,0.1,2
f_normal.273,normal,37.554395222790866,0.01851606124495055,147,conservative,0.1,2
f_normal.274,normal,32.87200600400435,0.04112561606457693,136,conservative,0.1,2
f_normal.275,normal,39.60785091334816,0.02346474283367531,133,conservative,0.1,2
f_normal.276,normal,30.217201334705432,0.06404872882828701,56,conservative,0.1,2
f_normal.277,normal,33.592259240976,0.03993361171476708,134,conservative,0.1,2
f_normal.278,normal,37.395973478399775,0.02126978904376481,92,conservative,0.1,2
f_normal.279,normal,33.17191849197683,0.027715069693981475,68,conservative,0.1,2
f_normal.28,normal,27.92974068302013,0.10294567601446726,106,conservative,0.1,2
f_normal.280,normal,33.30623352311841,0.030581966366969485,118,conservative,0.1,2
f_normal.281,normal,38.27993516678407,0.02897438377070928,128,conservative,0.1,2
f_normal.282,normal,36.11126994651577,0.014116960433117703,104,conservative,0.1,2
f_normal.283,normal,23.717002838400166,0.060233344995651666,76,conservative,0.1,2
f_normal.284,normal,35.821477708791605,0.01667464224420023,104,conservative,0.1,2
f_normal.285,normal,38.92550264574328,0.07322111094713361,53,conservative,0.1,2
f_normal.286,normal,40.15987972336797,0.023914761230839618,50,conservative,0.1,2
f_normal.287,normal,37.262358568270095,0.04382223207423625,97,conservative,0.1,2
f_normal.288,normal,26.301778825829846,0.1441566822478959,56,conservative,0.1,2
f_normal.289,normal,29.539782235546983,0.01993965742546842,81,conservative,0.1,2
f_normal.29,normal,35.19653327749988,0.07490476528367779,121,conservative,0.1,2
f_normal.290,normal,20.209440726446655,0.11705231022328318,71,conservative,0.1,2
f_normal.291,normal,28.45666916576967,0.07981589974490808,101,conservative,0.1,2
f_normal.292,normal,22.56828128591008,0.0347596115592613,85,conservative,0.1,2
f_normal.294,normal,30.622908771548705,0.02406029864701833,81,conservative,0.1,2
f_normal.295,normal,31.753441275143103,0.02979765425084818,77,conservative,0.1,2
f_normal.296,normal,33.00949029650401,0.019884270395290952,58,conservative,0.1,2
f_normal.297,normal,31.64030539070873,0.029970543960533606,65,conservative,0.1,2
f_normal.299,normal,33.79654892884007,0.02547371033274507,66,conservative,0.1,2
f_normal.3,normal,30.459579450378413,0.04040181365993892,23,conservative,0.1,2
f_normal.30,normal,37.484175029810096,0.04203663050649294,132,conservative,0.1,2
f_normal.300,normal,33.63373384693921,0.02365147910637265,57,conservative,0.1,2
f_normal.301,normal,28.181204977628852,0.025025051754385342,60,conservative,0.1,2
f_normal.302,normal,33.290364218377654,0.023606217361147933,54,conservative,0.1,2
f_normal.304,normal,31.825721131611242,0.026242284195642247,47,conservative,0.1,2
f_normal.305,normal,34.803949714327565,0.018763462492292514,46,conservative,0.1,2
f_normal.306,normal,20.416143659699067,0.10560050292677137,25,conservative,0.1,2
f_normal.307,normal,33.69645132001522,0.012455667802913867,38,conservative,0.1,2
f_normal.308,normal,30.86419562268281,0.012141830644066995,41,conservative,0.1,2
f_normal.31,normal,37.896124122896765,0.040775749788917834,135,conservative,0.1,2
f_normal.310,normal,30.913238280027343,0.022485655600923745,25,conservative,0.1,2
f_normal.313,normal,30.006006207451737,0.029228771346975175,28,conservative,0.1,2
f_normal.314,normal,31.155113327474137,0.01674495172767598,23,conservative,0.1,2
f_normal.32,normal,37.368555908064586,0.05522625599956459,137,conservative,0.1,2
f_normal.33,normal,35.65885163104771,0.0545437155651619,130,conservative,0.1,2
f_normal.34,normal,31.67778141171084,0.05184920347050572,80,conservative,0.1,2
f_normal.35,normal,37.825943475321715,0.03879616352582031,159,conservative,0.1,2
f_normal.36,normal,37.80958203160885,0.04181540916046839,137,conservative,0.1,2
f_normal.37,normal,25.131418336308236,0.10415291393534062,147,conservative,0.1,2
f_normal.38,normal,39.122502686050304,0.048531331109628845,156,conservative,0.1,2
f_normal.39,normal,37.908235290501466,0.03978907497887304,164,conservative,0.1,2
f_normal.4,normal,31.480813725372453,0.03701621155040793,25,conservative,0.1,2
f_normal.40,normal,37.7796235643266,0.036065257531786646,162,conservative,0.1,2
f_normal.41,normal,25.35702474969034,0.048289875153154235,74,conservative,0.1,2
f_normal.42,normal,37.85877833107564,0.03929357945358456,166,conservative,0.1,2
f_normal.43,normal,37.888760129384615,0.04393972454202392,176,conservative,0.1,2
f_normal.44,normal,38.41677530292428,0.04263705649952339,184,conservative,0.1,2
f_normal.45,normal,38.36589503354153,0.038421430585256364,182,conservative,0.1,2
f_normal.46,normal,24.459444314613922,0.04344935937957584,64,conservative,0.1,2
f_normal.47,normal,39.41882426420812,0.038957364974908815,196,conservative,0.1,2
f_normal.48,normal,38.48917614565035,0.03367999447092449,199,conservative,0.1,2
f_normal.49,normal,37.75496674168882,0.03012115786290369,223,conservative,0.1,2
f_normal.5,normal,31.938271154636556,0.04420890883135531,28,conservative,0.1,2
f_normal.50,normal,23.582679817089094,0.09364879694762016,190,conservative,0.1,2
f_normal.51,normal,38.324562426760444,0.03270544241991474,201,conservative,0.1,2
f_normal.52,normal,36.15175861502876,0.03278056293985112,204,conservative,0.1,2
f_normal.53,normal,37.45446314667277,0.041687706163033834,206,conservative,0.1,2
f_normal.54,normal,38.34260092352018,0.037587876663116686,218,conservative,0.1,2
f_normal.55,normal,37.904474574404475,0.032302187701009094,227,conservative,0.1,2
f_normal.56,normal,38.01514989515264,0.03179270650774628,221,conservative,0.1,2
f_normal.57,normal,39.925740825424356,0.03963424035361857,133,conservative,0.1,2
f_normal.58,normal,37.434616428569115,0.03446909645672117,229,conservative,0.1,2
f_normal.59,normal,37.18731295782473,0.03498606629422289,289,conservative,0.1,2
f_normal.6,normal,30.972115490495074,0.04215677259774789,32,conservative,0.1,2
f_normal.60,normal,37.9919680796692,0.04235719488949402,213,conservative,0.1,2
f_normal.61,normal,30.902774242048686,0.10991664800837095,238,conservative,0.1,2
f_normal.62,normal,36.3562896858613,0.033610616100288836,259,conservative,0.1,2
f_normal.63,normal,29.778002182432747,0.12190234698248055,262,conservative,0.1,2
f_normal.64,normal,37.20366570054897,0.03966020863967496,262,conservative,0.1,2
f_normal.65,normal,37.61379758157572,0.039686276731804214,274,conservative,0.1,2
f_normal.66,normal,28.827976530232036,0.05368695817199798,239,conservative,0.1,2
f_normal.67,normal,37.582643572485736,0.03531434391160411,280,conservative,0.1,2
f_normal.68,normal,37.958762792618955,0.03331761502074882,292,conservative,0.1,2
f_normal.69,normal,37.260789125248984,0.03481532402502373,276,conservative,0.1,2
f_normal.70,normal,21.786269018697553,0.07272230017084373,47,conservative,0.1,2
f_normal.71,normal,30.62988328242252,0.11805499575594543,311,conservative,0.1,2
f_normal.72,normal,37.294603701162465,0.03252722317840436,294,conservative,0.1,2
f_normal.73,normal,38.5834807353745,0.04036585042119633,302,conservative,0.1,2
f_normal.74,normal,37.115453322323035,0.03495068608620314,297,conservative,0.1,2
f_normal.75,normal,31.20880565729898,0.09372367657980916,66,conservative,0.1,2
f_normal.76,normal,22.976092403077537,0.21374183409954928,286,conservative,0.1,2
f_normal.77,normal,39.48711728569771,0.038261357895518135,317,conservative,0.1,2
f_normal.78,normal,39.52154322194372,0.036256242074526365,320,conservative,0.1,2
f_normal.79,normal,40.96682243629196,0.03363993604080063,327,conservative,0.1,2
f_normal.8,normal,32.04362766101498,0.03210413452419422,35,conservative,0.1,2
f_normal.80,normal,39.35451089124173,0.03302364285892516,269,conservative,0.1,2
f_normal.81,normal,28.775077574912437,0.09761874683247443,271,conservative,0.1,2
f_normal.82,normal,40.471709363796236,0.031826535367712974,336,conservative,0.1,2
f_normal.83,normal,39.0516515728471,0.027023071284349227,329,conservative,0.1,2
f_normal.84,normal,34.632836709118166,0.058585254018162815,274,conservative,0.1,2
f_normal.85,normal,39.38127712475827,0.026447991640335344,328,conservative,0.1,2
f_normal.86,normal,39.002062965191385,0.029659592913344735,334,conservative,0.1,2
f_normal.87,normal,39.94176967503227,0.02759821526498611,332,conservative,0.1,2
f_normal.88,normal,43.83870751995952,0.03645372779965854,296,conservative,0.1,2
f_normal.89,normal,27.212714227426282,0.05160637007851532,277,conservative,0.1,2
f_normal.9,normal,32.1093149585894,0.04348066868042623,58,conservative,0.1,2
f_normal.90,normal,40.66735200310092,0.03892379315960807,336,conservative,0.1,2
f_normal.91,normal,38.642956046528504,0.027218791661287878,323,conservative,0.1,2
f_normal.92,normal,23.35762607402297,0.04985332896430312,277,conservative,0.1,2
f_normal.93,normal,39.38936857673319,0.035681099342709854,308,conservative,0.1,2
f_normal.94,normal,33.385189346250655,0.05489308024334654,220,conservative,0.1,2
f_normal.95,normal,40.780237681073736,0.03357959997071349,242,conservative,0.1,2
f_normal.96,normal,39.04701829065952,0.03001264889558463,308,conservative,0.1,2
f_normal.97,normal,22.54086288688372,0.1251412430564898,284,conservative,0.1,2
f_normal.98,normal,39.88594310687566,0.03180242768493893,348,conservative,0.1,2
f_normal.99,normal,41.06691522780656,0.029812648635935003,347,conservative,0.1,2
f_conservative.1,conservative,18.41913719395182,0.04896589084936897,20,conservative,0.2,1
f_conservative.10,conservative,16.380501629750714,0.05104105765358755,188,conservative,0.2,1
f_conservative.11,conservative,17.19349103685104,0.04241192887784191,208,conservative,0.2,1
f_conservative.12,conservative,15.625881789948666,0.06615811918826357,219,conservative,0.2,1
f_conservative.13,conservative,16.584698948728136,0.06389257491097665,86,conservative,0.2,1
f_conservative.14,conservative,16.83217061779702,0.03141847247692,242,conservative,0.2,1
f_conservative.15,conservative,17.213365140664475,0.10983661704882833,117,conservative,0.2,1
f_conservative.16,conservative,20.17810701226905,0.04160818947971579,309,conservative,0.2,1
f_conservative.17,conservative,18.63280777108993,0.09498377479215757,262,conservative,0.2,1
f_conservative.18,conservative,19.94039126860894,0.08950537626918786,309,conservative,0.2,1
f_conservative.19,conservative,20.442578470166815,0.038826036943198916,322,conservative,0.2,1
f_conservative.2,conservative,18.259523578495937,0.0678612787744389,40,conservative,0.2,1
f_conservative.20,conservative,17.037242320801756,0.06331726493427263,266,conservative,0.2,1
f_conservative.21,conservative,17.23485224935585,0.12874539420899342,319,conservative,0.2,1
f_conservative.22,conservative,19.202334924402553,0.03564312883700372,308,conservative,0.2,1
f_conservative.23,conservative,20.388923457386042,0.04080271007131179,328,conservative,0.2,1
f_conservative.24,conservative,20.457526804049902,0.03954168563566676,335,conservative,0.2,1
f_conservative.25,conservative,17.366729046025576,0.07970751037036929,176,conservative,0.2,1
f_conservative.26,conservative,21.695703378916363,0.03370099305532164,339,conservative,0.2,1
f_conservative.27,conservative,22.3428668537678,0.047096405175995074,359,conservative,0.2,1
f_conservative.28,conservative,16.711903303512084,0.09629716148304093,54,conservative,0.2,1
f_conservative.29,conservative,16.578011187911457,0.1099526903214938,64,conservative,0.2,1
f_conservative.3,conservative,19.390620797362793,0.05503922423243335,53,conservative,0.2,1
f_conservative.30,conservative,16.176309234723483,0.24306814129533885,287,conservative,0.2,1
f_conservative.31,conservative,28.178748285171853,0.08185188077692208,420,conservative,0.2,1
f_conservative.32,conservative,15.826996504547216,0.2504806524702072,302,conservative,0.2,1
f_conservative.33,conservative,16.715682134934926,0.09776708050201505,294,conservative,0.2,1
f_conservative.34,conservative,19.279625106340784,0.08952000438707948,220,conservative,0.2,1
f_conservative.35,conservative,18.179818309370823,0.11148818634251363,283,conservative,0.2,1
f_conservative.36,conservative,16.04379484175338,0.24082644495088296,310,conservative,0.2,1
f_conservative.37,conservative,38.71348008472027,0.030384001350820457,389,conservative,0.2,1
f_conservative.38,conservative,37.555813206011955,0.06111780042351955,397,conservative,0.2,1
f_conservative.39,conservative,15.103325883584553,0.29925899894260954,154,conservative,0.2,1
f_conservative.4,conservative,17.315541467504442,0.069439301859651,80,conservative,0.2,1
f_conservative.40,conservative,35.16544286780425,0.0732786832565186,364,conservative,0.2,1
f_conservative.41,conservative,14.760902593195615,0.24044963569439393,295,conservative,0.2,1
f_conservative.42,conservative,33.848897208535085,0.028180013800954543,300,conservative,0.2,1
f_conservative.43,conservative,17.13395152991372,0.09220323439860889,302,conservative,0.2,1
f_conservative.44,conservative,18.264042338578356,0.09880882326253014,288,conservative,0.2,1
f_conservative.45,conservative,30.4796317858198,0.0372291558792143,236,conservative,0.2,1
f_conservative.46,conservative,16.93026570921402,0.2811718304950568,206,conservative,0.2,1
f_conservative.47,conservative,31.68662964888708,0.04848189006887035,269,conservative,0.2,1
f_conservative.48,conservative,26.998042573857752,0.09387078408070336,228,conservative,0.2,1
f_conservative.49,conservative,26.672999393221428,0.01837857485640269,214,conservative,0.2,1
f_conservative.5,conservative,17.25244903163746,0.047298233234780676,87,conservative,0.2,1
f_conservative.50,conservative,25.461623100710415,0.050847608508533655,204,conservative,0.2,1
f_conservative.51,conservative,16.42512792901162,0.046415130338421366,115,conservative,0.2,1
f_conservative.52,conservative,17.76320964696977,0.07879255188668498,84,conservative,0.2,1
f_conservative.53,conservative,19.019803160508705,0.17737862859845946,134,conservative,0.2,1
f_conservative.54,conservative,22.050972395219194,0.06648855445875931,148,conservative,0.2,1
f_conservative.55,conservative,18.34819645556451,0.15698413419582785,131,conservative,0.2,1
f_conservative.56,conservative,18.824591598152196,0.08760213140603883,91,conservative,0.2,1
f_conservative.57,conservative,19.649222740143617,0.11005929045966456,100,conservative,0.2,1
f_conservative.58,conservative,18.483688712039896,0.10489344483650578,68,conservative,0.2,1
f_conservative.59,conservative,17.922414896939046,0.15884998720442572,50,conservative,0.2,1
f_conservative.6,conservative,16.863688799449683,0.06716872482515013,86,conservative,0.2,1
f_conservative.61,conservative,14.070626018319878,0.1967713077124153,25,conservative,0.2,1
f_conservative.7,conservative,17.394934318273332,0.05026920950999763,129,conservative,0.2,1
f_conservative.8,conservative,21.219727296702686,0.06786999886558683,143,conservative,0.2,1
f_conservative.9,conservative,13.996821761331542,0.2197967344420625,176,conservative,0.2,1
f_normal.10,normal,30.603312369358882,0.04474452365233912,41,conservative,0.2,1
f_normal.100,normal,24.11875028351894,0.04736667640616458,281,conservative,0.2,1
f_normal.101,normal,48.87844968875562,0.03336538221535171,434,conservative,0.2,1
f_normal.102,normal,40.83111663112431,0.028658520274551368,342,conservative,0.2,1
f_normal.103,normal,31.186829798376756,0.05501229187335193,105,conservative,0.2,1
f_normal.104,normal,21.3122701563846,0.13474900524347613,281,conservative,0.2,1
f_normal.105,normal,40.21455692804369,0.0344231828566008,328,conservative,0.2,1
f_normal.106,normal,22.03664483842848,0.22860817804119027,264,conservative,0.2,1
f_normal.107,normal,39.7574319548319,0.030956330569093332,345,conservative,0.2,1
f_normal.108,normal,40.957519495348606,0.03515359323252938,301,conservative,0.2,1
f_normal.109,normal,41.598302599828926,0.0373430069771262,372,conservative,0.2,1
f_normal.11,normal,31.767569225806625,0.040240759343653586,58,conservative,0.2,1
f_normal.110,normal,40.937317027719814,0.038839223117497046,347,conservative,0.2,1
f_normal.111,normal,39.781039582679846,0.031126838864568317,347,conservative,0.2,1
f_normal.112,normal,42.096471043671556,0.0365261107553854,366,conservative,0.2,1
f_normal.113,normal,47.95226266540836,0.040935092431813966,304,conservative,0.2,1
f_normal.114,normal,43.92458824756292,0.03652496383071311,327,conservative,0.2,1
f_normal.115,normal,43.9110710179463,0.03495209742727599,387,conservative,0.2,1
f_normal.116,normal,42.918895419155405,0.03726919704222489,373,conservative,0.2,1
f_normal.117,normal,42.76020548426631,0.03376763313977581,375,conservative,0.2,1
f_normal.118,normal,45.4166364467642,0.0396532806089348,378,conservative,0.2,1
f_normal.119,normal,46.47095360304923,0.03600093815261649,408,conservative,0.2,1
f_normal.12,normal,31.307413305104937,0.047859610443000265,46,conservative,0.2,1
f_normal.120,normal,47.11665499681208,0.0359271085130952,415,conservative,0.2,1
f_normal.121,normal,45.827515998254405,0.03326089540938517,425,conservative,0.2,1
f_normal.122,normal,32.16139978197718,0.07749816548029226,91,conservative,0.2,1
f_normal.123,normal,47.77765037225778,0.029589533254746038,440,conservative,0.2,1
f_normal.124,normal,46.09758243931991,0.03691510800467961,389,conservative,0.2,1
f_normal.125,normal,31.372646955165838,0.06358673172558817,287,conservative,0.2,1
f_normal.126,normal,35.03882201987943,0.07985100684811473,242,conservative,0.2,1
f_normal.127,normal,51.03422772800712,0.032129639136727006,465,conservative,0.2,1
f_normal.128,normal,47.47103836523903,0.03171002531122422,441,conservative,0.2,1
f_normal.129,normal,47.80215094849026,0.03023979303195726,444,conservative,0.2,1
f_normal.13,normal,31.238247452033217,0.04448774220869339,56,conservative,0.2,1
f_normal.130,normal,27.63334092137606,0.06749649270602565,301,conservative,0.2,1
f_normal.131,normal,48.27965515677856,0.032059042887609225,435,conservative,0.2,1
f_normal.132,normal,49.08782243321843,0.032001067476670884,454,conservative,0.2,1
f_normal.133,normal,48.78584040018679,0.040455940299280714,431,conservative,0.2,1
f_normal.134,normal,47.76221862812747,0.027816655942519326,462,conservative,0.2,1
f_normal.135,normal,32.75511986172248,0.0668230064930791,289,conservative,0.2,1
f_normal.136,normal,49.33797783808774,0.028754269208476763,456,conservative,0.2,1
f_normal.137,normal,53.04214640435713,0.024207676448955787,438,conservative,0.2,1
f_normal.138,normal,50.09392799068127,0.029846646030588467,426,conservative,0.2,1
f_normal.139,normal,50.769199568914715,0.03176525674113727,440,conservative,0.2,1
f_normal.14,normal,32.95110173769457,0.040437720768738694,67,conservative,0.2,1
f_normal.140,normal,53.28794098392704,0.027463367484942772,442,conservative,0.2,1
f_normal.141,normal,53.458946628508905,0.017069480052843946,428,conservative,0.2,1
f_normal.142,normal,53.41160182393711,0.02276126211623354,433,conservative,0.2,1
f_normal.143,normal,32.921683843696854,0.0951741957884429,90,conservative,0.2,1
f_normal.144,normal,53.7406504874203,0.020312016424993803,431,conservative,0.2,1
f_normal.145,normal,53.3022516166337,0.019842112755684836,413,conservative,0.2,1
f_normal.146,normal,52.593440980546404,0.01807775768307525,423,conservative,0.2,1
f_normal.147,normal,23.644931638881246,0.15149595931582224,313,conservative,0.2,1
f_normal.148,normal,52.717843023958224,0.0204065472979649,418,conservative,0.2,1
f_normal.149,normal,53.332322741177116,0.01926506424652391,348,conservative,0.2,1
f_normal.15,normal,32.16016127349133,0.04524238685715164,61,conservative,0.2,1
f_normal.150,normal,35.77721085573435,0.07384950590321797,88,conservative,0.2,1
f_normal.151,normal,52.64959748576786,0.023904638224967124,306,conservative,0.2,1
f_normal.152,normal,22.424149083276987,0.0663307238592609,52,conservative,0.2,1
f_normal.153,normal,51.172563969400436,0.019227436435505858,376,conservative,0.2,1
f_normal.154,normal,51.24317929551458,0.020053298171957928,378,conservative,0.2,1
f_normal.155,normal,51.692597186520345,0.01848722121661394,376,conservative,0.2,1
f_normal.156,normal,51.75969001827616,0.019203665014305062,378,conservative,0.2,1
f_normal.157,normal,51.3977623052418,0.023119704158791835,261,conservative,0.2,1
f_normal.158,normal,51.07643655077331,0.022538545581298388,359,conservative,0.2,1
f_normal.159,normal,35.26829232281402,0.06995314173394412,84,conservative,0.2,1
f_normal.16,normal,33.10563955736233,0.051180272204812714,68,conservative,0.2,1
f_normal.160,normal,51.60933622083508,0.022729091754175677,372,conservative,0.2,1
f_normal.161,normal,30.78909231914398,0.06443441036941222,322,conservative,0.2,1
f_normal.162,normal,50.03350920459461,0.022234080295115168,353,conservative,0.2,1
f_normal.163,normal,49.28447600497927,0.020588933217806835,347,conservative,0.2,1
f_normal.164,normal,49.06447829304526,0.023169927879407325,356,conservative,0.2,1
f_normal.165,normal,48.92680582478614,0.020984285096510423,341,conservative,0.2,1
f_normal.166,normal,48.27566422116447,0.021719597308389627,297,conservative,0.2,1
f_normal.167,normal,49.28231044478958,0.021789073925391367,338,conservative,0.2,1
f_normal.168,normal,49.207216840321166,0.02081972004077647,323,conservative,0.2,1
f_normal.169,normal,48.642544374381494,0.022960205899542736,328,conservative,0.2,1
f_normal.17,normal,34.62292769896419,0.05646839669057168,99,conservative,0.2,1
f_normal.170,normal,49.1079038163123,0.01931861348020487,334,conservative,0.2,1
f_normal.171,normal,48.679872176504844,0.024690673872479894,320,conservative,0.2,1
f_normal.172,normal,37.666628086254946,0.052308340820887464,265,conservative,0.2,1
f_normal.173,normal,48.010461006089585,0.021582065515619107,291,conservative,0.2,1
f_normal.174,normal,45.65873550996954,0.02016728733713151,269,conservative,0.2,1
f_normal.175,normal,48.069750015705566,0.018036509560486646,303,conservative,0.2,1
f_normal.176,normal,49.1152955342804,0.021548605543215863,324,conservative,0.2,1
f_normal.177,normal,21.93700888993196,0.10035439972141307,236,conservative,0.2,1
f_normal.178,normal,37.0483803050579,0.15808996107570267,52,conservative,0.2,1
f_normal.179,normal,47.892738123100806,0.01734831575236014,265,conservative,0.2,1
f_normal.18,normal,32.375037319728364,0.04269697442492475,64,conservative,0.2,1
f_normal.180,normal,46.12443267059115,0.022281495826092727,295,conservative,0.2,1
f_normal.181,normal,49.02506180546489,0.021317416864872228,232,conservative,0.2,1
f_normal.182,normal,46.830803503475806,0.017135594240629187,282,conservative,0.2,1
f_normal.183,normal,48.2377951368871,0.026203317762558936,275,conservative,0.2,1
f_normal.184,normal,45.846982491732405,0.025181115896004597,244,conservative,0.2,1
f_normal.185,normal,24.7579539039575,0.08886766195962864,167,conservative,0.2,1
f_normal.186,normal,46.0049995517961,0.017496318158169828,228,conservative,0.2,1
f_normal.187,normal,41.510850804061164,0.036873342045891724,258,conservative,0.2,1
f_normal.188,normal,44.882621726834316,0.019273269233661502,248,conservative,0.2,1
f_normal.189,normal,45.12385947813335,0.019764943890504708,244,conservative,0.2,1
f_normal.19,normal,32.49392839114074,0.03967911499493081,89,conservative,0.2,1
f_normal.190,normal,27.355184565556037,0.0666584238243671,170,conservative,0.2,1
f_normal.192,normal,44.748078958872256,0.021480937749239173,243,conservative,0.2,1
f_normal.193,normal,43.411061917760684,0.025863522412019523,132,conservative,0.2,1
f_normal.194,normal,40.799030909315405,0.018317464498252636,170,conservative,0.2,1
f_normal.195,normal,34.25897588698887,0.04163262486514553,114,conservative,0.2,1
f_normal.197,normal,20.828259022432274,0.10458861720426958,165,conservative,0.2,1
f_normal.198,normal,42.64706427609722,0.017289360072971157,226,conservative,0.2,1
f_normal.199,normal,39.572888905253215,0.019889183501425958,201,conservative,0.2,1
f_normal.20,normal,32.51846536985744,0.040804672555070844,70,conservative,0.2,1
f_normal.200,normal,17.604518274036927,0.21770747304390042,199,conservative,0.2,1
f_normal.201,normal,40.17568299577078,0.019739532996522847,183,conservative,0.2,1
f_normal.202,normal,40.1139156508494,0.021965264230938534,197,conservative,0.2,1
f_normal.203,normal,31.296231111400214,0.02940134313271397,68,conservative,0.2,1
f_normal.204,normal,40.13708767190452,0.024916166126363815,192,conservative,0.2,1
f_normal.205,normal,39.629100743633614,0.020655661418349583,157,conservative,0.2,1
f_normal.206,normal,36.99993844720049,0.023522708234021427,181,conservative,0.2,1
f_normal.207,normal,39.88411546842989,0.020787945358271265,162,conservative,0.2,1
f_normal.208,normal,39.0672525321676,0.025213062496375463,177,conservative,0.2,1
f_normal.209,normal,31.738574455541123,0.054474432112939654,62,conservative,0.2,1
f_normal.21,normal,33.14457939349091,0.04746400894853733,93,conservative,0.2,1
f_normal.210,normal,39.495679092590834,0.020382641268456795,167,conservative,0.2,1
f_normal.211,normal,39.905278241267226,0.028807277020842202,158,conservative,0.2,1
f_normal.212,normal,39.81400705849437,0.02264794413499792,160,conservative,0.2,1
f_normal.213,normal,29.301256537197986,0.0743855991339341,90,conservative,0.2,1
f_normal.214,normal,41.53058092073351,0.027225535392571387,157,conservative,0.2,1
f_normal.215,normal,19.913983642127825,0.08282603073698781,127,conservative,0.2,1
f_normal.216,normal,37.58674360411639,0.02927558542193468,90,conservative,0.2,1
f_normal.218,normal,21.238341670222628,0.17234756659145015,85,conservative,0.2,1
f_normal.219,normal,34.36149366667332,0.02237457009250164,142,conservative,0.2,1
f_normal.22,normal,29.826707848248784,0.1256005614050647,132,conservative,0.2,1
f_normal.220,normal,34.82167435354153,0.044933797138903546,41,conservative,0.2,1
f_normal.221,normal,33.97784207152006,0.027199479237710253,123,conservative,0.2,1
f_normal.222,normal,31.937868449843403,0.03049665355144909,116,conservative,0.2,1
f_normal.223,normal,32.34136260432463,0.029519177446171704,114,conservative,0.2,1
f_normal.225,normal,30.52170863679796,0.030256657228420376,109,conservative,0.2,1
f_normal.226,normal,32.0197143880739,0.026886417617048148,109,conservative,0.2,1
f_normal.227,normal,31.330631393687284,0.03831970978344525,41,conservative,0.2,1
f_normal.228,normal,28.891476191860377,0.03331625731837701,94,conservative,0.2,1
f_normal.23,normal,36.30249009966139,0.04136392480870366,121,conservative,0.2,1
f_normal.230,normal,30.69888299661154,0.030489974215444745,86,conservative,0.2,1
f_normal.232,normal,28.89485076723988,0.03484432778260082,27,conservative,0.2,1
f_normal.233,normal,25.65082068015924,0.10680702117938078,58,conservative,0.2,1
f_normal.234,normal,26.475400648699864,0.024170175603859315,48,conservative,0.2,1
f_normal.235,normal,29.819596611867713,0.01875433522275607,57,conservative,0.2,1
f_normal.236,normal,28.692635601195057,0.012402425581687356,34,conservative,0.2,1
f_normal.237,normal,26.69632352057395,0.01857986091242563,69,conservative,0.2,1
f_normal.238,normal,30.02811294178629,0.02249871830240258,59,conservative,0.2,1
f_normal.239,normal,31.705746462623335,0.054077727453958786,47,conservative,0.2,1
f_normal.24,normal,35.17809251136734,0.051696078837760874,96,conservative,0.2,1
f_normal.241,normal,32.759919066148036,0.0224807521555316,20,conservative,0.2,1
f_normal.242,normal,22.453233899900695,0.05963766737998391,48,conservative,0.2,1
f_normal.246,normal,28.639391853130274,0.025546132492000797,22,conservative,0.2,1
f_normal.247,normal,26.466459106389173,0.01876158667900055,28,conservative,0.2,1
f_normal.25,normal,32.314193784275176,0.07986393804368518,103,conservative,0.2,1
f_normal.26,normal,36.021271325479155,0.05249249338386875,105,conservative,0.2,1
f_normal.27,normal,35.36727424793223,0.05512443540437075,109,conservative,0.2,1
f_normal.28,normal,33.441072001985,0.05231218295848725,109,conservative,0.2,1
f_normal.29,normal,38.60239954361658,0.054959541055680246,119,conservative,0.2,1
f_normal.30,normal,37.82701832803399,0.0496463835336136,149,conservative,0.2,1
f_normal.31,normal,27.743624240628844,0.07507292919344866,135,conservative,0.2,1
f_normal.32,normal,24.711589211014687,0.05124466992402953,72,conservative,0.2,1
f_normal.33,normal,31.924719369219623,0.038653499379911305,178,conservative,0.2,1
f_normal.34,normal,31.465936145840047,0.07353922686383407,134,conservative,0.2,1
f_normal.35,normal,37.435407331046704,0.040146297288633274,152,conservative,0.2,1
f_normal.36,normal,25.119258989022086,0.1221779146548107,180,conservative,0.2,1
f_normal.38,normal,24.10778775325002,0.0641047610449818,190,conservative,0.2,1
f_normal.39,normal,28.32059669295775,0.06515675259880434,198,conservative,0.2,1
f_normal.4,normal,30.510712031570176,0.042962467639195014,23,conservative,0.2,1
f_normal.40,normal,24.442564872283654,0.05967626358005302,210,conservative,0.2,1
f_normal.41,normal,34.076214796106356,0.04363278760832341,194,conservative,0.2,1
f_normal.42,normal,35.30946261079003,0.03633414121500583,224,conservative,0.2,1
f_normal.43,normal,26.29342613487799,0.04015551392574491,201,conservative,0.2,1
f_normal.44,normal,33.96371459378092,0.03680118978703998,196,conservative,0.2,1
f_normal.45,normal,35.1690875377751,0.041646827836835355,212,conservative,0.2,1
f_normal.46,normal,34.87294454065855,0.03490930402606911,248,conservative,0.2,1
f_normal.47,normal,34.99185865817868,0.03894482879689183,221,conservative,0.2,1
f_normal.48,normal,34.98492310080262,0.03821171091736633,251,conservative,0.2,1
f_normal.49,normal,35.031220985232316,0.03665824435862926,225,conservative,0.2,1
f_normal.5,normal,30.909675274312008,0.0463972805413675,26,conservative,0.2,1
f_normal.50,normal,35.45205804475712,0.03094325521172624,233,conservative,0.2,1
f_normal.51,normal,34.8042265474497,0.031431220295927015,244,conservative,0.2,1
f_normal.52,normal,32.091880934138,0.06571468363461494,253,conservative,0.2,1
f_normal.53,normal,27.289054858172385,0.17848492969222227,258,conservative,0.2,1
f_normal.54,normal,37.23979427596667,0.039469012054643406,264,conservative,0.2,1
f_normal.55,normal,30.80113595963485,0.06541551682455556,233,conservative,0.2,1
f_normal.56,normal,36.651618961652964,0.038436481254038424,264,conservative,0.2,1
f_normal.57,normal,37.0132309511959,0.032890826195406286,278,conservative,0.2,1
f_normal.58,normal,36.749388197299915,0.02919255955656474,280,conservative,0.2,1
f_normal.59,normal,22.50040234187545,0.059994924060636085,261,conservative,0.2,1
f_normal.6,normal,32.5645003271999,0.04725412552731307,29,conservative,0.2,1
f_normal.60,normal,38.230350563574255,0.031862094659764674,301,conservative,0.2,1
f_normal.61,normal,36.58740661610422,0.034622913629038736,286,conservative,0.2,1
f_normal.62,normal,37.626056058274145,0.029406447165486092,301,conservative,0.2,1
f_normal.63,normal,37.46716645604223,0.036396375519603015,313,conservative,0.2,1
f_normal.64,normal,35.28665176302519,0.032439679405829334,287,conservative,0.2,1
f_normal.65,normal,23.37811201907863,0.16063354797613663,209,conservative,0.2,1
f_normal.66,normal,37.92392961365921,0.02927629272670863,308,conservative,0.2,1
f_normal.67,normal,37.7447978505204,0.030474126151559717,313,conservative,0.2,1
f_normal.68,normal,37.35328826465323,0.031212971925163528,302,conservative,0.2,1
f_normal.69,normal,23.479853180101063,0.06048830238742583,53,conservative,0.2,1
f_normal.7,normal,32.385968415160455,0.04756177112143868,32,conservative,0.2,1
f_normal.70,normal,38.0459017360916,0.03064852905623248,308,conservative,0.2,1
f_normal.71,normal,20.93181616947776,0.22915446788514607,279,conservative,0.2,1
f_normal.72,normal,33.97100159511089,0.07083944020808262,55,conservative,0.2,1
f_normal.73,normal,38.35829438647257,0.03464111031038848,318,conservative,0.2,1
f_normal.74,normal,38.215241334238925,0.04512881542734607,216,conservative,0.2,1
f_normal.75,normal,37.879925257062766,0.027621896301889826,305,conservative,0.2,1
f_normal.76,normal,38.48723938581481,0.02996719848505172,319,conservative,0.2,1
f_normal.77,normal,38.19518676233183,0.03132428212146608,319,conservative,0.2,1
f_normal.78,normal,37.61328343772959,0.027593074809662724,316,conservative,0.2,1
f_normal.79,normal,39.17234848486872,0.03206478209843546,319,conservative,0.2,1
f_normal.8,normal,32.367538686701856,0.04762332869661463,35,conservative,0.2,1
f_normal.80,normal,21.806375529447823,0.21547385026084076,280,conservative,0.2,1
f_normal.81,normal,33.50352941621616,0.11762058956640195,60,conservative,0.2,1
f_normal.82,normal,28.182358480964137,0.04573639037916441,162,conservative,0.2,1
f_normal.83,normal,37.29997556752477,0.03265264191068222,314,conservative,0.2,1
f_normal.84,normal,39.228471030537655,0.03648540559414753,320,conservative,0.2,1
f_normal.85,normal,38.12186173144015,0.04183505024870546,156,conservative,0.2,1
f_normal.86,normal,21.97406718698789,0.0966104158699463,75,conservative,0.2,1
f_normal.87,normal,22.761978160189717,0.237346664429031,195,conservative,0.2,1
f_normal.88,normal,36.67456187404832,0.028801104334922265,316,conservative,0.2,1
f_normal.89,normal,35.979751083794454,0.03465607861144246,315,conservative,0.2,1
f_normal.9,normal,31.208164525225552,0.050620543191982316,45,conservative,0.2,1
f_normal.90,normal,38.45708869084503,0.02675982656884133,334,conservative,0.2,1
f_normal.91,normal,37.127255982588956,0.032747409736937225,296,conservative,0.2,1
f_normal.92,normal,40.97189871656,0.0353162696558888,330,conservative,0.2,1
f_normal.93,normal,39.948429019614366,0.032648996768333674,330,conservative,0.2,1
f_normal.94,normal,39.311547235324426,0.03302705868400428,333,conservative,0.2,1
f_normal.95,normal,40.017883401282724,0.030317641576309565,342,conservative,0.2,1
f_normal.96,normal,40.25009826035184,0.03255158505949971,343,conservative,0.2,1
f_normal.97,normal,38.88745670586718,0.031990512016081336,337,conservative,0.2,1
f_normal.98,normal,27.10371765359056,0.07017110095715219,281,conservative,0.2,1
f_normal.99,normal,25.150112137827044,0.11459694817548649,288,conservative,0.2,1
f_conservative.1,conservative,18.90688878975748,0.05505336886823562,32,conservative,0.2,2
f_conservative.10,conservative,18.679355490569037,0.037511733418608514,191,conservative,0.2,2
f_conservative.11,conservative,13.763010622376026,0.16401687157959555,229,conservative,0.2,2
f_conservative.12,conservative,17.94661620074294,0.07741869376057732,211,conservative,0.2,2
f_conservative.13,conservative,17.40436815853873,0.07638975985537712,255,conservative,0.2,2
f_conservative.14,conservative,15.496954903325967,0.059350504641105806,263,conservative,0.2,2
f_conservative.15,conservative,16.034823069121153,0.07228025615880604,235,conservative,0.2,2
f_conservative.16,conservative,15.325867505761568,0.09402034472893703,279,conservative,0.2,2
f_conservative.17,conservative,16.42019496296693,0.13733616587025688,296,conservative,0.2,2
f_conservative.18,conservative,16.162258067433825,0.1029712852752813,182,conservative,0.2,2
f_conservative.19,conservative,22.78451286593869,0.05187772071708899,350,conservative,0.2,2
f_conservative.2,conservative,17.09945719444369,0.1570747408833639,52,conservative,0.2,2
f_conservative.20,conservative,23.347804575231432,0.04860179181906793,351,conservative,0.2,2
f_conservative.21,conservative,15.089020417024011,0.24175292904277207,294,conservative,0.2,2
f_conservative.22,conservative,23.16314730948942,0.0399507020089519,275,conservative,0.2,2
f_conservative.23,conservative,22.844928231695953,0.08218128531006791,370,conservative,0.2,2
f_conservative.24,conservative,23.334401463120003,0.10422331515048092,377,conservative,0.2,2
f_conservative.25,conservative,24.455503270482435,0.0515550334566136,383,conservative,0.2,2
f_conservative.26,conservative,25.95317995636386,0.0396251411888151,406,conservative,0.2,2
f_conservative.27,conservative,29.547739298086825,0.054974881764384385,442,conservative,0.2,2
f_conservative.28,conservative,16.471728600855148,0.2128574011517217,66,conservative,0.2,2
f_conservative.29,conservative,33.29088738281577,0.04679649882008952,482,conservative,0.2,2
f_conservative.3,conservative,17.477728182712443,0.052406833501733203,70,conservative,0.2,2
f_conservative.30,conservative,14.915285847641112,0.2586854066968301,266,conservative,0.2,2
f_conservative.31,conservative,16.86661982508022,0.07794657385120987,287,conservative,0.2,2
f_conservative.32,conservative,18.014453903342574,0.07229958119220313,223,conservative,0.2,2
f_conservative.33,conservative,18.32278875174229,0.12551846243661766,237,conservative,0.2,2
f_conservative.34,conservative,39.561592570597234,0.04449226018083793,468,conservative,0.2,2
f_conservative.35,conservative,41.02581774379985,0.020597028343370734,446,conservative,0.2,2
f_conservative.36,conservative,14.926119638784327,0.25990910418135166,331,conservative,0.2,2
f_conservative.37,conservative,40.43862577432679,0.016814442834855958,432,conservative,0.2,2
f_conservative.38,conservative,40.229738513974574,0.014697642270304566,301,conservative,0.2,2
f_conservative.39,conservative,39.053140886664075,0.058359426039064174,400,conservative,0.2,2
f_conservative.4,conservative,16.462766389997824,0.05484412320704717,82,conservative,0.2,2
f_conservative.40,conservative,14.911068552131589,0.2436257275597348,306,conservative,0.2,2
f_conservative.41,conservative,38.95834299582682,0.018724932655369467,370,conservative,0.2,2
f_conservative.42,conservative,17.055339470191843,0.09582151668473855,330,conservative,0.2,2
f_conservative.43,conservative,37.92959220631506,0.019826866186864512,325,conservative,0.2,2
f_conservative.44,conservative,34.16394818858642,0.017040418569893506,234,conservative,0.2,2
f_conservative.45,conservative,34.89875020790496,0.053135609160618456,305,conservative,0.2,2
f_conservative.46,conservative,32.98397475790522,0.018549799387412896,297,conservative,0.2,2
f_conservative.47,conservative,15.439792688940308,0.17324768352710732,261,conservative,0.2,2
f_conservative.48,conservative,13.789397978295215,0.2884400558479629,240,conservative,0.2,2
f_conservative.49,conservative,30.66740398954915,0.0440955467417316,256,conservative,0.2,2
f_conservative.5,conservative,16.535560757796965,0.05809547915673787,103,conservative,0.2,2
f_conservative.50,conservative,15.73597029530366,0.056749874422329406,228,conservative,0.2,2
f_conservative.52,conservative,14.59421556696585,0.2670239618450515,210,conservative,0.2,2
f_conservative.53,conservative,15.776161783496997,0.04322361026327975,203,conservative,0.2,2
f_conservative.54,conservative,14.911059056532341,0.27163823412984406,140,conservative,0.2,2
f_conservative.55,conservative,16.73396793107875,0.04380211171931894,67,conservative,0.2,2
f_conservative.56,conservative,17.209390846432385,0.22584310376526803,151,conservative,0.2,2
f_conservative.57,conservative,23.456566952234198,0.06110922127980447,150,conservative,0.2,2
f_conservative.58,conservative,18.511281418113878,0.04709115216200029,122,conservative,0.2,2
f_conservative.59,conservative,18.591702806550146,0.04292508376022455,45,conservative,0.2,2
f_conservative.6,conservative,15.921906356020473,0.09537181864214515,114,conservative,0.2,2
f_conservative.60,conservative,18.47993838316821,0.07557896861701549,71,conservative,0.2,2
f_conservative.62,conservative,18.56844744365704,0.1502032894250232,72,conservative,0.2,2
f_conservative.63,conservative,20.13688261330039,0.12633624525794193,31,conservative,0.2,2
f_conservative.7,conservative,17.410107925644585,0.09839751599822846,132,conservative,0.2,2
f_conservative.8,conservative,16.80731066078936,0.20762565544355058,160,conservative,0.2,2
f_conservative.9,conservative,18.109769018159778,0.033865232837983414,183,conservative,0.2,2
f_normal.10,normal,31.615266758913396,0.03998395542371225,58,conservative,0.2,2
f_normal.100,normal,44.59864816578721,0.04055882608218626,402,conservative,0.2,2
f_normal.101,normal,21.89212947479642,0.21704882592390215,133,conservative,0.2,2
f_normal.102,normal,34.0264824443191,0.08598210683900082,59,conservative,0.2,2
f_normal.103,normal,48.7190949655256,0.0297252793376481,466,conservative,0.2,2
f_normal.104,normal,42.98361901602234,0.03399507227404659,395,conservative,0.2,2
f_normal.105,normal,45.76565442330132,0.03412866259213164,423,conservative,0.2,2
f_normal.106,normal,20.921716666419748,0.16174139093479928,29,conservative,0.2,2
f_normal.107,normal,46.08475507043249,0.029322096737718,433,conservative,0.2,2
f_normal.108,normal,47.971965009611885,0.03819736784983043,414,conservative,0.2,2
f_normal.109,normal,48.111187873332455,0.03131163324448663,457,conservative,0.2,2
f_normal.11,normal,36.04018079366531,0.059364008368086266,107,conservative,0.2,2
f_normal.110,normal,21.622278898954622,0.22791262649478744,295,conservative,0.2,2
f_normal.111,normal,49.0400955634417,0.030009982614353815,466,conservative,0.2,2
f_normal.112,normal,49.64393685159142,0.028178208328833235,464,conservative,0.2,2
f_normal.113,normal,49.499834453023794,0.032160481518077336,473,conservative,0.2,2
f_normal.114,normal,33.133050990707616,0.05689624927392553,295,conservative,0.2,2
f_normal.115,normal,49.10608612741293,0.03516631372114843,461,conservative,0.2,2
f_normal.116,normal,50.65797476965767,0.028479988024940714,481,conservative,0.2,2
f_normal.117,normal,35.42509680008128,0.10387026014810653,108,conservative,0.2,2
f_normal.118,normal,50.20833131608615,0.029046336246847788,478,conservative,0.2,2
f_normal.119,normal,49.77978364513135,0.02980141932748854,474,conservative,0.2,2
f_normal.12,normal,31.309783446908433,0.046379986784064686,62,conservative,0.2,2
f_normal.120,normal,34.486523194893024,0.14521920569124183,39,conservative,0.2,2
f_normal.121,normal,51.081423662380125,0.02750173001421087,481,conservative,0.2,2
f_normal.122,normal,50.99711477097778,0.027137737628251266,440,conservative,0.2,2
f_normal.123,normal,52.4767470588711,0.026740361499164016,491,conservative,0.2,2
f_normal.124,normal,51.57914495710031,0.026639512646643403,478,conservative,0.2,2
f_normal.125,normal,51.564759436878404,0.02433043622304829,491,conservative,0.2,2
f_normal.126,normal,51.741365834229576,0.025620757442814977,497,conservative,0.2,2
f_normal.127,normal,51.58821984375444,0.026977454665242127,493,conservative,0.2,2
f_normal.128,normal,26.61544719013402,0.06070373986425177,284,conservative,0.2,2
f_normal.129,normal,53.407293913438465,0.024694506606399005,483,conservative,0.2,2
f_normal.13,normal,31.34162758973853,0.04065309103688529,60,conservative,0.2,2
f_normal.130,normal,53.67916734565368,0.02688919749611218,480,conservative,0.2,2
f_normal.131,normal,53.139054182555185,0.026486752287287384,480,conservative,0.2,2
f_normal.132,normal,26.518110653873283,0.09331458528971508,317,conservative,0.2,2
f_normal.133,normal,52.61822353679904,0.03322835235429016,415,conservative,0.2,2
f_normal.134,normal,53.41033102231098,0.02885540216441473,478,conservative,0.2,2
f_normal.135,normal,53.88700168222373,0.020684683415902697,468,conservative,0.2,2
f_normal.136,normal,25.83787577824493,0.05389802137901194,314,conservative,0.2,2
f_normal.137,normal,54.44015678553982,0.02057404582291086,459,conservative,0.2,2
f_normal.138,normal,54.06560580949621,0.021108931939695284,457,conservative,0.2,2
f_normal.139,normal,37.00365037350161,0.057370308820279305,292,conservative,0.2,2
f_normal.14,normal,31.419714503991386,0.03913795062162375,85,conservative,0.2,2
f_normal.140,normal,33.30681956662562,0.08308390034622462,92,conservative,0.2,2
f_normal.141,normal,54.0086474089928,0.026728077740071896,436,conservative,0.2,2
f_normal.142,normal,54.26943872981553,0.022981632702391012,455,conservative,0.2,2
f_normal.143,normal,54.628486950163264,0.01988409222181219,451,conservative,0.2,2
f_normal.144,normal,55.63278846093165,0.020795120381314647,417,conservative,0.2,2
f_normal.145,normal,31.40903969853561,0.06754737319252084,272,conservative,0.2,2
f_normal.146,normal,54.400516510486135,0.018225381304599202,349,conservative,0.2,2
f_normal.147,normal,54.183105338638335,0.019157846318393287,430,conservative,0.2,2
f_normal.148,normal,53.14733043191561,0.0188756646599838,419,conservative,0.2,2
f_normal.149,normal,53.76039649753502,0.019015605597259122,434,conservative,0.2,2
f_normal.15,normal,32.82724354345199,0.040895262459532455,73,conservative,0.2,2
f_normal.150,normal,53.55019851598002,0.02091523905413302,427,conservative,0.2,2
f_normal.151,normal,52.80838403676597,0.019089055380761312,382,conservative,0.2,2
f_normal.152,normal,53.89512031348389,0.02020850992480763,413,conservative,0.2,2
f_normal.153,normal,52.67565111094311,0.01964590026556836,401,conservative,0.2,2
f_normal.154,normal,54.24729726895953,0.01759410159895587,378,conservative,0.2,2
f_normal.155,normal,36.67434375379769,0.06119284624578026,290,conservative,0.2,2
f_normal.156,normal,35.24773056287044,0.05851401435498404,316,conservative,0.2,2
f_normal.157,normal,52.28923070659362,0.018379167751598043,366,conservative,0.2,2
f_normal.158,normal,53.71429984641535,0.016046732378837584,386,conservative,0.2,2
f_normal.159,normal,52.626847255097665,0.019017915631667336,383,conservative,0.2,2
f_normal.16,normal,31.798871428890344,0.034661609760025296,73,conservative,0.2,2
f_normal.160,normal,52.210980378890135,0.019017764330837707,388,conservative,0.2,2
f_normal.161,normal,52.075983422781476,0.020682823620499294,367,conservative,0.2,2
f_normal.162,normal,25.450923961652034,0.05874239792677509,295,conservative,0.2,2
f_normal.163,normal,30.53735140576768,0.08141760042529803,258,conservative,0.2,2
f_normal.164,normal,27.09988035604566,0.07251703443105235,298,conservative,0.2,2
f_normal.165,normal,46.289141077983885,0.021394662043867033,240,conservative,0.2,2
f_normal.166,normal,51.85687428134156,0.019525404564222294,355,conservative,0.2,2
f_normal.167,normal,51.95455593694358,0.017702162069938347,350,conservative,0.2,2
f_normal.168,normal,51.644610901855366,0.017437213253815628,360,conservative,0.2,2
f_normal.169,normal,52.00764256687079,0.018650897546785665,346,conservative,0.2,2
f_normal.17,normal,31.86827203698255,0.039904829155246214,88,conservative,0.2,2
f_normal.170,normal,51.54480672337712,0.020592608182721333,321,conservative,0.2,2
f_normal.171,normal,37.145367153513725,0.06616916030063692,270,conservative,0.2,2
f_normal.172,normal,52.057079848788256,0.02028641791096381,341,conservative,0.2,2
f_normal.173,normal,52.27420229365259,0.018923445372192985,323,conservative,0.2,2
f_normal.174,normal,52.16582197518872,0.02178036388220489,327,conservative,0.2,2
f_normal.175,normal,31.409499033745963,0.0800444043097854,307,conservative,0.2,2
f_normal.176,normal,31.871483236706098,0.08231992403795278,81,conservative,0.2,2
f_normal.177,normal,51.774092905938566,0.02256742212115566,305,conservative,0.2,2
f_normal.178,normal,51.807688354964895,0.017563472582714578,321,conservative,0.2,2
f_normal.179,normal,47.40277350982467,0.04434971920076133,300,conservative,0.2,2
f_normal.18,normal,35.38110855310963,0.05808981922158751,117,conservative,0.2,2
f_normal.180,normal,20.431668611105124,0.2460622022648227,275,conservative,0.2,2
f_normal.181,normal,47.61146893167377,0.01932525044420208,293,conservative,0.2,2
f_normal.182,normal,50.86825229832699,0.016991067049844464,309,conservative,0.2,2
f_normal.183,normal,49.64339647038544,0.0203196767865613,302,conservative,0.2,2
f_normal.184,normal,49.74170498522207,0.021489958225222303,240,conservative,0.2,2
f_normal.185,normal,47.617731439567,0.021890649450827422,286,conservative,0.2,2
f_normal.186,normal,47.92598394575203,0.02083425929040253,282,conservative,0.2,2
f_normal.187,normal,47.73337026887911,0.01807672234210845,277,conservative,0.2,2
f_normal.188,normal,21.170479079111328,0.06342609541775503,143,conservative,0.2,2
f_normal.189,normal,34.152140800553944,0.07412523986729469,236,conservative,0.2,2
f_normal.19,normal,33.70101025587449,0.03655168754453448,90,conservative,0.2,2
f_normal.191,normal,47.90240580024913,0.01814643503011354,275,conservative,0.2,2
f_normal.192,normal,47.214006721764726,0.019327062237522973,259,conservative,0.2,2
f_normal.193,normal,47.92311488916419,0.019379814726091942,263,conservative,0.2,2
f_normal.194,normal,45.01933319222555,0.016835978627606794,220,conservative,0.2,2
f_normal.195,normal,45.6202874092892,0.01899989992817277,236,conservative,0.2,2
f_normal.196,normal,46.561864286903145,0.020792148779025486,215,conservative,0.2,2
f_normal.197,normal,45.720416311156335,0.01948324268828195,234,conservative,0.2,2
f_normal.198,normal,48.31373848224926,0.02287317723473986,236,conservative,0.2,2
f_normal.199,normal,48.33996726220963,0.018681149299875136,270,conservative,0.2,2
f_normal.2,normal,28.771369414601377,0.04159829851612249,20,conservative,0.2,2
f_normal.20,normal,32.77116322380601,0.04253533870234528,94,conservative,0.2,2
f_normal.200,normal,45.1366263495688,0.018541696525518226,244,conservative,0.2,2
f_normal.201,normal,33.92783722075707,0.04162196873488064,244,conservative,0.2,2
f_normal.202,normal,35.93535844782402,0.0405411924232023,206,conservative,0.2,2
f_normal.203,normal,44.808914384593734,0.019477959786302988,224,conservative,0.2,2
f_normal.204,normal,34.97074758623227,0.038133878742888025,226,conservative,0.2,2
f_normal.205,normal,44.83314565720154,0.020226085249371733,211,conservative,0.2,2
f_normal.206,normal,42.66313139780412,0.018623341264871716,203,conservative,0.2,2
f_normal.207,normal,44.59172102839681,0.019570232961775545,217,conservative,0.2,2
f_normal.208,normal,44.948309322083304,0.01995308473201183,229,conservative,0.2,2
f_normal.209,normal,45.386097716701855,0.022658234422587464,208,conservative,0.2,2
f_normal.21,normal,35.24990699846112,0.04253081641596752,95,conservative,0.2,2
f_normal.210,normal,44.619554778032544,0.021533967373980816,212,conservative,0.2,2
f_normal.211,normal,33.907724311554624,0.06527808450772893,193,conservative,0.2,2
f_normal.212,normal,44.26718688817066,0.023244833171415607,189,conservative,0.2,2
f_normal.213,normal,42.415200774576725,0.020153445621213354,197,conservative,0.2,2
f_normal.214,normal,27.981483253115993,0.0036396029834418575,24,conservative,0.2,2
f_normal.215,normal,23.213595301175932,0.15410415719257262,44,conservative,0.2,2
f_normal.216,normal,43.55295722811256,0.022316008594599493,189,conservative,0.2,2
f_normal.217,normal,44.44617866080897,0.029009379738290604,187,conservative,0.2,2
f_normal.218,normal,40.49948681174792,0.02247432640707688,162,conservative,0.2,2
f_normal.219,normal,45.928762882634786,0.027501954681972002,169,conservative,0.2,2
f_normal.22,normal,32.79964488814336,0.07581103136315387,105,conservative,0.2,2
f_normal.220,normal,40.23234886549604,0.029335107722966967,139,conservative,0.2,2
f_normal.221,normal,42.93372247423646,0.03250514491878561,107,conservative,0.2,2
f_normal.222,normal,36.508578248021166,0.04835653083292597,174,conservative,0.2,2
f_normal.223,normal,40.29931693649047,0.021522408691519734,172,conservative,0.2,2
f_normal.224,normal,40.926040312325725,0.03240090094362274,115,conservative,0.2,2
f_normal.225,normal,40.71595428553437,0.020058133750371993,161,conservative,0.2,2
f_normal.226,normal,40.35296966513444,0.023688659745201457,157,conservative,0.2,2
f_normal.227,normal,26.064600004939553,0.05079938209437949,144,conservative,0.2,2
f_normal.228,normal,37.945814622120714,0.016458232562170418,124,conservative,0.2,2
f_normal.229,normal,37.40032262822183,0.020922106494896394,145,conservative,0.2,2
f_normal.23,normal,38.22127435165366,0.03308845360179046,146,conservative,0.2,2
f_normal.230,normal,37.28415340997912,0.025866396986723276,139,conservative,0.2,2
f_normal.231,normal,29.031450211840983,0.08534730210603146,63,conservative,0.2,2
f_normal.232,normal,34.81739454671104,0.01991930180379824,38,conservative,0.2,2
f_normal.233,normal,35.42366880709806,0.019297773506199878,125,conservative,0.2,2
f_normal.234,normal,31.286656594638618,0.029147061446790072,131,conservative,0.2,2
f_normal.235,normal,34.88394655523469,0.014661890296725957,89,conservative,0.2,2
f_normal.236,normal,33.384666725743365,0.018334739055508486,94,conservative,0.2,2
f_normal.237,normal,20.056087062559644,0.0801016018758466,102,conservative,0.2,2
f_normal.238,normal,29.498064919445987,0.01709860531769508,109,conservative,0.2,2
f_normal.239,normal,33.249664608622034,0.0432469059472069,87,conservative,0.2,2
f_normal.24,normal,34.74115095690625,0.0652656301856406,119,conservative,0.2,2
f_normal.240,normal,31.022974297765312,0.0411344115454228,116,conservative,0.2,2
f_normal.241,normal,34.72772771129923,0.04332173326705485,73,conservative,0.2,2
f_normal.242,normal,28.272046133884068,0.026264681994788642,46,conservative,0.2,2
f_normal.243,normal,33.42759892681456,0.016150077227641006,73,conservative,0.2,2
f_normal.244,normal,31.937232821180793,0.033638637106051264,58,conservative,0.2,2
f_normal.245,normal,22.656356608432567,0.06230151418715296,27,conservative,0.2,2
f_normal.246,normal,27.02013591498352,0.05954788133848113,88,conservative,0.2,2
f_normal.247,normal,29.745581198379426,0.0198391152173581,66,conservative,0.2,2
f_normal.249,normal,34.56842659480217,0.03020204226881973,68,conservative,0.2,2
f_normal.25,normal,36.996385964179325,0.04814037759072376,123,conservative,0.2,2
f_normal.250,normal,30.806389390725975,0.014185717669404144,41,conservative,0.2,2
f_normal.251,normal,30.09806137632106,0.03183148232957254,57,conservative,0.2,2
f_normal.252,normal,31.261276602991515,0.021689722707675593,53,conservative,0.2,2
f_normal.253,normal,30.571793002751576,0.03734772376036635,43,conservative,0.2,2
f_normal.254,normal,27.817432128395566,0.018914022088219466,47,conservative,0.2,2
f_normal.256,normal,28.8747741977657,0.02425474067418614,61,conservative,0.2,2
f_normal.257,normal,33.59470108053515,0.025592727941906118,37,conservative,0.2,2
f_normal.258,normal,28.551500319465895,0.07275061851068756,30,conservative,0.2,2
f_normal.26,normal,40.588164418071,0.05268090819234732,140,conservative,0.2,2
f_normal.27,normal,36.44986420171064,0.04805198131210694,124,conservative,0.2,2
f_normal.28,normal,38.44929726478103,0.03455515312617657,143,conservative,0.2,2
f_normal.29,normal,34.645727399732586,0.08155032358398885,135,conservative,0.2,2
f_normal.3,normal,30.138885288712675,0.035993610179968376,23,conservative,0.2,2
f_normal.30,normal,34.44841982736763,0.05364850026442277,73,conservative,0.2,2
f_normal.31,normal,37.36149225978283,0.04989840285746885,148,conservative,0.2,2
f_normal.32,normal,37.75655033896473,0.03610066356091259,149,conservative,0.2,2
f_normal.33,normal,38.29166346935624,0.03546101794717644,169,conservative,0.2,2
f_normal.34,normal,38.68452082602303,0.0413979303133596,166,conservative,0.2,2
f_normal.35,normal,38.62306365068229,0.03230677205247848,174,conservative,0.2,2
f_normal.36,normal,38.03172470845174,0.036046576054830574,172,conservative,0.2,2
f_normal.37,normal,25.326021634294893,0.14368479592384428,165,conservative,0.2,2
f_normal.38,normal,33.24872183726807,0.08975410308204232,118,conservative,0.2,2
f_normal.39,normal,37.94458024668504,0.030120193462112532,196,conservative,0.2,2
f_normal.4,normal,31.73971051412746,0.03927554812079007,26,conservative,0.2,2
f_normal.40,normal,35.78091408709899,0.04118114804231897,86,conservative,0.2,2
f_normal.41,normal,23.651531455857352,0.14359385844771846,231,conservative,0.2,2
f_normal.42,normal,38.00716837958289,0.030944829544233856,194,conservative,0.2,2
f_normal.43,normal,38.04514287645462,0.034359266873045385,146,conservative,0.2,2
f_normal.44,normal,37.575723919776934,0.034448705834464154,200,conservative,0.2,2
f_normal.45,normal,35.76548513164816,0.03164268779938762,214,conservative,0.2,2
f_normal.46,normal,25.348063768474073,0.04662567707871524,76,conservative,0.2,2
f_normal.47,normal,34.26422234789804,0.03700783292312904,238,conservative,0.2,2
f_normal.48,normal,35.114056111995396,0.037587175981658304,235,conservative,0.2,2
f_normal.49,normal,25.27010053496289,0.05265386761868889,247,conservative,0.2,2
f_normal.5,normal,30.402166275774814,0.04665833259229214,35,conservative,0.2,2
f_normal.50,normal,26.0636199735422,0.03788987172843024,240,conservative,0.2,2
f_normal.51,normal,37.268181099334576,0.041852581163756473,264,conservative,0.2,2
f_normal.52,normal,35.393691360308,0.04041014663831239,244,conservative,0.2,2
f_normal.53,normal,35.58208821771533,0.04108287116036815,249,conservative,0.2,2
f_normal.54,normal,39.384531509973044,0.03502099381660236,322,conservative,0.2,2
f_normal.55,normal,32.15649168000397,0.04785005874652968,251,conservative,0.2,2
f_normal.56,normal,37.501296843751255,0.041839202762902705,272,conservative,0.2,2
f_normal.57,normal,38.34481528321406,0.039342977476202426,287,conservative,0.2,2
f_normal.58,normal,37.348486061466545,0.03203277309934908,293,conservative,0.2,2
f_normal.59,normal,37.94288535493962,0.030279516846011267,289,conservative,0.2,2
f_normal.6,normal,31.95269012513361,0.042001594024904054,38,conservative,0.2,2
f_normal.60,normal,37.6993409966338,0.03932413134489408,305,conservative,0.2,2
f_normal.61,normal,38.57517202431575,0.03558793031353817,311,conservative,0.2,2
f_normal.62,normal,37.17745354447123,0.036596431318077764,293,conservative,0.2,2
f_normal.63,normal,41.47397979460081,0.034759770490147474,300,conservative,0.2,2
f_normal.64,normal,38.82906080912115,0.03117922613689469,324,conservative,0.2,2
f_normal.65,normal,21.98589221929547,0.05244818248540741,172,conservative,0.2,2
f_normal.66,normal,38.17296158183344,0.03535610769421335,328,conservative,0.2,2
f_normal.67,normal,39.99621860206065,0.03587566460701971,325,conservative,0.2,2
f_normal.68,normal,39.22982055004478,0.03641947624551118,318,conservative,0.2,2
f_normal.69,normal,39.265644013768394,0.03546205590546504,332,conservative,0.2,2
f_normal.7,normal,32.72338601843803,0.03325689930842247,38,conservative,0.2,2
f_normal.70,normal,35.41856353605046,0.06588441428643109,253,conservative,0.2,2
f_normal.71,normal,40.52904470392812,0.033257292657632796,323,conservative,0.2,2
f_normal.72,normal,22.608814674221378,0.07643500036999683,291,conservative,0.2,2
f_normal.73,normal,40.066016632999265,0.03184596106895647,347,conservative,0.2,2
f_normal.74,normal,40.36771829793227,0.030849959900387372,345,conservative,0.2,2
f_normal.75,normal,40.14736067291903,0.03596147067968446,342,conservative,0.2,2
f_normal.76,normal,41.28423865283433,0.035544584428240475,307,conservative,0.2,2
f_normal.77,normal,40.46481706038475,0.03347205762896822,346,conservative,0.2,2
f_normal.78,normal,21.532810284678245,0.23736802832517034,297,conservative,0.2,2
f_normal.79,normal,40.2781379544933,0.027540555564031115,350,conservative,0.2,2
f_normal.80,normal,22.92188824160519,0.10871501312349516,291,conservative,0.2,2
f_normal.81,normal,36.370639171572215,0.061153585209827485,291,conservative,0.2,2
f_normal.82,normal,34.00672211691863,0.09193626186245399,75,conservative,0.2,2
f_normal.83,normal,41.900140853121556,0.036245500290825045,279,conservative,0.2,2
f_normal.84,normal,40.07275701454201,0.0324244147846022,349,conservative,0.2,2
f_normal.85,normal,41.01776771899128,0.03395678252583042,348,conservative,0.2,2
f_normal.86,normal,34.461489886014405,0.06218542609110201,68,conservative,0.2,2
f_normal.87,normal,41.20920915845934,0.027007453806714016,367,conservative,0.2,2
f_normal.88,normal,41.67168135066151,0.032163426842021274,350,conservative,0.2,2
f_normal.89,normal,20.748748511861994,0.24097986784978656,286,conservative,0.2,2
f_normal.9,normal,30.25997546677668,0.03943532873513844,55,conservative,0.2,2
f_normal.90,normal,41.37537700032051,0.029133707363115213,371,conservative,0.2,2
f_normal.91,normal,30.942158909086068,0.05284337799480133,273,conservative,0.2,2
f_normal.92,normal,41.78334153592678,0.03465332597458281,339,conservative,0.2,2
f_normal.93,normal,41.57411026790448,0.029543226796957468,355,conservative,0.2,2
f_normal.94,normal,22.5807711648898,0.054580691913642364,68,conservative,0.2,2
f_normal.95,normal,24.19899572570502,0.054750626253044256,302,conservative,0.2,2
f_normal.96,normal,41.41603480138511,0.040085895411577546,205,conservative,0.2,2
f_normal.97,normal,41.57480533368058,0.03695806244695679,379,conservative,0.2,2
f_normal.98,normal,42.211139041108716,0.029540128081115228,375,conservative,0.2,2
f_normal.99,normal,42.28947674327053,0.037601227592233596,356,conservative,0.2,2
f_conservative.1,conservative,17.21644706358175,0.18580966801262053,36,conservative,0.3,1
f_conservative.10,conservative,17.05381088297489,0.047356806977874956,139,conservative,0.3,1
f_conservative.11,conservative,16.6901997990611,0.1822311741302909,150,conservative,0.3,1
f_conservative.12,conservative,16.101220482324454,0.06825971948173827,155,conservative,0.3,1
f_conservative.13,conservative,20.39508348589329,0.03848956094820523,192,conservative,0.3,1
f_conservative.14,conservative,19.16416118595987,0.05865527558421637,182,conservative,0.3,1
f_conservative.15,conservative,20.01728379184822,0.03889881771629305,199,conservative,0.3,1
f_conservative.16,conservative,16.209785549281158,0.07434751601623026,130,conservative,0.3,1
f_conservative.17,conservative,15.612016201803586,0.11320668627188651,241,conservative,0.3,1
f_conservative.18,conservative,17.337200776628197,0.03633649180754031,248,conservative,0.3,1
f_conservative.19,conservative,16.189609882278575,0.034039015389208026,258,conservative,0.3,1
f_conservative.2,conservative,17.455064301386297,0.048666267699926144,44,conservative,0.3,1
f_conservative.20,conservative,16.76607441197324,0.03701718574624742,273,conservative,0.3,1
f_conservative.21,conservative,18.361903274925254,0.03758715972675468,289,conservative,0.3,1
f_conservative.22,conservative,17.883989689749786,0.03029718630602652,292,conservative,0.3,1
f_conservative.23,conservative,15.803963278962605,0.21233822286183876,250,conservative,0.3,1
f_conservative.24,conservative,16.974459347967827,0.07792925733086349,82,conservative,0.3,1
f_conservative.25,conservative,18.65908884321245,0.07673903886734665,310,conservative,0.3,1
f_conservative.26,conservative,19.10355531366665,0.037927186660907795,306,conservative,0.3,1
f_conservative.27,conservative,16.837630529814618,0.24687651251618606,187,conservative,0.3,1
f_conservative.28,conservative,16.576655513177336,0.06747739334919899,61,conservative,0.3,1
f_conservative.29,conservative,21.389390611111523,0.0406382946977484,345,conservative,0.3,1
f_conservative.3,conservative,17.17761540493065,0.05622570373257368,56,conservative,0.3,1
f_conservative.30,conservative,16.8765916358708,0.09576078298740183,58,conservative,0.3,1
f_conservative.31,conservative,15.776351874431954,0.2361541968689859,300,conservative,0.3,1
f_conservative.32,conservative,23.501440718910615,0.053844089324931156,370,conservative,0.3,1
f_conservative.33,conservative,23.501179822189425,0.03466553365870599,372,conservative,0.3,1
f_conservative.34,conservative,15.793124126420425,0.24914479456731398,162,conservative,0.3,1
f_conservative.35,conservative,16.076215783075792,0.14585158388547756,292,conservative,0.3,1
f_conservative.36,conservative,15.857022043668863,0.2296009655472014,310,conservative,0.3,1
f_conservative.37,conservative,16.090891262771805,0.09319175201197874,73,conservative,0.3,1
f_conservative.38,conservative,29.3818485623288,0.05346663751925285,411,conservative,0.3,1
f_conservative.39,conservative,31.191370459229592,0.04059518788093096,453,conservative,0.3,1
f_conservative.4,conservative,17.5849929898394,0.051920828349717695,70,conservative,0.3,1
f_conservative.40,conservative,31.11530465247535,0.06097945033282008,445,conservative,0.3,1
f_conservative.41,conservative,16.33548148818251,0.09301606659261477,289,conservative,0.3,1
f_conservative.42,conservative,35.450121830164235,0.03394915821940705,489,conservative,0.3,1
f_conservative.43,conservative,35.89256041723413,0.035461899027602765,393,conservative,0.3,1
f_conservative.44,conservative,16.078178447930664,0.26375892668585804,292,conservative,0.3,1
f_conservative.45,conservative,37.04260114389087,0.0636702338062037,493,conservative,0.3,1
f_conservative.46,conservative,16.321279349824646,0.12300243311381386,206,conservative,0.3,1
f_conservative.47,conservative,39.98586035441873,0.046236378980273524,465,conservative,0.3,1
f_conservative.48,conservative,15.64435251776592,0.23175950153454175,293,conservative,0.3,1
f_conservative.49,conservative,40.041208626673445,0.017103574175562002,444,conservative,0.3,1
f_conservative.5,conservative,16.812229799869417,0.05457670377852376,78,conservative,0.3,1
f_conservative.50,conservative,38.50291217721471,0.01616493729241038,316,conservative,0.3,1
f_conservative.51,conservative,16.751380615306037,0.13980694440930191,139,conservative,0.3,1
f_conservative.52,conservative,37.99959619316152,0.0636476510654307,421,conservative,0.3,1
f_conservative.53,conservative,37.55537808171509,0.018612350000893542,399,conservative,0.3,1
f_conservative.54,conservative,37.29641364690628,0.025691410240623016,391,conservative,0.3,1
f_conservative.55,conservative,36.963614819986034,0.01836106990584362,380,conservative,0.3,1
f_conservative.56,conservative,17.449685848103343,0.27738815166900027,68,conservative,0.3,1
f_conservative.57,conservative,14.784837355008134,0.2531561364769721,242,conservative,0.3,1
f_conservative.58,conservative,17.68171807670696,0.08338006402682324,311,conservative,0.3,1
f_conservative.59,conservative,37.1371447970595,0.03242880441654811,344,conservative,0.3,1
f_conservative.6,conservative,16.04162578967238,0.04868313365359176,88,conservative,0.3,1
f_conservative.60,conservative,15.64614490087881,0.23666388415438397,273,conservative,0.3,1
f_conservative.61,conservative,16.616564639966818,0.0988405855021487,200,conservative,0.3,1
f_conservative.62,conservative,34.51941577708606,0.0651489020398454,312,conservative,0.3,1
f_conservative.63,conservative,16.750050852352356,0.19931428652449706,52,conservative,0.3,1
f_conservative.64,conservative,33.37718132838328,0.075445908213638,297,conservative,0.3,1
f_conservative.65,conservative,31.405410212157207,0.07807010083908149,276,conservative,0.3,1
f_conservative.66,conservative,16.866296653678443,0.2594857626114137,266,conservative,0.3,1
f_conservative.67,conservative,29.285289122476108,0.016841276901777547,238,conservative,0.3,1
f_conservative.68,conservative,29.86051511655401,0.015560022025532682,250,conservative,0.3,1
f_conservative.7,conservative,17.745767234965005,0.054380428568374085,102,conservative,0.3,1
f_conservative.70,conservative,24.68597161565912,0.13077593535975304,224,conservative,0.3,1
f_conservative.71,conservative,24.498253112243983,0.024970391225433604,210,conservative,0.3,1
f_conservative.72,conservative,14.837459239292775,0.035675127981085984,24,conservative,0.3,1
f_conservative.73,conservative,22.12462213202079,0.016273271598094566,193,conservative,0.3,1
f_conservative.74,conservative,16.85728092485461,0.03792994729713082,151,conservative,0.3,1
f_conservative.75,conservative,21.17571198248086,0.023629253918351897,174,conservative,0.3,1
f_conservative.76,conservative,20.738153273080165,0.022829863609844386,150,conservative,0.3,1
f_conservative.77,conservative,16.82564401405659,0.036504629400020416,142,conservative,0.3,1
f_conservative.78,conservative,19.92066854624187,0.023133526845721356,143,conservative,0.3,1
f_conservative.79,conservative,19.388795306392026,0.0491460729748583,124,conservative,0.3,1
f_conservative.8,conservative,18.056373585420523,0.06449098433723592,109,conservative,0.3,1
f_conservative.80,conservative,18.35557545035126,0.05933439432114839,123,conservative,0.3,1
f_conservative.81,conservative,17.853606702101022,0.027121965693455985,113,conservative,0.3,1
f_conservative.82,conservative,18.540225573804612,0.14267438136613217,98,conservative,0.3,1
f_conservative.83,conservative,18.783475444963578,0.1604940606326794,75,conservative,0.3,1
f_conservative.84,conservative,17.895148908997964,0.02139663439724066,72,conservative,0.3,1
f_conservative.85,conservative,18.316049206612536,0.1508161956667943,65,conservative,0.3,1
f_conservative.86,conservative,17.616568281506762,0.1684152276926028,43,conservative,0.3,1
f_conservative.87,conservative,19.28393926784084,0.015809582009396982,40,conservative,0.3,1
f_conservative.88,conservative,19.705291967304138,0.15699888211208293,27,conservative,0.3,1
f_conservative.9,conservative,17.893969040505983,0.05087899847873556,91,conservative,0.3,1
f_normal.10,normal,32.212941588225135,0.03765980704489993,62,conservative,0.3,1
f_normal.100,normal,50.33751122552732,0.033126002375307134,477,conservative,0.3,1
f_normal.101,normal,50.44345534137574,0.031190678023043233,403,conservative,0.3,1
f_normal.102,normal,21.98912958075659,0.13384587836202436,154,conservative,0.3,1
f_normal.103,normal,53.89929461911732,0.026200969469709096,479,conservative,0.3,1
f_normal.104,normal,53.051403942193204,0.030471378629091023,482,conservative,0.3,1
f_normal.105,normal,52.51002322912819,0.029985595124040504,484,conservative,0.3,1
f_normal.106,normal,31.81540283840392,0.07741852997266016,297,conservative,0.3,1
f_normal.107,normal,54.11801753350869,0.02450012679091983,476,conservative,0.3,1
f_normal.108,normal,29.39303402662571,0.051456055814396356,284,conservative,0.3,1
f_normal.109,normal,53.674470406242676,0.01887234585052769,389,conservative,0.3,1
f_normal.11,normal,32.65646365922166,0.08114924473996445,103,conservative,0.3,1
f_normal.110,normal,53.82310127752471,0.02015113344259638,462,conservative,0.3,1
f_normal.111,normal,54.25094610838732,0.020600674695709413,443,conservative,0.3,1
f_normal.112,normal,33.75111948622301,0.06938648502025191,125,conservative,0.3,1
f_normal.113,normal,53.55128793479053,0.018852532758583628,457,conservative,0.3,1
f_normal.114,normal,53.546651805476785,0.02197833629889255,435,conservative,0.3,1
f_normal.115,normal,53.22203785300103,0.018684376367052384,453,conservative,0.3,1
f_normal.116,normal,53.43709769039039,0.019356017998917605,430,conservative,0.3,1
f_normal.117,normal,52.06669777029781,0.018734932779931802,426,conservative,0.3,1
f_normal.118,normal,52.19222003308495,0.019731660632538287,409,conservative,0.3,1
f_normal.119,normal,53.21727455831291,0.021594486596846027,345,conservative,0.3,1
f_normal.12,normal,33.05894642306947,0.0393222171478805,70,conservative,0.3,1
f_normal.120,normal,51.759234282975726,0.016100959038845078,411,conservative,0.3,1
f_normal.121,normal,53.29950248466888,0.024131535951438944,416,conservative,0.3,1
f_normal.122,normal,23.4372277900981,0.26267898846529747,212,conservative,0.3,1
f_normal.123,normal,21.938954647014874,0.09855485630338809,293,conservative,0.3,1
f_normal.124,normal,22.024536259926336,0.07804471873089204,197,conservative,0.3,1
f_normal.125,normal,23.8022157855725,0.06011105674832473,304,conservative,0.3,1
f_normal.126,normal,35.47599614359527,0.0475638824983937,308,conservative,0.3,1
f_normal.127,normal,51.367778424887895,0.021384006494853575,376,conservative,0.3,1
f_normal.128,normal,51.39767964666013,0.014534708172069321,380,conservative,0.3,1
f_normal.129,normal,51.07749035120185,0.018870580761362433,379,conservative,0.3,1
f_normal.13,normal,30.52856850082933,0.04976594521292088,91,conservative,0.3,1
f_normal.130,normal,51.63945059493302,0.02235358132528726,368,conservative,0.3,1
f_normal.131,normal,51.513062248815885,0.023228135571756032,370,conservative,0.3,1
f_normal.132,normal,51.594141570283995,0.02070180118253389,323,conservative,0.3,1
f_normal.133,normal,51.41169670304611,0.02135645704940841,337,conservative,0.3,1
f_normal.134,normal,51.878656187317446,0.02392732179151082,361,conservative,0.3,1
f_normal.135,normal,36.51714080878746,0.05638869267682505,224,conservative,0.3,1
f_normal.136,normal,51.473392874538135,0.022289657231540323,335,conservative,0.3,1
f_normal.137,normal,48.965173240153035,0.02004578521062236,192,conservative,0.3,1
f_normal.138,normal,51.12839835505381,0.022577619308470256,342,conservative,0.3,1
f_normal.139,normal,50.902038612410365,0.02119211139690016,347,conservative,0.3,1
f_normal.14,normal,32.268049445419024,0.03669680745376654,91,conservative,0.3,1
f_normal.140,normal,51.74559867545954,0.021136186446531906,331,conservative,0.3,1
f_normal.141,normal,21.515271628090357,0.15184100054903013,103,conservative,0.3,1
f_normal.142,normal,50.31046156766461,0.022168849050535795,327,conservative,0.3,1
f_normal.143,normal,51.02659728049331,0.01864847551394899,322,conservative,0.3,1
f_normal.144,normal,46.24285428903547,0.025391896080950924,271,conservative,0.3,1
f_normal.145,normal,47.088347075301954,0.02164318001643874,266,conservative,0.3,1
f_normal.146,normal,50.40571525435331,0.024075376522177224,274,conservative,0.3,1
f_normal.147,normal,48.77381902152871,0.01805573720117483,196,conservative,0.3,1
f_normal.148,normal,48.99317886863022,0.024420498623827606,295,conservative,0.3,1
f_normal.149,normal,47.61506679886885,0.02110586920917857,290,conservative,0.3,1
f_normal.15,normal,32.57832123614578,0.03425849494365137,93,conservative,0.3,1
f_normal.150,normal,47.60422352401388,0.018553829688713296,229,conservative,0.3,1
f_normal.152,normal,48.25020308747079,0.02695518505864402,256,conservative,0.3,1
f_normal.153,normal,47.02846161540671,0.017115812279978746,176,conservative,0.3,1
f_normal.154,normal,46.12928845622389,0.020879657052643497,257,conservative,0.3,1
f_normal.155,normal,46.202788361823146,0.028076989141817082,254,conservative,0.3,1
f_normal.156,normal,48.44831739859654,0.021964275424782187,264,conservative,0.3,1
f_normal.157,normal,45.749020801117744,0.024965212511962574,257,conservative,0.3,1
f_normal.159,normal,17.54325360503339,0.28245039513877446,217,conservative,0.3,1
f_normal.16,normal,35.840588606379605,0.04400005198040347,118,conservative,0.3,1
f_normal.160,normal,44.33099983729385,0.020790906635827142,239,conservative,0.3,1
f_normal.161,normal,18.79511485641704,0.04719333637850395,238,conservative,0.3,1
f_normal.162,normal,44.58192513283159,0.015871881958979053,104,conservative,0.3,1
f_normal.163,normal,42.12288912374201,0.025225521206181843,220,conservative,0.3,1
f_normal.164,normal,41.612849670291105,0.018897047882373678,217,conservative,0.3,1
f_normal.165,normal,43.53725909701503,0.02560303385389848,212,conservative,0.3,1
f_normal.166,normal,16.79211116868303,0.2568114771551675,207,conservative,0.3,1
f_normal.167,normal,17.78517000923824,0.23188803887566686,172,conservative,0.3,1
f_normal.168,normal,39.576723836116386,0.01564434326310227,201,conservative,0.3,1
f_normal.169,normal,37.934959726221145,0.021551018220192814,186,conservative,0.3,1
f_normal.17,normal,37.793891853088745,0.05028043453320666,116,conservative,0.3,1
f_normal.170,normal,19.77062753036252,0.35027532477829454,21,conservative,0.3,1
f_normal.171,normal,40.02317866515244,0.026484196125586782,205,conservative,0.3,1
f_normal.172,normal,38.829473762927435,0.02674696563151354,174,conservative,0.3,1
f_normal.173,normal,38.854503443723544,0.03004905178622666,184,conservative,0.3,1
f_normal.174,normal,38.02167750165614,0.01638624946898922,181,conservative,0.3,1
f_normal.175,normal,36.13924150743657,0.018122118980804,162,conservative,0.3,1
f_normal.176,normal,28.001475481456666,0.07033671199737036,82,conservative,0.3,1
f_normal.177,normal,35.1236900652622,0.01994687003725933,151,conservative,0.3,1
f_normal.178,normal,35.49152224132115,0.02538129668425816,141,conservative,0.3,1
f_normal.179,normal,34.30343839916844,0.02555733108273854,135,conservative,0.3,1
f_normal.18,normal,35.18223192334026,0.04121281256495916,124,conservative,0.3,1
f_normal.180,normal,36.507532382320626,0.02283940630460558,165,conservative,0.3,1
f_normal.181,normal,19.663758658525257,0.08856783427562773,129,conservative,0.3,1
f_normal.182,normal,34.799264595716316,0.030582019287902332,131,conservative,0.3,1
f_normal.183,normal,34.45738229315511,0.043984281696769455,24,conservative,0.3,1
f_normal.184,normal,34.847365367474985,0.030750104357671386,101,conservative,0.3,1
f_normal.185,normal,32.42725366807677,0.039803195443765226,37,conservative,0.3,1
f_normal.186,normal,32.65453033665987,0.05555775159198728,132,conservative,0.3,1
f_normal.187,normal,31.556398860042417,0.021753597129069158,112,conservative,0.3,1
f_normal.189,normal,18.114612622554688,0.2694503597681529,89,conservative,0.3,1
f_normal.19,normal,33.057034499902606,0.035955431775807595,95,conservative,0.3,1
f_normal.190,normal,30.793388029962927,0.03346876446215566,105,conservative,0.3,1
f_normal.193,normal,31.782795797931662,0.016993308205707713,94,conservative,0.3,1
f_normal.194,normal,30.082507540472413,0.027889360734237496,78,conservative,0.3,1
f_normal.196,normal,30.818838481956146,0.039010931359338204,61,conservative,0.3,1
f_normal.198,normal,32.09648799511675,0.022865582079785625,52,conservative,0.3,1
f_normal.199,normal,27.16740745827409,0.027920895300791834,59,conservative,0.3,1
f_normal.20,normal,24.71868770531015,0.05636094951796757,76,conservative,0.3,1
f_normal.200,normal,30.35689303507632,0.025602676291919944,56,conservative,0.3,1
f_normal.201,normal,29.303831448818134,0.0295718783471092,49,conservative,0.3,1
f_normal.202,normal,31.83492791118497,0.04908438265091875,48,conservative,0.3,1
f_normal.205,normal,26.260441069370263,0.041799809799720394,22,conservative,0.3,1
f_normal.208,normal,27.15232968458186,0.02391890510303138,24,conservative,0.3,1
f_normal.21,normal,35.60242498677082,0.0412552751855432,122,conservative,0.3,1
f_normal.22,normal,33.39485217721976,0.049764073313179745,127,conservative,0.3,1
f_normal.23,normal,34.913400013994895,0.048691564184174405,141,conservative,0.3,1
f_normal.24,normal,36.63237701059235,0.05954999041340308,156,conservative,0.3,1
f_normal.25,normal,38.06434330256555,0.04118768513547396,170,conservative,0.3,1
f_normal.26,normal,35.66448534325738,0.04618407783489476,153,conservative,0.3,1
f_normal.27,normal,32.56817377663338,0.07571107718759527,156,conservative,0.3,1
f_normal.28,normal,37.94122398937752,0.032572697530421836,173,conservative,0.3,1
f_normal.29,normal,37.469442356727804,0.033156226121633096,201,conservative,0.3,1
f_normal.3,normal,29.89127921879381,0.038229281891127516,39,conservative,0.3,1
f_normal.30,normal,38.109704661595465,0.03736247154481571,158,conservative,0.3,1
f_normal.31,normal,36.977017060827386,0.03460606267886086,218,conservative,0.3,1
f_normal.32,normal,33.84119079467888,0.04532049774642741,117,conservative,0.3,1
f_normal.33,normal,37.53519644705066,0.03125544555301416,207,conservative,0.3,1
f_normal.34,normal,27.80268149419897,0.04699983734737153,134,conservative,0.3,1
f_normal.35,normal,37.30466063406648,0.030630399669308295,210,conservative,0.3,1
f_normal.36,normal,37.674420991376884,0.03269838623305669,204,conservative,0.3,1
f_normal.37,normal,37.29843361312124,0.03811183573931089,136,conservative,0.3,1
f_normal.38,normal,37.029763192020695,0.030981060073954843,213,conservative,0.3,1
f_normal.39,normal,36.98198012162557,0.03117024727671785,216,conservative,0.3,1
f_normal.4,normal,30.89422485711618,0.03436933579899311,39,conservative,0.3,1
f_normal.40,normal,22.533181958974133,0.17334307903745808,260,conservative,0.3,1
f_normal.41,normal,34.684264347291915,0.028794518244940146,250,conservative,0.3,1
f_normal.42,normal,26.787327732684517,0.03894771009465238,131,conservative,0.3,1
f_normal.43,normal,34.66187673892989,0.03013667597122273,267,conservative,0.3,1
f_normal.44,normal,35.04991462397289,0.03437179076105331,264,conservative,0.3,1
f_normal.45,normal,35.12768142659927,0.038250138958374015,290,conservative,0.3,1
f_normal.46,normal,32.82656207007259,0.09077302631754866,130,conservative,0.3,1
f_normal.47,normal,22.564500069491704,0.13538263351098292,269,conservative,0.3,1
f_normal.48,normal,32.791597352672646,0.051162681562444495,99,conservative,0.3,1
f_normal.49,normal,34.89787811049488,0.031928757162040265,280,conservative,0.3,1
f_normal.5,normal,32.425284352296984,0.037718259956080524,80,conservative,0.3,1
f_normal.50,normal,34.41720296407009,0.033283555519077385,293,conservative,0.3,1
f_normal.51,normal,34.923580329734165,0.02815794016586077,290,conservative,0.3,1
f_normal.52,normal,35.261032399656436,0.037235450584107224,299,conservative,0.3,1
f_normal.53,normal,36.51828704799239,0.03652725011125406,309,conservative,0.3,1
f_normal.54,normal,38.19376404736632,0.03283220447522617,306,conservative,0.3,1
f_normal.55,normal,26.26353267984904,0.0769872954330523,224,conservative,0.3,1
f_normal.56,normal,36.42348806313835,0.03758161037319052,309,conservative,0.3,1
f_normal.57,normal,40.985596903339356,0.038875456621863994,348,conservative,0.3,1
f_normal.58,normal,38.07886841820678,0.035216447417056575,320,conservative,0.3,1
f_normal.59,normal,37.345672921004166,0.03902400759183106,241,conservative,0.3,1
f_normal.6,normal,30.542620822284988,0.047693951929530215,47,conservative,0.3,1
f_normal.60,normal,38.662433638343465,0.03181297751169606,325,conservative,0.3,1
f_normal.61,normal,23.190976597053545,0.19846991582976534,283,conservative,0.3,1
f_normal.62,normal,38.8547958586913,0.037966286001449266,317,conservative,0.3,1
f_normal.63,normal,37.82609572373762,0.032173748421965485,322,conservative,0.3,1
f_normal.64,normal,38.144604093031944,0.03336700582294414,307,conservative,0.3,1
f_normal.65,normal,40.16303613657933,0.03768239035022663,337,conservative,0.3,1
f_normal.66,normal,40.19097855430432,0.03572541346054991,323,conservative,0.3,1
f_normal.67,normal,39.31377027893816,0.031312665023091726,335,conservative,0.3,1
f_normal.68,normal,39.405825378100545,0.03405849384742635,335,conservative,0.3,1
f_normal.69,normal,21.26384731438656,0.09450597261892037,212,conservative,0.3,1
f_normal.7,normal,31.488393886059814,0.0447749876209946,47,conservative,0.3,1
f_normal.70,normal,40.12844087218789,0.03503385014801932,351,conservative,0.3,1
f_normal.71,normal,39.286195616942805,0.035168177622065776,311,conservative,0.3,1
f_normal.72,normal,41.0655503522273,0.03421382820936101,348,conservative,0.3,1
f_normal.73,normal,42.08371268390715,0.032901937446515823,308,conservative,0.3,1
f_normal.74,normal,33.64470164853028,0.05587836973220705,88,conservative,0.3,1
f_normal.75,normal,44.565366235780544,0.04016269995104091,358,conservative,0.3,1
f_normal.76,normal,43.37876684102809,0.04013645445510414,387,conservative,0.3,1
f_normal.77,normal,41.27650892039111,0.034963321346919464,365,conservative,0.3,1
f_normal.78,normal,41.08403339981212,0.0344660113465629,345,conservative,0.3,1
f_normal.79,normal,41.98442748420416,0.038364569037331896,344,conservative,0.3,1
f_normal.8,normal,32.34461729501522,0.04186592532329985,62,conservative,0.3,1
f_normal.80,normal,43.08332153030422,0.036049123867224246,379,conservative,0.3,1
f_normal.81,normal,44.629904467030194,0.034259339525481186,385,conservative,0.3,1
f_normal.82,normal,36.14273362741547,0.07495208058981014,65,conservative,0.3,1
f_normal.83,normal,47.30810358641185,0.04293031988980299,327,conservative,0.3,1
f_normal.84,normal,44.26825405490645,0.03572018429978419,382,conservative,0.3,1
f_normal.85,normal,45.14188678564791,0.03502277705456612,395,conservative,0.3,1
f_normal.86,normal,46.068887040274234,0.036113819228666175,395,conservative,0.3,1
f_normal.87,normal,45.541618812233324,0.035998550491269904,319,conservative,0.3,1
f_normal.88,normal,48.08015640697957,0.029544761891512755,449,conservative,0.3,1
f_normal.89,normal,47.37884648481638,0.03402460525470335,447,conservative,0.3,1
f_normal.9,normal,30.748693717453666,0.046593384371331995,59,conservative,0.3,1
f_normal.90,normal,41.2372502479082,0.12340316712666059,397,conservative,0.3,1
f_normal.91,normal,43.79472435272678,0.03177560943966702,345,conservative,0.3,1
f_normal.92,normal,22.687126289388527,0.11758166806051909,293,conservative,0.3,1
f_normal.93,normal,23.542911033418573,0.11311577693662313,310,conservative,0.3,1
f_normal.94,normal,47.837620826171175,0.03461247759531953,454,conservative,0.3,1
f_normal.95,normal,48.52022500360137,0.029839866512907584,456,conservative,0.3,1
f_normal.96,normal,49.22227162952857,0.02752742662746431,452,conservative,0.3,1
f_normal.97,normal,49.9493239707606,0.03074230151420769,491,conservative,0.3,1
f_normal.98,normal,48.82746806049507,0.02914162966613154,456,conservative,0.3,1
f_normal.99,normal,28.603207486930604,0.09300009848493203,194,conservative,0.3,1
f_conservative.1,conservative,18.64271858734707,0.05166800611993309,26,conservative,0.3,2
f_conservative.10,conservative,16.600376509604956,0.08157587951314783,140,conservative,0.3,2
f_conservative.11,conservative,23.114139736183915,0.07258605225244233,151,conservative,0.3,2
f_conservative.12,conservative,16.214009271372284,0.0800899075700333,167,conservative,0.3,2
f_conservative.13,conservative,18.12703511600951,0.038571747089125245,177,conservative,0.3,2
f_conservative.14,conservative,16.9130090075351,0.03886512020152901,190,conservative,0.3,2
f_conservative.15,conservative,17.41842831461163,0.04602540942480085,198,conservative,0.3,2
f_conservative.16,conservative,18.022175763498602,0.06659017159791998,91,conservative,0.3,2
f_conservative.17,conservative,20.199427830810002,0.06120621151916436,222,conservative,0.3,2
f_conservative.18,conservative,18.279526460435687,0.053341990610409826,238,conservative,0.3,2
f_conservative.19,conservative,19.16130831219835,0.03819930191467194,271,conservative,0.3,2
f_conservative.2,conservative,15.145586677994562,0.18516628840523536,56,conservative,0.3,2
f_conservative.20,conservative,16.773531582089372,0.1980845392285226,253,conservative,0.3,2
f_conservative.21,conservative,16.94983569695408,0.07905470634132039,247,conservative,0.3,2
f_conservative.22,conservative,16.991686111304205,0.18426686934251926,72,conservative,0.3,2
f_conservative.23,conservative,19.893444015780137,0.045147680406477826,300,conservative,0.3,2
f_conservative.24,conservative,18.866569036538788,0.11694487516423988,304,conservative,0.3,2
f_conservative.25,conservative,21.631486969084833,0.03038155877701765,316,conservative,0.3,2
f_conservative.26,conservative,17.6873985847681,0.0736281514416368,259,conservative,0.3,2
f_conservative.27,conservative,16.77981885762289,0.08022133507091084,58,conservative,0.3,2
f_conservative.28,conservative,21.40318210628836,0.07794347246131428,292,conservative,0.3,2
f_conservative.29,conservative,21.308858268832765,0.040044079814049685,340,conservative,0.3,2
f_conservative.3,conservative,15.459193271228443,0.049367483265607075,66,conservative,0.3,2
f_conservative.30,conservative,23.889438113871712,0.03885062403419091,310,conservative,0.3,2
f_conservative.31,conservative,16.562587328329062,0.24900356576059535,290,conservative,0.3,2
f_conservative.32,conservative,22.659285557440946,0.05225393817344693,365,conservative,0.3,2
f_conservative.33,conservative,23.757012163668126,0.04798880497410915,380,conservative,0.3,2
f_conservative.34,conservative,23.88807628966106,0.07551775453723106,365,conservative,0.3,2
f_conservative.35,conservative,16.329014886394244,0.052748878721412325,287,conservative,0.3,2
f_conservative.36,conservative,15.404387469387443,0.24260171546995254,305,conservative,0.3,2
f_conservative.37,conservative,30.878808548020345,0.04337803347266516,447,conservative,0.3,2
f_conservative.38,conservative,31.64371894532708,0.048922213262312574,463,conservative,0.3,2
f_conservative.39,conservative,31.45152283006699,0.033537257038331304,451,conservative,0.3,2
f_conservative.4,conservative,15.539113992308026,0.051251554302647676,60,conservative,0.3,2
f_conservative.40,conservative,16.64782767682793,0.16998746351544478,298,conservative,0.3,2
f_conservative.41,conservative,17.016950401112418,0.07706999545142831,281,conservative,0.3,2
f_conservative.42,conservative,33.243698366082924,0.06944414064375753,488,conservative,0.3,2
f_conservative.43,conservative,16.488299258220653,0.06151291021208625,272,conservative,0.3,2
f_conservative.44,conservative,17.00091312062191,0.08188524159573751,319,conservative,0.3,2
f_conservative.45,conservative,15.301769636741119,0.25706541414395584,267,conservative,0.3,2
f_conservative.46,conservative,18.880347139838076,0.06587097343093958,324,conservative,0.3,2
f_conservative.47,conservative,37.27947717213157,0.05039093917369252,475,conservative,0.3,2
f_conservative.48,conservative,17.964222865037424,0.1703319504409141,74,conservative,0.3,2
f_conservative.49,conservative,39.27225583821771,0.022266918642606884,460,conservative,0.3,2
f_conservative.5,conservative,16.022316876181062,0.045304389104682555,73,conservative,0.3,2
f_conservative.50,conservative,37.784869864932794,0.039628871013013385,445,conservative,0.3,2
f_conservative.51,conservative,37.78313235722682,0.01734829065583665,438,conservative,0.3,2
f_conservative.52,conservative,37.94894188192375,0.021431462238680955,427,conservative,0.3,2
f_conservative.53,conservative,37.96793306567082,0.020026387756452775,416,conservative,0.3,2
f_conservative.54,conservative,36.22396314621202,0.03745784500033679,406,conservative,0.3,2
f_conservative.55,conservative,36.16661314210768,0.019771957548463424,394,conservative,0.3,2
f_conservative.56,conservative,15.406847126469552,0.20922956869881135,78,conservative,0.3,2
f_conservative.57,conservative,36.04676037696501,0.020337445465122252,371,conservative,0.3,2
f_conservative.58,conservative,35.145547459278156,0.02109324414697992,356,conservative,0.3,2
f_conservative.59,conservative,34.7126046115327,0.018190587671228223,350,conservative,0.3,2
f_conservative.6,conservative,17.087327442813866,0.09112029873894874,103,conservative,0.3,2
f_conservative.60,conservative,15.281472389793505,0.18485061886505913,70,conservative,0.3,2
f_conservative.61,conservative,34.08040886967945,0.02466325308758316,343,conservative,0.3,2
f_conservative.62,conservative,34.25378967508443,0.020346091113467534,326,conservative,0.3,2
f_conservative.63,conservative,33.06861090328443,0.02058592717199956,314,conservative,0.3,2
f_conservative.64,conservative,15.018415280608966,0.23009603598124378,266,conservative,0.3,2
f_conservative.65,conservative,32.67581584858367,0.016810405457913062,284,conservative,0.3,2
f_conservative.67,conservative,31.36028505546302,0.03647557704397023,278,conservative,0.3,2
f_conservative.68,conservative,29.422504689427527,0.022784822384558725,268,conservative,0.3,2
f_conservative.69,conservative,28.468610806007728,0.0700666167387134,253,conservative,0.3,2
f_conservative.7,conservative,18.537760440028705,0.10140109112039394,112,conservative,0.3,2
f_conservative.70,conservative,15.257919782430136,0.2786732438873358,245,conservative,0.3,2
f_conservative.71,conservative,16.129846512576716,0.04584912206227776,231,conservative,0.3,2
f_conservative.72,conservative,25.889010033995472,0.07788204255493646,221,conservative,0.3,2
f_conservative.73,conservative,24.154620868634957,0.02004917051993672,215,conservative,0.3,2
f_conservative.75,conservative,24.088477175563643,0.025806232917721418,195,conservative,0.3,2
f_conservative.77,conservative,15.533530171062786,0.06317164526489895,174,conservative,0.3,2
f_conservative.79,conservative,21.660258311493468,0.026014181407784113,147,conservative,0.3,2
f_conservative.8,conservative,16.130586511151918,0.05772532500371462,84,conservative,0.3,2
f_conservative.80,conservative,21.399710250721768,0.02092232735481971,151,conservative,0.3,2
f_conservative.81,conservative,14.972781843018957,0.3400915941798039,59,conservative,0.3,2
f_conservative.82,conservative,18.57527042715547,0.08276949960207423,123,conservative,0.3,2
f_conservative.83,conservative,18.53211500172919,0.07584685258794141,81,conservative,0.3,2
f_conservative.84,conservative,17.26602404976514,0.22454989011569004,106,conservative,0.3,2
f_conservative.85,conservative,18.123140753283618,0.16051302904401868,77,conservative,0.3,2
f_conservative.86,conservative,18.44381508342817,0.11966373258811415,32,conservative,0.3,2
f_conservative.87,conservative,19.747837189607708,0.023991680231681897,68,conservative,0.3,2
f_conservative.88,conservative,18.637845828641396,0.06303403298112788,48,conservative,0.3,2
f_conservative.9,conservative,17.58566217346323,0.05180302526027,120,conservative,0.3,2
f_conservative.91,conservative,22.172417885254106,0.18638367606059164,30,conservative,0.3,2
f_normal.10,normal,32.45058141582958,0.03749685007406037,75,conservative,0.3,2
f_normal.100,normal,50.34984741866503,0.02703378559816373,494,conservative,0.3,2
f_normal.101,normal,51.90565761064859,0.03183590221460981,430,conservative,0.3,2
f_normal.102,normal,37.29026033688143,0.06462724940173357,318,conservative,0.3,2
f_normal.103,normal,50.59191374907721,0.0283247140207021,495,conservative,0.3,2
f_normal.104,normal,50.50890372490701,0.02803088744094843,491,conservative,0.3,2
f_normal.105,normal,34.412500816308636,0.13383351202018154,69,conservative,0.3,2
f_normal.106,normal,53.891963880734245,0.02693872587286964,466,conservative,0.3,2
f_normal.107,normal,50.97640863487981,0.028887145851544917,494,conservative,0.3,2
f_normal.108,normal,53.84211936378096,0.02293663752616206,464,conservative,0.3,2
f_normal.109,normal,51.52445069340338,0.028929082430958687,494,conservative,0.3,2
f_normal.110,normal,51.7299756400879,0.03482429697337194,489,conservative,0.3,2
f_normal.111,normal,52.46715001594589,0.03002695730559593,471,conservative,0.3,2
f_normal.112,normal,54.283038700330174,0.020519743867879716,457,conservative,0.3,2
f_normal.113,normal,51.54333468836122,0.026974476918196492,375,conservative,0.3,2
f_normal.114,normal,53.09877004500736,0.02314494513744104,453,conservative,0.3,2
f_normal.115,normal,54.652514840276424,0.02350056578210236,456,conservative,0.3,2
f_normal.116,normal,52.20094193986507,0.032267038291422336,372,conservative,0.3,2
f_normal.117,normal,21.909905820796247,0.24820060195564875,286,conservative,0.3,2
f_normal.118,normal,52.980776799654215,0.02097289138162437,395,conservative,0.3,2
f_normal.119,normal,22.34504300801154,0.07210154537561342,54,conservative,0.3,2
f_normal.12,normal,34.80376677048407,0.03860373710988919,87,conservative,0.3,2
f_normal.120,normal,52.31779747047966,0.018299708926323426,423,conservative,0.3,2
f_normal.121,normal,22.199122226504844,0.050691685191876334,286,conservative,0.3,2
f_normal.122,normal,52.12572108436203,0.016777739742389455,427,conservative,0.3,2
f_normal.123,normal,52.58861581780967,0.019205623530379703,414,conservative,0.3,2
f_normal.124,normal,23.88365438110218,0.25482662360412994,215,conservative,0.3,2
f_normal.125,normal,51.81692070266218,0.023334219771251368,414,conservative,0.3,2
f_normal.126,normal,22.257005614501068,0.24673405828186137,316,conservative,0.3,2
f_normal.127,normal,50.982953305230374,0.020472377058094623,394,conservative,0.3,2
f_normal.128,normal,24.254462428157783,0.07223205657987965,280,conservative,0.3,2
f_normal.129,normal,50.85103626351878,0.020865905352875302,390,conservative,0.3,2
f_normal.13,normal,33.41148216035642,0.046461555567971574,79,conservative,0.3,2
f_normal.130,normal,51.945357419440654,0.02010068603583178,388,conservative,0.3,2
f_normal.131,normal,51.28368022782917,0.01747297065090156,380,conservative,0.3,2
f_normal.132,normal,50.51380836977024,0.023727662762271055,336,conservative,0.3,2
f_normal.133,normal,50.89991736061027,0.021332986597777857,385,conservative,0.3,2
f_normal.134,normal,50.93801847509199,0.02105143985695019,373,conservative,0.3,2
f_normal.135,normal,23.453290158700213,0.08024558689389617,309,conservative,0.3,2
f_normal.136,normal,51.23266968485196,0.023214544876057792,370,conservative,0.3,2
f_normal.137,normal,35.48326119237573,0.1594267703995268,35,conservative,0.3,2
f_normal.138,normal,51.194463340254494,0.019191598483524905,364,conservative,0.3,2
f_normal.139,normal,51.95351297693632,0.01879070557149734,357,conservative,0.3,2
f_normal.14,normal,34.50489772556759,0.04045842913685571,89,conservative,0.3,2
f_normal.140,normal,49.519861238830316,0.021182504845771534,345,conservative,0.3,2
f_normal.141,normal,49.09502856154594,0.020079982400357698,333,conservative,0.3,2
f_normal.142,normal,20.884958351548576,0.09697424006430377,157,conservative,0.3,2
f_normal.143,normal,49.515677716952574,0.023070293390826974,336,conservative,0.3,2
f_normal.144,normal,21.713034395730183,0.2508776272046365,313,conservative,0.3,2
f_normal.145,normal,34.88410791667037,0.07065115985601082,269,conservative,0.3,2
f_normal.146,normal,49.077362897111236,0.020334167596197123,302,conservative,0.3,2
f_normal.147,normal,48.47992432731006,0.01772015350814338,322,conservative,0.3,2
f_normal.148,normal,48.52456587530671,0.02194284559199623,302,conservative,0.3,2
f_normal.149,normal,48.96898844441603,0.01950823825718131,305,conservative,0.3,2
f_normal.15,normal,30.10088582833921,0.08217325794707629,171,conservative,0.3,2
f_normal.150,normal,48.863383878916636,0.017648892296499907,299,conservative,0.3,2
f_normal.151,normal,27.9116982597396,0.06912081673715989,293,conservative,0.3,2
f_normal.152,normal,48.13093147957465,0.01787611999518513,288,conservative,0.3,2
f_normal.153,normal,48.059681316393494,0.021184366175390757,255,conservative,0.3,2
f_normal.154,normal,48.456906584469124,0.020859489683751894,283,conservative,0.3,2
f_normal.155,normal,44.44997273854837,0.020243941588750182,232,conservative,0.3,2
f_normal.156,normal,45.58741046495266,0.022849373603221756,266,conservative,0.3,2
f_normal.157,normal,45.83254598850642,0.01571213634110399,189,conservative,0.3,2
f_normal.158,normal,46.49075648047267,0.018765058789122276,256,conservative,0.3,2
f_normal.159,normal,19.58669240419552,0.30993234874449116,263,conservative,0.3,2
f_normal.16,normal,34.78246588257803,0.040407186785662345,84,conservative,0.3,2
f_normal.160,normal,47.364319003809634,0.021856570494358532,247,conservative,0.3,2
f_normal.162,normal,35.70516017204496,0.03758810521184149,241,conservative,0.3,2
f_normal.163,normal,44.66777751369321,0.02283055664165793,240,conservative,0.3,2
f_normal.164,normal,36.67977115970885,0.02786137016351069,140,conservative,0.3,2
f_normal.165,normal,44.11074552666534,0.01983935105825076,242,conservative,0.3,2
f_normal.166,normal,44.8907020508051,0.025681192199607485,231,conservative,0.3,2
f_normal.167,normal,44.04814718579774,0.02212648576456521,155,conservative,0.3,2
f_normal.169,normal,45.66852280038388,0.020569786909944043,234,conservative,0.3,2
f_normal.17,normal,34.270485353947805,0.051113439952141786,93,conservative,0.3,2
f_normal.170,normal,16.649746633072933,0.2798694104342032,199,conservative,0.3,2
f_normal.171,normal,41.10165449939666,0.02389644787844433,209,conservative,0.3,2
f_normal.172,normal,41.265622432972165,0.02192643479024912,202,conservative,0.3,2
f_normal.173,normal,22.50444431010539,0.04891693355386445,177,conservative,0.3,2
f_normal.174,normal,18.014767913056662,0.2670948382370947,188,conservative,0.3,2
f_normal.175,normal,40.06068878577838,0.025226015380257327,191,conservative,0.3,2
f_normal.176,normal,40.82560232331375,0.02553019461484444,202,conservative,0.3,2
f_normal.177,normal,39.41982500003463,0.02089228061472753,186,conservative,0.3,2
f_normal.178,normal,39.05937996932767,0.029988860145214513,168,conservative,0.3,2
f_normal.179,normal,41.88601612803174,0.026206117707929716,196,conservative,0.3,2
f_normal.18,normal,34.29763210472919,0.061445502600892696,94,conservative,0.3,2
f_normal.180,normal,39.30935324598624,0.022821028540596915,181,conservative,0.3,2
f_normal.181,normal,38.87952194443285,0.02242303201349538,164,conservative,0.3,2
f_normal.182,normal,38.929560958741774,0.02389140498763292,171,conservative,0.3,2
f_normal.183,normal,39.22398857409119,0.021636476553767964,176,conservative,0.3,2
f_normal.184,normal,36.88342146595605,0.02078175371417541,156,conservative,0.3,2
f_normal.185,normal,36.318160333837,0.028021454229647816,132,conservative,0.3,2
f_normal.186,normal,38.30635089817451,0.030304749034012254,143,conservative,0.3,2
f_normal.187,normal,40.22775720878383,0.025339381189194626,81,conservative,0.3,2
f_normal.188,normal,28.974340306863034,0.17869631365163277,29,conservative,0.3,2
f_normal.189,normal,36.10064012926595,0.020960201158981884,124,conservative,0.3,2
f_normal.19,normal,35.4020875423593,0.0633196572204686,105,conservative,0.3,2
f_normal.190,normal,34.22300305387634,0.028589522093046684,112,conservative,0.3,2
f_normal.192,normal,33.52856368652309,0.028896085956671706,113,conservative,0.3,2
f_normal.193,normal,32.66462828593035,0.02888229575171824,100,conservative,0.3,2
f_normal.194,normal,32.50666112400169,0.022458953347480406,118,conservative,0.3,2
f_normal.195,normal,32.77658872679134,0.029771797667941365,101,conservative,0.3,2
f_normal.196,normal,33.476903789109365,0.02759971507991368,94,conservative,0.3,2
f_normal.197,normal,33.477806415198025,0.02941850508924122,96,conservative,0.3,2
f_normal.198,normal,30.40784323085449,0.06247431278370041,91,conservative,0.3,2
f_normal.2,normal,29.376275339840088,0.044384550488896474,20,conservative,0.3,2
f_normal.20,normal,37.859597591040185,0.03582761694439226,126,conservative,0.3,2
f_normal.200,normal,22.24470632024683,0.06829834862542346,30,conservative,0.3,2
f_normal.201,normal,33.605556680406785,0.030209917243356345,88,conservative,0.3,2
f_normal.202,normal,29.634375622145733,0.021534080878964842,74,conservative,0.3,2
f_normal.203,normal,22.294815936872137,0.09744415782256709,69,conservative,0.3,2
f_normal.204,normal,28.612927314958043,0.033437301541722496,52,conservative,0.3,2
f_normal.206,normal,28.67995187219808,0.0362066833501685,23,conservative,0.3,2
f_normal.208,normal,24.06775170927486,0.014980718994895852,48,conservative,0.3,2
f_normal.209,normal,28.533814525258247,0.028509247253864146,29,conservative,0.3,2
f_normal.21,normal,37.145308050987474,0.05566449264769674,112,conservative,0.3,2
f_normal.211,normal,31.003696227234727,0.016393632323108753,21,conservative,0.3,2
f_normal.213,normal,27.1130860855333,0.014223290061825851,21,conservative,0.3,2
f_normal.22,normal,37.51614672199119,0.03623051617342063,126,conservative,0.3,2
f_normal.23,normal,38.24130645884083,0.04514271532634778,123,conservative,0.3,2
f_normal.24,normal,30.548476348104998,0.09175174968177982,143,conservative,0.3,2
f_normal.25,normal,37.63261561730442,0.035298899479397704,112,conservative,0.3,2
f_normal.26,normal,36.50018636670175,0.04457742347970931,154,conservative,0.3,2
f_normal.27,normal,33.66447883380181,0.03190409318356292,170,conservative,0.3,2
f_normal.28,normal,30.976626259634575,0.04386952444400122,84,conservative,0.3,2
f_normal.29,normal,34.798503788478705,0.03487419640029195,194,conservative,0.3,2
f_normal.3,normal,29.697564602828187,0.03577552355163727,29,conservative,0.3,2
f_normal.30,normal,36.29900017227579,0.04429629187375255,157,conservative,0.3,2
f_normal.31,normal,28.485391260248477,0.09053372924117167,121,conservative,0.3,2
f_normal.32,normal,28.422492612513654,0.07714349951477707,130,conservative,0.3,2
f_normal.33,normal,34.149883404468255,0.03691951471572593,181,conservative,0.3,2
f_normal.34,normal,19.98757600195288,0.07411303786657832,212,conservative,0.3,2
f_normal.35,normal,36.08987161024768,0.035748503588814574,262,conservative,0.3,2
f_normal.36,normal,36.35165866378003,0.02933854310914273,203,conservative,0.3,2
f_normal.37,normal,35.72794128598594,0.03363959793090189,186,conservative,0.3,2
f_normal.38,normal,35.390049443347294,0.03193218720423169,241,conservative,0.3,2
f_normal.39,normal,21.85703726391101,0.17838560259291247,213,conservative,0.3,2
f_normal.4,normal,30.071440036579528,0.028959631991943017,32,conservative,0.3,2
f_normal.40,normal,36.63176582548171,0.03531501814235923,228,conservative,0.3,2
f_normal.41,normal,33.014376670218674,0.05436560269262498,62,conservative,0.3,2
f_normal.42,normal,35.25164691821429,0.03325925414094171,244,conservative,0.3,2
f_normal.43,normal,36.169609862750875,0.03724717179908375,237,conservative,0.3,2
f_normal.44,normal,35.28488962239044,0.038831820993584766,242,conservative,0.3,2
f_normal.45,normal,37.21754942914202,0.030103462037368352,293,conservative,0.3,2
f_normal.46,normal,38.48373184371511,0.03222081043921706,314,conservative,0.3,2
f_normal.47,normal,37.579053473373726,0.03172218742100208,286,conservative,0.3,2
f_normal.48,normal,37.42223048428029,0.030839944557015355,290,conservative,0.3,2
f_normal.49,normal,30.30388233126485,0.06181046472586848,61,conservative,0.3,2
f_normal.5,normal,30.557175165732353,0.032542374233072636,35,conservative,0.3,2
f_normal.50,normal,37.145586143239946,0.028737001400498563,296,conservative,0.3,2
f_normal.51,normal,37.473014492107005,0.03053131788545125,299,conservative,0.3,2
f_normal.52,normal,37.607782138433016,0.049278597164389995,168,conservative,0.3,2
f_normal.53,normal,29.409402646132822,0.11365966325257669,281,conservative,0.3,2
f_normal.54,normal,37.15616048593629,0.03371117288072105,301,conservative,0.3,2
f_normal.55,normal,36.79539818488799,0.029028208851141973,318,conservative,0.3,2
f_normal.56,normal,36.66769841611452,0.03648124675064585,315,conservative,0.3,2
f_normal.57,normal,29.82512737385613,0.08081942501932186,317,conservative,0.3,2
f_normal.58,normal,31.685899365172947,0.11130877081185714,221,conservative,0.3,2
f_normal.59,normal,39.30796881028333,0.04292561146658165,245,conservative,0.3,2
f_normal.6,normal,32.09062181370417,0.04518396393681112,37,conservative,0.3,2
f_normal.60,normal,37.72693017487835,0.030292581339947507,305,conservative,0.3,2
f_normal.61,normal,35.99532954501504,0.037490788137037906,131,conservative,0.3,2
f_normal.62,normal,39.88441998042847,0.03079892588838375,316,conservative,0.3,2
f_normal.63,normal,36.67151933483254,0.031821064933398986,302,conservative,0.3,2
f_normal.64,normal,38.52583418334507,0.035785516058031305,316,conservative,0.3,2
f_normal.65,normal,40.85814809821815,0.03453950860242825,328,conservative,0.3,2
f_normal.66,normal,37.13319526023797,0.031273368059376395,248,conservative,0.3,2
f_normal.67,normal,38.91400313499142,0.030442767970536848,338,conservative,0.3,2
f_normal.68,normal,23.437886708592284,0.22959048404919463,284,conservative,0.3,2
f_normal.69,normal,39.312804501468165,0.02996507117361465,338,conservative,0.3,2
f_normal.7,normal,31.460618189538703,0.03874278230553944,38,conservative,0.3,2
f_normal.70,normal,36.823463459485644,0.05115935906765235,119,conservative,0.3,2
f_normal.71,normal,39.34296077143351,0.035487474394899916,316,conservative,0.3,2
f_normal.72,normal,41.49429660569507,0.030886299637502092,361,conservative,0.3,2
f_normal.73,normal,40.828007689333695,0.030885761636051785,366,conservative,0.3,2
f_normal.74,normal,39.188884226488554,0.037269500603337696,319,conservative,0.3,2
f_normal.75,normal,34.21952022017863,0.05683895414378101,288,conservative,0.3,2
f_normal.76,normal,41.3991904073471,0.02933168343167128,363,conservative,0.3,2
f_normal.77,normal,35.89802244927551,0.05995210034116972,84,conservative,0.3,2
f_normal.78,normal,46.80272201722655,0.03256330710853557,432,conservative,0.3,2
f_normal.79,normal,42.02750625222611,0.037008837868625556,322,conservative,0.3,2
f_normal.8,normal,34.22513279611434,0.04341192301427132,82,conservative,0.3,2
f_normal.80,normal,44.8564245665196,0.03143934849428103,405,conservative,0.3,2
f_normal.81,normal,44.11756618999674,0.03205106324335014,404,conservative,0.3,2
f_normal.82,normal,48.96705758854883,0.032333711734728,447,conservative,0.3,2
f_normal.83,normal,45.71998907024464,0.03328333374544019,423,conservative,0.3,2
f_normal.84,normal,34.58738556486366,0.09339390552222257,81,conservative,0.3,2
f_normal.85,normal,47.17068745058873,0.03176436872548854,413,conservative,0.3,2
f_normal.86,normal,48.7090071857993,0.03349128279716062,443,conservative,0.3,2
f_normal.87,normal,48.267645662336946,0.03059076339566412,453,conservative,0.3,2
f_normal.88,normal,24.0324515658963,0.23075802460484718,294,conservative,0.3,2
f_normal.89,normal,48.549200545121174,0.029811129494801195,452,conservative,0.3,2
f_normal.9,normal,32.662963482267195,0.055414906845945,40,conservative,0.3,2
f_normal.90,normal,49.84715518422076,0.027538987185162185,402,conservative,0.3,2
f_normal.91,normal,21.950746778683243,0.06650204012960165,114,conservative,0.3,2
f_normal.92,normal,45.62239770867662,0.029749674755402626,431,conservative,0.3,2
f_normal.93,normal,48.5349516579377,0.030283130036202782,469,conservative,0.3,2
f_normal.94,normal,49.11479545972757,0.03372446601069839,471,conservative,0.3,2
f_normal.95,normal,36.962960871651624,0.08395211252680036,185,conservative,0.3,2
f_normal.96,normal,22.431283719946563,0.11995065379209903,307,conservative,0.3,2
f_normal.97,normal,49.75997300074321,0.028621891762046003,459,conservative,0.3,2
f_normal.98,normal,49.91414898211621,0.026644174030641007,478,conservative,0.3,2
f_normal.99,normal,50.44410940353808,0.025702969298583546,494,conservative,0.3,2
