epoch,step,vehicle_id,speed_kmh,accel_ms2,prox_m,wave_m,ai_score,category
1,3,cross_0,41.93,0.0,245.68,0.0,3.91,Conservative
1,6,cross_0,44.2,6.303,240.45,0.0,24.34,Conservative
1,9,cross_0,46.55,6.529,234.9,0.0,24.82,Conservative
1,12,cross_0,46.73,0.483,229.28,4.231,46.78,Normal
1,15,cross_0,46.78,0.157,223.68,5.401,45.49,Normal
1,18,cross_0,46.86,0.223,218.07,6.559,45.77,Normal
1,21,cross_0,46.7,-0.459,212.48,7.708,46.68,Normal
1,21,cross_1,33.17,0.0,232.93,0.0,2.45,Conservative
1,24,cross_0,46.66,-0.111,206.9,8.851,45.28,Normal
1,24,cross_1,35.29,5.876,228.27,0.0,22.77,Conservative
1,27,cross_0,46.88,0.627,201.82,9.992,47.39,Normal
1,27,cross_1,37.51,6.182,223.94,0.0,23.13,Conservative
1,30,cross_0,46.71,-0.483,197.25,11.129,46.78,Normal
1,30,cross_1,40.02,6.974,219.9,3.431,63.56,Normal
1,33,cross_0,46.82,0.295,192.17,12.264,46.05,Normal
1,33,cross_1,42.23,6.118,215.24,4.48,63.96,Normal
1,36,cross_0,46.71,-0.294,187.6,13.398,46.03,Normal
1,36,cross_1,44.51,6.355,210.87,5.577,64.4,Normal
1,39,cross_0,46.66,-0.151,183.03,14.53,45.44,Normal
1,39,cross_1,46.82,6.397,206.35,6.726,64.87,Normal
1,42,cross_0,46.78,0.347,177.95,15.661,46.25,Normal
1,42,cross_1,49.27,6.812,201.19,7.93,65.39,Normal
1,45,cross_0,46.77,-0.025,172.38,16.791,44.96,Normal
1,45,cross_1,50.37,3.071,195.46,9.182,57.92,Normal
1,48,cross_0,46.8,0.064,167.31,17.922,45.12,Normal
1,48,cross_1,50.28,-0.274,190.18,10.453,46.71,Normal
1,51,cross_0,46.72,-0.208,162.73,19.052,45.68,Normal
1,51,cross_1,50.33,0.139,185.35,11.732,46.18,Normal
1,51,cross_2,43.95,0.0,219.3,0.0,4.29,Conservative
1,54,cross_0,46.9,0.511,158.65,20.181,46.93,Normal
1,54,cross_1,50.31,-0.055,180.97,13.011,45.84,Normal
1,54,cross_2,46.2,6.26,215.23,0.0,24.74,Conservative
1,57,cross_0,46.72,-0.525,154.08,21.31,46.95,Normal
1,57,cross_1,50.4,0.25,176.14,14.289,46.64,Normal
1,57,cross_2,48.42,6.146,210.63,0.0,25.21,Conservative
1,60,cross_0,46.73,0.051,149.5,22.439,45.06,Normal
1,60,cross_1,50.16,-0.658,171.31,15.563,48.22,Normal
1,60,cross_2,50.27,5.15,205.86,4.441,65.62,Normal
1,63,cross_0,46.82,0.232,144.43,23.567,45.8,Normal
1,63,cross_1,50.3,0.39,166.03,16.833,47.18,Normal
1,63,cross_2,50.4,0.354,200.7,5.705,47.06,Normal
1,66,cross_0,46.82,0.005,139.36,24.695,44.89,Normal
1,66,cross_1,50.29,-0.024,160.76,18.099,45.72,Normal
1,66,cross_2,50.28,-0.314,195.55,6.957,46.88,Normal
1,69,cross_0,46.67,-0.403,133.81,25.823,46.45,Normal
1,69,cross_1,50.27,-0.054,155.05,19.361,45.83,Normal
1,69,cross_2,50.25,-0.094,190.08,8.199,45.99,Normal
1,72,cross_0,46.79,0.332,128.27,26.95,46.19,Normal
1,72,cross_1,50.36,0.254,149.35,20.62,46.65,Normal
1,72,cross_2,50.21,-0.12,184.62,9.436,46.08,Normal
1,75,cross_0,46.87,0.222,122.75,28.077,45.77,Normal
1,75,cross_1,50.36,-0.005,143.68,21.874,45.66,Normal
1,75,cross_2,50.2,-0.021,179.2,10.667,45.68,Normal
1,78,cross_0,46.71,-0.452,117.25,29.204,46.66,Normal
1,78,cross_1,50.26,-0.286,138.04,23.125,46.76,Normal
1,78,cross_2,50.36,0.443,173.8,11.896,47.41,Normal
1,81,cross_0,46.69,-0.055,112.23,30.331,45.06,Normal
1,81,cross_1,50.34,0.231,132.81,24.374,46.55,Normal
1,81,cross_2,50.28,-0.223,168.75,13.121,46.51,Normal
1,81,cross_3,36.74,0.0,206.1,0.0,3.0,Conservative
1,84,cross_0,46.68,-0.031,107.65,31.458,44.96,Normal
1,84,cross_1,50.17,-0.484,128.0,25.619,47.53,Normal
1,84,cross_2,50.15,-0.358,164.0,14.344,47.02,Normal
1,84,cross_3,38.86,5.877,202.37,0.0,23.36,Conservative
1,87,cross_0,46.85,0.467,102.62,32.585,46.75,Normal
1,87,cross_1,50.22,0.14,122.78,26.862,46.16,Normal
1,87,cross_2,50.28,0.347,158.97,15.565,47.01,Normal
1,87,cross_3,41.21,6.531,198.22,0.0,23.77,Conservative
1,90,cross_0,46.73,-0.335,97.62,33.711,46.19,Normal
1,90,cross_1,50.34,0.344,117.58,28.102,47.01,Normal
1,90,cross_2,50.36,0.247,153.96,16.785,46.63,Normal
1,90,cross_3,43.57,6.559,193.91,3.768,64.22,Normal
1,93,cross_0,46.89,0.439,92.19,33.731,46.64,Normal
1,93,cross_1,50.22,-0.334,112.01,29.341,46.94,Normal
1,93,cross_2,50.36,-0.012,148.71,18.004,45.68,Normal
1,93,cross_3,45.77,6.113,189.22,4.904,64.66,Normal
1,96,cross_0,46.7,-0.505,87.22,33.736,46.87,Normal
1,96,cross_1,50.3,0.228,106.84,30.578,46.54,Normal
1,96,cross_2,50.38,0.05,143.76,19.221,45.84,Normal
1,96,cross_3,48.31,7.056,184.59,6.09,65.19,Normal
1,99,cross_0,46.77,0.178,82.25,33.736,45.57,Normal
1,99,cross_1,50.23,-0.199,101.7,31.813,46.4,Normal
1,99,cross_2,50.24,-0.384,138.84,20.437,47.14,Normal
1,99,cross_3,50.22,5.29,179.82,7.326,65.6,Normal
1,102,cross_0,46.83,0.186,77.69,33.736,45.62,Normal
1,102,cross_1,50.38,0.415,96.9,33.047,47.3,Normal
1,102,cross_2,50.38,0.374,134.18,21.653,47.14,Normal
1,102,cross_3,50.28,0.177,175.2,8.589,46.32,Normal
1,105,cross_0,46.83,-0.022,73.53,33.737,44.96,Normal
1,105,cross_1,50.25,-0.375,92.46,34.28,47.11,Normal
1,105,cross_2,50.27,-0.304,129.75,22.867,46.83,Normal
1,105,cross_3,50.19,-0.238,170.8,9.857,46.55,Normal
1,108,cross_0,46.9,0.191,69.76,33.738,45.65,Normal
1,108,cross_1,50.3,0.142,88.37,35.511,46.19,Normal
1,108,cross_2,50.37,0.281,125.54,24.082,46.76,Normal
1,108,cross_3,50.26,0.19,166.58,11.124,46.37,Normal
1,111,cross_0,46.89,-0.025,65.61,33.74,44.99,Normal
1,111,cross_1,50.14,-0.421,83.93,35.753,47.27,Normal
1,111,cross_2,50.3,-0.191,121.1,25.296,46.38,Normal
1,111,cross_3,50.26,-0.007,162.17,12.388,45.64,Normal
1,114,cross_0,46.76,-0.342,61.04,33.741,46.23,Normal
1,114,cross_1,50.22,0.202,79.14,35.938,46.41,Normal
1,114,cross_2,50.28,-0.056,116.45,26.51,45.84,Normal
1,114,cross_3,50.25,-0.012,157.58,13.648,45.66,Normal
1,117,cross_0,46.71,-0.156,56.89,33.743,45.47,Normal
1,117,cross_1,50.22,0.002,74.7,36.073,45.61,Normal
1,117,cross_2,50.24,-0.099,112.03,27.723,46.01,Normal
1,117,cross_3,50.39,0.364,153.17,14.905,47.1,Normal
1,120,cross_0,46.72,0.026,53.17,33.744,44.95,Normal
1,120,cross_1,50.28,0.158,70.62,36.164,46.25,Normal
1,120,cross_2,50.17,-0.206,107.82,28.936,46.42,Normal
1,120,cross_3,50.22,-0.461,148.94,16.157,47.45,Normal
1,120,cross_4,46.8,0.0,203.25,0.0,4.87,Conservative
1,123,cross_0,46.83,0.303,49.04,33.745,46.11,Normal
1,123,cross_1,50.37,0.266,66.18,36.219,46.7,Normal
1,123,cross_2,50.32,0.425,103.4,30.148,47.33,Normal
1,123,cross_3,50.31,0.242,144.54,17.406,46.59,Normal
1,123,cross_4,48.98,6.044,199.07,0.0,25.33,Conservative
1,126,cross_0,46.74,-0.225,45.38,33.745,46.44,Normal
1,126,cross_1,50.14,-0.628,62.13,36.246,48.1,Normal
1,126,cross_2,50.35,0.07,99.18,31.361,45.91,Normal
1,126,cross_3,50.32,0.04,140.32,18.651,45.79,Normal
1,126,cross_4,50.32,3.726,194.85,0.0,20.53,Conservative
1,129,cross_0,46.66,-0.241,41.28,33.746,48.23,Normal
1,129,cross_1,50.39,0.671,57.71,36.255,48.32,Normal
1,129,cross_2,50.38,0.093,94.76,32.573,46.01,Normal
1,129,cross_3,50.38,0.156,135.92,19.893,46.26,Normal
1,129,cross_4,50.32,0.02,190.51,4.622,45.71,Normal
1,132,cross_0,46.72,0.188,37.2,33.746,50.84,Normal
1,132,cross_1,50.36,-0.077,53.29,36.255,45.95,Normal
1,132,cross_2,50.18,-0.547,90.34,33.785,47.78,Normal
1,132,cross_3,50.33,-0.132,131.53,21.131,46.16,Normal
1,132,cross_4,50.36,0.107,186.17,5.873,46.06,Normal
1,135,cross_0,46.66,-0.186,32.63,33.747,55.24,Normal
1,135,cross_1,50.15,-0.578,48.46,36.255,47.98,Normal
1,135,cross_2,50.37,0.521,85.72,34.996,47.72,Normal
1,135,cross_3,50.28,-0.128,126.98,22.368,46.13,Normal
1,135,cross_4,50.28,-0.218,181.76,7.11,46.49,Normal
1,138,cross_0,46.81,0.414,28.05,33.747,61.94,Normal
1,138,cross_1,50.17,0.052,43.65,36.255,47.09,Normal
1,138,cross_2,50.2,-0.482,81.13,36.207,47.53,Normal
1,138,cross_3,50.27,-0.036,122.46,23.602,45.76,Normal
1,138,cross_4,50.28,-0.002,177.37,8.338,45.63,Normal
1,141,cross_0,46.67,-0.374,23.48,33.747,68.84,Normal
1,141,cross_1,50.27,0.272,38.84,36.255,50.69,Normal
1,141,cross_2,50.39,0.543,76.56,36.243,47.82,Normal
1,141,cross_3,50.22,-0.138,117.97,24.833,46.16,Normal
1,141,cross_4,50.24,-0.114,173.0,9.56,46.07,Normal
1,144,cross_0,46.77,0.266,18.4,33.748,77.88,Aggressive
1,144,cross_1,50.39,0.353,33.65,36.254,55.6,Normal
1,144,cross_2,50.13,-0.723,71.9,36.257,48.48,Normal
1,144,cross_3,50.27,0.133,113.38,26.064,46.15,Normal
1,144,cross_4,50.18,-0.167,168.6,10.779,46.26,Normal
1,147,cross_0,46.69,-0.22,12.89,33.748,89.79,Aggressive
1,147,cross_1,50.31,-0.231,28.22,36.255,61.73,Normal
1,147,cross_2,50.14,0.014,67.26,36.259,45.64,Normal
1,147,cross_3,50.2,-0.187,108.79,27.293,46.35,Normal
1,147,cross_4,50.2,0.049,164.21,11.996,45.79,Normal
1,150,cross_0,40.21,-18.009,8.24,33.733,100.0,Aggressive
1,150,cross_1,47.1,-8.904,23.37,36.248,87.62,Aggressive
1,150,cross_2,50.26,0.354,62.86,36.258,47.03,Normal
1,150,cross_3,50.22,0.042,104.38,28.52,45.77,Normal
1,150,cross_4,50.33,0.375,159.93,13.214,47.13,Normal
1,153,cross_0,30.49,-27.0,5.0,33.659,100.0,Aggressive
1,153,cross_1,42.41,-13.037,19.12,36.213,94.51,Aggressive
1,153,cross_2,50.28,0.037,58.61,36.258,45.76,Normal
1,153,cross_3,50.22,0.001,100.05,29.746,45.61,Normal
1,153,cross_4,50.21,-0.34,155.72,14.429,46.96,Normal
1,156,cross_0,20.77,-27.0,4.89,33.487,100.0,Aggressive
1,156,cross_1,37.55,-13.5,15.69,36.13,100.0,Aggressive
1,156,cross_2,50.33,0.139,54.55,36.258,46.18,Normal
1,156,cross_3,50.38,0.443,95.83,30.971,47.41,Normal
1,156,cross_4,50.38,0.474,151.57,15.644,47.54,Normal
1,159,cross_0,11.05,-27.0,6.53,33.185,100.0,Aggressive
1,159,cross_1,32.69,-13.5,13.18,35.98,100.0,Aggressive
1,159,cross_2,50.31,-0.049,50.61,36.257,45.82,Normal
1,159,cross_3,50.2,-0.483,91.69,32.195,47.53,Normal
1,159,cross_4,50.23,-0.417,147.47,16.858,47.28,Normal
1,162,cross_0,13.36,6.432,9.61,32.759,100.0,Aggressive
1,162,cross_1,32.5,-0.518,12.0,35.759,90.62,Aggressive
1,162,cross_2,50.38,0.198,47.02,36.257,46.72,Normal
1,162,cross_3,50.22,0.036,87.68,33.419,45.75,Normal
1,162,cross_4,50.3,0.179,143.47,18.072,46.34,Normal
1,162,cross_5,30.16,0.0,196.85,0.0,2.02,Conservative
1,165,cross_0,15.66,6.387,12.89,32.23,100.0,Aggressive
1,165,cross_1,34.7,6.11,12.15,35.481,100.0,Aggressive
1,165,cross_2,50.18,-0.562,43.78,36.257,49.08,Normal
1,165,cross_3,50.33,0.308,83.82,34.641,46.86,Normal
1,165,cross_4,50.32,0.076,139.55,19.285,45.93,Normal
1,165,cross_5,32.34,6.049,194.35,0.0,22.32,Conservative
1,168,cross_0,18.04,6.6,16.3,31.616,97.07,Aggressive
1,168,cross_1,36.95,6.248,13.68,35.163,100.0,Aggressive
1,168,cross_2,50.22,0.106,40.99,36.257,48.63,Normal
1,168,cross_3,50.38,0.139,80.12,35.864,46.19,Normal
1,168,cross_4,50.24,-0.234,135.74,20.498,46.55,Normal
1,168,cross_5,34.62,6.353,191.73,0.0,22.66,Conservative
1,171,cross_0,20.45,6.711,19.81,30.936,90.1,Aggressive
1,171,cross_1,39.19,6.219,16.32,34.816,99.72,Aggressive
1,171,cross_2,49.1,-3.093,38.76,36.255,61.77,Normal
1,171,cross_3,50.31,-0.196,76.62,36.021,46.41,Normal
1,171,cross_4,50.33,0.235,132.03,21.71,46.57,Normal
1,171,cross_5,36.87,6.254,188.98,3.157,63.02,Normal
1,174,cross_0,22.76,6.41,22.54,30.206,85.28,Aggressive
1,174,cross_1,41.4,6.128,18.82,34.454,94.92,Aggressive
1,174,cross_2,47.83,-3.55,36.72,36.243,64.93,Normal
1,174,cross_3,50.33,0.077,73.11,36.132,45.94,Normal
1,174,cross_4,50.23,-0.269,128.27,22.922,46.68,Normal
1,174,cross_5,39.17,6.375,186.02,4.126,63.41,Normal
1,177,cross_0,24.93,6.019,26.25,29.439,79.42,Aggressive
1,177,cross_1,43.77,6.587,22.75,34.09,88.02,Aggressive
1,177,cross_2,46.91,-2.535,35.88,36.218,61.42,Normal
1,177,cross_3,50.17,-0.443,70.04,36.202,47.37,Normal
1,177,cross_4,50.3,0.204,124.77,24.133,46.44,Normal
1,177,cross_5,41.66,6.91,183.0,5.151,63.86,Normal
1,180,cross_0,27.37,6.775,30.07,28.649,74.37,Aggressive
1,180,cross_1,45.95,6.064,27.05,33.736,81.54,Aggressive
1,180,cross_2,46.18,-2.048,35.8,36.177,59.38,Normal
1,180,cross_3,50.23,0.143,67.25,36.241,46.18,Normal
1,180,cross_4,50.21,-0.263,121.4,25.345,46.65,Normal
1,180,cross_5,43.89,6.192,179.86,6.228,64.28,Normal
1,183,cross_0,29.63,6.284,34.84,27.851,69.31,Normal
1,183,cross_1,48.32,6.581,32.46,33.404,75.03,Aggressive
1,183,cross_2,45.71,-1.293,37.25,36.118,55.02,Normal
1,183,cross_3,50.25,0.056,65.18,36.256,45.84,Normal
1,183,cross_4,50.3,0.265,118.42,26.556,46.68,Normal
1,183,cross_5,46.38,6.938,176.76,7.362,64.78,Normal
1,186,cross_0,32.09,6.831,39.69,27.057,65.69,Normal
1,186,cross_1,50.36,5.669,38.07,33.105,70.19,Aggressive
1,186,cross_2,45.57,-0.389,39.47,36.043,49.71,Normal
1,186,cross_3,50.17,-0.203,63.59,36.258,46.41,Normal
1,186,cross_4,50.27,-0.081,115.67,27.768,45.94,Normal
1,186,cross_5,48.57,6.078,173.59,8.552,65.24,Normal
1,189,cross_0,34.06,5.487,44.63,26.283,63.5,Normal
1,189,cross_1,50.27,-0.255,43.77,32.843,47.88,Normal
1,189,cross_2,45.77,0.544,42.34,35.953,48.71,Normal
1,189,cross_3,50.13,-0.108,62.54,36.257,46.02,Normal
1,189,cross_4,50.4,0.338,113.16,28.98,46.99,Normal
1,189,cross_5,50.32,4.853,170.41,9.793,65.04,Normal
1,192,cross_0,36.31,6.247,48.85,25.54,62.97,Normal
1,192,cross_1,50.27,-0.01,48.76,32.618,45.71,Normal
1,192,cross_2,45.97,0.57,44.84,35.85,47.83,Normal
1,192,cross_3,50.34,0.565,61.42,36.256,47.89,Normal
1,192,cross_4,50.2,-0.544,110.55,30.191,47.78,Normal
1,192,cross_5,50.24,-0.208,167.11,11.063,46.44,Normal
1,195,cross_0,38.59,6.329,52.38,24.846,63.31,Normal
1,195,cross_1,50.21,-0.164,53.08,32.431,46.26,Normal
1,195,cross_2,46.67,1.939,46.85,35.737,52.92,Normal
1,195,cross_3,50.2,-0.377,60.1,36.255,47.11,Normal
1,195,cross_4,50.29,0.264,107.74,31.403,46.68,Normal
1,195,cross_5,50.26,0.033,163.68,12.346,45.74,Normal
1,198,cross_0,40.81,6.163,55.27,24.217,63.7,Normal
1,198,cross_1,50.22,0.041,56.76,32.283,45.77,Normal
1,198,cross_2,47.5,2.306,48.3,35.621,54.33,Normal
1,198,cross_3,50.25,0.131,58.45,36.253,46.14,Normal
1,198,cross_4,50.32,0.071,104.66,32.614,45.91,Normal
1,198,cross_5,50.2,-0.146,160.07,13.633,46.18,Normal
1,201,cross_0,43.03,6.16,57.58,23.667,64.11,Normal
1,201,cross_1,50.34,0.321,59.86,32.174,46.92,Normal
1,201,cross_2,48.19,1.911,49.17,35.505,52.83,Normal
1,201,cross_3,50.16,-0.231,56.36,36.252,46.52,Normal
1,201,cross_4,50.4,0.214,101.25,33.825,46.5,Normal
1,201,cross_5,50.31,0.308,156.22,14.922,46.86,Normal
1,204,cross_0,45.34,6.442,60.12,23.214,64.57,Normal
1,204,cross_1,50.34,0.009,63.09,32.105,45.67,Normal
1,204,cross_2,49.47,3.575,50.38,35.395,59.74,Normal
1,204,cross_3,50.19,0.065,54.52,36.25,45.86,Normal
1,204,cross_4,50.38,-0.033,97.9,35.037,45.77,Normal
1,204,cross_5,50.2,-0.316,152.41,16.207,46.86,Normal
1,207,cross_0,46.84,4.159,62.88,22.875,61.51,Normal
1,207,cross_1,50.29,-0.135,66.43,32.077,46.16,Normal
1,207,cross_2,50.29,2.269,51.9,35.296,54.7,Normal
1,207,cross_3,50.33,0.405,52.96,36.25,47.25,Normal
1,207,cross_4,50.14,-0.668,94.63,36.248,48.26,Normal
1,207,cross_5,50.36,0.449,148.61,17.491,47.43,Normal
1,210,cross_0,46.75,-0.242,65.77,22.654,45.83,Normal
1,210,cross_1,50.27,-0.059,69.87,32.089,45.85,Normal
1,210,cross_2,50.39,0.286,53.72,35.209,46.79,Normal
1,210,cross_3,50.36,0.081,51.69,36.25,45.96,Normal
1,210,cross_4,50.38,0.66,91.43,36.259,48.28,Normal
1,210,cross_5,50.29,-0.202,144.83,18.77,46.43,Normal
1,213,cross_0,46.8,0.117,68.77,22.556,45.33,Normal
1,213,cross_1,50.35,0.23,73.39,32.141,46.56,Normal
1,213,cross_2,50.26,-0.375,55.81,35.134,47.12,Normal
1,213,cross_3,50.23,-0.371,50.75,36.25,47.09,Normal
1,213,cross_4,50.36,-0.057,88.32,36.261,45.86,Normal
1,213,cross_5,50.22,-0.19,141.09,20.045,46.37,Normal
1,216,cross_0,46.76,-0.103,71.43,22.581,45.27,Normal
1,216,cross_1,50.28,-0.197,76.6,32.234,46.41,Normal
1,216,cross_2,49.84,-1.162,57.58,35.07,50.17,Normal
1,216,cross_3,50.32,0.25,49.57,36.25,46.63,Normal
1,216,cross_4,50.37,0.03,84.94,36.263,45.76,Normal
1,216,cross_5,50.35,0.365,137.16,21.317,47.09,Normal
1,219,cross_0,46.7,-0.174,74.19,22.731,45.54,Normal
1,219,cross_1,50.35,0.175,79.91,32.366,46.33,Normal
1,219,cross_2,49.65,-0.533,59.58,35.016,47.61,Normal
1,219,cross_3,50.31,-0.036,48.72,36.251,45.82,Normal
1,219,cross_4,50.39,0.058,81.64,36.265,45.88,Normal
1,219,cross_5,50.29,-0.177,133.24,22.585,46.33,Normal
1,222,cross_0,46.66,-0.107,77.66,23.0,45.27,Normal
1,222,cross_1,50.36,0.027,83.82,32.537,45.74,Normal
1,222,cross_2,49.47,-0.496,62.54,34.971,47.42,Normal
1,222,cross_3,50.14,-0.475,49.12,36.251,47.51,Normal
1,222,cross_4,50.15,-0.677,79.01,36.267,48.3,Normal
1,222,cross_5,50.35,0.175,129.67,23.851,46.33,Normal
1,225,cross_0,46.66,0.008,81.76,23.387,44.87,Normal
1,225,cross_1,50.27,-0.244,88.27,32.748,46.59,Normal
1,225,cross_2,49.33,-0.399,66.35,34.935,47.0,Normal
1,225,cross_3,50.25,0.329,50.78,36.25,46.93,Normal
1,225,cross_4,50.38,0.647,77.16,36.269,48.23,Normal
1,225,cross_5,50.13,-0.617,126.52,25.112,48.05,Normal
1,228,cross_0,46.73,0.193,86.48,23.886,45.62,Normal
1,228,cross_1,50.29,0.061,93.26,32.996,45.86,Normal
1,228,cross_2,49.22,-0.285,70.95,34.906,46.53,Normal
1,228,cross_3,50.38,0.335,53.69,36.251,46.98,Normal
1,228,cross_4,50.36,-0.059,76.21,36.271,45.87,Normal
1,228,cross_5,50.34,0.571,123.83,26.37,47.92,Normal
1,231,cross_0,46.83,0.274,90.61,24.489,45.97,Normal
1,231,cross_1,50.33,0.123,97.73,33.28,46.12,Normal
1,231,cross_2,48.91,-0.885,74.87,34.885,48.85,Normal
1,231,cross_3,50.14,-0.651,55.99,36.25,48.19,Normal
1,231,cross_4,50.24,-0.325,74.87,36.272,46.91,Normal
1,231,cross_5,50.16,-0.484,120.89,27.626,47.53,Normal
1,234,cross_0,46.72,-0.314,95.33,25.189,46.11,Normal
1,234,cross_1,50.27,-0.178,102.71,33.601,46.33,Normal
1,234,cross_2,48.68,-0.625,79.54,34.871,47.77,Normal
1,234,cross_3,50.26,0.333,59.43,36.25,46.95,Normal
1,234,cross_4,50.39,0.395,74.53,36.273,47.22,Normal
1,234,cross_5,50.2,0.11,118.48,28.878,46.04,Normal
1,237,cross_0,46.83,0.324,100.05,25.978,46.17,Normal
1,237,cross_1,50.39,0.33,107.7,33.958,46.96,Normal
1,237,cross_2,48.53,-0.429,84.22,34.863,46.95,Normal
1,237,cross_3,50.16,-0.266,63.08,36.249,46.66,Normal
1,237,cross_4,50.23,-0.441,74.52,36.274,47.37,Normal
1,237,cross_5,50.37,0.464,116.23,30.127,47.5,Normal
1,240,cross_0,46.73,-0.28,105.35,26.836,45.97,Normal
1,240,cross_1,50.26,-0.347,113.19,34.341,47.0,Normal
1,240,cross_2,48.53,0.026,89.58,34.861,45.34,Normal
1,240,cross_3,50.17,0.014,67.76,36.248,45.65,Normal
1,240,cross_4,50.27,0.128,75.64,36.275,46.13,Normal
1,240,cross_5,50.17,-0.537,114.66,31.375,47.74,Normal
1,243,cross_0,46.82,0.256,110.08,27.718,45.9,Normal
1,243,cross_1,50.3,0.112,118.17,34.729,46.07,Normal
1,243,cross_2,48.46,-0.207,94.28,34.867,46.05,Normal
1,243,cross_3,50.2,0.094,71.71,36.247,45.98,Normal
1,243,cross_4,50.14,-0.363,76.32,36.275,47.04,Normal
1,243,cross_5,50.37,0.529,112.79,32.62,47.75,Normal
1,246,cross_0,46.66,-0.456,115.37,28.583,46.66,Normal
1,246,cross_1,50.21,-0.263,123.66,35.096,46.65,Normal
1,246,cross_2,48.14,-0.882,99.65,34.879,48.68,Normal
1,246,cross_3,50.32,0.314,76.62,36.246,46.88,Normal
1,246,cross_4,50.29,0.405,78.16,36.276,47.24,Normal
1,246,cross_5,50.32,-0.121,111.69,33.864,46.11,Normal
1,249,cross_0,46.88,0.599,120.1,29.387,47.28,Normal
1,249,cross_1,50.29,0.215,128.64,35.419,46.48,Normal
1,249,cross_2,48.26,0.328,104.35,34.898,46.49,Normal
1,249,cross_3,50.38,0.175,80.78,36.246,46.34,Normal
1,249,cross_4,50.25,-0.111,79.48,36.276,46.06,Normal
1,249,cross_5,50.26,-0.166,110.25,35.106,46.28,Normal
1,252,cross_0,46.69,-0.529,125.39,30.116,46.96,Normal
1,252,cross_1,50.4,0.305,134.14,35.68,46.87,Normal
1,252,cross_2,47.99,-0.761,109.72,34.924,48.16,Normal
1,252,cross_3,50.3,-0.225,85.84,36.245,46.52,Normal
1,252,cross_4,50.27,0.066,81.96,36.276,45.88,Normal
1,252,cross_5,50.15,-0.322,109.65,35.428,46.87,Normal
1,255,cross_0,46.88,0.543,130.12,30.769,47.06,Normal
1,255,cross_1,50.14,-0.714,139.11,35.885,48.44,Normal
1,255,cross_2,48.1,0.327,114.43,34.958,46.45,Normal
1,255,cross_3,50.39,0.265,90.16,36.245,46.71,Normal
1,255,cross_4,50.35,0.217,83.83,36.276,46.5,Normal
1,255,cross_5,50.39,0.681,108.67,35.687,48.37,Normal
1,258,cross_0,46.81,-0.203,134.28,31.348,45.68,Normal
1,258,cross_1,50.34,0.56,143.58,36.037,47.87,Normal
1,258,cross_2,47.95,-0.421,118.5,34.999,46.79,Normal
1,258,cross_3,50.27,-0.354,93.76,36.245,47.03,Normal
1,258,cross_4,50.28,-0.202,85.06,36.275,46.42,Normal
1,258,cross_5,50.21,-0.51,107.22,35.889,47.64,Normal
1,261,cross_0,46.78,-0.08,137.89,31.855,45.18,Normal
1,261,cross_1,50.2,-0.407,147.55,36.144,47.23,Normal
1,261,cross_2,47.8,-0.423,121.96,35.045,46.77,Normal
1,261,cross_3,50.21,-0.164,96.67,36.245,46.26,Normal
1,261,cross_4,50.31,0.089,85.62,36.274,45.98,Normal
1,261,cross_5,50.24,0.084,105.24,36.038,45.95,Normal
1,264,cross_0,46.76,-0.059,141.51,32.292,45.09,Normal
1,264,cross_1,50.18,-0.03,151.53,36.211,45.72,Normal
1,264,cross_2,47.53,-0.744,125.44,35.089,48.0,Normal
1,264,cross_3,50.33,0.328,99.68,36.245,46.94,Normal
1,264,cross_4,50.29,-0.06,86.38,36.273,45.86,Normal
1,264,cross_5,50.3,0.162,103.41,36.141,46.27,Normal
1,267,cross_0,46.72,-0.101,145.16,32.66,45.25,Normal
1,267,cross_1,50.14,-0.115,155.53,36.248,46.05,Normal
1,267,cross_2,47.6,0.184,128.96,35.127,45.77,Normal
1,267,cross_3,50.39,0.181,102.78,36.246,46.37,Normal
1,267,cross_4,50.34,0.141,87.35,36.272,46.2,Normal
1,267,cross_5,50.3,0.012,101.71,36.206,45.67,Normal
1,270,cross_0,46.68,-0.106,148.82,32.964,45.27,Normal
1,270,cross_1,50.27,0.349,159.55,36.262,47.01,Normal
1,270,cross_2,47.49,-0.291,132.51,35.152,46.18,Normal
1,270,cross_3,50.37,-0.068,105.97,36.246,45.91,Normal
1,270,cross_4,50.28,-0.153,88.52,36.271,46.23,Normal
1,270,cross_5,50.16,-0.38,100.18,36.24,47.11,Normal
1,273,cross_0,46.87,0.522,153.03,33.209,46.97,Normal
1,273,cross_1,50.39,0.35,164.07,36.264,47.04,Normal
1,273,cross_2,47.58,0.246,136.67,35.162,46.01,Normal
1,273,cross_3,50.23,-0.386,109.94,36.246,47.15,Normal
1,273,cross_4,50.3,0.055,90.76,36.27,45.84,Normal
1,273,cross_5,50.15,-0.048,99.59,36.253,45.78,Normal
1,276,cross_0,46.91,0.116,157.25,33.399,45.36,Normal
1,276,cross_1,50.35,-0.131,168.58,36.264,46.16,Normal
1,276,cross_2,47.46,-0.329,140.84,35.155,46.32,Normal
1,276,cross_3,50.2,-0.082,113.95,36.246,45.93,Normal
1,276,cross_4,50.3,0.001,93.18,36.269,45.63,Normal
1,276,cross_5,50.38,0.645,99.21,36.256,48.22,Normal
1,279,cross_0,46.86,-0.154,161.47,33.539,45.5,Normal
1,279,cross_1,50.37,0.075,173.09,36.264,45.94,Normal
1,279,cross_2,47.45,-0.032,145.02,35.132,45.13,Normal
1,279,cross_3,50.4,0.552,118.01,36.246,47.85,Normal
1,279,cross_4,50.28,-0.079,95.75,36.268,45.93,Normal
1,279,cross_5,50.22,-0.442,99.03,36.256,47.37,Normal
1,282,cross_0,46.85,-0.013,165.17,33.636,44.93,Normal
1,282,cross_1,50.38,0.026,177.14,36.263,45.75,Normal
1,282,cross_2,47.34,-0.311,148.63,35.092,46.22,Normal
1,282,cross_3,50.22,-0.503,121.42,36.246,47.61,Normal
1,282,cross_4,50.19,-0.231,97.59,36.266,46.52,Normal
1,282,cross_5,50.22,-0.003,98.23,36.256,45.62,Normal
1,285,cross_0,46.84,-0.028,168.89,33.697,44.99,Normal
1,285,cross_1,50.23,-0.42,181.19,36.262,47.29,Normal
1,285,cross_2,47.3,-0.106,152.26,35.035,45.39,Normal
1,285,cross_3,50.4,0.499,124.89,36.247,47.64,Normal
1,285,cross_4,50.38,0.515,99.59,36.265,47.7,Normal
1,285,cross_5,50.16,-0.167,97.61,36.256,46.26,Normal
1,288,cross_0,46.77,-0.198,172.62,33.728,45.65,Normal
1,288,cross_1,50.2,-0.082,185.26,36.262,45.93,Normal
1,288,cross_2,47.32,0.037,155.9,34.967,45.12,Normal
1,288,cross_3,50.16,-0.663,128.4,36.246,48.24,Normal
1,288,cross_4,50.35,-0.077,101.72,36.263,45.94,Normal
1,288,cross_5,50.33,0.469,97.18,36.255,47.51,Normal
1,291,cross_0,46.7,-0.195,176.36,33.739,45.63,Normal
1,291,cross_1,50.14,-0.183,189.34,36.261,46.32,Normal
1,291,cross_2,47.31,-0.018,159.56,34.89,45.05,Normal
1,291,cross_3,50.39,0.643,131.96,36.246,48.21,Normal
1,291,cross_4,50.29,-0.184,103.99,36.262,46.35,Normal
1,291,cross_5,50.39,0.159,96.93,36.255,46.28,Normal
1,294,cross_0,46.78,0.206,180.61,33.74,45.69,Normal
1,294,cross_1,50.28,0.407,193.86,36.26,47.25,Normal
1,294,cross_2,47.27,-0.119,163.78,34.811,45.44,Normal
1,294,cross_3,50.33,-0.173,136.19,36.245,46.32,Normal
1,294,cross_4,50.35,0.172,107.22,36.261,46.32,Normal
1,294,cross_5,50.33,-0.143,97.75,36.254,46.2,Normal
1,297,cross_0,46.71,-0.181,185.35,33.74,45.57,Normal
1,297,cross_1,50.21,-0.202,198.84,36.259,46.41,Normal
1,297,cross_2,47.12,-0.405,168.55,34.734,46.55,Normal
1,297,cross_3,50.14,-0.512,141.06,36.245,47.64,Normal
1,297,cross_4,50.32,-0.07,111.36,36.26,45.91,Normal
1,297,cross_5,50.25,-0.23,99.67,36.254,46.53,Normal
1,300,cross_0,46.9,0.531,190.59,33.741,47.01,Normal
1,300,cross_1,50.21,0.007,204.27,36.258,45.63,Normal
1,300,cross_2,47.23,0.309,173.86,34.662,46.19,Normal
1,300,cross_3,50.15,0.014,146.57,36.244,45.65,Normal
1,300,cross_4,50.39,0.177,116.38,36.259,46.35,Normal
1,300,cross_5,50.37,0.327,102.69,36.253,46.94,Normal
1,303,cross_0,46.72,-0.497,196.16,33.741,46.84,Normal
1,303,cross_1,50.24,0.085,210.0,36.257,45.95,Normal
1,303,cross_2,46.89,-0.944,179.53,34.595,48.66,Normal
1,303,cross_3,50.34,0.534,152.51,36.244,47.77,Normal
1,303,cross_4,50.24,-0.409,121.98,36.259,47.25,Normal
1,303,cross_5,50.33,-0.1,106.51,36.253,46.03,Normal
1,306,cross_0,46.88,0.439,201.74,33.741,46.64,Normal
1,306,cross_1,50.28,0.093,215.74,36.256,45.99,Normal
1,306,cross_2,47.11,0.595,185.21,34.533,47.31,Normal
1,306,cross_3,50.3,-0.111,158.43,36.244,46.07,Normal
1,306,cross_4,50.25,0.021,127.61,36.259,45.69,Normal
1,306,cross_5,50.21,-0.355,110.52,36.254,47.02,Normal
1,309,cross_0,46.77,-0.312,207.34,33.742,46.11,Normal
1,309,cross_1,50.35,0.193,221.5,36.255,46.41,Normal
1,309,cross_2,47.25,0.397,190.89,34.476,46.55,Normal
1,309,cross_3,50.29,-0.014,164.37,36.245,45.68,Normal
1,309,cross_4,50.32,0.199,133.26,36.258,46.42,Normal
1,309,cross_5,50.39,0.504,114.69,36.255,47.66,Normal
1,312,cross_0,46.66,-0.305,212.42,33.742,46.06,Normal
1,312,cross_1,50.23,-0.33,226.79,36.255,46.92,Normal
1,312,cross_2,46.98,-0.747,196.01,34.424,47.89,Normal
1,312,cross_3,50.37,0.22,169.68,36.246,46.52,Normal
1,312,cross_4,50.39,0.193,138.16,36.258,46.41,Normal
1,312,cross_5,50.33,-0.168,118.11,36.256,46.3,Normal
1,315,cross_0,46.9,0.66,218.03,33.742,47.53,Normal
1,315,cross_1,50.24,0.024,232.55,36.254,45.7,Normal
1,315,cross_2,47.19,0.578,201.69,34.375,47.26,Normal
1,315,cross_3,50.38,0.02,175.61,36.247,45.72,Normal
1,315,cross_4,50.18,-0.583,143.86,36.258,47.93,Normal
1,315,cross_5,50.24,-0.232,122.57,36.257,46.54,Normal
1,318,cross_0,46.9,0.003,223.12,33.743,44.9,Normal
1,318,cross_2,46.92,-0.751,206.82,34.33,47.9,Normal
1,318,cross_3,50.18,-0.559,180.92,36.249,47.83,Normal
1,318,cross_4,50.32,0.408,148.81,36.258,47.26,Normal
1,318,cross_5,50.22,-0.075,126.26,36.258,45.9,Normal
1,321,cross_0,46.68,-0.604,228.2,33.744,47.26,Normal
1,321,cross_2,46.84,-0.208,211.93,34.287,45.71,Normal
1,321,cross_3,50.26,0.231,186.22,36.25,46.54,Normal
1,321,cross_4,50.36,0.111,153.78,36.259,46.08,Normal
1,321,cross_5,50.16,-0.157,130.05,36.258,46.22,Normal
1,324,cross_0,46.78,0.288,233.82,33.745,46.02,Normal
1,324,cross_2,46.92,0.226,217.61,34.248,45.8,Normal
1,324,cross_3,50.24,-0.063,192.15,36.251,45.86,Normal
1,324,cross_4,50.14,-0.623,159.53,36.259,48.08,Normal
1,324,cross_5,50.17,0.035,134.85,36.258,45.74,Normal
1,327,cross_0,46.71,-0.21,238.91,33.746,45.69,Normal
1,327,cross_2,46.93,0.004,222.73,34.211,44.91,Normal
1,327,cross_3,50.16,-0.211,197.46,36.252,46.43,Normal
1,327,cross_4,50.14,0.006,164.54,36.259,45.61,Normal
1,327,cross_5,50.28,0.313,138.84,36.258,46.87,Normal
1,330,cross_0,46.72,0.026,244.54,33.746,44.96,Normal
1,330,cross_2,46.98,0.137,228.41,34.177,45.45,Normal
1,330,cross_3,50.21,0.135,203.39,36.252,46.14,Normal
1,330,cross_4,50.25,0.289,170.33,36.259,46.77,Normal
1,330,cross_5,50.15,-0.369,143.8,36.258,47.07,Normal
1,333,cross_2,48.37,3.877,234.14,34.148,60.71,Normal
1,333,cross_3,50.23,0.05,209.32,36.252,45.81,Normal
1,333,cross_4,50.14,-0.286,176.13,36.259,46.73,Normal
1,333,cross_5,50.3,0.415,148.83,36.258,47.28,Normal
1,336,cross_2,50.22,5.144,239.44,34.135,65.61,Normal
1,336,cross_3,50.15,-0.219,214.62,36.252,46.47,Normal
1,336,cross_4,50.31,0.471,181.18,36.258,47.51,Normal
1,336,cross_5,50.35,0.123,153.06,36.258,46.12,Normal
1,339,cross_2,50.14,-0.221,245.34,34.137,46.47,Normal
1,339,cross_3,50.39,0.661,220.55,36.253,48.29,Normal
1,339,cross_4,50.2,-0.314,186.99,36.258,46.86,Normal
1,339,cross_5,50.32,-0.064,158.22,36.259,45.88,Normal
1,342,cross_2,50.4,0.701,251.24,34.156,48.45,Normal
1,342,cross_3,50.15,-0.675,226.48,36.253,48.29,Normal
1,342,cross_4,50.27,0.199,192.82,36.257,46.41,Normal
1,342,cross_5,50.3,-0.06,163.43,36.259,45.86,Normal
1,345,cross_2,50.36,-0.097,257.15,34.189,46.02,Normal
1,345,cross_3,50.24,0.245,232.41,36.252,46.59,Normal
1,345,cross_4,50.2,-0.188,198.65,36.257,46.35,Normal
1,345,cross_5,50.28,-0.047,168.69,36.259,45.81,Normal
1,348,cross_3,50.36,0.353,237.72,36.252,47.05,Normal
1,348,cross_4,50.17,-0.08,203.74,36.256,45.91,Normal
1,348,cross_5,50.19,-0.248,173.14,36.26,46.59,Normal
1,351,cross_3,50.24,-0.351,242.41,36.252,47.01,Normal
1,351,cross_4,50.3,0.357,208.12,36.255,47.05,Normal
1,351,cross_5,50.35,0.423,176.79,36.26,47.33,Normal
1,354,cross_3,50.35,0.32,247.72,36.251,46.91,Normal
1,354,cross_4,50.17,-0.365,213.24,36.254,47.05,Normal
1,354,cross_5,50.19,-0.427,181.34,36.26,47.31,Normal
1,357,cross_3,50.31,-0.115,252.42,36.251,46.09,Normal
1,357,cross_4,50.27,0.267,217.65,36.254,46.69,Normal
1,357,cross_5,50.18,-0.035,185.09,36.26,45.74,Normal
1,360,cross_3,50.27,-0.108,257.74,36.251,46.05,Normal
1,360,cross_4,50.21,-0.171,222.79,36.253,46.28,Normal
1,360,cross_5,50.23,0.138,189.73,36.26,46.16,Normal
1,363,cross_3,50.26,-0.017,263.66,36.251,45.68,Normal
1,363,cross_4,50.13,-0.201,228.66,36.252,46.39,Normal
1,363,cross_5,50.25,0.057,195.22,36.26,45.84,Normal
1,366,cross_3,50.3,0.097,269.59,36.25,46.01,Normal
1,366,cross_4,50.24,0.286,234.54,36.251,46.75,Normal
1,366,cross_5,50.39,0.388,200.75,36.26,47.2,Normal
1,369,cross_4,50.26,0.064,240.42,36.25,45.87,Normal
1,369,cross_5,50.32,-0.202,206.29,36.26,46.44,Normal
1,372,cross_4,50.21,-0.149,246.29,36.248,46.2,Normal
1,372,cross_5,50.35,0.1,211.86,36.26,46.04,Normal
1,375,cross_4,50.25,0.135,252.18,36.247,46.15,Normal
1,375,cross_5,50.29,-0.168,217.44,36.26,46.29,Normal
2,3,cross_0,41.93,-13.29,245.68,69.175,63.91,Normal
2,6,cross_0,44.2,6.303,241.51,90.476,64.34,Normal
2,9,cross_0,46.55,6.529,237.74,106.472,64.82,Normal
2,12,cross_0,46.73,0.483,234.43,119.31,46.78,Normal
2,15,cross_0,46.78,0.157,230.61,129.928,45.49,Normal
2,18,cross_0,46.86,0.223,226.24,138.837,45.77,Normal
2,21,cross_0,46.7,-0.459,222.43,146.349,46.68,Normal
2,21,cross_1,33.17,-47.401,242.25,69.573,62.45,Normal
2,24,cross_0,46.66,-0.111,219.19,152.672,45.28,Normal
2,24,cross_1,35.29,5.876,239.74,90.28,62.77,Normal
2,27,cross_0,46.88,0.627,215.96,157.947,47.39,Normal
2,27,cross_1,37.51,6.182,237.08,106.01,63.13,Normal
2,30,cross_0,46.71,-0.483,212.96,162.277,46.78,Normal
2,30,cross_1,40.02,6.974,234.45,118.729,63.56,Normal
2,33,cross_0,46.82,0.295,209.98,165.735,46.05,Normal
2,33,cross_1,42.23,6.118,231.68,129.307,63.96,Normal
2,36,cross_0,46.71,-0.294,206.44,168.377,46.03,Normal
2,36,cross_1,44.51,6.355,228.23,138.217,64.4,Normal
2,39,cross_0,46.66,-0.151,202.93,170.238,45.44,Normal
2,39,cross_1,46.82,6.397,224.65,145.752,64.87,Normal
2,42,cross_0,46.78,0.347,200.03,171.346,46.25,Normal
2,42,cross_1,49.27,6.812,221.47,152.101,65.39,Normal
2,45,cross_0,46.77,-0.025,197.16,171.715,44.96,Normal
2,45,cross_1,50.37,3.071,218.21,157.401,57.92,Normal
2,48,cross_0,46.8,0.064,194.33,171.349,45.12,Normal
2,48,cross_1,50.28,-0.274,214.98,161.754,46.71,Normal
2,51,cross_0,46.72,-0.208,191.54,170.243,45.68,Normal
2,51,cross_1,50.33,0.139,211.79,165.236,46.18,Normal
2,51,cross_2,43.95,-17.808,241.46,69.567,64.29,Normal
2,54,cross_0,46.9,0.511,188.79,168.384,46.93,Normal
2,54,cross_1,50.31,-0.055,208.63,167.9,45.84,Normal
2,54,cross_2,46.2,6.26,238.32,90.888,64.74,Normal
2,57,cross_0,46.72,-0.525,185.43,165.745,46.95,Normal
2,57,cross_1,50.4,0.25,204.89,169.785,46.64,Normal
2,57,cross_2,48.42,6.146,234.54,106.901,65.21,Normal
2,60,cross_0,46.73,0.051,181.44,162.289,45.06,Normal
2,60,cross_1,50.16,-0.658,200.58,170.917,48.22,Normal
2,60,cross_2,50.27,5.15,230.11,119.741,65.62,Normal
2,63,cross_0,46.82,0.232,176.81,157.962,45.8,Normal
2,63,cross_1,50.3,0.39,195.67,171.311,47.18,Normal
2,63,cross_2,50.4,0.354,225.13,130.347,47.06,Normal
2,66,cross_0,46.82,0.005,172.84,152.69,44.89,Normal
2,66,cross_1,50.29,-0.024,191.37,170.972,45.72,Normal
2,66,cross_2,50.28,-0.314,220.66,139.233,46.88,Normal
2,69,cross_0,46.67,-0.403,168.22,146.37,46.45,Normal
2,69,cross_1,50.27,-0.054,186.47,169.895,45.83,Normal
2,69,cross_2,50.25,-0.094,215.69,146.714,45.99,Normal
2,72,cross_0,46.79,0.332,162.94,138.861,46.19,Normal
2,72,cross_1,50.36,0.254,180.95,168.066,46.65,Normal
2,72,cross_2,50.21,-0.12,210.19,152.997,46.08,Normal
2,75,cross_0,46.87,0.222,157.21,129.955,45.77,Normal
2,75,cross_1,50.36,-0.005,175.02,165.461,45.66,Normal
2,75,cross_2,50.2,-0.021,204.35,158.227,45.68,Normal
2,78,cross_0,46.71,-0.452,151.48,119.34,46.66,Normal
2,78,cross_1,50.26,-0.286,169.09,162.041,46.76,Normal
2,78,cross_2,50.36,0.443,198.51,162.509,47.41,Normal
2,81,cross_0,46.69,-0.055,146.42,106.508,45.06,Normal
2,81,cross_1,50.34,0.231,163.78,157.755,46.55,Normal
2,81,cross_2,50.28,-0.223,193.19,165.916,46.51,Normal
2,81,cross_3,36.74,-37.66,227.3,69.472,63.0,Normal
2,84,cross_0,46.68,-0.031,140.69,90.518,44.96,Normal
2,84,cross_1,50.17,-0.484,157.86,152.529,47.53,Normal
2,84,cross_2,50.15,-0.358,187.36,168.504,47.02,Normal
2,84,cross_3,38.86,5.877,222.46,90.096,63.36,Normal
2,87,cross_0,46.85,0.467,134.96,69.218,46.75,Normal
2,87,cross_1,50.22,0.14,151.93,146.263,46.16,Normal
2,87,cross_2,50.28,0.347,181.54,170.313,47.01,Normal
2,87,cross_3,41.21,6.531,217.48,105.74,63.77,Normal
2,90,cross_0,46.73,-0.335,129.24,33.711,46.19,Normal
2,90,cross_1,50.34,0.344,146.0,138.815,47.01,Normal
2,90,cross_2,50.36,0.247,175.72,171.368,46.63,Normal
2,90,cross_3,43.57,6.559,212.35,118.371,64.22,Normal
2,93,cross_0,46.89,0.439,123.51,33.731,46.64,Normal
2,93,cross_1,50.22,-0.334,140.07,129.982,46.94,Normal
2,93,cross_2,50.36,-0.012,169.91,171.686,45.68,Normal
2,93,cross_3,45.77,6.113,207.07,128.858,64.66,Normal
2,96,cross_0,46.7,-0.505,117.78,33.736,46.87,Normal
2,96,cross_1,50.3,0.228,134.14,119.458,46.54,Normal
2,96,cross_2,50.38,0.05,164.11,171.272,45.84,Normal
2,96,cross_3,48.31,7.056,201.63,137.676,65.19,Normal
2,99,cross_0,46.77,0.178,112.05,33.736,45.57,Normal
2,99,cross_1,50.23,-0.199,128.22,106.744,46.4,Normal
2,99,cross_2,50.24,-0.384,158.33,170.124,47.14,Normal
2,99,cross_3,50.22,5.29,196.04,145.116,65.6,Normal
2,102,cross_0,46.83,0.186,106.32,33.736,45.62,Normal
2,102,cross_1,50.38,0.415,122.29,90.925,47.3,Normal
2,102,cross_2,50.38,0.374,152.55,168.227,47.14,Normal
2,102,cross_3,50.28,0.177,190.42,151.379,46.32,Normal
2,105,cross_0,46.83,-0.022,100.59,33.737,44.96,Normal
2,105,cross_1,50.25,-0.375,116.36,69.926,47.11,Normal
2,105,cross_2,50.27,-0.304,146.79,165.559,46.83,Normal
2,105,cross_3,50.19,-0.238,184.83,156.607,46.55,Normal
2,108,cross_0,46.9,0.191,94.86,33.738,45.65,Normal
2,108,cross_1,50.3,0.142,110.44,35.511,46.19,Normal
2,108,cross_2,50.37,0.281,141.04,162.082,46.76,Normal
2,108,cross_3,50.26,0.19,179.26,160.901,46.37,Normal
2,111,cross_0,46.89,-0.025,89.13,33.74,44.99,Normal
2,111,cross_1,50.14,-0.421,104.51,35.753,47.27,Normal
2,111,cross_2,50.3,-0.191,135.3,157.747,46.38,Normal
2,111,cross_3,50.26,-0.007,173.71,164.333,45.64,Normal
2,114,cross_0,46.76,-0.342,83.4,33.741,46.23,Normal
2,114,cross_1,50.22,0.202,98.59,35.938,46.41,Normal
2,114,cross_2,50.28,-0.056,129.58,152.482,45.84,Normal
2,114,cross_3,50.25,-0.012,168.19,166.956,45.66,Normal
2,117,cross_0,46.71,-0.156,78.36,33.743,45.47,Normal
2,117,cross_1,50.22,0.002,93.27,36.073,45.61,Normal
2,117,cross_2,50.24,-0.099,124.32,146.188,46.01,Normal
2,117,cross_3,50.39,0.364,163.03,168.809,47.1,Normal
2,120,cross_0,46.72,0.026,72.64,33.744,44.95,Normal
2,120,cross_1,50.28,0.158,87.34,36.164,46.25,Normal
2,120,cross_2,50.17,-0.206,118.63,138.729,46.42,Normal
2,120,cross_3,50.22,-0.461,157.56,169.916,47.45,Normal
2,120,cross_4,46.8,-9.597,209.19,63.513,64.87,Normal
2,123,cross_0,46.83,0.303,66.92,33.745,46.08,Normal
2,123,cross_1,50.37,0.266,81.41,36.219,46.7,Normal
2,123,cross_2,50.32,0.425,112.98,129.906,47.33,Normal
2,123,cross_3,50.31,0.242,152.12,170.292,46.59,Normal
2,123,cross_4,48.98,6.044,204.21,81.052,65.33,Normal
2,126,cross_0,46.74,-0.225,61.2,33.745,45.75,Normal
2,126,cross_1,50.14,-0.628,75.48,36.246,48.1,Normal
2,126,cross_2,50.35,0.07,107.35,119.416,45.91,Normal
2,126,cross_3,50.32,0.04,146.72,169.943,45.79,Normal
2,126,cross_4,50.32,3.726,199.13,94.432,60.53,Normal
2,129,cross_0,46.66,-0.241,55.48,33.746,45.8,Normal
2,129,cross_1,50.39,0.671,69.56,36.255,48.32,Normal
2,129,cross_2,50.38,0.093,101.75,106.754,46.01,Normal
2,129,cross_3,50.38,0.156,141.36,168.863,46.26,Normal
2,129,cross_4,50.32,0.02,194.09,105.25,45.71,Normal
2,132,cross_0,46.72,0.188,49.77,33.746,45.6,Normal
2,132,cross_1,50.36,-0.077,63.64,36.255,45.95,Normal
2,132,cross_2,50.18,-0.547,96.2,91.015,47.78,Normal
2,132,cross_3,50.33,-0.132,136.05,167.038,46.16,Normal
2,132,cross_4,50.36,0.107,189.09,114.236,46.06,Normal
2,135,cross_0,46.66,-0.186,44.77,33.747,46.45,Normal
2,135,cross_1,50.15,-0.578,58.31,36.255,47.9,Normal
2,135,cross_2,50.37,0.521,91.04,70.156,47.72,Normal
2,135,cross_3,50.28,-0.128,131.06,164.445,46.13,Normal
2,135,cross_4,50.28,-0.218,184.33,121.796,46.49,Normal
2,138,cross_0,46.81,0.414,39.08,33.747,50.34,Normal
2,138,cross_1,50.17,0.052,52.4,36.255,45.8,Normal
2,138,cross_2,50.2,-0.482,85.57,36.207,47.53,Normal
2,138,cross_3,50.27,-0.036,125.84,161.044,45.76,Normal
2,138,cross_4,50.28,-0.002,179.44,128.183,45.63,Normal
2,141,cross_0,46.67,-0.374,34.13,33.747,54.39,Normal
2,141,cross_1,50.27,0.272,47.07,36.255,46.98,Normal
2,141,cross_2,50.39,0.543,80.47,36.243,47.82,Normal
2,141,cross_3,50.22,-0.138,120.93,156.786,46.16,Normal
2,141,cross_4,50.24,-0.114,174.76,133.566,46.07,Normal
2,144,cross_0,46.77,0.266,29.24,33.748,59.71,Normal
2,144,cross_1,50.39,0.353,41.75,36.254,49.23,Normal
2,144,cross_2,50.13,-0.723,75.41,36.257,48.48,Normal
2,144,cross_3,50.27,0.133,116.04,151.595,46.15,Normal
2,144,cross_4,50.18,-0.167,170.12,138.061,46.26,Normal
2,147,cross_0,46.69,-0.22,24.44,33.748,66.63,Normal
2,147,cross_1,50.31,-0.231,36.43,36.255,52.44,Normal
2,147,cross_2,50.14,0.014,70.39,36.259,45.64,Normal
2,147,cross_3,50.2,-0.187,111.2,145.374,46.35,Normal
2,147,cross_4,50.2,0.049,165.51,141.754,45.79,Normal
2,150,cross_0,46.77,0.232,20.63,33.749,73.39,Aggressive
2,150,cross_1,50.23,-0.213,31.75,36.255,57.12,Normal
2,150,cross_2,50.26,0.354,65.67,36.258,47.03,Normal
2,150,cross_3,50.22,0.042,106.59,137.982,45.77,Normal
2,150,cross_4,50.33,0.375,161.05,144.705,47.13,Normal
2,153,cross_0,46.91,0.372,16.32,33.749,82.67,Aggressive
2,153,cross_1,50.22,-0.034,26.46,36.256,63.47,Normal
2,153,cross_2,50.28,0.037,60.73,36.258,45.76,Normal
2,153,cross_3,50.22,0.001,101.83,129.22,45.61,Normal
2,153,cross_4,50.21,-0.34,156.53,146.959,46.96,Normal
2,156,cross_0,46.91,0.001,12.62,33.749,89.6,Aggressive
2,156,cross_1,50.25,0.092,21.19,36.256,72.53,Aggressive
2,156,cross_2,50.33,0.139,55.86,36.258,46.18,Normal
2,156,cross_3,50.38,0.443,97.12,118.783,47.41,Normal
2,156,cross_4,50.38,0.474,152.05,148.548,47.54,Normal
2,159,cross_0,46.77,-0.376,11.05,33.749,94.92,Aggressive
2,159,cross_1,50.33,0.196,16.68,36.257,81.93,Aggressive
2,159,cross_2,50.31,-0.049,51.25,36.257,45.82,Normal
2,159,cross_3,50.2,-0.483,92.62,106.179,47.53,Normal
2,159,cross_4,50.23,-0.417,147.69,149.494,47.28,Normal
2,162,cross_0,46.8,0.074,10.65,33.749,94.72,Aggressive
2,162,cross_1,50.33,0.002,11.63,36.258,92.75,Aggressive
2,162,cross_2,50.38,0.198,46.55,36.257,46.81,Normal
2,162,cross_3,50.22,0.036,88.03,90.507,45.75,Normal
2,162,cross_4,50.3,0.179,143.31,149.808,46.34,Normal
2,162,cross_5,30.16,-55.928,197.0,54.008,62.02,Normal
2,165,cross_0,46.9,0.287,12.82,33.75,90.27,Aggressive
2,165,cross_1,50.26,-0.195,7.87,36.258,100.0,Aggressive
2,165,cross_2,50.18,-0.562,42.09,36.257,49.85,Normal
2,165,cross_3,50.34,0.358,83.62,69.731,47.06,Normal
2,165,cross_4,50.32,0.076,139.03,149.494,45.93,Normal
2,165,cross_5,32.32,5.991,194.27,66.564,62.32,Normal
2,168,cross_0,46.74,-0.461,16.04,33.75,83.61,Aggressive
2,168,cross_1,50.19,-0.181,5.94,36.259,100.0,Aggressive
2,168,cross_2,50.22,0.106,37.72,36.257,50.86,Normal
2,168,cross_3,50.36,0.057,79.25,35.863,45.87,Normal
2,168,cross_4,50.24,-0.234,134.79,148.549,46.55,Normal
2,168,cross_5,34.53,6.145,191.37,76.495,62.65,Normal
2,171,cross_0,46.71,-0.069,19.8,33.75,74.3,Aggressive
2,171,cross_1,50.29,0.285,7.83,36.259,100.0,Aggressive
2,171,cross_2,50.16,-0.172,33.48,36.257,55.02,Normal
2,171,cross_3,50.39,0.067,74.97,36.021,45.91,Normal
2,171,cross_4,50.33,0.235,130.59,146.96,46.57,Normal
2,171,cross_5,36.6,5.758,188.34,84.702,62.98,Normal
2,174,cross_0,46.66,-0.139,23.69,33.749,67.55,Normal
2,174,cross_1,50.16,-0.376,11.48,36.259,94.57,Aggressive
2,174,cross_2,49.77,-1.065,29.3,36.256,63.47,Normal
2,174,cross_3,50.19,-0.549,70.75,36.132,47.79,Normal
2,174,cross_4,50.23,-0.269,126.39,144.706,46.68,Normal
2,174,cross_5,38.89,6.367,185.15,91.625,63.36,Normal
2,177,cross_0,46.78,0.331,27.63,33.749,62.21,Normal
2,177,cross_1,50.36,0.572,15.32,36.259,86.42,Aggressive
2,177,cross_2,50.32,1.509,25.18,36.253,71.38,Aggressive
2,177,cross_3,50.24,0.128,66.51,36.203,46.12,Normal
2,177,cross_4,50.3,0.204,122.21,141.756,46.44,Normal
2,177,cross_5,41.39,6.951,181.76,97.519,63.81,Normal
2,180,cross_0,46.76,-0.047,31.55,33.748,55.94,Normal
2,180,cross_1,50.17,-0.549,19.44,36.259,77.67,Aggressive
2,180,cross_2,45.46,-13.5,21.31,36.237,90.92,Aggressive
2,180,cross_3,50.23,-0.022,62.32,36.241,45.69,Normal
2,180,cross_4,50.21,-0.263,118.03,138.064,46.65,Normal
2,180,cross_5,43.72,6.458,178.17,102.543,64.25,Normal
2,183,cross_0,46.9,0.369,35.48,33.748,53.11,Normal
2,183,cross_1,50.14,-0.072,23.6,36.259,68.18,Normal
2,183,cross_2,40.6,-13.5,17.9,36.184,96.64,Aggressive
2,183,cross_3,50.32,0.251,58.13,36.257,46.63,Normal
2,183,cross_4,50.3,0.265,113.85,133.569,46.68,Normal
2,183,cross_5,46.06,6.511,174.39,106.804,64.72,Normal
2,186,cross_0,46.79,-0.303,39.37,33.746,49.69,Normal
2,186,cross_1,50.26,0.346,27.79,36.259,62.79,Normal
2,186,cross_2,35.74,-13.478,14.82,36.076,100.0,Aggressive
2,186,cross_3,50.34,0.062,53.94,36.259,45.88,Normal
2,186,cross_4,50.27,-0.081,109.66,128.188,45.94,Normal
2,186,cross_5,48.48,6.724,170.42,110.379,65.22,Normal
2,189,cross_0,46.92,0.361,43.32,33.745,47.76,Normal
2,189,cross_1,50.39,0.354,31.97,36.259,57.45,Normal
2,189,cross_2,30.88,-13.5,12.4,35.896,100.0,Aggressive
2,189,cross_3,50.24,-0.294,49.75,36.258,46.79,Normal
2,189,cross_4,50.4,0.338,105.5,121.801,46.99,Normal
2,189,cross_5,50.16,4.664,166.28,113.325,64.25,Normal
2,192,cross_0,46.72,-0.556,47.28,33.744,47.31,Normal
2,192,cross_1,50.23,-0.443,36.18,36.259,53.49,Normal
2,192,cross_2,26.04,-13.458,10.56,35.628,100.0,Aggressive
2,192,cross_3,50.16,-0.222,45.59,36.257,47.1,Normal
2,192,cross_4,50.39,-0.02,101.34,114.242,45.72,Normal
2,192,cross_5,50.34,0.491,162.09,115.687,47.59,Normal
2,195,cross_0,46.89,0.493,51.36,33.743,46.86,Normal
2,195,cross_1,50.19,-0.119,40.47,36.259,48.98,Normal
2,195,cross_2,21.18,-13.5,9.91,35.26,100.0,Aggressive
2,195,cross_3,50.22,0.183,41.5,36.256,48.65,Normal
2,195,cross_4,50.32,-0.19,97.25,105.258,46.39,Normal
2,195,cross_5,50.21,-0.352,157.93,117.5,47.01,Normal
2,198,cross_0,46.81,-0.234,55.35,33.743,45.81,Normal
2,198,cross_1,50.19,0.004,44.72,36.259,46.5,Normal
2,198,cross_2,23.48,6.387,9.21,34.802,100.0,Aggressive
2,198,cross_3,50.28,0.155,37.41,36.255,51.31,Normal
2,198,cross_4,50.4,0.214,93.14,94.443,46.5,Normal
2,198,cross_5,50.26,0.121,153.77,118.79,46.1,Normal
2,201,cross_0,46.77,-0.117,59.21,33.743,45.33,Normal
2,201,cross_1,50.29,0.28,48.9,36.259,46.78,Normal
2,201,cross_2,25.85,6.6,8.07,34.271,100.0,Aggressive
2,201,cross_3,50.2,-0.222,33.25,36.254,55.47,Normal
2,201,cross_4,50.38,-0.033,88.96,81.068,45.77,Normal
2,201,cross_5,50.18,-0.224,149.59,119.574,46.49,Normal
2,204,cross_0,46.91,0.404,63.08,33.743,46.5,Normal
2,204,cross_1,50.4,0.299,53.08,36.259,46.84,Normal
2,204,cross_2,28.27,6.711,7.31,33.683,100.0,Aggressive
2,204,cross_3,50.32,0.352,29.1,36.252,61.02,Normal
2,204,cross_4,50.14,-0.668,84.79,63.536,48.26,Normal
2,204,cross_5,50.17,-0.014,145.4,119.861,45.65,Normal
2,207,cross_0,46.67,-0.679,66.95,33.743,47.56,Normal
2,207,cross_1,50.2,-0.565,57.25,36.259,47.86,Normal
2,207,cross_2,30.58,6.41,7.26,33.055,100.0,Aggressive
2,207,cross_3,49.63,-1.943,24.98,36.25,73.28,Aggressive
2,207,cross_4,50.38,0.66,80.61,36.248,48.28,Normal
2,207,cross_5,50.25,0.22,141.21,119.655,46.49,Normal
2,210,cross_0,46.91,0.666,70.83,33.743,47.55,Normal
2,210,cross_1,50.19,-0.007,61.43,36.259,45.63,Normal
2,210,cross_2,32.56,5.512,8.1,32.4,100.0,Aggressive
2,210,cross_3,44.91,-13.109,21.16,36.231,91.09,Aggressive
2,210,cross_4,50.36,-0.057,76.43,36.26,45.86,Normal
2,210,cross_5,50.29,0.111,137.02,118.954,46.07,Normal
2,213,cross_0,46.69,-0.601,74.71,33.743,47.25,Normal
2,213,cross_1,50.23,0.11,65.61,36.259,46.05,Normal
2,213,cross_2,34.77,6.144,9.74,31.731,100.0,Aggressive
2,213,cross_3,40.05,-13.5,17.76,36.173,96.82,Aggressive
2,213,cross_4,50.37,0.03,72.26,36.263,45.76,Normal
2,213,cross_5,50.29,-0.015,132.83,117.748,45.68,Normal
2,216,cross_0,46.78,0.251,78.68,33.743,45.87,Normal
2,216,cross_1,50.4,0.459,69.86,36.26,47.48,Normal
2,216,cross_2,37.22,6.802,12.56,31.061,100.0,Aggressive
2,216,cross_3,35.19,-13.5,15.06,36.058,100.0,Aggressive
2,216,cross_4,50.39,0.058,68.19,36.264,45.88,Normal
2,216,cross_5,50.34,0.162,128.68,116.022,46.28,Normal
2,219,cross_0,46.7,-0.228,82.65,33.743,45.76,Normal
2,219,cross_1,50.37,-0.077,74.11,36.261,45.95,Normal
2,219,cross_2,39.57,6.528,15.67,30.406,100.0,Aggressive
2,219,cross_3,30.33,-13.5,12.95,35.869,100.0,Aggressive
2,219,cross_4,50.15,-0.677,64.15,36.266,48.3,Normal
2,219,cross_5,50.36,0.058,124.53,113.752,45.87,Normal
2,222,cross_0,46.84,0.384,86.73,33.743,46.41,Normal
2,222,cross_1,50.23,-0.379,78.44,36.262,47.12,Normal
2,222,cross_2,41.7,5.902,19.51,29.777,93.61,Aggressive
2,222,cross_3,30.18,-0.4,11.86,35.601,90.16,Aggressive
2,222,cross_4,50.38,0.647,60.3,36.268,48.23,Normal
2,222,cross_5,50.35,-0.042,120.44,110.904,45.8,Normal
2,225,cross_0,46.9,0.182,90.71,33.742,45.62,Normal
2,225,cross_1,50.34,0.295,82.7,36.263,46.81,Normal
2,225,cross_2,43.92,6.185,23.04,29.19,87.54,Aggressive
2,225,cross_3,32.7,7.008,10.67,35.272,100.0,Aggressive
2,225,cross_4,50.36,-0.059,56.36,36.27,45.87,Normal
2,225,cross_5,50.13,-0.61,116.33,107.434,48.03,Normal
2,228,cross_0,46.8,-0.28,94.58,33.742,45.99,Normal
2,228,cross_1,50.18,-0.448,86.86,36.263,47.39,Normal
2,228,cross_2,46.15,6.199,26.38,28.658,82.59,Aggressive
2,228,cross_3,35.04,6.498,9.22,34.898,100.0,Aggressive
2,228,cross_4,50.24,-0.325,52.27,36.272,46.91,Normal
2,228,cross_5,50.22,0.26,112.15,103.278,46.65,Normal
2,231,cross_0,46.75,-0.15,98.56,33.741,45.46,Normal
2,231,cross_1,50.26,0.233,91.12,36.264,46.55,Normal
2,231,cross_2,48.39,6.219,30.35,28.197,77.56,Aggressive
2,231,cross_3,37.08,5.657,9.4,34.491,100.0,Aggressive
2,231,cross_4,50.39,0.395,48.42,36.273,47.3,Normal
2,231,cross_5,50.17,-0.14,108.05,98.349,46.15,Normal
2,234,cross_0,46.79,0.104,102.66,33.741,45.28,Normal
2,234,cross_1,50.2,-0.176,95.48,36.264,46.3,Normal
2,234,cross_2,50.3,5.282,34.87,27.818,72.95,Aggressive
2,234,cross_3,39.27,6.089,11.48,34.065,100.0,Aggressive
2,234,cross_4,50.23,-0.441,44.93,36.274,48.19,Normal
2,234,cross_5,50.29,0.318,104.06,92.524,46.89,Normal
2,237,cross_0,46.76,-0.065,106.64,33.74,45.12,Normal
2,237,cross_1,50.33,0.364,99.75,36.264,47.08,Normal
2,237,cross_2,50.19,-0.288,39.06,27.528,50.58,Normal
2,237,cross_3,41.64,6.589,13.5,33.633,100.0,Aggressive
2,237,cross_4,50.27,0.128,41.3,36.275,48.55,Normal
2,237,cross_5,50.35,0.171,100.0,85.62,46.32,Normal
2,240,cross_0,46.85,0.254,110.64,33.74,45.89,Normal
2,240,cross_1,50.24,-0.241,104.02,36.265,46.57,Normal
2,240,cross_2,50.26,0.178,43.27,27.33,47.77,Normal
2,240,cross_3,43.89,6.25,16.15,33.208,100.0,Aggressive
2,240,cross_4,50.14,-0.363,37.82,36.276,51.78,Normal
2,240,cross_5,50.22,-0.348,95.97,77.349,47.0,Normal
2,243,cross_0,46.76,-0.274,114.62,33.74,45.95,Normal
2,243,cross_1,50.22,-0.063,108.28,36.264,45.86,Normal
2,243,cross_2,50.15,-0.284,47.5,27.226,46.92,Normal
2,243,cross_3,46.17,6.318,19.29,32.801,94.92,Aggressive
2,243,cross_4,50.29,0.405,34.52,36.276,54.91,Normal
2,243,cross_5,50.35,0.344,91.94,67.206,47.01,Normal
2,246,cross_0,46.86,0.301,118.61,33.739,46.08,Normal
2,246,cross_1,50.23,0.015,112.55,36.264,45.67,Normal
2,246,cross_2,50.31,0.444,51.73,27.217,47.4,Normal
2,246,cross_3,48.37,6.113,22.8,32.425,88.87,Aggressive
2,246,cross_4,50.25,-0.111,31.46,36.276,57.06,Normal
2,246,cross_5,50.4,0.138,87.95,54.152,46.2,Normal
2,249,cross_0,46.75,-0.318,122.47,33.739,46.13,Normal
2,249,cross_1,50.35,0.332,116.7,36.264,46.96,Normal
2,249,cross_2,50.34,0.066,55.68,27.304,45.89,Normal
2,249,cross_3,50.36,5.521,26.1,32.092,83.91,Aggressive
2,249,cross_4,50.27,0.066,28.12,36.276,61.2,Normal
2,249,cross_5,50.29,-0.296,83.82,35.073,46.8,Normal
2,252,cross_0,46.83,0.21,126.32,33.739,45.71,Normal
2,252,cross_1,50.23,-0.327,120.86,36.264,46.91,Normal
2,252,cross_2,50.36,0.061,59.66,27.486,45.88,Normal
2,252,cross_3,50.26,-0.282,29.65,31.805,59.99,Normal
2,252,cross_4,50.35,0.217,25.04,36.276,66.44,Normal
2,252,cross_5,50.25,-0.11,79.71,35.399,46.05,Normal
2,255,cross_0,46.73,-0.266,130.18,33.739,45.92,Normal
2,255,cross_1,50.34,0.301,125.02,36.263,46.83,Normal
2,255,cross_2,50.16,-0.566,63.67,27.761,47.85,Normal
2,255,cross_3,50.15,-0.295,33.34,31.564,55.65,Normal
2,255,cross_4,50.28,-0.202,22.33,36.276,70.92,Aggressive
2,255,cross_5,50.31,0.158,75.59,35.664,46.26,Normal
2,258,cross_0,46.74,0.036,134.05,33.739,45.0,Normal
2,258,cross_1,50.17,-0.461,129.17,36.262,47.44,Normal
2,258,cross_2,50.29,0.381,67.7,28.125,47.14,Normal
2,258,cross_3,50.19,0.118,37.14,31.373,51.36,Normal
2,258,cross_4,50.37,0.267,20.13,36.275,75.25,Aggressive
2,258,cross_5,50.2,-0.294,71.49,35.87,46.78,Normal
2,261,cross_0,46.71,-0.082,137.91,33.74,45.18,Normal
2,261,cross_1,50.29,0.328,133.34,36.262,46.93,Normal
2,261,cross_2,50.39,0.276,71.75,28.576,46.75,Normal
2,261,cross_3,50.19,0.004,41.02,31.231,48.2,Normal
2,261,cross_4,50.39,0.047,18.62,36.274,77.33,Aggressive
2,261,cross_5,50.15,-0.141,67.4,36.024,46.15,Normal
2,264,cross_0,46.82,0.291,141.78,33.74,46.04,Normal
2,264,cross_1,50.32,0.086,137.5,36.26,45.97,Normal
2,264,cross_2,50.3,-0.241,75.82,29.109,46.59,Normal
2,264,cross_3,50.29,0.265,44.95,31.139,47.5,Normal
2,264,cross_4,50.36,-0.095,17.99,36.274,78.8,Aggressive
2,264,cross_5,50.39,0.667,63.32,36.131,48.31,Normal
2,267,cross_0,46.84,0.054,145.64,33.74,45.09,Normal
2,267,cross_1,50.14,-0.511,141.66,36.26,47.63,Normal
2,267,cross_2,50.38,0.201,79.89,29.719,46.44,Normal
2,267,cross_3,50.13,-0.434,48.92,31.097,47.36,Normal
2,267,cross_4,50.22,-0.394,18.32,36.273,79.29,Aggressive
2,267,cross_5,50.17,-0.608,59.25,36.199,48.03,Normal
2,270,cross_0,46.83,-0.02,149.51,33.74,44.95,Normal
2,270,cross_1,50.38,0.677,145.83,36.259,48.35,Normal
2,270,cross_2,50.23,-0.412,83.98,30.388,47.26,Normal
2,270,cross_3,50.14,0.029,52.93,31.105,45.7,Normal
2,270,cross_4,50.34,0.342,19.57,36.272,76.64,Aggressive
2,270,cross_5,50.3,0.361,55.21,36.236,47.07,Normal
2,273,cross_0,46.68,-0.407,153.49,33.739,46.47,Normal
2,273,cross_1,50.36,-0.055,150.09,36.258,45.85,Normal
2,273,cross_2,50.13,-0.267,88.26,31.091,46.65,Normal
2,273,cross_3,50.35,0.583,57.21,31.165,47.96,Normal
2,273,cross_4,50.16,-0.498,22.32,36.272,72.1,Aggressive
2,273,cross_5,50.28,-0.057,51.45,36.25,45.85,Normal
2,276,cross_0,46.78,0.258,157.36,33.739,45.89,Normal
2,276,cross_1,50.33,-0.096,154.26,36.257,46.01,Normal
2,276,cross_2,50.35,0.59,92.35,31.804,47.99,Normal
2,276,cross_3,50.17,-0.516,61.24,31.274,47.66,Normal
2,276,cross_4,50.22,0.177,24.81,36.271,66.62,Normal
2,276,cross_5,50.39,0.303,47.48,36.253,47.06,Normal
2,279,cross_0,46.88,0.297,161.35,33.74,46.07,Normal
2,279,cross_1,50.15,-0.492,158.52,36.256,47.56,Normal
2,279,cross_2,50.16,-0.525,96.64,32.503,47.69,Normal
2,279,cross_3,50.38,0.595,65.52,31.432,48.02,Normal
2,279,cross_4,50.26,0.096,28.33,36.271,61.02,Normal
2,279,cross_5,50.28,-0.322,43.88,36.254,48.11,Normal
2,282,cross_0,46.85,-0.079,165.22,33.74,45.2,Normal
2,282,cross_1,50.29,0.394,162.68,36.255,47.2,Normal
2,282,cross_2,50.18,0.058,100.74,33.163,45.83,Normal
2,282,cross_3,50.29,-0.242,69.59,31.64,46.59,Normal
2,282,cross_4,50.19,-0.2,31.47,36.27,57.39,Normal
2,282,cross_5,50.15,-0.346,40.03,36.254,50.15,Normal
2,285,cross_0,46.67,-0.511,169.19,33.74,46.88,Normal
2,285,cross_1,50.31,0.066,166.95,36.255,45.89,Normal
2,285,cross_2,50.26,0.235,105.02,33.757,46.55,Normal
2,285,cross_3,50.25,-0.137,73.87,31.896,46.16,Normal
2,285,cross_4,50.17,-0.036,35.34,36.269,52.62,Normal
2,285,cross_5,50.24,0.259,36.69,36.254,52.32,Normal
2,288,cross_0,46.69,0.047,173.18,33.741,45.03,Normal
2,288,cross_1,50.22,-0.258,171.21,36.254,46.64,Normal
2,288,cross_2,50.37,0.298,109.31,34.278,46.83,Normal
2,288,cross_3,50.16,-0.228,78.15,32.198,46.5,Normal
2,288,cross_4,50.34,0.463,39.3,36.268,51.15,Normal
2,288,cross_5,50.19,-0.159,33.55,36.253,54.89,Normal
2,291,cross_0,46.86,0.481,177.28,33.742,46.81,Normal
2,291,cross_1,50.21,-0.026,175.57,36.254,45.71,Normal
2,291,cross_2,50.2,-0.473,113.77,34.728,47.49,Normal
2,291,cross_3,50.21,0.124,82.64,32.545,46.1,Normal
2,291,cross_4,50.37,0.072,43.79,36.267,47.16,Normal
2,291,cross_5,50.17,-0.037,31.26,36.253,56.98,Normal
2,294,cross_0,46.9,0.107,181.51,33.743,45.32,Normal
2,294,cross_1,50.15,-0.178,180.04,36.253,46.3,Normal
2,294,cross_2,50.18,-0.061,118.44,35.111,45.84,Normal
2,294,cross_3,50.25,0.112,87.38,32.936,46.06,Normal
2,294,cross_4,50.35,-0.045,48.78,36.266,45.86,Normal
2,294,cross_5,50.15,-0.07,30.19,36.252,58.43,Normal
2,297,cross_0,46.89,-0.013,185.63,33.743,44.94,Normal
2,297,cross_1,50.37,0.611,184.44,36.253,48.08,Normal
2,297,cross_2,50.31,0.373,122.93,35.429,47.11,Normal
2,297,cross_3,50.2,-0.139,91.9,33.368,46.16,Normal
2,297,cross_4,50.27,-0.23,53.29,36.265,46.53,Normal
2,297,cross_5,50.2,0.139,29.14,36.252,60.07,Normal
2,300,cross_0,46.9,0.008,189.77,33.745,44.92,Normal
2,300,cross_1,50.24,-0.346,188.83,36.252,46.99,Normal
2,300,cross_2,50.34,0.094,127.43,35.686,46.01,Normal
2,300,cross_3,50.27,0.203,96.41,33.824,46.43,Normal
2,300,cross_4,50.15,-0.325,57.8,36.264,46.89,Normal
2,300,cross_5,50.39,0.536,28.79,36.252,62.18,Normal
2,303,cross_0,46.87,-0.075,194.05,33.746,45.18,Normal
2,303,cross_1,50.26,0.048,193.37,36.252,45.81,Normal
2,303,cross_2,50.23,-0.322,132.14,35.886,46.9,Normal
2,303,cross_3,50.21,-0.17,101.19,34.28,46.28,Normal
2,303,cross_4,50.39,0.672,62.78,36.263,48.33,Normal
2,303,cross_5,50.36,-0.088,30.03,36.253,58.75,Normal
2,306,cross_0,46.66,-0.582,198.36,33.747,47.17,Normal
2,306,cross_1,50.16,-0.274,197.92,36.252,46.69,Normal
2,306,cross_2,50.19,-0.117,136.87,36.035,46.07,Normal
2,306,cross_3,50.13,-0.208,105.98,34.713,46.42,Normal
2,306,cross_4,50.39,-0.013,67.77,36.263,45.69,Normal
2,306,cross_5,50.21,-0.43,32.01,36.253,57.67,Normal
2,309,cross_1,50.37,0.563,202.35,36.252,47.89,Normal
2,309,cross_2,50.25,0.181,141.38,36.138,46.34,Normal
2,309,cross_3,50.34,0.563,110.53,35.097,47.88,Normal
2,309,cross_4,50.2,-0.504,72.29,36.263,47.62,Normal
2,309,cross_5,50.39,0.504,33.7,36.254,56.16,Normal
2,312,cross_2,50.39,0.377,146.14,36.205,47.15,Normal
2,312,cross_3,50.33,-0.02,115.35,35.416,45.71,Normal
2,312,cross_4,50.35,0.414,77.27,36.262,47.29,Normal
2,312,cross_5,50.33,-0.168,36.79,36.255,51.88,Normal
2,315,cross_2,50.19,-0.544,151.16,36.241,47.77,Normal
2,315,cross_3,50.37,0.12,120.48,35.674,46.12,Normal
2,315,cross_4,50.38,0.068,82.72,36.263,45.91,Normal
2,315,cross_5,50.24,-0.232,41.13,36.256,49.06,Normal
2,318,cross_2,50.38,0.513,156.41,36.257,47.69,Normal
2,318,cross_3,50.24,-0.378,125.86,35.876,47.12,Normal
2,318,cross_4,50.19,-0.531,88.5,36.263,47.72,Normal
2,318,cross_5,50.38,0.384,46.3,36.257,47.61,Normal
2,321,cross_2,50.32,-0.144,161.42,36.26,46.2,Normal
2,321,cross_3,50.24,0.008,130.94,36.027,45.64,Normal
2,321,cross_4,50.35,0.451,93.8,36.263,47.44,Normal
2,321,cross_5,50.23,-0.41,50.79,36.258,47.25,Normal
2,324,cross_2,50.19,-0.368,166.44,36.262,47.07,Normal
2,324,cross_3,50.26,0.062,136.05,36.132,45.86,Normal
2,324,cross_4,50.16,-0.521,99.11,36.262,47.67,Normal
2,324,cross_5,50.27,0.102,55.43,36.259,46.02,Normal
2,327,cross_2,50.14,-0.13,171.78,36.262,46.11,Normal
2,327,cross_3,50.36,0.282,141.53,36.199,46.76,Normal
2,327,cross_4,50.37,0.58,104.92,36.263,47.96,Normal
2,327,cross_5,50.27,0.005,61.0,36.26,45.64,Normal
2,330,cross_2,50.14,-0.014,176.84,36.262,45.64,Normal
2,330,cross_3,50.25,-0.322,146.67,36.235,46.9,Normal
2,330,cross_4,50.34,-0.093,110.23,36.263,46.0,Normal
2,330,cross_5,50.23,-0.128,65.82,36.26,46.12,Normal
2,333,cross_2,50.38,0.657,181.92,36.262,48.27,Normal
2,333,cross_3,50.2,-0.126,151.83,36.25,46.1,Normal
2,333,cross_4,50.19,-0.408,115.55,36.262,47.23,Normal
2,333,cross_5,50.39,0.446,70.73,36.261,47.42,Normal
2,336,cross_2,50.3,-0.213,187.02,36.261,46.48,Normal
2,336,cross_3,50.22,0.062,157.0,36.252,45.85,Normal
2,336,cross_4,50.34,0.423,120.87,36.261,47.32,Normal
2,336,cross_5,50.18,-0.579,75.68,36.261,47.91,Normal
2,339,cross_2,50.25,-0.148,192.13,36.261,46.2,Normal
2,339,cross_3,50.25,0.06,162.18,36.252,45.85,Normal
2,339,cross_4,50.16,-0.499,126.19,36.261,47.59,Normal
2,339,cross_5,50.36,0.505,80.69,36.261,47.65,Normal
2,342,cross_2,50.29,0.124,197.59,36.261,46.12,Normal
2,342,cross_3,50.29,0.128,167.77,36.253,46.13,Normal
2,342,cross_4,50.14,-0.054,132.02,36.26,45.81,Normal
2,342,cross_5,50.25,-0.301,86.49,36.261,46.82,Normal
2,345,cross_2,50.22,-0.188,202.73,36.26,46.36,Normal
2,345,cross_3,50.36,0.181,172.98,36.253,46.36,Normal
2,345,cross_4,50.31,0.471,137.34,36.259,47.51,Normal
2,345,cross_5,50.4,0.406,91.56,36.261,47.27,Normal
2,348,cross_2,50.14,-0.221,207.52,36.26,46.47,Normal
2,348,cross_3,50.37,0.038,177.8,36.254,45.79,Normal
2,348,cross_4,50.2,-0.314,142.15,36.257,46.86,Normal
2,348,cross_5,50.24,-0.448,95.92,36.26,47.4,Normal
2,351,cross_2,50.4,0.701,212.32,36.26,48.45,Normal
2,351,cross_3,50.16,-0.578,182.61,36.254,47.9,Normal
2,351,cross_4,50.27,0.199,146.95,36.256,46.41,Normal
2,351,cross_5,50.34,0.294,100.33,36.26,46.81,Normal
2,354,cross_3,50.14,-0.073,187.43,36.255,45.88,Normal
2,354,cross_4,50.2,-0.188,151.77,36.255,46.35,Normal
2,354,cross_5,50.25,-0.243,104.77,36.259,46.58,Normal
2,357,cross_3,50.38,0.675,192.25,36.255,48.34,Normal
2,357,cross_4,50.27,0.18,156.57,36.254,46.33,Normal
2,357,cross_5,50.38,0.357,109.25,36.259,47.07,Normal
2,360,cross_3,50.16,-0.62,197.07,36.255,48.07,Normal
2,360,cross_4,50.27,0.004,161.39,36.253,45.63,Normal
2,360,cross_5,50.14,-0.672,113.75,36.258,48.27,Normal
2,363,cross_3,50.29,0.366,201.48,36.255,47.08,Normal
2,363,cross_4,50.31,0.121,165.7,36.253,46.11,Normal
2,363,cross_5,50.3,0.445,117.6,36.258,47.4,Normal
2,366,cross_3,50.19,-0.28,205.9,36.255,46.72,Normal
2,366,cross_4,50.21,-0.284,170.01,36.252,46.74,Normal
2,366,cross_5,50.14,-0.45,121.49,36.257,47.39,Normal
2,369,cross_3,50.27,0.221,209.93,36.255,46.5,Normal
2,369,cross_4,50.31,0.263,173.84,36.252,46.68,Normal
2,369,cross_5,50.38,0.661,124.75,36.257,48.28,Normal
2,372,cross_3,50.35,0.222,213.98,36.256,46.52,Normal
2,372,cross_4,50.16,-0.398,177.69,36.251,47.18,Normal
2,372,cross_5,50.28,-0.276,128.07,36.256,46.72,Normal
2,375,cross_3,50.35,0.012,218.02,36.257,45.68,Normal
2,375,cross_4,50.31,0.419,181.56,36.25,47.3,Normal
2,375,cross_5,50.35,0.211,131.45,36.255,46.48,Normal
2,378,cross_4,50.18,-0.364,185.91,36.248,47.05,Normal
2,378,cross_5,50.2,-0.418,135.49,36.254,47.27,Normal
2,381,cross_4,50.16,-0.06,190.73,36.247,45.83,Normal
2,381,cross_5,50.4,0.536,140.19,36.254,47.79,Normal
2,384,cross_4,50.28,0.323,195.08,36.245,46.91,Normal
2,384,cross_5,50.36,-0.106,144.28,36.253,46.06,Normal
2,387,cross_4,50.15,-0.365,199.91,36.243,47.05,Normal
2,387,cross_5,50.24,-0.331,148.98,36.253,46.93,Normal
2,390,cross_4,50.21,0.176,205.2,36.242,46.31,Normal
2,390,cross_5,50.16,-0.214,154.3,36.252,46.45,Normal
2,393,cross_4,50.35,0.386,210.02,36.24,47.18,Normal
2,393,cross_5,50.13,-0.083,159.01,36.252,45.92,Normal
2,396,cross_4,50.37,0.054,214.38,36.24,45.85,Normal
2,396,cross_5,50.19,0.156,163.14,36.251,46.22,Normal
2,399,cross_4,50.17,-0.534,218.28,36.238,47.73,Normal
2,399,cross_5,50.29,0.297,166.7,36.25,46.81,Normal
2,402,cross_4,50.28,0.291,222.65,36.238,46.78,Normal
2,402,cross_5,50.3,0.008,170.87,36.25,45.65,Normal
2,405,cross_4,50.33,0.14,226.57,36.238,46.19,Normal
2,405,cross_5,50.3,0.018,174.48,36.249,45.69,Normal
2,408,cross_5,50.18,-0.356,178.68,36.249,47.02,Normal
2,411,cross_5,50.18,0.017,182.34,36.249,45.66,Normal
2,414,cross_5,50.36,0.506,186.02,36.249,47.66,Normal
2,417,cross_5,50.22,-0.411,189.36,36.249,47.25,Normal
2,420,cross_5,50.28,0.166,192.74,36.249,46.28,Normal
2,423,cross_5,50.27,-0.023,196.15,36.249,45.71,Normal
2,426,cross_5,50.28,0.037,199.59,36.249,45.77,Normal
2,429,cross_5,50.28,0.01,203.56,36.248,45.66,Normal
2,432,cross_5,50.21,-0.214,208.03,36.247,46.46,Normal
2,435,cross_5,50.24,0.084,212.02,36.246,45.94,Normal
2,438,cross_5,50.16,-0.224,215.53,36.245,46.48,Normal
2,441,cross_5,50.14,-0.041,219.54,36.243,45.75,Normal
2,444,cross_5,50.29,0.418,223.09,36.242,47.29,Normal
2,447,cross_5,50.33,0.099,227.13,36.241,46.02,Normal
2,450,cross_5,50.39,0.171,230.72,36.24,46.33,Normal
3,3,cross_0,41.93,-13.131,245.68,68.755,63.91,Normal
3,6,cross_0,44.2,6.303,241.51,89.856,64.34,Normal
3,9,cross_0,46.55,6.529,237.2,105.71,64.82,Normal
3,12,cross_0,46.73,0.483,232.28,118.436,46.78,Normal
3,15,cross_0,46.78,0.157,227.36,128.963,45.49,Normal
3,18,cross_0,46.86,0.223,222.44,137.797,45.77,Normal
3,21,cross_0,46.7,-0.459,218.06,145.246,46.68,Normal
3,21,cross_1,33.17,-47.756,238.16,69.831,62.45,Normal
3,24,cross_0,46.66,-0.111,214.22,151.516,45.28,Normal
3,24,cross_1,35.29,5.876,235.1,90.665,62.77,Normal
3,27,cross_0,46.88,0.627,210.39,156.747,47.39,Normal
3,27,cross_1,37.51,6.182,231.89,106.485,63.13,Normal
3,30,cross_0,46.71,-0.483,206.02,161.04,46.78,Normal
3,30,cross_1,40.02,6.974,228.01,119.275,63.56,Normal
3,33,cross_0,46.82,0.295,201.65,164.47,46.05,Normal
3,33,cross_1,42.23,6.118,223.97,129.91,63.96,Normal
3,36,cross_0,46.71,-0.294,197.84,167.09,46.03,Normal
3,36,cross_1,44.51,6.355,220.28,138.868,64.4,Normal
3,39,cross_0,46.66,-0.151,194.6,168.936,45.44,Normal
3,39,cross_1,46.82,6.397,216.97,146.443,64.87,Normal
3,42,cross_0,46.78,0.347,191.58,170.035,46.25,Normal
3,42,cross_1,49.27,6.812,213.68,152.825,65.39,Normal
3,45,cross_0,46.77,-0.025,188.58,170.401,44.96,Normal
3,45,cross_1,50.37,3.071,210.3,158.153,57.92,Normal
3,48,cross_0,46.8,0.064,185.03,170.038,45.12,Normal
3,48,cross_1,50.28,-0.274,206.4,162.529,46.71,Normal
3,51,cross_0,46.72,-0.208,181.5,168.941,45.68,Normal
3,51,cross_1,50.33,0.139,202.52,166.029,46.18,Normal
3,51,cross_2,43.95,-17.904,233.57,69.599,64.29,Normal
3,54,cross_0,46.9,0.511,178.0,167.097,46.93,Normal
3,54,cross_1,50.31,-0.055,198.66,168.707,45.84,Normal
3,54,cross_2,46.2,6.26,229.86,90.213,64.74,Normal
3,57,cross_0,46.72,-0.525,174.51,164.481,46.95,Normal
3,57,cross_1,50.4,0.25,194.8,170.602,46.64,Normal
3,57,cross_2,48.42,6.146,226.0,105.797,65.21,Normal
3,60,cross_0,46.73,0.051,170.43,161.054,45.06,Normal
3,60,cross_1,50.16,-0.658,190.41,171.739,48.22,Normal
3,60,cross_2,50.27,5.15,221.53,118.338,65.62,Normal
3,63,cross_0,46.82,0.232,165.74,156.763,45.8,Normal
3,63,cross_1,50.3,0.39,185.46,172.135,47.18,Normal
3,63,cross_2,50.4,0.354,216.54,128.726,47.06,Normal
3,66,cross_0,46.82,0.005,161.05,151.534,44.89,Normal
3,66,cross_1,50.29,-0.024,180.5,171.794,45.72,Normal
3,66,cross_2,50.28,-0.314,211.56,137.451,46.88,Normal
3,69,cross_0,46.67,-0.403,156.99,145.268,46.45,Normal
3,69,cross_1,50.27,-0.054,176.12,170.711,45.83,Normal
3,69,cross_2,50.25,-0.094,207.05,144.812,45.99,Normal
3,72,cross_0,46.79,0.332,153.58,137.821,46.19,Normal
3,72,cross_1,50.36,0.254,172.33,168.873,46.65,Normal
3,72,cross_2,50.21,-0.12,203.02,151.01,46.08,Normal
3,75,cross_0,46.87,0.222,150.84,128.991,45.77,Normal
3,75,cross_1,50.36,-0.005,169.17,166.255,45.66,Normal
3,75,cross_2,50.2,-0.021,199.49,156.183,45.68,Normal
3,78,cross_0,46.71,-0.452,147.5,118.467,46.66,Normal
3,78,cross_1,50.26,-0.286,165.44,162.817,46.76,Normal
3,78,cross_2,50.36,0.443,195.49,160.431,47.41,Normal
3,81,cross_0,46.69,-0.055,143.53,105.746,45.06,Normal
3,81,cross_1,50.34,0.231,161.12,158.509,46.55,Normal
3,81,cross_2,50.28,-0.223,191.0,163.824,46.51,Normal
3,81,cross_3,36.74,-37.804,225.39,69.489,63.0,Normal
3,84,cross_0,46.68,-0.031,138.91,89.898,44.96,Normal
3,84,cross_1,50.17,-0.484,156.22,153.255,47.53,Normal
3,84,cross_2,50.15,-0.358,186.02,166.416,47.02,Normal
3,84,cross_3,38.86,5.877,221.3,90.119,63.36,Normal
3,87,cross_0,46.85,0.467,134.29,68.797,46.75,Normal
3,87,cross_1,50.22,0.14,151.32,146.955,46.16,Normal
3,87,cross_2,50.28,0.347,181.04,168.243,47.01,Normal
3,87,cross_3,41.21,6.531,217.05,105.767,63.77,Normal
3,90,cross_0,46.73,-0.335,130.37,33.711,46.19,Normal
3,90,cross_1,50.34,0.344,147.04,139.467,47.01,Normal
3,90,cross_2,50.36,0.247,176.55,169.331,46.63,Normal
3,90,cross_3,43.57,6.559,213.06,118.401,64.22,Normal
3,93,cross_0,46.89,0.439,125.77,33.731,46.64,Normal
3,93,cross_1,50.22,-0.334,142.14,130.587,46.94,Normal
3,93,cross_2,50.36,-0.012,171.56,169.692,45.68,Normal
3,93,cross_3,45.77,6.113,208.48,128.891,64.66,Normal
3,96,cross_0,46.7,-0.505,121.89,33.736,46.87,Normal
3,96,cross_1,50.3,0.228,137.89,120.006,46.54,Normal
3,96,cross_2,50.38,0.05,167.09,169.334,45.84,Normal
3,96,cross_3,48.31,7.056,204.14,137.712,65.19,Normal
3,99,cross_0,46.77,0.178,118.74,33.736,45.57,Normal
3,99,cross_1,50.23,-0.199,134.31,107.221,46.4,Normal
3,99,cross_2,50.24,-0.384,163.13,168.25,47.14,Normal
3,99,cross_3,50.22,5.29,200.08,145.154,65.6,Normal
3,102,cross_0,46.83,0.186,114.92,33.736,45.62,Normal
3,102,cross_1,50.38,0.415,130.1,91.312,47.3,Normal
3,102,cross_2,50.38,0.374,158.66,166.426,47.14,Normal
3,102,cross_3,50.28,0.177,195.53,151.419,46.32,Normal
3,105,cross_0,46.83,-0.022,110.41,33.737,44.96,Normal
3,105,cross_1,50.25,-0.375,125.27,70.187,47.11,Normal
3,105,cross_2,50.27,-0.304,153.69,163.838,46.83,Normal
3,105,cross_3,50.19,-0.238,190.57,156.649,46.55,Normal
3,108,cross_0,46.9,0.191,106.65,33.738,45.65,Normal
3,108,cross_1,50.3,0.142,121.11,35.511,46.19,Normal
3,108,cross_2,50.37,0.281,149.22,160.448,46.76,Normal
3,108,cross_3,50.26,0.19,186.03,160.943,46.37,Normal
3,111,cross_0,46.89,-0.025,102.94,33.74,44.99,Normal
3,111,cross_1,50.14,-0.421,116.99,35.753,47.27,Normal
3,111,cross_2,50.3,-0.191,144.77,156.204,46.38,Normal
3,111,cross_3,50.26,-0.007,181.49,164.376,45.64,Normal
3,114,cross_0,46.76,-0.342,99.27,33.741,46.23,Normal
3,114,cross_1,50.22,0.202,112.9,35.938,46.41,Normal
3,114,cross_2,50.28,-0.056,140.32,151.036,45.84,Normal
3,114,cross_3,50.25,-0.012,176.95,167.001,45.66,Normal
3,117,cross_0,46.71,-0.156,95.66,33.743,45.47,Normal
3,117,cross_1,50.22,0.002,108.84,36.073,45.61,Normal
3,117,cross_2,50.24,-0.099,135.89,144.843,46.01,Normal
3,117,cross_3,50.39,0.364,172.41,168.854,47.1,Normal
3,120,cross_0,46.72,0.026,92.11,33.744,44.95,Normal
3,120,cross_1,50.28,0.158,104.82,36.164,46.25,Normal
3,120,cross_2,50.17,-0.206,131.46,137.488,46.42,Normal
3,120,cross_3,50.22,-0.461,167.88,169.962,47.45,Normal
3,120,cross_4,46.8,-9.804,216.72,69.945,64.87,Normal
3,123,cross_0,46.83,0.303,89.41,33.745,46.08,Normal
3,123,cross_1,50.37,0.266,101.57,36.219,46.7,Normal
3,123,cross_2,50.32,0.425,127.6,128.77,47.33,Normal
3,123,cross_3,50.31,0.242,163.8,170.338,46.59,Normal
3,123,cross_4,48.98,6.044,212.65,90.709,65.33,Normal
3,126,cross_0,46.74,-0.225,86.82,33.745,45.75,Normal
3,126,cross_1,50.14,-0.628,98.41,36.246,48.1,Normal
3,126,cross_2,50.35,0.07,123.75,118.391,45.91,Normal
3,126,cross_3,50.32,0.04,159.73,169.989,45.79,Normal
3,126,cross_4,50.32,3.726,208.44,106.382,60.53,Normal
3,129,cross_0,46.66,-0.241,84.33,33.746,45.8,Normal
3,129,cross_1,50.39,0.671,95.33,36.255,48.32,Normal
3,129,cross_2,50.38,0.093,119.94,105.861,46.01,Normal
3,129,cross_3,50.38,0.156,155.66,168.909,46.26,Normal
3,129,cross_4,50.32,0.02,204.21,118.991,45.71,Normal
3,132,cross_0,46.72,0.188,81.13,33.746,45.6,Normal
3,132,cross_1,50.36,-0.077,91.57,36.255,45.95,Normal
3,132,cross_2,50.18,-0.547,115.59,90.29,47.78,Normal
3,132,cross_3,50.33,-0.132,151.15,167.085,46.16,Normal
3,132,cross_4,50.36,0.107,199.65,129.435,46.06,Normal
3,135,cross_0,46.66,-0.186,78.88,33.747,45.58,Normal
3,135,cross_1,50.15,-0.578,88.68,36.255,47.9,Normal
3,135,cross_2,50.37,0.521,111.83,69.669,47.72,Normal
3,135,cross_3,50.28,-0.128,147.1,164.491,46.13,Normal
3,135,cross_4,50.28,-0.218,195.43,138.206,46.49,Normal
3,138,cross_0,46.81,0.414,75.92,33.747,46.53,Normal
3,138,cross_1,50.17,0.052,85.11,36.255,45.8,Normal
3,138,cross_2,50.2,-0.482,107.51,36.207,47.53,Normal
3,138,cross_3,50.27,-0.036,142.6,161.09,45.76,Normal
3,138,cross_4,50.28,-0.002,190.88,145.607,45.63,Normal
3,141,cross_0,46.67,-0.374,72.22,33.747,46.34,Normal
3,141,cross_1,50.27,0.272,80.82,36.255,46.7,Normal
3,141,cross_2,50.39,0.543,102.6,36.243,47.82,Normal
3,141,cross_3,50.22,-0.138,137.62,156.83,46.16,Normal
3,141,cross_4,50.24,-0.114,185.99,151.838,46.07,Normal
3,144,cross_0,46.77,0.266,69.52,33.748,45.92,Normal
3,144,cross_1,50.39,0.353,77.44,36.254,47.05,Normal
3,144,cross_2,50.13,-0.723,98.31,36.257,48.48,Normal
3,144,cross_3,50.27,0.133,133.11,151.638,46.15,Normal
3,144,cross_4,50.18,-0.167,181.44,157.039,46.26,Normal
3,147,cross_0,46.69,-0.22,67.88,33.748,45.72,Normal
3,147,cross_1,50.31,-0.231,75.02,36.255,46.55,Normal
3,147,cross_2,50.14,0.014,94.69,36.259,45.64,Normal
3,147,cross_3,50.2,-0.187,129.1,145.415,46.35,Normal
3,147,cross_4,50.2,0.049,177.22,161.308,45.79,Normal
3,150,cross_0,46.77,0.232,67.34,33.749,45.79,Normal
3,150,cross_1,50.23,-0.213,73.64,36.255,46.46,Normal
3,150,cross_2,50.26,0.354,91.77,36.258,47.03,Normal
3,150,cross_3,50.22,0.042,125.6,138.021,45.77,Normal
3,150,cross_4,50.33,0.375,173.34,164.719,47.13,Normal
3,153,cross_0,46.91,0.372,67.02,33.749,46.38,Normal
3,153,cross_1,50.22,-0.034,72.47,36.256,45.74,Normal
3,153,cross_2,50.28,0.037,88.96,36.258,45.76,Normal
3,153,cross_3,50.22,0.001,122.15,129.255,45.61,Normal
3,153,cross_4,50.21,-0.34,169.49,167.324,46.96,Normal
3,156,cross_0,46.91,0.001,66.92,33.749,44.9,Normal
3,156,cross_1,50.25,0.092,71.52,36.256,45.98,Normal
3,156,cross_2,50.33,0.139,86.25,36.258,46.18,Normal
3,156,cross_3,50.38,0.443,118.74,118.815,47.41,Normal
3,156,cross_4,50.38,0.474,165.64,169.16,47.54,Normal
3,159,cross_0,46.77,-0.376,67.05,33.749,46.37,Normal
3,159,cross_1,50.33,0.196,70.82,36.257,46.41,Normal
3,159,cross_2,50.31,-0.049,83.67,36.257,45.82,Normal
3,159,cross_3,50.2,-0.483,115.39,106.208,47.53,Normal
3,159,cross_4,50.23,-0.417,161.82,170.252,47.28,Normal
3,162,cross_0,46.8,0.074,66.51,33.749,45.16,Normal
3,162,cross_1,50.33,0.002,69.46,36.258,45.64,Normal
3,162,cross_2,50.38,0.198,80.48,36.257,46.43,Normal
3,162,cross_3,50.22,0.036,111.53,90.532,45.75,Normal
3,162,cross_4,50.3,0.179,157.64,170.615,46.34,Normal
3,162,cross_5,30.16,-56.198,208.57,69.489,62.02,Normal
3,165,cross_0,46.9,0.287,67.1,33.75,46.04,Normal
3,165,cross_1,50.26,-0.195,69.24,36.258,46.39,Normal
3,165,cross_2,50.18,-0.562,78.17,36.257,47.84,Normal
3,165,cross_3,50.34,0.358,108.28,69.747,47.06,Normal
3,165,cross_4,50.32,0.076,153.84,170.252,45.93,Normal
3,165,cross_5,32.32,5.991,206.09,90.19,62.32,Normal
3,168,cross_0,46.74,-0.461,67.91,33.75,46.7,Normal
3,168,cross_1,50.19,-0.181,69.27,36.259,46.32,Normal
3,168,cross_2,50.22,0.106,76.0,36.257,46.03,Normal
3,168,cross_3,50.36,0.057,105.09,35.863,45.87,Normal
3,168,cross_4,50.24,-0.234,150.07,169.16,46.55,Normal
3,168,cross_5,34.53,6.145,203.44,105.935,62.65,Normal
3,171,cross_0,46.71,-0.069,68.92,33.75,45.13,Normal
3,171,cross_1,50.29,0.285,69.56,36.259,46.76,Normal
3,171,cross_2,50.16,-0.172,74.02,36.257,46.28,Normal
3,171,cross_3,50.39,0.067,101.97,36.021,45.91,Normal
3,171,cross_4,50.33,0.235,146.32,167.324,46.57,Normal
3,171,cross_5,36.6,5.758,200.62,118.687,62.98,Normal
3,174,cross_0,46.66,-0.139,70.14,33.749,45.39,Normal
3,174,cross_1,50.16,-0.376,70.09,36.259,47.1,Normal
3,174,cross_2,50.19,0.083,72.22,36.257,45.93,Normal
3,174,cross_3,50.19,-0.549,98.93,36.132,47.79,Normal
3,174,cross_4,50.23,-0.269,142.6,164.719,46.68,Normal
3,174,cross_5,38.89,6.367,197.64,129.309,63.36,Normal
3,177,cross_0,46.78,0.331,71.55,33.749,46.19,Normal
3,177,cross_1,50.36,0.572,70.87,36.259,47.93,Normal
3,177,cross_2,50.37,0.513,70.63,36.257,47.69,Normal
3,177,cross_3,50.24,0.128,95.98,36.203,46.12,Normal
3,177,cross_4,50.3,0.204,138.9,161.309,46.44,Normal
3,177,cross_5,41.39,6.951,194.48,138.271,63.81,Normal
3,180,cross_0,46.76,-0.047,73.14,33.748,45.05,Normal
3,180,cross_1,50.17,-0.549,71.89,36.259,47.79,Normal
3,180,cross_2,50.28,-0.25,69.25,36.257,46.62,Normal
3,180,cross_3,50.23,-0.022,93.13,36.241,45.69,Normal
3,180,cross_4,50.21,-0.263,135.22,157.04,46.65,Normal
3,180,cross_5,43.72,6.458,191.14,145.862,64.25,Normal
3,183,cross_0,46.9,0.369,74.9,33.748,46.36,Normal
3,183,cross_1,50.14,-0.072,73.13,36.259,45.87,Normal
3,183,cross_2,50.23,-0.15,68.1,36.257,46.2,Normal
3,183,cross_3,50.32,0.251,90.39,36.257,46.63,Normal
3,183,cross_4,50.3,0.265,131.58,151.84,46.68,Normal
3,183,cross_5,46.06,6.511,187.63,152.272,64.72,Normal
3,186,cross_0,46.79,-0.303,76.82,33.746,46.08,Normal
3,186,cross_1,50.26,0.346,74.59,36.259,47.0,Normal
3,186,cross_2,50.22,-0.029,67.2,36.257,45.72,Normal
3,186,cross_3,50.34,0.062,87.75,36.259,45.88,Normal
3,186,cross_4,50.27,-0.081,127.97,145.611,45.94,Normal
3,186,cross_5,48.48,6.724,183.94,157.633,65.22,Normal
3,189,cross_0,46.92,0.361,78.88,33.745,46.34,Normal
3,189,cross_1,50.39,0.354,76.25,36.259,47.06,Normal
3,189,cross_2,50.32,0.291,66.54,36.257,46.79,Normal
3,189,cross_3,50.24,-0.294,85.25,36.258,46.79,Normal
3,189,cross_4,50.4,0.338,124.4,138.211,46.99,Normal
3,189,cross_5,50.16,4.664,180.11,162.04,64.25,Normal
3,192,cross_0,46.72,-0.556,81.08,33.744,47.07,Normal
3,192,cross_1,50.23,-0.443,78.1,36.259,47.38,Normal
3,192,cross_2,50.28,-0.118,66.15,36.257,46.09,Normal
3,192,cross_3,50.16,-0.222,82.87,36.257,46.48,Normal
3,192,cross_4,50.24,-0.419,120.87,129.442,47.29,Normal
3,192,cross_5,50.34,0.491,176.25,165.566,47.59,Normal
3,195,cross_0,46.89,0.493,83.41,33.743,46.86,Normal
3,195,cross_1,50.19,-0.119,80.12,36.259,46.07,Normal
3,195,cross_2,50.38,0.294,66.02,36.257,46.82,Normal
3,195,cross_3,50.22,0.183,80.65,36.256,46.34,Normal
3,195,cross_4,50.39,0.399,117.38,119.0,47.24,Normal
3,195,cross_5,50.21,-0.352,172.41,168.268,47.01,Normal
3,198,cross_0,46.81,-0.234,85.16,33.743,45.81,Normal
3,198,cross_1,50.19,0.004,81.56,36.259,45.61,Normal
3,198,cross_2,50.22,-0.468,65.26,36.257,47.47,Normal
3,198,cross_3,50.28,0.155,77.79,36.255,46.24,Normal
3,198,cross_4,50.27,-0.339,113.42,106.394,46.97,Normal
3,198,cross_5,50.26,0.121,168.22,170.185,46.1,Normal
3,201,cross_0,46.69,-0.346,86.39,33.743,46.23,Normal
3,201,cross_1,50.29,0.28,82.46,36.259,46.74,Normal
3,201,cross_2,50.24,0.057,63.88,36.258,45.84,Normal
3,201,cross_3,50.2,-0.222,74.26,36.254,46.49,Normal
3,201,cross_4,50.19,-0.21,108.96,90.728,46.44,Normal
3,201,cross_5,50.18,-0.224,163.66,171.343,46.49,Normal
3,204,cross_0,46.78,0.251,87.19,33.743,45.87,Normal
3,204,cross_1,50.4,0.299,82.91,36.259,46.84,Normal
3,204,cross_2,50.28,0.117,61.92,36.258,46.08,Normal
3,204,cross_3,50.32,0.352,70.03,36.252,47.04,Normal
3,204,cross_4,50.3,0.303,103.98,69.973,46.83,Normal
3,204,cross_5,50.17,-0.014,158.74,171.757,45.65,Normal
3,207,cross_0,46.68,-0.255,88.24,33.743,45.86,Normal
3,207,cross_1,50.2,-0.565,83.65,36.259,47.86,Normal
3,207,cross_2,50.24,-0.103,60.31,36.258,46.02,Normal
3,207,cross_3,50.25,-0.216,65.9,36.251,46.47,Normal
3,207,cross_4,50.33,0.084,99.0,36.248,45.97,Normal
3,207,cross_5,50.25,0.22,153.82,171.432,46.49,Normal
3,210,cross_0,46.92,0.64,89.53,33.744,47.45,Normal
3,210,cross_1,50.19,-0.007,84.68,36.259,45.63,Normal
3,210,cross_2,50.18,-0.174,59.07,36.258,46.29,Normal
3,210,cross_3,50.33,0.217,61.89,36.251,46.5,Normal
3,210,cross_4,50.35,0.069,94.02,36.259,45.91,Normal
3,210,cross_5,50.29,0.111,148.9,170.365,46.07,Normal
3,213,cross_0,46.84,-0.214,91.57,33.744,45.73,Normal
3,213,cross_1,50.23,0.11,86.57,36.259,46.05,Normal
3,213,cross_2,50.14,-0.107,59.05,36.258,46.02,Normal
3,213,cross_3,50.26,-0.175,58.91,36.251,46.31,Normal
3,213,cross_4,50.19,-0.455,89.58,36.261,47.42,Normal
3,213,cross_5,50.29,-0.015,144.34,168.541,45.68,Normal
3,216,cross_0,46.68,-0.43,93.26,33.744,46.56,Normal
3,216,cross_1,50.4,0.459,88.11,36.26,47.48,Normal
3,216,cross_2,50.14,0.008,58.6,36.257,45.62,Normal
3,216,cross_3,50.34,0.226,55.25,36.251,46.54,Normal
3,216,cross_4,50.36,0.473,84.6,36.263,47.53,Normal
3,216,cross_5,50.34,0.162,139.43,165.935,46.28,Normal
3,219,cross_0,46.69,0.02,94.72,33.744,44.93,Normal
3,219,cross_1,50.37,-0.077,89.39,36.261,45.95,Normal
3,219,cross_2,50.21,0.193,57.84,36.257,46.37,Normal
3,219,cross_3,50.32,-0.076,50.93,36.251,45.93,Normal
3,219,cross_4,50.16,-0.559,79.09,36.265,47.83,Normal
3,219,cross_5,50.36,0.058,134.19,162.511,45.87,Normal
3,222,cross_0,46.69,0.003,96.17,33.744,44.86,Normal
3,222,cross_1,50.23,-0.379,90.68,36.262,47.12,Normal
3,222,cross_2,50.31,0.274,57.15,36.257,46.72,Normal
3,222,cross_3,50.26,-0.158,46.27,36.252,46.69,Normal
3,222,cross_4,50.25,0.257,73.23,36.267,46.64,Normal
3,222,cross_5,50.17,-0.545,128.75,158.214,47.77,Normal
3,225,cross_0,46.69,-0.008,97.94,33.744,44.88,Normal
3,225,cross_1,50.34,0.295,92.33,36.263,46.81,Normal
3,225,cross_2,50.2,-0.314,57.07,36.256,46.85,Normal
3,225,cross_3,50.14,-0.343,41.92,36.252,49.05,Normal
3,225,cross_4,50.35,0.258,67.38,36.269,46.67,Normal
3,225,cross_5,50.34,0.474,123.35,152.971,47.53,Normal
3,228,cross_0,46.81,0.348,100.32,33.743,46.26,Normal
3,228,cross_1,50.18,-0.448,94.68,36.263,47.39,Normal
3,228,cross_2,50.31,0.324,58.14,36.256,46.92,Normal
3,228,cross_3,50.25,0.329,38.9,36.251,50.87,Normal
3,228,cross_4,50.34,-0.007,62.05,36.271,45.66,Normal
3,228,cross_5,50.34,0.013,118.3,146.681,45.68,Normal
3,231,cross_0,46.71,-0.288,103.17,33.742,46.0,Normal
3,231,cross_1,50.26,0.233,97.61,36.264,46.55,Normal
3,231,cross_2,50.21,-0.28,60.17,36.255,46.72,Normal
3,231,cross_3,50.38,0.335,37.29,36.251,52.15,Normal
3,231,cross_4,50.39,0.139,57.24,36.272,46.2,Normal
3,231,cross_5,50.15,-0.546,113.57,139.203,47.77,Normal
3,234,cross_0,46.77,0.178,106.42,33.741,45.57,Normal
3,234,cross_1,50.16,-0.273,100.98,36.264,46.68,Normal
3,234,cross_2,50.31,0.256,62.95,36.255,46.65,Normal
3,234,cross_3,50.33,-0.123,37.1,36.251,51.45,Normal
3,234,cross_4,50.25,-0.387,52.96,36.273,47.16,Normal
3,234,cross_5,50.31,0.458,109.12,130.331,47.46,Normal
3,237,cross_0,46.67,-0.284,109.48,33.741,45.98,Normal
3,237,cross_1,50.17,0.014,104.14,36.264,45.65,Normal
3,237,cross_2,50.14,-0.456,65.5,36.254,47.41,Normal
3,237,cross_3,50.14,-0.537,36.64,36.251,53.44,Normal
3,237,cross_4,50.29,0.11,48.17,36.274,46.17,Normal
3,237,cross_5,50.18,-0.371,104.39,119.756,47.08,Normal
3,240,cross_0,46.83,0.444,112.87,33.74,46.65,Normal
3,240,cross_1,50.2,0.094,107.7,36.263,45.98,Normal
3,240,cross_2,50.36,0.599,68.66,36.254,48.03,Normal
3,240,cross_3,50.2,0.173,37.55,36.251,51.25,Normal
3,240,cross_4,50.39,0.259,43.95,36.275,47.85,Normal
3,240,cross_5,50.18,-0.002,99.95,106.976,45.6,Normal
3,243,cross_0,46.86,0.066,116.11,33.739,45.14,Normal
3,243,cross_1,50.32,0.314,111.08,36.263,46.88,Normal
3,243,cross_2,50.17,-0.529,71.64,36.253,47.71,Normal
3,243,cross_3,50.28,0.214,38.27,36.25,50.87,Normal
3,243,cross_4,50.24,-0.417,39.19,36.276,51.02,Normal
3,243,cross_5,50.29,0.314,95.23,91.064,46.88,Normal
3,246,cross_0,46.88,0.061,119.27,33.738,45.13,Normal
3,246,cross_1,50.38,0.175,114.37,36.263,46.34,Normal
3,246,cross_2,50.36,0.543,74.54,36.252,47.81,Normal
3,246,cross_3,50.15,-0.349,38.99,36.25,50.86,Normal
3,246,cross_4,50.13,-0.282,33.86,36.276,55.05,Normal
3,246,cross_5,50.4,0.299,90.26,69.915,46.84,Normal
3,249,cross_0,46.67,-0.566,122.42,33.737,47.1,Normal
3,249,cross_1,50.3,-0.225,117.63,36.263,46.52,Normal
3,249,cross_2,50.29,-0.203,77.48,36.252,46.43,Normal
3,249,cross_3,50.21,0.154,39.93,36.25,49.46,Normal
3,249,cross_4,50.28,0.401,27.95,36.276,62.78,Normal
3,249,cross_5,50.14,-0.718,85.12,35.074,48.46,Normal
3,252,cross_0,46.81,0.381,125.86,33.737,46.39,Normal
3,252,cross_1,50.39,0.265,121.23,36.262,46.71,Normal
3,252,cross_2,50.26,-0.08,80.92,36.252,45.93,Normal
3,252,cross_3,50.24,0.095,42.07,36.25,48.0,Normal
3,252,cross_4,50.39,0.296,22.62,36.276,70.81,Aggressive
3,252,cross_5,50.21,0.198,80.27,35.401,46.4,Normal
3,255,cross_0,46.91,0.276,129.5,33.738,45.99,Normal
3,255,cross_1,50.27,-0.354,125.06,36.262,47.03,Normal
3,255,cross_2,50.24,-0.059,84.66,36.252,45.84,Normal
3,255,cross_3,50.23,-0.023,45.04,36.25,46.49,Normal
3,255,cross_4,50.38,-0.02,17.88,36.277,78.73,Aggressive
3,255,cross_5,50.14,-0.205,75.67,35.665,46.41,Normal
3,258,cross_0,46.82,-0.241,133.26,33.738,45.84,Normal
3,258,cross_1,50.21,-0.164,129.05,36.26,46.26,Normal
3,258,cross_2,50.2,-0.101,88.62,36.252,46.0,Normal
3,258,cross_3,50.18,-0.155,48.55,36.25,46.28,Normal
3,258,cross_4,50.14,-0.655,13.88,36.276,89.96,Aggressive
3,258,cross_5,50.29,0.427,71.28,35.872,47.33,Normal
3,261,cross_0,46.9,0.201,136.98,33.739,45.69,Normal
3,261,cross_1,50.33,0.328,132.99,36.259,46.94,Normal
3,261,cross_2,50.17,-0.106,92.54,36.251,46.02,Normal
3,261,cross_3,50.37,0.53,52.01,36.25,47.76,Normal
3,261,cross_4,50.32,0.484,9.47,36.275,100.0,Aggressive
3,261,cross_5,50.26,-0.076,66.72,36.026,45.92,Normal
3,264,cross_0,46.75,-0.412,140.79,33.739,46.5,Normal
3,264,cross_1,50.39,0.181,137.05,36.258,46.37,Normal
3,264,cross_2,50.34,0.481,96.6,36.251,47.55,Normal
3,264,cross_3,50.3,-0.192,55.82,36.251,46.39,Normal
3,264,cross_4,50.18,-0.388,6.66,36.274,100.0,Aggressive
3,264,cross_5,50.2,-0.189,62.34,36.134,46.36,Normal
3,267,cross_0,46.82,0.21,144.66,33.74,45.71,Normal
3,267,cross_1,50.37,-0.068,141.18,36.257,45.91,Normal
3,267,cross_2,50.28,-0.172,100.74,36.251,46.31,Normal
3,267,cross_3,50.31,0.037,59.86,36.252,45.77,Normal
3,267,cross_4,50.25,0.21,6.97,36.272,100.0,Aggressive
3,267,cross_5,50.38,0.517,58.11,36.201,47.71,Normal
3,270,cross_0,46.73,-0.25,148.53,33.74,45.85,Normal
3,270,cross_1,50.23,-0.386,145.33,36.256,47.15,Normal
3,270,cross_2,50.39,0.33,104.89,36.251,46.96,Normal
3,270,cross_3,50.17,-0.391,63.92,36.253,47.16,Normal
3,270,cross_4,50.34,0.253,9.42,36.271,99.35,Aggressive
3,270,cross_5,50.21,-0.491,53.88,36.238,47.56,Normal
3,273,cross_0,46.89,0.433,152.39,33.741,46.62,Normal
3,273,cross_1,50.2,-0.082,149.43,36.255,45.93,Normal
3,273,cross_2,50.34,-0.154,109.01,36.25,46.25,Normal
3,273,cross_3,50.33,0.431,67.9,36.254,47.35,Normal
3,273,cross_4,50.34,-0.012,12.52,36.27,90.62,Aggressive
3,273,cross_5,50.38,0.475,49.51,36.252,47.55,Normal
3,276,cross_0,46.74,-0.425,156.25,33.741,46.56,Normal
3,276,cross_1,50.4,0.552,153.56,36.254,47.85,Normal
3,276,cross_2,50.33,-0.013,113.15,36.25,45.68,Normal
3,276,cross_3,50.13,-0.536,71.93,36.255,47.73,Normal
3,276,cross_4,50.25,-0.24,16.27,36.269,82.99,Aggressive
3,276,cross_5,50.32,-0.168,45.16,36.255,47.05,Normal
3,279,cross_0,46.74,0.016,160.13,33.74,44.92,Normal
3,279,cross_1,50.22,-0.503,157.72,36.253,47.61,Normal
3,279,cross_2,50.32,-0.028,117.33,36.25,45.74,Normal
3,279,cross_3,50.23,0.269,76.07,36.255,46.68,Normal
3,279,cross_4,50.31,0.163,20.36,36.268,74.4,Aggressive
3,279,cross_5,50.14,-0.502,40.93,36.255,50.22,Normal
3,282,cross_0,46.7,-0.12,164.02,33.74,45.33,Normal
3,282,cross_1,50.4,0.499,161.87,36.253,47.64,Normal
3,282,cross_2,50.25,-0.198,121.49,36.25,46.4,Normal
3,282,cross_3,50.35,0.344,80.17,36.256,47.01,Normal
3,282,cross_4,50.38,0.18,24.47,36.268,67.22,Normal
3,282,cross_5,50.26,0.354,36.6,36.256,52.78,Normal
3,285,cross_0,46.7,0.002,167.94,33.74,44.85,Normal
3,285,cross_1,50.16,-0.663,166.02,36.252,48.24,Normal
3,285,cross_2,50.18,-0.195,125.7,36.25,46.38,Normal
3,285,cross_3,50.32,-0.091,84.29,36.256,45.99,Normal
3,285,cross_4,50.28,-0.258,28.73,36.267,61.13,Normal
3,285,cross_5,50.26,0.002,32.26,36.256,55.69,Normal
3,288,cross_0,46.92,0.605,171.86,33.741,47.31,Normal
3,288,cross_1,50.39,0.643,170.2,36.251,48.21,Normal
3,288,cross_2,50.26,0.206,129.92,36.25,46.44,Normal
3,288,cross_3,50.15,-0.465,88.46,36.256,47.45,Normal
3,288,cross_4,50.26,-0.07,33.04,36.266,55.1,Normal
3,288,cross_5,50.21,-0.16,28.06,36.256,61.64,Normal
3,291,cross_0,46.84,-0.211,175.83,33.741,45.72,Normal
3,291,cross_1,50.33,-0.173,174.41,36.25,46.32,Normal
3,291,cross_2,50.19,-0.181,134.19,36.25,46.32,Normal
3,291,cross_3,50.35,0.552,92.69,36.255,47.84,Normal
3,291,cross_4,50.16,-0.275,37.51,36.265,51.68,Normal
3,291,cross_5,48.8,-3.912,24.08,36.253,82.44,Aggressive
3,294,cross_0,46.91,0.185,179.82,33.742,45.63,Normal
3,294,cross_1,50.14,-0.512,178.65,36.249,47.64,Normal
3,294,cross_2,50.38,0.531,138.5,36.25,47.76,Normal
3,294,cross_3,50.28,-0.214,96.98,36.255,46.47,Normal
3,294,cross_4,50.36,0.564,42.07,36.265,49.9,Normal
3,294,cross_5,43.98,-13.385,20.77,36.228,91.63,Aggressive
3,297,cross_0,46.77,-0.373,183.85,33.743,46.35,Normal
3,297,cross_1,50.15,0.014,182.91,36.248,45.65,Normal
3,297,cross_2,50.2,-0.497,142.84,36.25,47.59,Normal
3,297,cross_3,50.32,0.133,101.32,36.254,46.16,Normal
3,297,cross_4,50.14,-0.616,46.68,36.265,48.4,Normal
3,297,cross_5,41.41,-7.124,18.3,36.165,95.97,Aggressive
3,300,cross_0,46.82,0.124,187.89,33.745,45.37,Normal
3,300,cross_1,50.34,0.534,187.21,36.248,47.77,Normal
3,300,cross_2,50.36,0.439,147.22,36.25,47.39,Normal
3,300,cross_3,50.24,-0.237,105.69,36.254,46.56,Normal
3,300,cross_4,50.2,0.169,51.33,36.265,46.28,Normal
3,300,cross_5,43.78,6.566,16.45,36.073,100.0,Aggressive
3,303,cross_0,46.66,-0.447,192.03,33.746,46.63,Normal
3,303,cross_1,50.3,-0.111,191.59,36.247,46.07,Normal
3,303,cross_2,50.25,-0.312,151.72,36.251,46.86,Normal
3,303,cross_3,50.16,-0.217,110.2,36.253,46.46,Normal
3,303,cross_4,50.37,0.454,56.27,36.264,47.45,Normal
3,303,cross_5,45.99,6.149,16.21,35.965,100.0,Aggressive
3,306,cross_0,46.81,0.413,196.22,33.747,46.52,Normal
3,306,cross_1,50.29,-0.014,196.03,36.246,45.68,Normal
3,306,cross_2,50.14,-0.305,156.26,36.251,46.81,Normal
3,306,cross_3,50.17,0.034,114.8,36.253,45.73,Normal
3,306,cross_4,50.26,-0.302,61.27,36.264,46.82,Normal
3,306,cross_5,48.6,7.244,17.41,35.853,99.23,Aggressive
3,309,cross_1,50.37,0.22,200.51,36.247,46.52,Normal
3,309,cross_2,50.38,0.66,160.87,36.252,48.28,Normal
3,309,cross_3,50.28,0.296,119.45,36.253,46.8,Normal
3,309,cross_4,50.36,0.283,66.33,36.265,46.77,Normal
3,309,cross_5,50.14,4.281,19.91,35.749,91.67,Aggressive
3,312,cross_2,50.19,-0.531,165.65,36.252,47.72,Normal
3,312,cross_3,50.38,0.284,124.33,36.254,46.78,Normal
3,312,cross_4,50.35,-0.025,71.77,36.266,45.74,Normal
3,312,cross_5,50.4,0.718,24.27,35.654,69.7,Normal
3,315,cross_2,50.35,0.451,170.34,36.252,47.44,Normal
3,315,cross_3,50.23,-0.405,129.1,36.254,47.23,Normal
3,315,cross_4,50.18,-0.475,76.91,36.266,47.49,Normal
3,315,cross_5,50.32,-0.23,28.32,35.569,61.59,Normal
3,318,cross_2,50.16,-0.521,175.07,36.252,47.67,Normal
3,318,cross_3,50.23,-0.004,133.92,36.254,45.63,Normal
3,318,cross_4,50.16,-0.065,82.08,36.267,45.85,Normal
3,318,cross_5,50.37,0.146,32.73,35.493,55.76,Normal
3,321,cross_2,50.37,0.58,179.66,36.253,47.96,Normal
3,321,cross_3,50.27,0.102,138.55,36.254,46.02,Normal
3,321,cross_4,50.2,0.135,86.88,36.268,46.14,Normal
3,321,cross_5,50.22,-0.413,36.57,35.426,53.03,Normal
3,324,cross_2,50.34,-0.093,184.25,36.253,46.0,Normal
3,324,cross_3,50.27,0.005,143.2,36.254,45.64,Normal
3,324,cross_4,50.2,-0.02,91.68,36.268,45.68,Normal
3,324,cross_5,50.35,0.36,40.63,35.368,49.89,Normal
3,327,cross_2,50.19,-0.408,188.65,36.253,47.23,Normal
3,327,cross_3,50.23,-0.128,147.62,36.255,46.12,Normal
3,327,cross_4,50.27,0.192,96.12,36.268,46.38,Normal
3,327,cross_5,50.22,-0.373,44.07,35.319,48.22,Normal
3,330,cross_2,50.34,0.423,193.07,36.253,47.32,Normal
3,330,cross_3,50.39,0.446,152.05,36.255,47.42,Normal
3,330,cross_4,50.38,0.312,100.56,36.269,46.89,Normal
3,330,cross_5,50.25,0.101,47.68,35.279,46.19,Normal
3,333,cross_2,50.16,-0.499,197.29,36.253,47.59,Normal
3,333,cross_3,50.18,-0.579,156.25,36.254,47.91,Normal
3,333,cross_4,50.3,-0.209,104.62,36.269,46.46,Normal
3,333,cross_5,50.26,0.025,50.73,35.249,45.72,Normal
3,336,cross_2,50.14,-0.054,201.5,36.253,45.81,Normal
3,336,cross_3,50.36,0.505,160.46,36.254,47.65,Normal
3,336,cross_4,50.32,0.042,108.7,36.269,45.79,Normal
3,336,cross_5,50.28,0.044,53.94,35.228,45.79,Normal
3,339,cross_3,50.25,-0.301,164.51,36.253,46.82,Normal
3,339,cross_4,50.31,-0.016,112.56,36.269,45.69,Normal
3,339,cross_5,50.26,-0.051,56.86,35.216,45.82,Normal
3,342,cross_3,50.4,0.406,168.59,36.253,47.27,Normal
3,342,cross_4,50.29,-0.054,116.44,36.269,45.84,Normal
3,342,cross_5,50.21,-0.137,59.93,35.215,46.15,Normal
3,345,cross_3,50.24,-0.448,172.65,36.252,47.4,Normal
3,345,cross_4,50.2,-0.26,120.34,36.268,46.64,Normal
3,345,cross_5,50.4,0.527,63.14,35.223,47.75,Normal
3,348,cross_3,50.34,0.294,176.73,36.251,46.81,Normal
3,348,cross_4,50.27,0.199,124.26,36.267,46.41,Normal
3,348,cross_5,50.34,-0.151,66.45,35.241,46.24,Normal
3,351,cross_3,50.25,-0.243,180.82,36.25,46.58,Normal
3,351,cross_4,50.27,-0.0,128.2,36.266,45.62,Normal
3,351,cross_5,50.21,-0.38,69.85,35.267,47.12,Normal
3,354,cross_3,50.38,0.357,185.1,36.249,47.07,Normal
3,354,cross_4,50.2,-0.187,132.45,36.264,46.35,Normal
3,354,cross_5,50.25,0.129,73.83,35.303,46.13,Normal
3,357,cross_3,50.14,-0.672,189.59,36.248,48.27,Normal
3,357,cross_4,50.2,-0.002,137.0,36.262,45.61,Normal
3,357,cross_5,50.26,0.006,78.32,35.348,45.64,Normal
3,360,cross_3,50.3,0.445,194.07,36.248,47.4,Normal
3,360,cross_4,50.27,0.18,141.55,36.26,46.33,Normal
3,360,cross_5,50.29,0.101,82.82,35.403,46.02,Normal
3,363,cross_3,50.14,-0.45,198.56,36.248,47.39,Normal
3,363,cross_4,50.27,0.004,146.1,36.259,45.63,Normal
3,363,cross_5,50.34,0.128,87.32,35.467,46.14,Normal
3,366,cross_3,50.38,0.661,203.05,36.247,48.28,Normal
3,366,cross_4,50.31,0.121,150.65,36.258,46.11,Normal
3,366,cross_5,50.38,0.108,91.84,35.54,46.07,Normal
3,369,cross_4,50.21,-0.284,154.89,36.256,46.74,Normal
3,369,cross_5,50.16,-0.607,95.89,35.622,48.02,Normal
3,372,cross_4,50.31,0.263,159.14,36.255,46.68,Normal
3,372,cross_5,50.27,0.305,99.97,35.714,46.84,Normal
3,375,cross_4,50.16,-0.398,163.39,36.253,47.18,Normal
3,375,cross_5,50.33,0.18,104.07,35.815,46.35,Normal
3,378,cross_4,50.31,0.419,167.35,36.251,47.3,Normal
3,378,cross_5,50.15,-0.524,107.75,35.925,47.68,Normal
3,381,cross_4,50.18,-0.364,171.6,36.249,47.05,Normal
3,381,cross_5,50.3,0.421,111.88,36.041,47.31,Normal
3,384,cross_4,50.16,-0.06,175.85,36.247,45.83,Normal
3,384,cross_5,50.39,0.257,116.03,36.143,46.67,Normal
3,387,cross_4,50.28,0.323,180.39,36.246,46.91,Normal
3,387,cross_5,50.29,-0.276,120.58,36.211,46.72,Normal
3,390,cross_4,50.15,-0.365,185.22,36.244,47.05,Normal
3,390,cross_5,50.21,-0.218,125.53,36.247,46.47,Normal
3,393,cross_4,50.21,0.176,190.07,36.243,46.31,Normal
3,393,cross_5,50.34,0.344,130.49,36.26,47.01,Normal
3,396,cross_4,50.35,0.386,194.61,36.241,47.18,Normal
3,396,cross_5,50.17,-0.466,135.03,36.262,47.46,Normal
3,399,cross_4,50.37,0.054,199.46,36.24,45.85,Normal
3,399,cross_5,50.14,-0.077,139.98,36.261,45.89,Normal
3,402,cross_4,50.17,-0.534,204.0,36.24,47.73,Normal
3,402,cross_5,50.3,0.44,144.53,36.26,47.38,Normal
3,405,cross_4,50.28,0.291,208.56,36.24,46.78,Normal
3,405,cross_5,50.18,-0.336,149.08,36.259,46.94,Normal
3,408,cross_5,50.23,0.139,154.04,36.259,46.16,Normal
3,411,cross_5,50.28,0.141,159.41,36.259,46.18,Normal
3,414,cross_5,50.21,-0.181,164.37,36.258,46.33,Normal
3,417,cross_5,50.28,0.171,168.92,36.257,46.3,Normal
3,420,cross_5,50.14,-0.369,173.88,36.256,47.06,Normal
3,423,cross_5,50.25,0.295,179.26,36.255,46.79,Normal
3,426,cross_5,50.17,-0.229,184.23,36.253,46.51,Normal
3,429,cross_5,50.24,0.201,188.77,36.252,46.41,Normal
3,432,cross_5,50.14,-0.259,193.31,36.251,46.62,Normal
3,435,cross_5,50.36,0.585,198.27,36.25,47.98,Normal
3,438,cross_5,50.18,-0.48,203.66,36.248,47.52,Normal
3,441,cross_5,50.15,-0.085,209.35,36.246,45.93,Normal
3,444,cross_5,50.29,0.378,215.06,36.245,47.13,Normal
3,447,cross_5,50.38,0.268,220.78,36.243,46.71,Normal
3,450,cross_5,50.2,-0.521,226.51,36.242,47.68,Normal
3,453,cross_5,50.27,0.204,231.8,36.241,46.43,Normal
4,3,cross_0,41.93,-13.534,245.68,68.755,63.91,Normal
4,6,cross_0,44.2,6.303,240.98,89.856,64.34,Normal
4,9,cross_0,46.55,6.529,236.13,105.71,64.82,Normal
4,12,cross_0,46.73,0.483,231.74,118.436,46.78,Normal
4,15,cross_0,46.78,0.157,226.83,128.963,45.49,Normal
4,18,cross_0,46.86,0.223,222.44,137.797,45.77,Normal
4,21,cross_0,46.7,-0.459,218.6,145.246,46.68,Normal
4,21,cross_1,33.17,-47.78,238.66,69.827,62.45,Normal
4,24,cross_0,46.66,-0.111,214.77,151.516,45.28,Normal
4,24,cross_1,35.29,5.876,235.6,90.662,62.77,Normal
4,27,cross_0,46.88,0.627,210.94,156.747,47.39,Normal
4,27,cross_1,37.51,6.182,232.4,106.482,63.13,Normal
4,30,cross_0,46.71,-0.483,206.57,161.041,46.78,Normal
4,30,cross_1,40.02,6.974,228.52,119.271,63.56,Normal
4,33,cross_0,46.82,0.295,201.65,164.471,46.05,Normal
4,33,cross_1,42.23,6.118,223.97,129.906,63.96,Normal
4,36,cross_0,46.71,-0.294,196.18,167.09,46.03,Normal
4,36,cross_1,44.51,6.355,218.76,138.864,64.4,Normal
4,39,cross_0,46.66,-0.151,191.27,168.937,45.44,Normal
4,39,cross_1,46.82,6.397,213.9,146.438,64.87,Normal
4,42,cross_0,46.78,0.347,185.8,170.036,46.25,Normal
4,42,cross_1,49.27,6.812,208.37,152.821,65.39,Normal
4,45,cross_0,46.77,-0.025,180.16,170.401,44.96,Normal
4,45,cross_1,50.37,3.071,202.56,158.148,57.92,Normal
4,48,cross_0,46.8,0.064,175.06,170.038,45.12,Normal
4,48,cross_1,50.28,-0.274,197.25,162.524,46.71,Normal
4,51,cross_0,46.72,-0.208,169.42,168.941,45.68,Normal
4,51,cross_1,50.33,0.139,191.45,166.023,46.18,Normal
4,51,cross_2,43.95,-17.203,224.31,69.872,64.29,Normal
4,54,cross_0,46.9,0.511,163.79,167.097,46.93,Normal
4,54,cross_1,50.31,-0.055,185.65,168.701,45.84,Normal
4,54,cross_2,46.2,6.26,219.05,90.621,64.74,Normal
4,57,cross_0,46.72,-0.525,158.17,164.48,46.95,Normal
4,57,cross_1,50.4,0.25,179.86,170.596,46.64,Normal
4,57,cross_2,48.42,6.146,213.64,106.301,65.21,Normal
4,60,cross_0,46.73,0.051,152.56,161.052,45.06,Normal
4,60,cross_1,50.16,-0.658,174.09,171.734,48.22,Normal
4,60,cross_2,50.27,5.15,208.09,118.918,65.62,Normal
4,63,cross_0,46.82,0.232,147.47,156.761,45.8,Normal
4,63,cross_1,50.3,0.39,168.79,172.129,47.18,Normal
4,63,cross_2,50.4,0.354,202.9,129.367,47.06,Normal
4,66,cross_0,46.82,0.005,141.87,151.533,44.89,Normal
4,66,cross_1,50.29,-0.024,163.03,171.788,45.72,Normal
4,66,cross_2,50.28,-0.314,197.35,138.142,46.88,Normal
4,69,cross_0,46.67,-0.403,136.28,145.267,46.45,Normal
4,69,cross_1,50.27,-0.054,157.28,170.705,45.83,Normal
4,69,cross_2,50.25,-0.094,191.83,145.547,45.99,Normal
4,72,cross_0,46.79,0.332,130.71,137.82,46.19,Normal
4,72,cross_1,50.36,0.254,151.54,168.867,46.65,Normal
4,72,cross_2,50.21,-0.12,186.32,151.78,46.08,Normal
4,75,cross_0,46.87,0.222,125.14,128.99,45.77,Normal
4,75,cross_1,50.36,-0.005,145.83,166.248,45.66,Normal
4,75,cross_2,50.2,-0.021,180.85,156.982,45.68,Normal
4,78,cross_0,46.71,-0.452,120.08,118.466,46.66,Normal
4,78,cross_1,50.26,-0.286,140.57,162.811,46.76,Normal
4,78,cross_2,50.36,0.443,175.72,161.253,47.41,Normal
4,81,cross_0,46.69,-0.055,115.02,105.744,45.06,Normal
4,81,cross_1,50.34,0.231,135.31,158.502,46.55,Normal
4,81,cross_2,50.28,-0.223,170.62,164.666,46.51,Normal
4,81,cross_3,36.74,-37.874,207.72,69.474,63.0,Normal
4,84,cross_0,46.68,-0.031,110.44,89.896,44.96,Normal
4,84,cross_1,50.17,-0.484,130.49,153.248,47.53,Normal
4,84,cross_2,50.15,-0.358,165.85,167.272,47.02,Normal
4,84,cross_3,38.86,5.877,203.95,90.101,63.36,Normal
4,87,cross_0,46.85,0.467,105.86,68.796,46.75,Normal
4,87,cross_1,50.22,0.14,125.66,146.948,46.16,Normal
4,87,cross_2,50.28,0.347,161.08,169.11,47.01,Normal
4,87,cross_3,41.21,6.531,200.02,105.746,63.77,Normal
4,90,cross_0,46.73,-0.335,101.77,33.711,46.19,Normal
4,90,cross_1,50.34,0.344,121.27,139.461,47.01,Normal
4,90,cross_2,50.36,0.247,156.63,170.204,46.63,Normal
4,90,cross_3,43.57,6.559,196.17,118.378,64.22,Normal
4,93,cross_0,46.89,0.439,97.69,33.731,46.64,Normal
4,93,cross_1,50.22,-0.334,116.87,130.581,46.94,Normal
4,93,cross_2,50.36,-0.012,152.18,170.568,45.68,Normal
4,93,cross_3,45.77,6.113,192.14,128.866,64.66,Normal
4,96,cross_0,46.7,-0.505,94.12,33.736,46.87,Normal
4,96,cross_1,50.3,0.228,112.93,120.001,46.54,Normal
4,96,cross_2,50.38,0.05,148.05,170.207,45.84,Normal
4,96,cross_3,48.31,7.056,188.18,137.685,65.19,Normal
4,99,cross_0,46.77,0.178,90.58,33.736,45.57,Normal
4,99,cross_1,50.23,-0.199,109.02,107.217,46.4,Normal
4,99,cross_2,50.24,-0.384,143.93,169.116,47.14,Normal
4,99,cross_3,50.22,5.29,184.06,145.126,65.6,Normal
4,102,cross_0,46.83,0.186,86.54,33.736,45.62,Normal
4,102,cross_1,50.38,0.415,104.65,91.31,47.3,Normal
4,102,cross_2,50.38,0.374,139.48,167.282,47.14,Normal
4,102,cross_3,50.28,0.177,179.61,151.389,46.32,Normal
4,105,cross_0,46.83,-0.022,83.05,33.737,44.96,Normal
4,105,cross_1,50.25,-0.375,100.77,70.186,47.11,Normal
4,105,cross_2,50.27,-0.304,135.37,164.679,46.83,Normal
4,105,cross_3,50.19,-0.238,175.44,156.618,46.55,Normal
4,108,cross_0,46.9,0.191,79.6,33.738,45.65,Normal
4,108,cross_1,50.3,0.142,96.92,35.511,46.19,Normal
4,108,cross_2,50.37,0.281,131.26,161.27,46.76,Normal
4,108,cross_3,50.26,0.19,171.27,160.911,46.37,Normal
4,111,cross_0,46.89,-0.025,76.21,33.74,44.99,Normal
4,111,cross_1,50.14,-0.421,93.11,35.753,47.27,Normal
4,111,cross_2,50.3,-0.191,127.16,157.003,46.38,Normal
4,111,cross_3,50.26,-0.007,167.1,164.343,45.64,Normal
4,114,cross_0,46.76,-0.342,72.27,33.741,46.23,Normal
4,114,cross_1,50.22,0.202,88.81,35.938,46.41,Normal
4,114,cross_2,50.28,-0.056,122.71,151.805,45.84,Normal
4,114,cross_3,50.25,-0.012,162.65,166.967,45.66,Normal
4,117,cross_0,46.71,-0.156,68.98,33.743,45.47,Normal
4,117,cross_1,50.22,0.002,85.05,36.073,45.61,Normal
4,117,cross_2,50.24,-0.099,118.63,145.577,46.01,Normal
4,117,cross_3,50.39,0.364,158.48,168.819,47.1,Normal
4,120,cross_0,46.72,0.026,65.76,33.744,44.95,Normal
4,120,cross_1,50.28,0.158,81.35,36.164,46.25,Normal
4,120,cross_2,50.17,-0.206,114.55,138.179,46.42,Normal
4,120,cross_3,50.22,-0.461,154.32,169.927,47.45,Normal
4,120,cross_4,46.8,-9.665,206.9,69.949,64.87,Normal
4,123,cross_0,46.83,0.303,63.07,33.745,46.08,Normal
4,123,cross_1,50.37,0.266,78.07,36.219,46.7,Normal
4,123,cross_2,50.32,0.425,110.74,129.41,47.33,Normal
4,123,cross_3,50.31,0.242,150.36,170.303,46.59,Normal
4,123,cross_4,48.98,6.044,202.98,90.714,65.33,Normal
4,126,cross_0,46.74,-0.225,60.51,33.745,45.75,Normal
4,126,cross_1,50.14,-0.628,74.88,36.246,48.1,Normal
4,126,cross_2,50.35,0.07,106.95,118.97,45.91,Normal
4,126,cross_3,50.32,0.04,146.41,169.953,45.79,Normal
4,126,cross_4,50.32,3.726,198.92,106.387,60.53,Normal
4,129,cross_0,46.66,-0.241,58.09,33.746,45.8,Normal
4,129,cross_1,50.39,0.671,71.81,36.255,48.32,Normal
4,129,cross_2,50.38,0.093,103.2,106.365,46.01,Normal
4,129,cross_3,50.38,0.156,142.48,168.873,46.26,Normal
4,129,cross_4,50.32,0.02,194.85,118.997,45.71,Normal
4,132,cross_0,46.72,0.188,55.1,33.746,45.6,Normal
4,132,cross_1,50.36,-0.077,68.19,36.255,45.95,Normal
4,132,cross_2,50.18,-0.547,99.06,90.699,47.78,Normal
4,132,cross_3,50.33,-0.132,138.24,167.049,46.16,Normal
4,132,cross_4,50.36,0.107,190.56,129.441,46.06,Normal
4,135,cross_0,46.66,-0.186,51.47,33.747,45.58,Normal
4,135,cross_1,50.15,-0.578,64.0,36.255,47.9,Normal
4,135,cross_2,50.37,0.521,94.51,69.944,47.72,Normal
4,135,cross_3,50.28,-0.128,133.69,164.455,46.13,Normal
4,135,cross_4,50.28,-0.218,186.07,138.213,46.49,Normal
4,138,cross_0,46.81,0.414,48.74,33.747,46.58,Normal
4,138,cross_1,50.17,0.052,60.55,36.255,45.8,Normal
4,138,cross_2,50.2,-0.482,90.4,36.207,47.53,Normal
4,138,cross_3,50.27,-0.036,129.45,161.054,45.76,Normal
4,138,cross_4,50.28,-0.002,181.79,145.614,45.63,Normal
4,141,cross_0,46.67,-0.374,46.2,33.747,46.8,Normal
4,141,cross_1,50.27,0.272,57.21,36.255,46.7,Normal
4,141,cross_2,50.39,0.543,86.28,36.243,47.82,Normal
4,141,cross_3,50.22,-0.138,125.22,156.795,46.16,Normal
4,141,cross_4,50.24,-0.114,177.51,151.845,46.07,Normal
4,144,cross_0,46.77,0.266,43.87,33.748,47.13,Normal
4,144,cross_1,50.39,0.353,54.01,36.254,47.05,Normal
4,144,cross_2,50.13,-0.723,82.19,36.257,48.48,Normal
4,144,cross_3,50.27,0.133,120.99,151.604,46.15,Normal
4,144,cross_4,50.18,-0.167,173.24,157.046,46.26,Normal
4,147,cross_0,46.69,-0.22,41.8,33.748,47.87,Normal
4,147,cross_1,50.31,-0.231,50.96,36.255,46.55,Normal
4,147,cross_2,50.14,0.014,78.14,36.259,45.64,Normal
4,147,cross_3,50.2,-0.187,116.77,145.383,46.35,Normal
4,147,cross_4,50.2,0.049,168.95,161.316,45.79,Normal
4,150,cross_0,46.77,0.232,39.15,33.749,49.56,Normal
4,150,cross_1,50.23,-0.213,47.3,36.255,46.69,Normal
4,150,cross_2,50.26,0.354,73.62,36.258,47.03,Normal
4,150,cross_3,50.22,0.042,112.21,137.991,45.77,Normal
4,150,cross_4,50.33,0.375,164.45,164.728,47.13,Normal
4,153,cross_0,46.91,0.372,37.69,33.749,51.23,Normal
4,153,cross_1,50.22,-0.034,44.64,36.256,46.66,Normal
4,153,cross_2,50.28,0.037,69.59,36.258,45.76,Normal
4,153,cross_3,50.22,0.001,107.99,129.227,45.61,Normal
4,153,cross_4,50.21,-0.34,160.17,167.333,46.96,Normal
4,156,cross_0,46.91,0.001,36.62,33.749,50.62,Normal
4,156,cross_1,50.25,0.092,42.24,36.256,47.91,Normal
4,156,cross_2,50.33,0.139,65.59,36.258,46.18,Normal
4,156,cross_3,50.38,0.443,103.77,118.79,47.41,Normal
4,156,cross_4,50.38,0.474,155.89,169.169,47.54,Normal
4,159,cross_0,46.77,-0.376,35.07,33.749,53.5,Normal
4,159,cross_1,50.33,0.196,39.29,36.257,50.08,Normal
4,159,cross_2,50.31,-0.049,61.11,36.257,45.82,Normal
4,159,cross_3,50.2,-0.483,99.21,106.185,47.53,Normal
4,159,cross_4,50.23,-0.417,151.4,170.261,47.28,Normal
4,162,cross_0,46.8,0.074,33.12,33.749,54.28,Normal
4,162,cross_1,50.33,0.002,35.78,36.258,52.11,Normal
4,162,cross_2,50.38,0.198,56.13,36.257,46.43,Normal
4,162,cross_3,50.22,0.036,94.31,90.512,45.75,Normal
4,162,cross_4,50.3,0.179,146.71,170.623,46.34,Normal
4,162,cross_5,30.16,-55.867,199.89,69.767,62.02,Normal
4,165,cross_0,46.9,0.287,31.77,33.75,56.67,Normal
4,165,cross_1,50.26,-0.195,32.66,36.258,56.02,Normal
4,165,cross_2,50.18,-0.562,51.15,36.257,47.84,Normal
4,165,cross_3,50.34,0.358,89.42,69.734,47.06,Normal
4,165,cross_4,50.32,0.076,142.04,170.261,45.93,Normal
4,165,cross_5,32.32,5.991,196.84,90.603,62.32,Normal
4,168,cross_0,46.74,-0.461,31.87,33.75,57.22,Normal
4,168,cross_1,50.19,-0.181,30.93,36.259,57.95,Normal
4,168,cross_2,50.22,0.106,46.7,36.257,46.38,Normal
4,168,cross_3,50.36,0.057,84.86,35.863,45.87,Normal
4,168,cross_4,50.24,-0.234,137.57,169.169,46.55,Normal
4,168,cross_5,34.53,6.145,193.77,106.445,62.65,Normal
4,171,cross_0,46.71,-0.069,33.25,33.75,54.1,Normal
4,171,cross_1,50.29,0.285,30.69,36.259,58.69,Normal
4,171,cross_2,50.16,-0.172,42.83,36.257,47.92,Normal
4,171,cross_3,50.39,0.067,80.63,36.021,45.91,Normal
4,171,cross_4,50.33,0.235,133.29,167.333,46.57,Normal
4,171,cross_5,36.6,5.758,190.67,119.272,62.98,Normal
4,174,cross_0,46.66,-0.139,34.38,33.749,53.2,Normal
4,174,cross_1,50.16,-0.376,30.2,36.259,59.64,Normal
4,174,cross_2,50.19,0.083,38.45,36.257,50.2,Normal
4,174,cross_3,50.19,-0.549,76.07,36.132,47.79,Normal
4,174,cross_4,50.23,-0.269,128.83,164.728,46.68,Normal
4,174,cross_5,38.89,6.367,187.25,129.956,63.36,Normal
4,177,cross_0,46.78,0.331,35.42,33.749,52.99,Normal
4,177,cross_1,50.36,0.572,29.63,36.259,61.21,Normal
4,177,cross_2,50.37,0.513,33.51,36.257,56.38,Normal
4,177,cross_3,50.24,0.128,71.18,36.203,46.12,Normal
4,177,cross_4,50.3,0.204,124.21,161.317,46.44,Normal
4,177,cross_5,41.39,6.951,183.52,138.969,63.81,Normal
4,180,cross_0,46.76,-0.047,37.53,33.748,50.03,Normal
4,180,cross_1,50.17,-0.549,30.57,36.259,59.87,Normal
4,180,cross_2,50.28,-0.25,29.22,36.257,60.43,Normal
4,180,cross_3,50.23,-0.022,66.64,36.241,45.69,Normal
4,180,cross_4,50.21,-0.263,119.77,157.048,46.65,Normal
4,180,cross_5,43.72,6.458,179.72,146.603,64.25,Normal
4,183,cross_0,46.9,0.369,39.98,33.748,49.58,Normal
4,183,cross_1,50.14,-0.072,32.13,36.259,56.09,Normal
4,183,cross_2,50.23,-0.15,25.02,36.257,66.17,Normal
4,183,cross_3,50.32,0.251,62.08,36.257,46.63,Normal
4,183,cross_4,50.3,0.265,115.33,151.848,46.68,Normal
4,183,cross_5,46.06,6.511,175.75,153.049,64.72,Normal
4,186,cross_0,46.79,-0.303,42.72,33.746,47.77,Normal
4,186,cross_1,50.26,0.346,34.24,36.259,54.94,Normal
4,186,cross_2,50.22,-0.029,20.97,36.257,72.68,Aggressive
4,186,cross_3,50.34,0.062,57.53,36.259,45.88,Normal
4,186,cross_4,50.27,-0.081,110.91,145.618,45.94,Normal
4,186,cross_5,48.48,6.724,171.59,158.44,65.22,Normal
4,189,cross_0,46.92,0.361,45.71,33.745,46.92,Normal
4,189,cross_1,50.39,0.354,36.8,36.259,52.63,Normal
4,189,cross_2,50.32,0.291,17.18,36.257,81.27,Aggressive
4,189,cross_3,50.24,-0.294,52.98,36.258,46.79,Normal
4,189,cross_4,50.4,0.338,106.5,138.218,46.99,Normal
4,189,cross_5,50.16,4.664,167.27,162.871,64.25,Normal
4,192,cross_0,46.72,-0.556,48.89,33.744,47.11,Normal
4,192,cross_1,50.23,-0.443,39.71,36.259,50.77,Normal
4,192,cross_2,50.28,-0.118,13.86,36.257,87.9,Aggressive
4,192,cross_3,50.16,-0.222,48.44,36.257,46.56,Normal
4,192,cross_4,50.24,-0.419,102.1,129.448,47.29,Normal
4,192,cross_5,50.34,0.491,162.92,166.417,47.59,Normal
4,195,cross_0,46.89,0.493,52.44,33.743,46.86,Normal
4,195,cross_1,50.19,-0.119,43.23,36.259,47.54,Normal
4,195,cross_2,50.38,0.294,12.32,36.257,92.25,Aggressive
4,195,cross_3,50.22,0.183,44.2,36.256,47.41,Normal
4,195,cross_4,50.39,0.399,97.83,119.005,47.24,Normal
4,195,cross_5,50.21,-0.352,158.66,169.134,47.01,Normal
4,198,cross_0,46.81,-0.234,56.24,33.743,45.81,Normal
4,198,cross_1,50.19,0.004,47.17,36.259,45.87,Normal
4,198,cross_2,50.22,-0.468,13.03,36.257,91.22,Aggressive
4,198,cross_3,50.28,0.155,40.3,36.255,49.24,Normal
4,198,cross_4,50.27,-0.339,93.68,106.399,46.97,Normal
4,198,cross_5,50.26,0.121,154.5,171.061,46.1,Normal
4,201,cross_0,46.69,-0.346,59.87,33.743,46.23,Normal
4,201,cross_1,50.29,0.28,50.88,36.259,46.74,Normal
4,201,cross_2,50.24,0.057,14.19,36.258,86.87,Aggressive
4,201,cross_3,50.2,-0.222,36.11,36.254,52.67,Normal
4,201,cross_4,50.19,-0.21,89.41,90.731,46.44,Normal
4,201,cross_5,50.18,-0.224,150.25,172.225,46.49,Normal
4,204,cross_0,46.78,0.251,63.7,33.743,45.87,Normal
4,204,cross_1,50.4,0.299,54.91,36.259,46.84,Normal
4,204,cross_2,50.28,0.117,17.01,36.258,80.91,Aggressive
4,204,cross_3,50.32,0.352,32.32,36.252,57.04,Normal
4,204,cross_4,50.3,0.303,85.25,69.975,46.83,Normal
4,204,cross_5,50.17,-0.014,146.08,172.641,45.65,Normal
4,207,cross_0,46.68,-0.255,67.54,33.743,45.86,Normal
4,207,cross_1,50.2,-0.565,58.96,36.259,47.86,Normal
4,207,cross_2,50.24,-0.103,20.31,36.258,74.23,Aggressive
4,207,cross_3,50.25,-0.216,28.65,36.251,61.06,Normal
4,207,cross_4,50.33,0.084,81.09,36.248,45.97,Normal
4,207,cross_5,50.25,0.22,141.91,172.314,46.49,Normal
4,210,cross_0,46.92,0.64,71.25,33.744,47.45,Normal
4,210,cross_1,50.19,-0.007,62.82,36.259,45.63,Normal
4,210,cross_2,50.18,-0.174,23.47,36.258,68.81,Normal
4,210,cross_3,50.33,0.217,24.62,36.251,67.11,Normal
4,210,cross_4,50.35,0.069,76.83,36.259,45.91,Normal
4,210,cross_5,50.29,0.111,137.65,171.241,46.07,Normal
4,213,cross_0,46.84,-0.214,75.11,33.744,45.73,Normal
4,213,cross_1,50.23,0.11,66.91,36.259,46.05,Normal
4,213,cross_2,50.14,-0.107,27.28,36.258,62.54,Normal
4,213,cross_3,50.26,-0.175,21.27,36.251,72.74,Aggressive
4,213,cross_4,50.19,-0.455,72.68,36.261,47.42,Normal
4,213,cross_5,50.29,-0.015,133.48,169.406,45.68,Normal
4,216,cross_0,46.68,-0.43,78.97,33.744,46.56,Normal
4,216,cross_1,50.4,0.459,71.03,36.26,47.48,Normal
4,216,cross_2,50.14,0.008,31.18,36.257,56.95,Normal
4,216,cross_3,50.34,0.226,18.27,36.251,78.76,Aggressive
4,216,cross_4,50.36,0.473,68.52,36.263,47.53,Normal
4,216,cross_5,50.34,0.162,129.31,166.786,46.28,Normal
4,219,cross_0,46.69,0.02,82.72,33.744,44.93,Normal
4,219,cross_1,50.37,-0.077,74.98,36.261,45.95,Normal
4,219,cross_2,50.21,0.193,34.9,36.257,53.67,Normal
4,219,cross_3,50.32,-0.076,15.04,36.251,85.04,Aggressive
4,219,cross_4,50.16,-0.559,64.25,36.265,47.83,Normal
4,219,cross_5,50.36,0.058,125.05,163.342,45.87,Normal
4,222,cross_0,46.69,0.003,86.5,33.744,44.86,Normal
4,222,cross_1,50.23,-0.379,78.98,36.262,47.12,Normal
4,222,cross_2,50.31,0.274,38.73,36.257,50.79,Normal
4,222,cross_3,50.26,-0.158,12.47,36.252,91.31,Aggressive
4,222,cross_4,50.25,0.257,59.97,36.267,46.64,Normal
4,222,cross_5,50.17,-0.545,120.79,159.021,47.77,Normal
4,225,cross_0,46.69,-0.008,90.38,33.744,44.88,Normal
4,225,cross_1,50.34,0.295,83.12,36.263,46.81,Normal
4,225,cross_2,50.2,-0.314,42.82,36.256,48.51,Normal
4,225,cross_3,50.14,-0.343,11.93,36.252,93.34,Aggressive
4,225,cross_4,50.35,0.258,55.82,36.269,46.67,Normal
4,225,cross_5,50.34,0.474,116.62,153.749,47.53,Normal
4,228,cross_0,46.81,0.348,94.18,33.743,46.26,Normal
4,228,cross_1,50.18,-0.448,87.15,36.263,47.39,Normal
4,228,cross_2,50.31,0.324,46.77,36.256,47.26,Normal
4,228,cross_3,50.25,0.329,11.98,36.251,93.19,Aggressive
4,228,cross_4,50.34,-0.007,51.54,36.271,45.66,Normal
4,228,cross_5,50.34,0.013,112.36,147.423,45.68,Normal
4,231,cross_0,46.71,-0.288,97.93,33.742,46.0,Normal
4,231,cross_1,50.26,0.233,91.11,36.264,46.55,Normal
4,231,cross_2,50.21,-0.28,50.65,36.255,46.72,Normal
4,231,cross_3,50.38,0.335,12.8,36.251,91.26,Aggressive
4,231,cross_4,50.39,0.139,47.14,36.272,46.46,Normal
4,231,cross_5,50.15,-0.546,108.03,139.902,47.77,Normal
4,234,cross_0,46.77,0.178,101.7,33.741,45.57,Normal
4,234,cross_1,50.16,-0.273,95.04,36.264,46.68,Normal
4,234,cross_2,50.31,0.256,54.59,36.255,46.65,Normal
4,234,cross_3,50.33,-0.123,14.61,36.251,86.2,Aggressive
4,234,cross_4,50.25,-0.387,42.69,36.273,48.87,Normal
4,234,cross_5,50.31,0.458,103.65,130.98,47.46,Normal
4,237,cross_0,46.67,-0.284,105.54,33.741,45.98,Normal
4,237,cross_1,50.17,0.014,99.08,36.264,45.65,Normal
4,237,cross_2,50.14,-0.456,58.67,36.254,47.41,Normal
4,237,cross_3,50.14,-0.537,17.68,36.251,81.16,Aggressive
4,237,cross_4,50.29,0.11,38.38,36.274,50.38,Normal
4,237,cross_5,50.18,-0.371,99.34,120.344,47.08,Normal
4,240,cross_0,46.83,0.444,109.46,33.74,46.65,Normal
4,240,cross_1,50.2,0.094,103.2,36.263,45.98,Normal
4,240,cross_2,50.36,0.599,62.9,36.254,48.03,Normal
4,240,cross_3,50.2,0.173,21.48,36.251,72.32,Aggressive
4,240,cross_4,50.39,0.259,34.24,36.275,54.62,Normal
4,240,cross_5,50.18,-0.002,95.09,107.488,45.6,Normal
4,243,cross_0,46.86,0.066,113.4,33.739,45.14,Normal
4,243,cross_1,50.32,0.314,107.38,36.263,46.88,Normal
4,243,cross_2,50.17,-0.529,67.16,36.253,47.71,Normal
4,243,cross_3,50.28,0.214,25.65,36.25,65.45,Normal
4,243,cross_4,50.24,-0.417,30.24,36.276,59.77,Normal
4,243,cross_5,50.29,0.314,90.89,91.48,46.88,Normal
4,246,cross_0,46.88,0.061,117.42,33.738,45.13,Normal
4,246,cross_1,50.38,0.175,111.62,36.263,46.34,Normal
4,246,cross_2,50.36,0.543,71.54,36.252,47.81,Normal
4,246,cross_3,50.15,-0.349,30.02,36.25,59.76,Normal
4,246,cross_4,50.13,-0.282,26.64,36.276,64.18,Normal
4,246,cross_5,50.4,0.299,86.76,70.196,46.84,Normal
4,249,cross_0,46.67,-0.566,121.42,33.737,47.1,Normal
4,249,cross_1,50.3,-0.225,115.88,36.263,46.52,Normal
4,249,cross_2,50.29,-0.203,75.89,36.252,46.43,Normal
4,249,cross_3,50.21,0.154,34.41,36.25,54.0,Normal
4,249,cross_4,50.28,0.401,23.19,36.276,70.23,Aggressive
4,249,cross_5,50.14,-0.718,82.67,35.074,48.46,Normal
4,252,cross_0,46.81,0.381,125.38,33.737,46.39,Normal
4,252,cross_1,50.39,0.265,120.1,36.262,46.71,Normal
4,252,cross_2,50.26,-0.08,80.16,36.252,45.93,Normal
4,252,cross_3,50.24,0.095,38.68,36.25,50.09,Normal
4,252,cross_4,50.39,0.296,19.75,36.276,76.11,Aggressive
4,252,cross_5,50.21,0.198,78.55,35.401,46.4,Normal
4,255,cross_0,46.91,0.276,129.27,33.738,45.99,Normal
4,255,cross_1,50.27,-0.354,124.28,36.262,47.03,Normal
4,255,cross_2,50.24,-0.059,84.32,36.252,45.84,Normal
4,255,cross_3,50.23,-0.023,42.82,36.25,47.35,Normal
4,255,cross_4,50.38,-0.02,16.17,36.277,82.35,Aggressive
4,255,cross_5,50.14,-0.205,74.38,35.665,46.41,Normal
4,258,cross_0,46.82,-0.241,133.16,33.738,45.84,Normal
4,258,cross_1,50.21,-0.164,128.46,36.26,46.26,Normal
4,258,cross_2,50.2,-0.101,88.48,36.252,46.0,Normal
4,258,cross_3,50.18,-0.155,46.97,36.25,46.51,Normal
4,258,cross_4,50.14,-0.655,12.96,36.276,92.1,Aggressive
4,258,cross_5,50.29,0.427,70.21,35.872,47.33,Normal
4,261,cross_0,46.9,0.201,137.06,33.739,45.69,Normal
4,261,cross_1,50.33,0.328,132.64,36.259,46.94,Normal
4,261,cross_2,50.17,-0.106,92.64,36.251,46.02,Normal
4,261,cross_3,50.37,0.53,51.13,36.25,47.76,Normal
4,261,cross_4,50.32,0.484,10.48,36.275,97.55,Aggressive
4,261,cross_5,50.26,-0.076,66.03,36.026,45.92,Normal
4,264,cross_0,46.75,-0.412,140.94,33.739,46.5,Normal
4,264,cross_1,50.39,0.181,136.83,36.258,46.37,Normal
4,264,cross_2,50.34,0.481,96.82,36.251,47.55,Normal
4,264,cross_3,50.3,-0.192,55.28,36.251,46.39,Normal
4,264,cross_4,50.18,-0.388,9.31,36.274,100.0,Aggressive
4,264,cross_5,50.2,-0.189,61.87,36.134,46.36,Normal
4,267,cross_0,46.82,0.21,144.9,33.74,45.71,Normal
4,267,cross_1,50.37,-0.068,141.05,36.257,45.91,Normal
4,267,cross_2,50.28,-0.172,101.07,36.251,46.31,Normal
4,267,cross_3,50.31,0.037,59.55,36.252,45.77,Normal
4,267,cross_4,50.25,0.21,10.77,36.272,95.71,Aggressive
4,267,cross_5,50.38,0.517,57.8,36.201,47.71,Normal
4,270,cross_0,46.73,-0.25,148.84,33.74,45.85,Normal
4,270,cross_1,50.23,-0.386,145.28,36.256,47.15,Normal
4,270,cross_2,50.39,0.33,105.33,36.251,46.96,Normal
4,270,cross_3,50.17,-0.391,63.82,36.253,47.16,Normal
4,270,cross_4,50.34,0.253,13.49,36.271,89.29,Aggressive
4,270,cross_5,50.21,-0.491,53.77,36.238,47.56,Normal
4,273,cross_0,46.89,0.433,152.81,33.741,46.62,Normal
4,273,cross_1,50.2,-0.082,149.51,36.255,45.93,Normal
4,273,cross_2,50.34,-0.154,109.59,36.25,46.25,Normal
4,273,cross_3,50.33,0.431,68.1,36.254,47.35,Normal
4,273,cross_4,50.34,-0.012,16.88,36.27,80.78,Aggressive
4,273,cross_5,50.38,0.475,49.78,36.252,47.54,Normal
4,276,cross_0,46.74,-0.425,156.84,33.741,46.56,Normal
4,276,cross_1,50.4,0.552,153.82,36.254,47.85,Normal
4,276,cross_2,50.33,-0.013,113.96,36.25,45.68,Normal
4,276,cross_3,50.13,-0.536,72.49,36.255,47.73,Normal
4,276,cross_4,50.25,-0.24,21.18,36.269,73.15,Aggressive
4,276,cross_5,50.32,-0.168,46.04,36.255,46.8,Normal
4,279,cross_0,46.74,0.016,160.88,33.74,44.92,Normal
4,279,cross_1,50.22,-0.503,158.13,36.253,47.61,Normal
4,279,cross_2,50.32,-0.028,118.34,36.25,45.74,Normal
4,279,cross_3,50.23,0.269,76.91,36.255,46.68,Normal
4,279,cross_4,50.31,0.163,25.57,36.268,65.37,Normal
4,279,cross_5,50.14,-0.502,42.47,36.255,49.41,Normal
4,282,cross_0,46.7,-0.12,165.04,33.74,45.33,Normal
4,282,cross_1,50.4,0.499,162.54,36.253,47.64,Normal
4,282,cross_2,50.25,-0.198,122.86,36.25,46.4,Normal
4,282,cross_3,50.35,0.344,81.5,36.256,47.01,Normal
4,282,cross_4,50.38,0.18,30.54,36.268,58.48,Normal
4,282,cross_5,50.26,0.354,39.43,36.256,50.61,Normal
4,285,cross_0,46.7,0.002,169.23,33.74,44.85,Normal
4,285,cross_1,50.16,-0.663,166.96,36.252,48.24,Normal
4,285,cross_2,50.18,-0.195,127.42,36.25,46.38,Normal
4,285,cross_3,50.32,-0.091,86.14,36.256,45.99,Normal
4,285,cross_4,50.28,-0.258,35.51,36.267,53.37,Normal
4,285,cross_5,50.26,0.002,36.82,36.256,51.18,Normal
4,288,cross_0,46.92,0.605,173.45,33.741,47.31,Normal
4,288,cross_1,50.39,0.643,171.43,36.251,48.21,Normal
4,288,cross_2,50.26,0.206,132.01,36.25,46.44,Normal
4,288,cross_3,50.15,-0.465,90.8,36.256,47.45,Normal
4,288,cross_4,50.26,-0.07,40.49,36.266,48.79,Normal
4,288,cross_5,50.21,-0.16,34.74,36.256,53.69,Normal
4,291,cross_0,46.84,-0.211,177.56,33.741,45.72,Normal
4,291,cross_1,50.33,-0.173,175.81,36.25,46.32,Normal
4,291,cross_2,50.19,-0.181,136.46,36.25,46.32,Normal
4,291,cross_3,50.35,0.552,95.29,36.255,47.84,Normal
4,291,cross_4,50.16,-0.275,44.95,36.265,47.5,Normal
4,291,cross_5,50.31,0.301,32.65,36.255,56.46,Normal
4,294,cross_0,46.91,0.185,181.83,33.742,45.63,Normal
4,294,cross_1,50.14,-0.512,180.31,36.249,47.64,Normal
4,294,cross_2,50.38,0.531,141.09,36.25,47.76,Normal
4,294,cross_3,50.28,-0.214,100.01,36.255,46.47,Normal
4,294,cross_4,50.36,0.564,49.94,36.265,47.89,Normal
4,294,cross_5,50.35,0.093,31.8,36.254,56.6,Normal
4,297,cross_0,46.77,-0.373,186.11,33.743,46.35,Normal
4,297,cross_1,50.15,0.014,184.84,36.248,45.65,Normal
4,297,cross_2,50.2,-0.497,145.75,36.25,47.59,Normal
4,297,cross_3,50.32,0.133,104.75,36.254,46.16,Normal
4,297,cross_4,50.14,-0.616,54.92,36.265,48.05,Normal
4,297,cross_5,50.14,-0.589,31.72,36.254,58.63,Normal
4,300,cross_0,46.82,0.124,190.42,33.745,45.37,Normal
4,300,cross_1,50.34,0.534,189.4,36.248,47.77,Normal
4,300,cross_2,50.36,0.439,150.43,36.25,47.39,Normal
4,300,cross_3,50.24,-0.237,109.52,36.254,46.56,Normal
4,300,cross_4,50.2,0.169,59.91,36.265,46.28,Normal
4,300,cross_5,50.38,0.682,32.42,36.253,58.26,Normal
4,303,cross_0,46.66,-0.447,194.9,33.746,46.63,Normal
4,303,cross_1,50.3,-0.111,194.13,36.247,46.07,Normal
4,303,cross_2,50.25,-0.312,155.34,36.251,46.86,Normal
4,303,cross_3,50.16,-0.217,114.56,36.253,46.46,Normal
4,303,cross_4,50.37,0.454,65.4,36.264,47.45,Normal
4,303,cross_5,50.26,-0.326,34.72,36.253,54.39,Normal
4,306,cross_0,46.81,0.413,199.56,33.747,46.52,Normal
4,306,cross_1,50.29,-0.014,199.02,36.246,45.68,Normal
4,306,cross_2,50.14,-0.305,160.43,36.251,46.81,Normal
4,306,cross_3,50.17,0.034,119.84,36.253,45.73,Normal
4,306,cross_4,50.26,-0.302,71.24,36.264,46.82,Normal
4,306,cross_5,50.29,0.065,38.29,36.253,50.27,Normal
4,309,cross_1,50.37,0.22,203.79,36.247,46.52,Normal
4,309,cross_2,50.38,0.66,165.35,36.252,48.28,Normal
4,309,cross_3,50.28,0.296,124.87,36.253,46.8,Normal
4,309,cross_4,50.36,0.283,76.57,36.265,46.77,Normal
4,309,cross_5,50.38,0.267,41.5,36.253,49.02,Normal
4,312,cross_2,50.19,-0.531,170.03,36.252,47.72,Normal
4,312,cross_3,50.38,0.284,129.63,36.254,46.78,Normal
4,312,cross_4,50.35,-0.025,81.38,36.266,45.74,Normal
4,312,cross_5,50.28,-0.282,44.22,36.253,47.82,Normal
4,315,cross_2,50.35,0.451,174.98,36.252,47.44,Normal
4,315,cross_3,50.23,-0.405,134.7,36.254,47.23,Normal
4,315,cross_4,50.18,-0.475,86.71,36.266,47.49,Normal
4,315,cross_5,50.19,-0.251,48.16,36.254,46.71,Normal
4,318,cross_2,50.16,-0.521,179.95,36.252,47.67,Normal
4,318,cross_3,50.18,-0.154,139.79,36.254,46.21,Normal
4,318,cross_4,50.16,-0.065,92.03,36.267,45.85,Normal
4,318,cross_5,50.22,0.066,52.34,36.254,45.87,Normal
4,321,cross_2,50.37,0.58,184.68,36.253,47.96,Normal
4,321,cross_3,50.26,0.231,144.56,36.254,46.54,Normal
4,321,cross_4,50.2,0.135,96.83,36.268,46.14,Normal
4,321,cross_5,50.16,-0.157,55.87,36.255,46.22,Normal
4,324,cross_2,50.34,-0.093,189.68,36.253,46.0,Normal
4,324,cross_3,50.24,-0.063,149.67,36.254,45.86,Normal
4,324,cross_4,50.2,-0.02,102.16,36.268,45.68,Normal
4,324,cross_5,50.17,0.035,60.41,36.255,45.74,Normal
4,327,cross_2,50.19,-0.408,194.4,36.253,47.23,Normal
4,327,cross_3,50.16,-0.211,154.45,36.254,46.43,Normal
4,327,cross_4,50.27,0.192,106.96,36.268,46.38,Normal
4,327,cross_5,50.28,0.313,64.25,36.255,46.87,Normal
4,330,cross_2,50.34,0.423,199.14,36.253,47.32,Normal
4,330,cross_3,50.21,0.135,159.24,36.255,46.14,Normal
4,330,cross_4,50.38,0.312,111.78,36.269,46.89,Normal
4,330,cross_5,50.15,-0.369,68.22,36.255,47.07,Normal
4,333,cross_2,50.16,-0.499,204.18,36.253,47.59,Normal
4,333,cross_3,50.23,0.05,164.38,36.254,45.81,Normal
4,333,cross_4,50.3,-0.209,117.1,36.269,46.46,Normal
4,333,cross_5,50.3,0.415,73.08,36.254,47.28,Normal
4,336,cross_2,50.14,-0.054,209.53,36.253,45.81,Normal
4,336,cross_3,50.15,-0.219,169.89,36.254,46.47,Normal
4,336,cross_4,50.32,0.042,122.95,36.269,45.79,Normal
4,336,cross_5,50.35,0.123,78.79,36.254,46.12,Normal
4,339,cross_3,50.39,0.661,175.43,36.253,48.29,Normal
4,339,cross_4,50.31,-0.016,128.8,36.269,45.69,Normal
4,339,cross_5,50.32,-0.064,84.53,36.255,45.88,Normal
4,342,cross_3,50.15,-0.675,180.61,36.253,48.29,Normal
4,342,cross_4,50.29,-0.054,134.13,36.269,45.84,Normal
4,342,cross_5,50.3,-0.06,89.52,36.255,45.86,Normal
4,345,cross_3,50.24,0.245,186.18,36.252,46.59,Normal
4,345,cross_4,50.2,-0.26,139.98,36.268,46.64,Normal
4,345,cross_5,50.28,-0.047,95.32,36.256,45.81,Normal
4,348,cross_3,50.36,0.353,191.79,36.251,47.05,Normal
4,348,cross_4,50.27,0.199,145.85,36.267,46.41,Normal
4,348,cross_5,50.19,-0.248,101.12,36.256,46.59,Normal
4,351,cross_3,50.24,-0.351,197.4,36.25,47.01,Normal
4,351,cross_4,50.27,-0.0,151.72,36.266,45.62,Normal
4,351,cross_5,50.35,0.423,106.94,36.257,47.33,Normal
4,354,cross_3,50.35,0.32,203.04,36.249,46.91,Normal
4,354,cross_4,50.2,-0.187,157.6,36.264,46.35,Normal
4,354,cross_5,50.19,-0.427,112.77,36.257,47.31,Normal
4,357,cross_3,50.31,-0.115,208.69,36.249,46.09,Normal
4,357,cross_4,50.2,-0.002,163.49,36.262,45.61,Normal
4,357,cross_5,50.18,-0.035,118.61,36.257,45.74,Normal
4,360,cross_3,50.27,-0.108,213.94,36.248,46.05,Normal
4,360,cross_4,50.27,0.18,168.82,36.26,46.33,Normal
4,360,cross_5,50.23,0.138,123.73,36.257,46.16,Normal
4,363,cross_3,50.26,-0.017,219.61,36.248,45.68,Normal
4,363,cross_4,50.27,0.004,174.7,36.259,45.63,Normal
4,363,cross_5,50.25,0.057,129.59,36.257,45.84,Normal
4,366,cross_3,50.3,0.097,225.3,36.248,46.01,Normal
4,366,cross_4,50.31,0.121,180.59,36.258,46.11,Normal
4,366,cross_5,50.39,0.388,135.46,36.258,47.2,Normal
4,369,cross_4,50.21,-0.284,185.92,36.256,46.74,Normal
4,369,cross_5,50.32,-0.202,140.62,36.258,46.44,Normal
4,372,cross_4,50.31,0.263,191.81,36.255,46.68,Normal
4,372,cross_5,50.35,0.1,146.5,36.258,46.04,Normal
4,375,cross_4,50.16,-0.398,197.7,36.253,47.18,Normal
4,375,cross_5,50.29,-0.168,152.39,36.259,46.29,Normal
4,378,cross_4,50.31,0.419,203.6,36.251,47.3,Normal
4,378,cross_5,50.2,-0.25,158.27,36.26,46.6,Normal
4,381,cross_4,50.18,-0.364,208.92,36.249,47.05,Normal
4,381,cross_5,50.4,0.536,163.46,36.26,47.79,Normal
4,384,cross_4,50.16,-0.06,214.82,36.247,45.83,Normal
4,384,cross_5,50.36,-0.106,169.36,36.261,46.06,Normal
4,387,cross_4,50.28,0.323,220.71,36.246,46.91,Normal
4,387,cross_5,50.24,-0.331,175.26,36.262,46.93,Normal
4,390,cross_4,50.15,-0.365,226.61,36.244,47.05,Normal
4,390,cross_5,50.16,-0.214,181.15,36.262,46.45,Normal
4,393,cross_4,50.21,0.176,231.95,36.243,46.31,Normal
4,393,cross_5,50.13,-0.083,186.36,36.261,45.92,Normal
4,396,cross_4,50.35,0.386,237.85,36.241,47.18,Normal
4,396,cross_5,50.19,0.156,192.26,36.261,46.22,Normal
4,399,cross_4,50.37,0.054,243.75,36.24,45.85,Normal
4,399,cross_5,50.29,0.297,198.17,36.26,46.81,Normal
4,402,cross_4,50.17,-0.534,249.65,36.24,47.73,Normal
4,402,cross_5,50.3,0.008,204.08,36.26,45.65,Normal
4,405,cross_4,50.28,0.291,255.56,36.24,46.78,Normal
4,405,cross_5,50.3,0.018,209.99,36.259,45.69,Normal
4,408,cross_5,50.18,-0.356,215.9,36.259,47.02,Normal
4,411,cross_5,50.18,0.017,221.12,36.258,45.66,Normal
4,414,cross_5,50.36,0.506,226.36,36.257,47.66,Normal
4,417,cross_5,50.22,-0.411,230.91,36.257,47.25,Normal
4,420,cross_5,50.28,0.166,235.48,36.255,46.28,Normal
4,423,cross_5,50.27,-0.023,240.73,36.254,45.71,Normal
4,426,cross_5,50.28,0.037,245.98,36.253,45.77,Normal
4,429,cross_5,50.28,0.01,251.24,36.251,45.66,Normal
4,432,cross_5,50.21,-0.214,257.16,36.25,46.46,Normal
4,435,cross_5,50.24,0.084,262.42,36.248,45.94,Normal
4,438,cross_5,50.16,-0.224,267.68,36.247,46.48,Normal
5,3,cross_0,41.93,-13.534,245.68,68.755,63.91,Normal
5,6,cross_0,44.2,6.303,240.98,89.856,64.34,Normal
5,9,cross_0,46.55,6.529,235.6,105.71,64.82,Normal
5,12,cross_0,46.73,0.483,230.68,118.436,46.78,Normal
5,15,cross_0,46.78,0.157,226.3,128.963,45.49,Normal
5,18,cross_0,46.86,0.223,221.38,137.797,45.77,Normal
5,21,cross_0,46.7,-0.459,216.47,145.246,46.68,Normal
5,21,cross_1,33.17,-47.78,236.66,69.827,62.45,Normal
5,24,cross_0,46.66,-0.111,211.02,151.516,45.28,Normal
5,24,cross_1,35.29,5.876,232.11,90.662,62.77,Normal
5,27,cross_0,46.88,0.627,205.58,156.747,47.39,Normal
5,27,cross_1,37.51,6.182,227.43,106.482,63.13,Normal
5,30,cross_0,46.71,-0.483,199.98,161.041,46.78,Normal
5,30,cross_1,40.02,6.974,222.42,119.271,63.56,Normal
5,33,cross_0,46.82,0.295,194.37,164.471,46.05,Normal
5,33,cross_1,42.23,6.118,217.26,129.906,63.96,Normal
5,36,cross_0,46.71,-0.294,188.78,167.09,46.03,Normal
5,36,cross_1,44.51,6.355,211.95,138.864,64.4,Normal
5,39,cross_0,46.66,-0.151,183.7,168.937,45.44,Normal
5,39,cross_1,46.82,6.397,206.96,146.438,64.87,Normal
5,42,cross_0,46.78,0.347,178.62,170.036,46.25,Normal
5,42,cross_1,49.27,6.812,201.8,152.821,65.39,Normal
5,45,cross_0,46.77,-0.025,173.04,170.401,44.96,Normal
5,45,cross_1,50.37,3.071,196.06,158.148,57.92,Normal
5,48,cross_0,46.8,0.064,167.47,170.038,45.12,Normal
5,48,cross_1,50.28,-0.274,190.33,162.524,46.71,Normal
5,51,cross_0,46.72,-0.208,162.4,168.941,45.68,Normal
5,51,cross_1,50.33,0.139,185.05,166.023,46.18,Normal
5,51,cross_2,43.95,-17.203,219.06,69.872,64.29,Normal
5,54,cross_0,46.9,0.511,156.85,167.097,46.93,Normal
5,54,cross_1,50.31,-0.055,179.34,168.701,45.84,Normal
5,54,cross_2,46.2,6.26,213.91,90.621,64.74,Normal
5,57,cross_0,46.72,-0.525,151.32,164.48,46.95,Normal
5,57,cross_1,50.4,0.25,173.63,170.596,46.64,Normal
5,57,cross_2,48.42,6.146,208.62,106.301,65.21,Normal
5,60,cross_0,46.73,0.051,146.26,161.052,45.06,Normal
5,60,cross_1,50.16,-0.658,168.38,171.734,48.22,Normal
5,60,cross_2,50.27,5.15,203.52,118.918,65.62,Normal
5,63,cross_0,46.82,0.232,141.22,156.761,45.8,Normal
5,63,cross_1,50.3,0.39,163.12,172.129,47.18,Normal
5,63,cross_2,50.4,0.354,198.4,129.367,47.06,Normal
5,66,cross_0,46.82,0.005,136.64,151.533,44.89,Normal
5,66,cross_1,50.29,-0.024,158.3,171.788,45.72,Normal
5,66,cross_2,50.28,-0.314,193.62,138.142,46.88,Normal
5,69,cross_0,46.67,-0.403,131.59,145.267,46.45,Normal
5,69,cross_1,50.27,-0.054,153.05,170.705,45.83,Normal
5,69,cross_2,50.25,-0.094,188.53,145.547,45.99,Normal
5,72,cross_0,46.79,0.332,127.02,137.82,46.19,Normal
5,72,cross_1,50.36,0.254,148.23,168.867,46.65,Normal
5,72,cross_2,50.21,-0.12,183.75,151.78,46.08,Normal
5,75,cross_0,46.87,0.222,122.44,128.99,45.77,Normal
5,75,cross_1,50.36,-0.005,143.41,166.248,45.66,Normal
5,75,cross_2,50.2,-0.021,178.99,156.982,45.68,Normal
5,78,cross_0,46.71,-0.452,117.87,118.466,46.66,Normal
5,78,cross_1,50.26,-0.286,138.58,162.811,46.76,Normal
5,78,cross_2,50.36,0.443,174.22,161.253,47.41,Normal
5,81,cross_0,46.69,-0.055,112.83,105.744,45.06,Normal
5,81,cross_1,50.34,0.231,133.35,158.502,46.55,Normal
5,81,cross_2,50.28,-0.223,169.15,164.666,46.51,Normal
5,81,cross_3,36.74,-37.66,206.45,69.475,63.0,Normal
5,84,cross_0,46.68,-0.031,108.25,89.896,44.96,Normal
5,84,cross_1,50.17,-0.484,128.53,153.248,47.53,Normal
5,84,cross_2,50.15,-0.358,164.4,167.272,47.02,Normal
5,84,cross_3,38.86,5.877,202.71,90.101,63.36,Normal
5,87,cross_0,46.85,0.467,103.67,68.796,46.75,Normal
5,87,cross_1,50.22,0.14,123.71,146.948,46.16,Normal
5,87,cross_2,50.28,0.347,159.65,169.11,47.01,Normal
5,87,cross_3,41.21,6.531,198.8,105.747,63.77,Normal
5,90,cross_0,46.73,-0.335,99.56,33.711,46.19,Normal
5,90,cross_1,50.34,0.344,119.3,139.461,47.01,Normal
5,90,cross_2,50.36,0.247,155.2,170.204,46.63,Normal
5,90,cross_3,43.57,6.559,194.96,118.378,64.22,Normal
5,93,cross_0,46.89,0.439,95.44,33.731,46.64,Normal
5,93,cross_1,50.22,-0.334,114.89,130.581,46.94,Normal
5,93,cross_2,50.36,-0.012,150.74,170.568,45.68,Normal
5,93,cross_3,45.77,6.113,190.94,128.866,64.66,Normal
5,96,cross_0,46.7,-0.505,91.82,33.736,46.87,Normal
5,96,cross_1,50.3,0.228,110.9,120.001,46.54,Normal
5,96,cross_2,50.38,0.05,146.6,170.207,45.84,Normal
5,96,cross_3,48.31,7.056,186.97,137.685,65.19,Normal
5,99,cross_0,46.77,0.178,88.21,33.736,45.57,Normal
5,99,cross_1,50.23,-0.199,106.93,107.217,46.4,Normal
5,99,cross_2,50.24,-0.384,142.45,169.116,47.14,Normal
5,99,cross_3,50.22,5.29,182.83,145.126,65.6,Normal
5,102,cross_0,46.83,0.186,84.13,33.736,45.62,Normal
5,102,cross_1,50.38,0.415,102.54,91.31,47.3,Normal
5,102,cross_2,50.38,0.374,138.0,167.282,47.14,Normal
5,102,cross_3,50.28,0.177,178.38,151.39,46.32,Normal
5,105,cross_0,46.83,-0.022,80.06,33.737,44.96,Normal
5,105,cross_1,50.25,-0.375,98.15,70.186,47.11,Normal
5,105,cross_2,50.27,-0.304,133.56,164.679,46.83,Normal
5,105,cross_3,50.19,-0.238,173.95,156.618,46.55,Normal
5,108,cross_0,46.9,0.191,76.51,33.738,45.65,Normal
5,108,cross_1,50.3,0.142,94.23,35.511,46.19,Normal
5,108,cross_2,50.37,0.281,129.41,161.27,46.76,Normal
5,108,cross_3,50.26,0.19,169.76,160.912,46.37,Normal
5,111,cross_0,46.89,-0.025,73.38,33.74,44.99,Normal
5,111,cross_1,50.14,-0.421,90.65,35.753,47.27,Normal
5,111,cross_2,50.3,-0.191,125.49,157.003,46.38,Normal
5,111,cross_3,50.26,-0.007,165.74,164.344,45.64,Normal
5,114,cross_0,46.76,-0.342,69.76,33.741,46.23,Normal
5,114,cross_1,50.22,0.202,86.63,35.938,46.41,Normal
5,114,cross_2,50.28,-0.056,121.25,151.805,45.84,Normal
5,114,cross_3,50.25,-0.012,161.47,166.967,45.66,Normal
5,117,cross_0,46.71,-0.156,65.6,33.743,45.47,Normal
5,117,cross_1,50.22,0.002,82.14,36.073,45.61,Normal
5,117,cross_2,50.24,-0.099,116.7,145.577,46.01,Normal
5,117,cross_3,50.39,0.364,156.93,168.82,47.1,Normal
5,120,cross_0,46.72,0.026,61.47,33.744,44.95,Normal
5,120,cross_1,50.28,0.158,77.66,36.164,46.25,Normal
5,120,cross_2,50.17,-0.206,112.14,138.179,46.42,Normal
5,120,cross_3,50.22,-0.461,152.4,169.927,47.45,Normal
5,120,cross_4,46.8,-9.665,205.57,69.949,64.87,Normal
5,123,cross_0,46.83,0.303,56.76,33.745,46.08,Normal
5,123,cross_1,50.37,0.266,72.67,36.219,46.7,Normal
5,123,cross_2,50.32,0.425,107.27,129.41,47.33,Normal
5,123,cross_3,50.31,0.242,147.62,170.303,46.59,Normal
5,123,cross_4,48.98,6.044,201.11,90.714,65.33,Normal
5,126,cross_0,46.74,-0.225,52.05,33.745,45.75,Normal
5,126,cross_1,50.14,-0.628,67.68,36.246,48.1,Normal
5,126,cross_2,50.35,0.07,102.41,118.97,45.91,Normal
5,126,cross_3,50.32,0.04,142.86,169.954,45.79,Normal
5,126,cross_4,50.32,3.726,196.51,106.387,60.53,Normal
5,129,cross_0,46.66,-0.241,47.97,33.746,45.94,Normal
5,129,cross_1,50.39,0.671,63.22,36.255,48.32,Normal
5,129,cross_2,50.38,0.093,97.85,106.365,46.01,Normal
5,129,cross_3,50.38,0.156,138.35,168.874,46.26,Normal
5,129,cross_4,50.32,0.02,192.07,118.997,45.71,Normal
5,132,cross_0,46.72,0.188,43.92,33.746,46.78,Normal
5,132,cross_1,50.36,-0.077,58.75,36.255,45.95,Normal
5,132,cross_2,50.18,-0.547,93.31,90.699,47.78,Normal
5,132,cross_3,50.33,-0.132,133.84,167.049,46.16,Normal
5,132,cross_4,50.36,0.107,187.63,129.441,46.06,Normal
5,135,cross_0,46.66,-0.186,40.6,33.747,48.41,Normal
5,135,cross_1,50.15,-0.578,54.86,36.255,47.9,Normal
5,135,cross_2,50.37,0.521,89.06,69.944,47.72,Normal
5,135,cross_3,50.28,-0.128,129.56,164.455,46.13,Normal
5,135,cross_4,50.28,-0.218,183.36,138.213,46.49,Normal
5,138,cross_0,46.81,0.414,36.7,33.747,52.19,Normal
5,138,cross_1,50.17,0.052,50.46,36.255,45.8,Normal
5,138,cross_2,50.2,-0.482,84.51,36.207,47.53,Normal
5,138,cross_3,50.27,-0.036,125.05,161.055,45.76,Normal
5,138,cross_4,50.28,-0.002,178.94,145.614,45.63,Normal
5,141,cross_0,46.67,-0.374,33.64,33.747,54.9,Normal
5,141,cross_1,50.27,0.272,46.67,36.255,47.06,Normal
5,141,cross_2,50.39,0.543,80.26,36.243,47.82,Normal
5,141,cross_3,50.22,-0.138,120.77,156.796,46.16,Normal
5,141,cross_4,50.24,-0.114,174.66,151.845,46.07,Normal
5,144,cross_0,46.77,0.266,31.57,33.748,56.79,Normal
5,144,cross_1,50.39,0.353,43.62,36.254,48.36,Normal
5,144,cross_2,50.13,-0.723,76.34,36.257,48.48,Normal
5,144,cross_3,50.27,0.133,116.73,151.605,46.15,Normal
5,144,cross_4,50.18,-0.167,170.54,157.046,46.26,Normal
5,147,cross_0,46.69,-0.22,29.88,33.748,58.68,Normal
5,147,cross_1,50.31,-0.231,40.76,36.255,49.28,Normal
5,147,cross_2,50.14,0.014,72.46,36.259,45.64,Normal
5,147,cross_3,50.2,-0.187,112.69,145.384,46.35,Normal
5,147,cross_4,50.2,0.049,166.4,161.316,45.79,Normal
5,150,cross_0,46.77,0.232,27.75,33.749,61.63,Normal
5,150,cross_1,50.23,-0.213,37.43,36.255,51.52,Normal
5,150,cross_2,50.26,0.354,68.25,36.258,47.03,Normal
5,150,cross_3,50.22,0.042,108.42,137.991,45.77,Normal
5,150,cross_4,50.33,0.375,162.12,164.728,47.13,Normal
5,153,cross_0,46.91,0.372,26.96,33.749,63.36,Normal
5,153,cross_1,50.22,-0.034,35.07,36.256,52.87,Normal
5,153,cross_2,50.28,0.037,64.41,36.258,45.76,Normal
5,153,cross_3,50.22,0.001,104.4,129.228,45.61,Normal
5,153,cross_4,50.21,-0.34,157.99,167.333,46.96,Normal
5,156,cross_0,46.91,0.001,26.72,33.749,62.24,Normal
5,156,cross_1,50.25,0.092,33.08,36.256,55.15,Normal
5,156,cross_2,50.33,0.139,60.62,36.258,46.18,Normal
5,156,cross_3,50.38,0.443,100.39,118.79,47.41,Normal
5,156,cross_4,50.38,0.474,153.86,169.169,47.54,Normal
5,159,cross_0,46.77,-0.376,27.05,33.749,63.23,Normal
5,159,cross_1,50.33,0.196,31.52,36.257,57.34,Normal
5,159,cross_2,50.31,-0.049,56.89,36.257,45.82,Normal
5,159,cross_3,50.2,-0.483,96.4,106.185,47.53,Normal
5,159,cross_4,50.23,-0.417,149.74,170.261,47.28,Normal
5,162,cross_0,46.8,0.074,27.06,33.749,62.01,Normal
5,162,cross_1,50.33,0.002,29.58,36.258,58.98,Normal
5,162,cross_2,50.38,0.198,52.78,36.257,46.43,Normal
5,162,cross_3,50.22,0.036,92.14,90.513,45.75,Normal
5,162,cross_4,50.3,0.179,145.46,170.623,46.34,Normal
5,162,cross_5,30.16,-55.552,198.87,66.9,62.02,Normal
5,165,cross_0,46.9,0.287,27.66,33.75,62.01,Normal
5,165,cross_1,50.26,-0.195,28.16,36.258,61.65,Normal
5,165,cross_2,50.18,-0.562,48.7,36.257,47.9,Normal
5,165,cross_3,50.34,0.358,87.88,69.734,47.06,Normal
5,165,cross_4,50.32,0.076,141.17,170.261,45.93,Normal
5,165,cross_5,32.32,5.991,196.14,86.314,62.32,Normal
5,168,cross_0,46.74,-0.461,29.56,33.75,60.07,Normal
5,168,cross_1,50.19,-0.181,28.24,36.259,61.47,Normal
5,168,cross_2,50.22,0.106,45.16,36.257,46.78,Normal
5,168,cross_3,50.36,0.057,83.92,35.863,45.87,Normal
5,168,cross_4,50.24,-0.234,137.06,169.169,46.55,Normal
5,168,cross_5,34.53,6.145,193.35,101.146,62.65,Normal
5,171,cross_0,46.71,-0.069,31.82,33.75,55.7,Normal
5,171,cross_1,50.29,0.285,28.94,36.259,60.95,Normal
5,171,cross_2,50.16,-0.172,41.73,36.257,48.47,Normal
5,171,cross_3,50.39,0.067,79.98,36.021,45.91,Normal
5,171,cross_4,50.33,0.235,132.94,167.333,46.57,Normal
5,171,cross_5,36.6,5.758,190.39,113.184,62.98,Normal
5,174,cross_0,46.66,-0.139,34.38,33.749,53.2,Normal
5,174,cross_1,50.16,-0.376,30.2,36.259,59.64,Normal
5,174,cross_2,50.19,0.083,38.45,36.257,50.2,Normal
5,174,cross_3,50.19,-0.549,76.07,36.132,47.79,Normal
5,174,cross_4,50.23,-0.269,128.83,164.728,46.68,Normal
5,174,cross_5,38.89,6.367,187.25,123.224,63.36,Normal
5,177,cross_0,46.78,0.331,37.17,33.749,51.45,Normal
5,177,cross_1,50.36,0.572,31.97,36.259,58.32,Normal
5,177,cross_2,50.37,0.513,35.36,36.257,54.54,Normal
5,177,cross_3,50.24,0.128,72.19,36.203,46.12,Normal
5,177,cross_4,50.3,0.204,124.72,161.317,46.44,Normal
5,177,cross_5,41.39,6.951,183.91,131.704,63.81,Normal
5,180,cross_0,46.76,-0.047,40.15,33.748,48.15,Normal
5,180,cross_1,50.17,-0.549,34.17,36.259,55.81,Normal
5,180,cross_2,50.28,-0.25,32.53,36.257,56.39,Normal
5,180,cross_3,50.23,-0.022,68.36,36.241,45.69,Normal
5,180,cross_4,50.21,-0.263,120.62,157.048,46.65,Normal
5,180,cross_5,43.72,6.458,180.37,138.891,64.25,Normal
5,183,cross_0,46.9,0.369,43.28,33.748,47.81,Normal
5,183,cross_1,50.14,-0.072,36.71,36.259,51.53,Normal
5,183,cross_2,50.23,-0.15,30.01,36.257,58.99,Normal
5,183,cross_3,50.32,0.251,64.57,36.257,46.63,Normal
5,183,cross_4,50.3,0.265,116.52,151.848,46.68,Normal
5,183,cross_5,46.06,6.511,176.65,144.963,64.72,Normal
5,186,cross_0,46.79,-0.303,46.51,33.746,46.47,Normal
5,186,cross_1,50.26,0.346,39.53,36.259,50.51,Normal
5,186,cross_2,50.22,-0.029,27.89,36.257,61.36,Normal
5,186,cross_3,50.34,0.062,60.83,36.259,45.88,Normal
5,186,cross_4,50.27,-0.081,112.42,145.618,45.94,Normal
5,186,cross_5,48.48,6.724,172.72,150.043,65.22,Normal
5,189,cross_0,46.92,0.361,49.85,33.745,46.34,Normal
5,189,cross_1,50.39,0.354,42.58,36.259,48.82,Normal
5,189,cross_2,50.32,0.291,26.28,36.257,64.8,Normal
5,189,cross_3,50.24,-0.294,57.15,36.258,46.79,Normal
5,189,cross_4,50.4,0.338,108.34,138.218,46.99,Normal
5,189,cross_5,50.16,4.664,168.64,154.22,64.25,Normal
5,192,cross_0,46.72,-0.556,53.26,33.744,47.07,Normal
5,192,cross_1,50.23,-0.443,45.81,36.259,47.94,Normal
5,192,cross_2,50.28,-0.118,25.26,36.257,65.67,Normal
5,192,cross_3,50.16,-0.222,53.55,36.257,46.48,Normal
5,192,cross_4,50.24,-0.419,104.27,129.448,47.29,Normal
5,192,cross_5,50.34,0.491,164.51,157.563,47.59,Normal
5,195,cross_0,46.89,0.493,56.74,33.743,46.86,Normal
5,195,cross_1,50.19,-0.119,49.18,36.259,46.1,Normal
5,195,cross_2,50.38,0.294,24.92,36.257,66.94,Normal
5,195,cross_3,50.22,0.183,50.03,36.256,46.34,Normal
5,195,cross_4,50.39,0.399,100.2,119.005,47.24,Normal
5,195,cross_5,50.21,-0.352,160.39,160.125,47.01,Normal
5,198,cross_0,46.81,-0.234,60.27,33.743,45.81,Normal
5,198,cross_1,50.19,0.004,52.68,36.259,45.61,Normal
5,198,cross_2,50.22,-0.468,25.28,36.257,67.03,Normal
5,198,cross_3,50.28,0.155,46.63,36.255,46.6,Normal
5,198,cross_4,50.27,-0.339,96.15,106.399,46.97,Normal
5,198,cross_5,50.26,0.121,156.27,161.942,46.1,Normal
5,201,cross_0,46.69,-0.346,63.83,33.743,46.23,Normal
5,201,cross_1,50.29,0.28,56.27,36.259,46.74,Normal
5,201,cross_2,50.24,0.057,26.3,36.258,63.8,Normal
5,201,cross_3,50.2,-0.222,43.37,36.254,47.9,Normal
5,201,cross_4,50.19,-0.21,92.11,90.731,46.44,Normal
5,201,cross_5,50.18,-0.224,152.15,163.041,46.49,Normal
5,204,cross_0,46.78,0.251,67.44,33.743,45.87,Normal
5,204,cross_1,50.4,0.299,59.93,36.259,46.84,Normal
5,204,cross_2,50.28,0.117,27.93,36.258,61.67,Normal
5,204,cross_3,50.32,0.352,40.27,36.252,50.07,Normal
5,204,cross_4,50.3,0.303,88.08,69.975,46.83,Normal
5,204,cross_5,50.17,-0.014,148.04,163.435,45.65,Normal
5,207,cross_0,46.68,-0.255,70.77,33.743,45.86,Normal
5,207,cross_1,50.2,-0.565,63.27,36.259,47.86,Normal
5,207,cross_2,50.24,-0.103,29.31,36.258,59.72,Normal
5,207,cross_3,50.25,-0.216,36.71,36.251,52.12,Normal
5,207,cross_4,50.33,0.084,83.8,36.248,45.97,Normal
5,207,cross_5,50.25,0.22,143.76,163.129,46.49,Normal
5,210,cross_0,46.92,0.64,74.17,33.744,47.45,Normal
5,210,cross_1,50.19,-0.007,66.72,36.259,45.63,Normal
5,210,cross_2,50.18,-0.174,31.22,36.258,57.57,Normal
5,210,cross_3,50.33,0.217,33.33,36.251,55.39,Normal
5,210,cross_4,50.35,0.069,79.54,36.259,45.91,Normal
5,210,cross_5,50.29,0.111,139.47,162.12,46.07,Normal
5,213,cross_0,46.84,-0.214,77.88,33.744,45.73,Normal
5,213,cross_1,50.23,0.11,70.58,36.259,46.05,Normal
5,213,cross_2,50.14,-0.107,34.18,36.258,54.03,Normal
5,213,cross_3,50.26,-0.175,30.93,36.251,57.95,Normal
5,213,cross_4,50.19,-0.455,75.54,36.261,47.42,Normal
5,213,cross_5,50.29,-0.015,135.36,160.394,45.68,Normal
5,216,cross_0,46.68,-0.43,81.61,33.744,46.56,Normal
5,216,cross_1,50.4,0.459,74.5,36.26,47.48,Normal
5,216,cross_2,50.14,0.008,37.37,36.257,50.73,Normal
5,216,cross_3,50.34,0.226,28.95,36.251,60.72,Normal
5,216,cross_4,50.36,0.473,71.55,36.263,47.53,Normal
5,216,cross_5,50.34,0.162,131.25,157.928,46.28,Normal
5,219,cross_0,46.69,0.02,85.35,33.744,44.93,Normal
5,219,cross_1,50.37,-0.077,78.43,36.261,45.95,Normal
5,219,cross_2,50.21,0.193,40.74,36.257,49.12,Normal
5,219,cross_3,50.32,-0.076,27.47,36.251,62.17,Normal
5,219,cross_4,50.16,-0.559,67.6,36.265,47.83,Normal
5,219,cross_5,50.36,0.058,127.15,154.685,45.87,Normal
5,222,cross_0,46.69,0.003,89.11,33.744,44.86,Normal
5,222,cross_1,50.23,-0.379,82.39,36.262,47.12,Normal
5,222,cross_2,50.31,0.274,44.25,36.257,47.78,Normal
5,222,cross_3,50.26,-0.158,26.58,36.252,63.8,Normal
5,222,cross_4,50.25,0.257,63.68,36.267,46.64,Normal
5,222,cross_5,50.17,-0.545,123.05,150.617,47.77,Normal
5,225,cross_0,46.69,-0.008,92.88,33.744,44.88,Normal
5,225,cross_1,50.34,0.295,86.37,36.263,46.81,Normal
5,225,cross_2,50.2,-0.314,47.87,36.256,47.0,Normal
5,225,cross_3,50.14,-0.343,26.32,36.252,64.9,Normal
5,225,cross_4,50.35,0.258,59.79,36.269,46.67,Normal
5,225,cross_5,50.34,0.474,118.96,145.654,47.53,Normal
5,228,cross_0,46.81,0.348,96.66,33.743,46.26,Normal
5,228,cross_1,50.18,-0.448,90.37,36.263,47.39,Normal
5,228,cross_2,50.31,0.324,51.58,36.256,46.92,Normal
5,228,cross_3,50.25,0.329,26.73,36.251,64.25,Normal
5,228,cross_4,50.34,-0.007,55.95,36.271,45.66,Normal
5,228,cross_5,50.34,0.013,114.88,139.701,45.68,Normal
5,231,cross_0,46.71,-0.288,100.24,33.742,46.0,Normal
5,231,cross_1,50.26,0.233,94.14,36.264,46.55,Normal
5,231,cross_2,50.21,-0.28,54.98,36.255,46.72,Normal
5,231,cross_3,50.38,0.335,26.93,36.251,64.02,Normal
5,231,cross_4,50.39,0.139,51.76,36.272,46.2,Normal
5,231,cross_5,50.15,-0.546,110.6,132.624,47.77,Normal
5,234,cross_0,46.77,0.178,103.85,33.741,45.57,Normal
5,234,cross_1,50.16,-0.273,97.94,36.264,46.68,Normal
5,234,cross_2,50.31,0.256,58.51,36.255,46.65,Normal
5,234,cross_3,50.33,-0.123,27.79,36.251,61.91,Normal
5,234,cross_4,50.25,-0.387,47.61,36.273,47.34,Normal
5,234,cross_5,50.31,0.458,106.31,124.232,47.46,Normal
5,237,cross_0,46.67,-0.284,107.5,33.741,45.98,Normal
5,237,cross_1,50.17,0.014,101.78,36.264,45.65,Normal
5,237,cross_2,50.14,-0.456,62.12,36.254,47.41,Normal
5,237,cross_3,50.14,-0.537,29.26,36.251,61.5,Normal
5,237,cross_4,50.29,0.11,43.47,36.274,47.43,Normal
5,237,cross_5,50.18,-0.371,102.04,114.234,47.08,Normal
5,240,cross_0,46.83,0.444,111.16,33.74,46.65,Normal
5,240,cross_1,50.2,0.094,105.66,36.263,45.98,Normal
5,240,cross_2,50.36,0.599,65.82,36.254,48.03,Normal
5,240,cross_3,50.2,0.173,31.25,36.251,57.55,Normal
5,240,cross_4,50.39,0.259,39.36,36.275,50.3,Normal
5,240,cross_5,50.18,-0.002,97.76,102.162,45.6,Normal
5,243,cross_0,46.86,0.066,114.85,33.739,45.14,Normal
5,243,cross_1,50.32,0.314,109.58,36.263,46.88,Normal
5,243,cross_2,50.17,-0.529,69.59,36.253,47.71,Normal
5,243,cross_3,50.28,0.214,33.67,36.25,55.01,Normal
5,243,cross_4,50.24,-0.417,35.3,36.276,54.19,Normal
5,243,cross_5,50.29,0.314,93.47,87.158,46.88,Normal
5,246,cross_0,46.88,0.061,118.44,33.738,45.13,Normal
5,246,cross_1,50.38,0.175,113.35,36.263,46.34,Normal
5,246,cross_2,50.36,0.543,73.2,36.252,47.81,Normal
5,246,cross_3,50.15,-0.349,35.92,36.25,53.33,Normal
5,246,cross_4,50.13,-0.282,30.81,36.276,58.5,Normal
5,246,cross_5,50.4,0.299,88.98,67.287,46.84,Normal
5,249,cross_0,46.67,-0.566,122.06,33.737,47.1,Normal
5,249,cross_1,50.3,-0.225,117.18,36.263,46.52,Normal
5,249,cross_2,50.29,-0.203,76.91,36.252,46.43,Normal
5,249,cross_3,50.21,0.154,38.59,36.25,50.39,Normal
5,249,cross_4,50.28,0.401,26.32,36.276,65.16,Normal
5,249,cross_5,50.14,-0.718,84.49,35.074,48.46,Normal
5,252,cross_0,46.81,0.381,125.83,33.737,46.39,Normal
5,252,cross_1,50.39,0.265,121.19,36.262,46.71,Normal
5,252,cross_2,50.26,-0.08,80.86,36.252,45.93,Normal
5,252,cross_3,50.24,0.095,41.94,36.25,48.07,Normal
5,252,cross_4,50.39,0.296,22.43,36.276,71.15,Aggressive
5,252,cross_5,50.21,0.198,80.21,35.401,46.4,Normal
5,255,cross_0,46.91,0.276,129.71,33.738,45.99,Normal
5,255,cross_1,50.27,-0.354,125.33,36.262,47.03,Normal
5,255,cross_2,50.24,-0.059,84.99,36.252,45.84,Normal
5,255,cross_3,50.23,-0.023,45.79,36.25,46.27,Normal
5,255,cross_4,50.38,-0.02,19.36,36.277,75.77,Aggressive
5,255,cross_5,50.14,-0.205,76.12,35.665,46.41,Normal
5,258,cross_0,46.82,-0.241,133.59,33.738,45.84,Normal
5,258,cross_1,50.21,-0.164,129.48,36.26,46.26,Normal
5,258,cross_2,50.2,-0.101,89.12,36.252,46.0,Normal
5,258,cross_3,50.18,-0.155,49.69,36.25,46.22,Normal
5,258,cross_4,50.14,-0.655,16.77,36.276,83.54,Aggressive
5,258,cross_5,50.29,0.427,72.06,35.872,47.33,Normal
5,261,cross_0,46.9,0.201,137.47,33.739,45.69,Normal
5,261,cross_1,50.33,0.328,133.63,36.259,46.94,Normal
5,261,cross_2,50.17,-0.106,93.25,36.251,46.02,Normal
5,261,cross_3,50.37,0.53,53.64,36.25,47.76,Normal
5,261,cross_4,50.32,0.484,14.93,36.275,86.91,Aggressive
5,261,cross_5,50.26,-0.076,67.99,36.026,45.92,Normal
5,264,cross_0,46.75,-0.412,141.34,33.739,46.5,Normal
5,264,cross_1,50.39,0.181,137.79,36.258,46.37,Normal
5,264,cross_2,50.34,0.481,97.4,36.251,47.55,Normal
5,264,cross_3,50.3,-0.192,57.61,36.251,46.39,Normal
5,264,cross_4,50.18,-0.388,14.14,36.274,88.3,Aggressive
5,264,cross_5,50.2,-0.189,63.96,36.134,46.36,Normal
5,267,cross_0,46.82,0.21,145.14,33.74,45.71,Normal
5,267,cross_1,50.37,-0.068,141.84,36.257,45.91,Normal
5,267,cross_2,50.28,-0.172,101.42,36.251,46.31,Normal
5,267,cross_3,50.31,0.037,61.38,36.252,45.77,Normal
5,267,cross_4,50.25,0.21,13.68,36.272,88.67,Aggressive
5,267,cross_5,50.38,0.517,59.68,36.201,47.71,Normal
5,270,cross_0,46.73,-0.25,148.87,33.74,45.85,Normal
5,270,cross_1,50.23,-0.386,145.81,36.256,47.15,Normal
5,270,cross_2,50.39,0.33,105.37,36.251,46.96,Normal
5,270,cross_3,50.17,-0.391,65.0,36.253,47.16,Normal
5,270,cross_4,50.34,0.253,13.77,36.271,88.64,Aggressive
5,270,cross_5,50.21,-0.491,55.16,36.238,47.56,Normal
5,273,cross_0,46.89,0.433,152.7,33.741,46.62,Normal
5,273,cross_1,50.2,-0.082,149.88,36.255,45.93,Normal
5,273,cross_2,50.34,-0.154,109.44,36.25,46.25,Normal
5,273,cross_3,50.33,0.431,68.91,36.254,47.35,Normal
5,273,cross_4,50.34,-0.012,15.88,36.27,82.94,Aggressive
5,273,cross_5,50.38,0.475,50.88,36.252,47.54,Normal
5,276,cross_0,46.74,-0.425,156.53,33.741,46.56,Normal
5,276,cross_1,50.4,0.552,153.99,36.254,47.85,Normal
5,276,cross_2,50.33,-0.013,113.53,36.25,45.68,Normal
5,276,cross_3,50.13,-0.536,72.85,36.255,47.73,Normal
5,276,cross_4,50.25,-0.24,18.74,36.269,77.84,Aggressive
5,276,cross_5,50.32,-0.168,46.61,36.255,46.67,Normal
5,279,cross_0,46.74,0.016,160.41,33.74,44.92,Normal
5,279,cross_1,50.22,-0.503,158.16,36.253,47.61,Normal
5,279,cross_2,50.32,-0.028,117.71,36.25,45.74,Normal
5,279,cross_3,50.23,0.269,76.98,36.255,46.68,Normal
5,279,cross_4,50.31,0.163,22.44,36.268,70.58,Aggressive
5,279,cross_5,50.14,-0.502,42.6,36.255,49.35,Normal
5,282,cross_0,46.7,-0.12,164.3,33.74,45.33,Normal
5,282,cross_1,50.4,0.499,162.34,36.253,47.64,Normal
5,282,cross_2,50.25,-0.198,121.87,36.25,46.4,Normal
5,282,cross_3,50.35,0.344,81.12,36.256,47.01,Normal
5,282,cross_4,50.38,0.18,26.29,36.268,64.35,Normal
5,282,cross_5,50.26,0.354,38.62,36.256,51.18,Normal
5,285,cross_0,46.7,0.002,168.15,33.74,44.85,Normal
5,285,cross_1,50.16,-0.663,166.44,36.252,48.24,Normal
5,285,cross_2,50.18,-0.195,125.98,36.25,46.38,Normal
5,285,cross_3,50.32,-0.091,85.12,36.256,45.99,Normal
5,285,cross_4,50.28,-0.258,29.95,36.267,59.51,Normal
5,285,cross_5,50.26,0.002,34.37,36.256,53.43,Normal
5,288,cross_0,46.92,0.605,171.96,33.741,47.31,Normal
5,288,cross_1,50.39,0.643,170.5,36.251,48.21,Normal
5,288,cross_2,50.26,0.206,130.05,36.25,46.44,Normal
5,288,cross_3,50.15,-0.465,89.04,36.256,47.45,Normal
5,288,cross_4,50.26,-0.07,33.57,36.266,54.54,Normal
5,288,cross_5,50.21,-0.16,29.83,36.256,59.26,Normal
5,291,cross_0,46.84,-0.211,175.83,33.741,45.72,Normal
5,291,cross_1,50.33,-0.173,174.63,36.25,46.32,Normal
5,291,cross_2,50.19,-0.181,134.19,36.25,46.32,Normal
5,291,cross_3,50.35,0.552,93.11,36.255,47.84,Normal
5,291,cross_4,50.16,-0.275,37.52,36.265,51.67,Normal
5,291,cross_5,50.31,0.301,25.59,36.255,65.9,Normal
5,294,cross_0,46.91,0.185,179.73,33.742,45.63,Normal
5,294,cross_1,50.14,-0.512,178.81,36.249,47.64,Normal
5,294,cross_2,50.38,0.531,138.38,36.25,47.76,Normal
5,294,cross_3,50.28,-0.214,97.28,36.255,46.47,Normal
5,294,cross_4,50.36,0.564,41.67,36.265,50.11,Normal
5,294,cross_5,50.35,0.093,21.73,36.254,71.57,Aggressive
5,297,cross_0,46.77,-0.373,183.63,33.743,46.35,Normal
5,297,cross_1,50.15,0.014,182.99,36.248,45.65,Normal
5,297,cross_2,50.2,-0.497,142.56,36.25,47.59,Normal
5,297,cross_3,50.32,0.133,101.45,36.254,46.16,Normal
5,297,cross_4,50.14,-0.616,45.82,36.265,48.61,Normal
5,297,cross_5,50.14,-0.589,18.03,36.254,80.64,Aggressive
5,300,cross_0,46.82,0.124,187.53,33.745,45.37,Normal
5,300,cross_1,50.34,0.534,187.18,36.248,47.77,Normal
5,300,cross_2,50.36,0.439,146.75,36.25,47.39,Normal
5,300,cross_3,50.24,-0.237,105.62,36.254,46.56,Normal
5,300,cross_4,50.2,0.169,49.98,36.265,46.28,Normal
5,300,cross_5,50.38,0.682,14.59,36.253,88.5,Aggressive
5,303,cross_0,46.66,-0.447,191.42,33.746,46.63,Normal
5,303,cross_1,50.3,-0.111,191.36,36.247,46.07,Normal
5,303,cross_2,50.25,-0.312,150.94,36.251,46.86,Normal
5,303,cross_3,50.16,-0.217,109.79,36.253,46.46,Normal
5,303,cross_4,50.37,0.454,54.14,36.264,47.45,Normal
5,303,cross_5,50.26,-0.326,11.65,36.253,93.99,Aggressive
5,306,cross_0,46.81,0.413,195.32,33.747,46.52,Normal
5,306,cross_1,50.29,-0.014,195.54,36.246,45.68,Normal
5,306,cross_2,50.14,-0.305,155.12,36.251,46.81,Normal
5,306,cross_3,50.17,0.034,113.97,36.253,45.73,Normal
5,306,cross_4,50.26,-0.302,58.3,36.264,46.82,Normal
5,306,cross_5,50.29,0.065,9.67,36.253,97.92,Aggressive
5,309,cross_1,50.37,0.22,199.74,36.247,46.52,Normal
5,309,cross_2,50.38,0.66,159.32,36.252,48.28,Normal
5,309,cross_3,50.28,0.296,118.14,36.253,46.8,Normal
5,309,cross_4,50.36,0.283,62.48,36.265,46.77,Normal
5,309,cross_5,50.38,0.267,9.31,36.253,99.7,Aggressive
5,312,cross_2,50.19,-0.531,163.5,36.252,47.72,Normal
5,312,cross_3,50.38,0.284,122.32,36.254,46.78,Normal
5,312,cross_4,50.35,-0.025,66.66,36.266,45.74,Normal
5,312,cross_5,50.28,-0.282,10.71,36.253,96.14,Aggressive
5,315,cross_2,50.35,0.451,167.68,36.252,47.44,Normal
5,315,cross_3,50.23,-0.405,126.5,36.254,47.23,Normal
5,315,cross_4,50.18,-0.475,70.83,36.266,47.49,Normal
5,315,cross_5,50.19,-0.251,13.34,36.254,89.6,Aggressive
5,318,cross_2,50.16,-0.521,171.86,36.252,47.67,Normal
5,318,cross_3,50.18,-0.154,130.68,36.254,46.21,Normal
5,318,cross_4,50.16,-0.065,75.0,36.267,45.85,Normal
5,318,cross_5,50.22,0.066,16.63,36.254,81.51,Aggressive
5,321,cross_2,50.37,0.58,176.06,36.253,47.96,Normal
5,321,cross_3,50.26,0.231,134.86,36.254,46.54,Normal
5,321,cross_4,50.2,0.135,79.17,36.268,46.14,Normal
5,321,cross_5,50.16,-0.157,20.24,36.255,74.55,Aggressive
5,324,cross_2,50.34,-0.093,180.24,36.253,46.0,Normal
5,324,cross_3,50.24,-0.063,139.04,36.254,45.86,Normal
5,324,cross_4,50.2,-0.02,83.34,36.268,45.68,Normal
5,324,cross_5,50.17,0.035,24.05,36.255,67.28,Normal
5,327,cross_2,50.19,-0.408,184.42,36.253,47.23,Normal
5,327,cross_3,50.16,-0.211,143.21,36.254,46.43,Normal
5,327,cross_4,50.27,0.192,87.52,36.268,46.38,Normal
5,327,cross_5,50.28,0.313,27.96,36.255,62.41,Normal
5,330,cross_2,50.34,0.423,188.58,36.253,47.32,Normal
5,330,cross_3,50.21,0.135,147.34,36.255,46.14,Normal
5,330,cross_4,50.38,0.312,91.66,36.269,46.89,Normal
5,330,cross_5,50.15,-0.369,31.7,36.255,57.79,Normal
5,333,cross_2,50.16,-0.499,192.75,36.253,47.59,Normal
5,333,cross_3,50.23,0.05,151.47,36.254,45.81,Normal
5,333,cross_4,50.3,-0.209,95.79,36.269,46.46,Normal
5,333,cross_5,50.3,0.415,35.56,36.254,53.96,Normal
5,336,cross_2,50.14,-0.054,196.9,36.253,45.81,Normal
5,336,cross_3,50.15,-0.219,155.57,36.254,46.47,Normal
5,336,cross_4,50.32,0.042,99.92,36.269,45.79,Normal
5,336,cross_5,50.35,0.123,39.37,36.254,49.74,Normal
5,339,cross_3,50.39,0.661,159.69,36.253,48.29,Normal
5,339,cross_4,50.31,-0.016,104.08,36.269,45.69,Normal
5,339,cross_5,50.32,-0.064,43.25,36.255,47.34,Normal
5,342,cross_3,50.15,-0.675,163.85,36.253,48.29,Normal
5,342,cross_4,50.29,-0.054,108.3,36.269,45.84,Normal
5,342,cross_5,50.3,-0.06,47.35,36.255,46.09,Normal
5,345,cross_3,50.24,0.245,168.04,36.252,46.59,Normal
5,345,cross_4,50.2,-0.26,112.54,36.268,46.64,Normal
5,345,cross_5,50.28,-0.047,51.56,36.256,45.81,Normal
5,348,cross_3,50.36,0.353,172.24,36.251,47.05,Normal
5,348,cross_4,50.27,0.199,116.76,36.267,46.41,Normal
5,348,cross_5,50.19,-0.248,55.78,36.256,46.59,Normal
5,351,cross_3,50.24,-0.351,176.44,36.25,47.01,Normal
5,351,cross_4,50.27,-0.0,121.0,36.266,45.62,Normal
5,351,cross_5,50.35,0.423,60.01,36.257,47.33,Normal
5,354,cross_3,50.35,0.32,180.63,36.249,46.91,Normal
5,354,cross_4,50.2,-0.187,125.18,36.264,46.35,Normal
5,354,cross_5,50.19,-0.427,64.19,36.257,47.31,Normal
5,357,cross_3,50.31,-0.115,184.82,36.249,46.09,Normal
5,357,cross_4,50.2,-0.002,129.36,36.262,45.61,Normal
5,357,cross_5,50.18,-0.035,68.37,36.257,45.74,Normal
5,360,cross_3,50.27,-0.108,189.01,36.248,46.05,Normal
5,360,cross_4,50.27,0.18,133.54,36.26,46.33,Normal
5,360,cross_5,50.23,0.138,72.55,36.257,46.16,Normal
5,363,cross_3,50.26,-0.017,193.19,36.248,45.68,Normal
5,363,cross_4,50.27,0.004,137.73,36.259,45.63,Normal
5,363,cross_5,50.25,0.057,76.74,36.257,45.84,Normal
5,366,cross_3,50.3,0.097,197.38,36.248,46.01,Normal
5,366,cross_4,50.31,0.121,141.91,36.258,46.11,Normal
5,366,cross_5,50.39,0.388,80.93,36.258,47.2,Normal
5,369,cross_4,50.21,-0.284,146.09,36.256,46.74,Normal
5,369,cross_5,50.32,-0.202,85.12,36.258,46.44,Normal
5,372,cross_4,50.31,0.263,150.32,36.255,46.68,Normal
5,372,cross_5,50.35,0.1,89.34,36.258,46.04,Normal
5,375,cross_4,50.16,-0.398,154.5,36.253,47.18,Normal
5,375,cross_5,50.29,-0.168,93.53,36.259,46.29,Normal
5,378,cross_4,50.31,0.419,158.68,36.251,47.3,Normal
5,378,cross_5,50.2,-0.25,97.71,36.26,46.6,Normal
5,381,cross_4,50.18,-0.364,162.86,36.249,47.05,Normal
5,381,cross_5,50.4,0.536,101.9,36.26,47.79,Normal
5,384,cross_4,50.16,-0.06,167.04,36.247,45.83,Normal
5,384,cross_5,50.36,-0.106,106.1,36.261,46.06,Normal
5,387,cross_4,50.28,0.323,171.22,36.246,46.91,Normal
5,387,cross_5,50.24,-0.331,110.28,36.262,46.93,Normal
5,390,cross_4,50.15,-0.365,175.4,36.244,47.05,Normal
5,390,cross_5,50.16,-0.214,114.46,36.262,46.45,Normal
5,393,cross_4,50.21,0.176,179.59,36.243,46.31,Normal
5,393,cross_5,50.13,-0.083,118.64,36.261,45.92,Normal
5,396,cross_4,50.35,0.386,183.77,36.241,47.18,Normal
5,396,cross_5,50.19,0.156,122.82,36.261,46.22,Normal
5,399,cross_4,50.37,0.054,187.96,36.24,45.85,Normal
5,399,cross_5,50.29,0.297,127.0,36.26,46.81,Normal
5,402,cross_4,50.17,-0.534,192.13,36.24,47.73,Normal
5,402,cross_5,50.3,0.008,131.19,36.26,45.65,Normal
5,405,cross_4,50.28,0.291,196.32,36.24,46.78,Normal
5,405,cross_5,50.3,0.018,135.38,36.259,45.69,Normal
5,408,cross_5,50.18,-0.356,139.59,36.259,47.02,Normal
5,411,cross_5,50.18,0.017,143.77,36.258,45.66,Normal
5,414,cross_5,50.36,0.506,147.96,36.257,47.66,Normal
5,417,cross_5,50.22,-0.411,152.15,36.257,47.25,Normal
5,420,cross_5,50.28,0.166,156.33,36.255,46.28,Normal
5,423,cross_5,50.27,-0.023,160.55,36.254,45.71,Normal
5,426,cross_5,50.28,0.037,164.76,36.253,45.77,Normal
5,429,cross_5,50.28,0.01,168.99,36.251,45.66,Normal
5,432,cross_5,50.21,-0.214,173.2,36.25,46.46,Normal
5,435,cross_5,50.24,0.084,177.43,36.248,45.94,Normal
5,438,cross_5,50.16,-0.224,181.66,36.247,46.48,Normal
5,441,cross_5,50.14,-0.041,185.89,36.245,45.75,Normal
5,444,cross_5,50.29,0.418,190.13,36.244,47.29,Normal
5,447,cross_5,50.33,0.099,194.32,36.242,46.02,Normal
5,450,cross_5,50.39,0.171,198.56,36.241,46.33,Normal
