epoch,step,vehicle_id,speed_kmh,accel_ms2,prox_m,wave_m,ai_score,category
1,4,npc_0,82.05,0.0,119.35,0.0,14.96,Conservative
1,4,npc_1,71.39,0.0,30.65,0.0,23.3,Conservative
1,4,npc_10,72.72,0.0,159.72,0.0,11.75,Conservative
1,4,npc_11,79.79,0.0,280.49,0.0,14.15,Conservative
1,4,npc_12,85.72,0.0,69.19,0.0,16.33,Conservative
1,4,npc_13,74.44,0.0,60.21,0.0,12.32,Conservative
1,4,npc_14,67.27,0.0,209.18,0.0,10.05,Conservative
1,4,npc_2,85.93,0.0,81.43,0.0,16.41,Conservative
1,4,npc_3,78.08,0.0,180.29,0.0,13.55,Conservative
1,4,npc_4,63.74,0.0,161.33,0.0,9.03,Conservative
1,4,npc_5,79.66,0.0,120.73,0.0,14.1,Conservative
1,4,npc_6,76.62,0.0,230.1,0.0,13.05,Conservative
1,4,npc_7,69.26,0.0,339.29,0.0,10.66,Conservative
1,4,npc_8,74.42,0.0,90.18,0.0,12.31,Conservative
1,4,npc_9,76.86,0.0,40.64,0.0,15.93,Conservative
1,8,npc_0,84.74,7.481,118.18,0.0,35.96,Normal
1,8,npc_1,74.29,8.064,31.02,0.0,43.79,Normal
1,8,npc_10,75.25,7.01,159.95,0.0,32.58,Conservative
1,8,npc_11,82.84,8.459,281.54,0.0,35.25,Normal
1,8,npc_12,88.17,6.816,67.27,0.0,37.28,Normal
1,8,npc_13,76.76,6.426,60.4,0.0,33.09,Conservative
1,8,npc_14,70.09,7.852,208.79,0.0,30.92,Conservative
1,8,npc_2,86.01,0.205,83.14,0.0,17.26,Conservative
1,8,npc_3,80.96,8.013,181.27,0.0,34.57,Conservative
1,8,npc_4,66.9,8.753,162.06,0.0,29.94,Conservative
1,8,npc_5,81.13,4.091,121.71,0.0,30.99,Conservative
1,8,npc_6,79.32,7.492,230.83,0.0,33.98,Conservative
1,8,npc_7,72.13,7.956,339.22,0.0,31.56,Conservative
1,8,npc_8,77.27,7.933,89.66,0.0,33.27,Conservative
1,8,npc_9,76.26,-1.668,40.91,0.0,22.24,Conservative
1,12,npc_0,87.89,8.761,116.54,0.0,37.17,Normal
1,12,npc_1,76.89,7.227,30.61,0.0,45.17,Normal
1,12,npc_10,78.5,9.049,160.54,0.0,33.7,Conservative
1,12,npc_11,85.55,7.523,282.93,0.0,36.26,Normal
1,12,npc_12,91.0,7.857,65.28,0.0,38.4,Normal
1,12,npc_13,79.27,6.967,61.09,0.0,33.96,Conservative
1,12,npc_14,73.05,8.203,208.78,0.0,31.86,Conservative
1,12,npc_2,87.15,3.18,84.76,0.0,29.6,Conservative
1,12,npc_3,83.33,6.576,182.34,0.0,35.43,Normal
1,12,npc_4,69.51,7.263,162.44,0.0,30.74,Conservative
1,12,npc_5,83.0,5.189,122.85,0.0,35.31,Normal
1,12,npc_6,81.9,7.163,231.81,0.0,34.9,Conservative
1,12,npc_7,74.66,7.036,339.42,0.0,32.39,Conservative
1,12,npc_8,79.68,6.677,88.91,0.0,34.11,Conservative
1,12,npc_9,78.42,5.999,41.54,0.0,35.96,Normal
1,16,npc_0,90.49,7.218,114.81,0.0,38.2,Normal
1,16,npc_1,79.16,6.306,30.77,0.0,45.76,Normal
1,16,npc_10,80.87,6.567,161.41,1.386,71.48,Aggressive
1,16,npc_11,87.84,6.369,284.62,0.0,37.15,Normal
1,16,npc_12,90.71,-0.814,63.07,0.0,21.54,Conservative
1,16,npc_13,82.15,7.997,62.02,0.0,35.0,Conservative
1,16,npc_14,75.61,7.111,209.03,0.0,32.7,Conservative
1,16,npc_2,88.64,4.123,86.84,0.0,33.95,Conservative
1,16,npc_3,85.83,6.946,183.86,1.6,76.37,Aggressive
1,16,npc_4,72.45,8.175,162.59,0.0,31.67,Conservative
1,16,npc_5,85.19,6.091,124.35,0.0,36.13,Normal
1,16,npc_6,84.35,6.826,233.15,0.0,35.81,Normal
1,16,npc_7,77.55,8.023,339.95,0.0,33.36,Conservative
1,16,npc_8,81.99,6.423,87.96,0.0,34.94,Conservative
1,16,npc_9,81.33,8.064,42.57,0.0,36.46,Normal
1,20,npc_0,93.13,7.336,113.35,0.0,39.27,Normal
1,20,npc_1,81.94,7.709,30.6,0.0,46.96,Normal
1,20,npc_10,83.5,7.3,161.79,1.568,75.49,Aggressive
1,20,npc_11,90.62,7.717,285.77,0.0,38.25,Normal
1,20,npc_12,92.57,5.188,61.69,0.0,39.04,Normal
1,20,npc_13,84.96,7.815,62.53,0.0,36.04,Normal
1,20,npc_14,78.46,7.937,208.85,0.0,33.68,Conservative
1,20,npc_2,90.69,5.705,88.02,0.0,38.28,Normal
1,20,npc_3,88.67,7.88,184.78,1.568,77.47,Aggressive
1,20,npc_4,74.92,6.853,163.16,0.0,32.47,Conservative
1,20,npc_5,88.09,8.071,125.22,0.0,37.25,Normal
1,20,npc_6,86.94,7.195,233.91,0.0,36.8,Normal
1,20,npc_7,79.93,6.621,339.94,0.0,34.2,Conservative
1,20,npc_8,84.81,7.848,87.46,0.0,35.98,Normal
1,20,npc_9,83.61,6.348,42.97,0.0,37.12,Normal
1,24,npc_0,96.19,8.499,111.59,0.0,40.56,Normal
1,24,npc_1,85.13,8.855,30.1,0.0,48.77,Normal
1,24,npc_10,86.04,7.074,162.45,1.6,76.45,Aggressive
1,24,npc_11,93.05,6.751,287.22,0.0,39.24,Normal
1,24,npc_12,93.54,2.691,60.08,0.0,30.21,Conservative
1,24,npc_13,87.57,7.262,63.35,0.0,37.04,Normal
1,24,npc_14,80.79,6.466,208.93,0.0,34.5,Conservative
1,24,npc_2,92.94,6.246,89.44,0.0,39.19,Normal
1,24,npc_3,91.44,7.702,186.04,1.508,78.58,Aggressive
1,24,npc_4,77.97,8.467,163.43,0.0,33.51,Conservative
1,24,npc_5,91.15,8.478,126.42,0.0,38.46,Normal
1,24,npc_6,89.74,7.774,234.96,0.0,37.9,Normal
1,24,npc_7,82.46,7.014,340.18,0.0,35.11,Normal
1,24,npc_8,87.3,6.921,86.66,0.0,36.94,Normal
1,24,npc_9,85.78,6.016,43.61,0.0,37.66,Normal
1,28,npc_0,98.84,7.364,108.51,1.12,71.57,Aggressive
1,28,npc_1,88.11,8.279,28.54,0.0,51.99,Normal
1,28,npc_10,89.12,8.534,164.22,1.584,77.65,Aggressive
1,28,npc_11,95.79,7.622,289.74,0.0,40.39,Normal
1,28,npc_12,88.68,-13.515,57.95,0.0,37.48,Normal
1,28,npc_13,90.93,9.319,65.32,0.0,38.37,Normal
1,28,npc_14,83.55,7.678,210.1,0.0,35.51,Normal
1,28,npc_2,95.28,6.515,91.92,0.0,40.18,Normal
1,28,npc_3,93.98,7.055,188.38,1.446,78.18,Aggressive
1,28,npc_4,80.6,7.31,162.58,0.0,34.44,Conservative
1,28,npc_5,94.1,8.214,128.75,0.0,39.68,Normal
1,28,npc_6,92.66,8.095,237.15,0.0,39.08,Normal
1,28,npc_7,85.73,9.096,341.57,0.0,36.33,Normal
1,28,npc_8,89.76,6.823,84.8,0.0,37.9,Normal
1,28,npc_9,88.28,6.948,45.33,0.0,38.02,Normal
1,32,npc_0,94.82,-11.182,104.91,1.386,76.93,Aggressive
1,32,npc_1,90.5,6.648,25.97,0.0,56.68,Normal
1,32,npc_10,91.69,7.162,167.11,1.549,78.68,Aggressive
1,32,npc_11,98.99,8.886,293.4,0.0,41.78,Normal
1,32,npc_12,82.66,-16.729,55.7,0.0,35.18,Normal
1,32,npc_13,93.45,7.007,68.39,0.0,39.41,Normal
1,32,npc_14,86.3,7.62,212.36,0.0,36.55,Normal
1,32,npc_2,97.79,6.974,95.46,0.0,41.25,Normal
1,32,npc_3,96.77,7.75,191.82,1.386,77.76,Aggressive
1,32,npc_4,83.58,8.28,160.61,0.0,35.52,Normal
1,32,npc_5,97.01,8.085,132.2,0.0,40.92,Normal
1,32,npc_6,95.63,8.27,240.46,0.0,40.32,Normal
1,32,npc_7,88.27,7.06,344.07,0.0,37.32,Normal
1,32,npc_8,84.28,-15.237,82.38,0.0,35.78,Normal
1,32,npc_9,91.13,7.934,48.14,0.0,38.57,Normal
1,36,npc_0,88.34,-18.0,102.83,1.508,77.34,Aggressive
1,36,npc_1,93.51,8.357,23.89,0.0,61.25,Normal
1,36,npc_10,94.31,7.278,169.46,1.508,79.77,Aggressive
1,36,npc_11,101.98,8.305,296.61,0.0,43.11,Normal
1,36,npc_12,84.42,4.899,54.45,0.0,35.43,Normal
1,36,npc_13,96.34,8.016,70.98,0.0,40.62,Normal
1,36,npc_14,89.08,7.734,214.14,0.0,37.63,Normal
1,36,npc_2,99.93,5.939,98.46,0.0,42.19,Normal
1,36,npc_3,99.09,6.445,194.72,1.33,77.3,Aggressive
1,36,npc_4,86.36,7.722,159.13,0.0,36.57,Normal
1,36,npc_5,99.44,6.726,135.15,0.0,41.97,Normal
1,36,npc_6,95.51,-0.356,243.07,0.0,21.7,Conservative
1,36,npc_7,90.69,6.707,346.06,0.0,38.28,Normal
1,36,npc_8,83.45,-2.285,81.19,0.0,24.62,Conservative
1,36,npc_9,93.65,6.99,50.45,0.0,39.49,Normal
1,40,npc_0,85.45,-8.018,101.18,1.568,76.23,Aggressive
1,40,npc_1,96.56,8.489,20.32,0.0,68.91,Normal
1,40,npc_10,96.67,6.534,172.17,1.466,79.87,Aggressive
1,40,npc_11,104.59,7.244,300.11,0.0,44.31,Normal
1,40,npc_12,87.3,8.001,52.97,0.0,36.94,Normal
1,40,npc_13,98.97,7.307,73.95,0.0,41.77,Normal
1,40,npc_14,91.44,6.546,216.23,0.0,38.58,Normal
1,40,npc_2,101.97,5.654,101.44,0.0,43.11,Normal
1,40,npc_3,101.61,6.986,197.84,1.28,77.08,Aggressive
1,40,npc_4,88.95,7.181,157.26,0.0,37.58,Normal
1,40,npc_5,101.9,6.851,138.26,0.0,43.08,Normal
1,40,npc_6,95.32,-0.518,245.61,0.0,22.26,Conservative
1,40,npc_7,93.73,8.444,348.31,0.0,39.52,Normal
1,40,npc_8,86.3,7.921,79.67,0.0,36.55,Normal
1,40,npc_9,96.44,7.742,52.95,0.0,40.67,Normal
1,44,npc_0,86.36,2.525,99.68,1.593,66.67,Normal
1,44,npc_1,99.29,7.581,18.96,0.0,72.74,Aggressive
1,44,npc_10,98.06,3.859,174.99,1.425,74.8,Aggressive
1,44,npc_11,107.56,8.266,303.96,0.0,45.71,Normal
1,44,npc_12,84.18,-8.656,51.34,0.0,35.75,Normal
1,44,npc_13,101.72,7.656,77.05,0.0,42.99,Normal
1,44,npc_14,93.9,6.84,218.53,0.0,39.59,Normal
1,44,npc_2,104.34,6.586,105.17,0.0,44.19,Normal
1,44,npc_3,101.85,0.689,201.24,1.234,58.72,Normal
1,44,npc_4,89.34,1.084,155.41,0.0,22.07,Conservative
1,44,npc_5,104.67,7.679,141.9,0.0,44.34,Normal
1,44,npc_6,95.26,-0.17,248.26,0.0,20.85,Conservative
1,44,npc_7,96.41,7.441,350.96,0.0,40.65,Normal
1,44,npc_8,84.74,-4.345,78.12,0.0,33.34,Conservative
1,44,npc_9,99.66,8.944,55.99,0.0,42.07,Normal
1,48,npc_0,84.53,-5.074,98.16,1.6,75.88,Aggressive
1,48,npc_1,101.75,6.83,14.63,0.0,83.03,Aggressive
1,48,npc_10,100.32,6.3,178.08,1.386,79.32,Aggressive
1,48,npc_11,107.71,0.408,307.92,0.0,27.41,Conservative
1,48,npc_12,86.4,6.15,49.98,0.0,36.59,Normal
1,48,npc_13,104.44,7.562,80.6,0.0,44.24,Normal
1,48,npc_14,96.52,7.263,221.16,0.0,40.7,Normal
1,48,npc_2,107.4,8.492,108.73,0.0,45.63,Normal
1,48,npc_3,101.77,-0.229,204.47,1.193,55.73,Normal
1,48,npc_4,89.47,0.374,153.36,0.0,19.28,Conservative
1,48,npc_5,107.5,7.877,145.62,0.0,45.68,Normal
1,48,npc_6,95.38,0.346,250.8,0.0,21.6,Conservative
1,48,npc_7,99.37,8.244,353.83,0.0,41.94,Normal
1,48,npc_8,85.27,1.485,76.67,0.0,22.1,Conservative
1,48,npc_9,102.26,7.242,59.15,0.0,43.24,Normal
1,52,npc_0,86.81,6.318,96.55,1.595,76.75,Aggressive
1,52,npc_1,97.53,-11.741,10.55,0.0,90.94,Aggressive
1,52,npc_10,101.91,4.396,181.43,1.348,76.61,Aggressive
1,52,npc_11,107.64,-0.185,311.91,0.0,26.49,Conservative
1,52,npc_12,89.12,7.55,48.52,0.0,37.72,Normal
1,52,npc_13,107.02,7.153,84.56,0.0,45.45,Normal
1,52,npc_14,98.77,6.27,224.1,0.0,41.68,Normal
1,52,npc_2,107.63,0.65,112.54,0.0,28.34,Conservative
1,52,npc_3,101.21,-1.571,207.72,1.155,59.83,Normal
1,52,npc_4,89.73,0.728,151.38,0.0,20.81,Conservative
1,52,npc_5,107.56,0.172,149.55,0.0,26.4,Conservative
1,52,npc_6,95.6,0.608,253.4,0.0,22.74,Conservative
1,52,npc_7,100.97,4.43,357.01,0.0,40.37,Normal
1,52,npc_8,87.65,6.59,75.11,0.0,37.07,Normal
1,52,npc_9,104.8,7.048,62.79,0.0,44.41,Normal
1,56,npc_0,89.03,6.164,93.96,1.584,77.61,Aggressive
1,56,npc_1,91.05,-18.0,7.58,0.0,96.01,Aggressive
1,56,npc_10,103.47,4.333,185.66,1.313,76.14,Aggressive
1,56,npc_11,107.63,-0.038,316.69,0.0,25.89,Conservative
1,56,npc_12,91.8,7.447,45.66,0.0,39.33,Normal
1,56,npc_13,106.86,-0.455,89.22,0.0,27.2,Conservative
1,56,npc_14,100.06,3.573,227.99,0.0,36.54,Normal
1,56,npc_2,107.92,0.817,117.31,0.0,29.15,Conservative
1,56,npc_3,101.2,-0.016,211.76,1.12,52.68,Normal
1,56,npc_4,89.41,-0.887,148.64,0.0,21.32,Conservative
1,56,npc_5,107.82,0.712,154.32,0.0,28.68,Conservative
1,56,npc_6,95.64,0.123,256.81,0.0,20.82,Conservative
1,56,npc_7,100.88,-0.246,361.05,0.0,23.6,Conservative
1,56,npc_8,90.34,7.479,72.39,0.0,38.14,Normal
1,56,npc_9,106.92,5.892,67.41,0.0,45.41,Normal
1,60,npc_0,91.62,7.214,91.14,1.568,78.66,Aggressive
1,60,npc_1,91.2,0.424,5.15,0.798,100.0,Aggressive
1,60,npc_10,103.2,-0.725,190.05,1.28,60.7,Normal
1,60,npc_11,107.85,0.622,321.51,0.0,28.34,Conservative
1,60,npc_12,94.77,8.266,43.1,0.0,41.48,Normal
1,60,npc_13,106.94,0.231,94.16,0.0,26.34,Conservative
1,60,npc_14,99.94,-0.338,231.99,0.0,23.55,Conservative
1,60,npc_2,107.99,0.195,122.04,0.0,26.7,Conservative
1,60,npc_3,100.67,-1.461,215.8,1.088,57.37,Normal
1,60,npc_4,89.42,0.03,145.94,0.0,17.89,Conservative
1,60,npc_5,107.61,-0.576,159.12,0.0,28.04,Conservative
1,60,npc_6,95.46,-0.512,260.24,0.0,22.3,Conservative
1,60,npc_7,101.03,0.429,365.08,0.0,24.4,Conservative
1,60,npc_8,92.42,5.775,69.6,0.0,38.98,Normal
1,60,npc_9,106.91,-0.035,72.29,0.0,25.54,Conservative
1,64,npc_0,92.24,1.717,88.88,1.549,65.78,Normal
1,64,npc_1,94.27,8.534,3.61,1.058,100.0,Aggressive
1,64,npc_10,102.63,-1.593,193.48,1.249,63.09,Normal
1,64,npc_11,107.74,-0.327,325.48,0.0,27.1,Conservative
1,64,npc_12,97.41,7.319,40.46,0.0,44.0,Normal
1,64,npc_13,107.05,0.304,98.01,0.0,26.68,Conservative
1,64,npc_14,100.03,0.26,235.08,0.0,23.28,Conservative
1,64,npc_2,107.55,-1.231,126.0,0.0,30.63,Conservative
1,64,npc_3,100.95,0.765,219.04,1.371,62.27,Normal
1,64,npc_4,89.68,0.713,143.99,0.0,20.72,Conservative
1,64,npc_5,107.99,1.05,163.1,0.0,30.12,Conservative
1,64,npc_6,95.43,-0.087,262.85,0.0,20.59,Conservative
1,64,npc_7,101.11,0.217,368.32,0.0,23.59,Conservative
1,64,npc_8,92.54,0.343,67.35,0.0,20.4,Conservative
1,64,npc_9,107.01,0.289,76.15,0.0,26.61,Conservative
1,68,npc_0,92.24,0.007,86.62,1.529,58.94,Normal
1,68,npc_1,96.88,7.242,3.35,1.22,100.0,Aggressive
1,68,npc_10,102.81,0.505,196.91,1.22,58.04,Normal
1,68,npc_11,107.78,0.113,329.45,0.0,26.26,Conservative
1,68,npc_12,100.57,8.777,37.52,0.0,47.46,Normal
1,68,npc_13,106.77,-0.769,101.87,0.0,28.41,Conservative
1,68,npc_14,99.65,-1.069,238.18,0.0,26.34,Conservative
1,68,npc_2,107.62,0.184,129.97,0.0,26.47,Conservative
1,68,npc_3,99.93,-2.82,222.15,1.552,73.47,Aggressive
1,68,npc_4,89.63,-0.13,142.04,0.0,18.38,Conservative
1,68,npc_5,107.78,-0.597,167.07,0.0,28.2,Conservative
1,68,npc_6,95.62,0.539,265.46,0.0,22.48,Conservative
1,68,npc_7,100.94,-0.473,371.54,0.0,24.53,Conservative
1,68,npc_8,92.38,-0.445,65.1,0.0,20.75,Conservative
1,68,npc_9,107.03,0.034,80.02,0.0,25.59,Conservative
1,72,npc_0,92.23,-0.034,83.57,1.508,59.04,Normal
1,72,npc_1,99.77,8.026,5.73,1.33,100.0,Aggressive
1,72,npc_10,102.47,-0.966,201.11,1.193,59.0,Normal
1,72,npc_11,107.9,0.328,334.23,0.0,27.18,Conservative
1,72,npc_12,104.01,9.563,33.46,0.0,52.79,Normal
1,72,npc_13,106.65,-0.347,106.53,0.0,26.66,Conservative
1,72,npc_14,99.7,0.15,242.07,0.0,22.69,Conservative
1,72,npc_2,107.74,0.337,134.74,0.0,27.14,Conservative
1,72,npc_3,99.78,-0.431,226.04,1.677,63.85,Normal
1,72,npc_4,89.49,-0.386,139.29,0.0,19.34,Conservative
1,72,npc_5,107.56,-0.607,171.84,0.0,28.14,Conservative
1,72,npc_6,95.35,-0.765,268.85,0.0,23.26,Conservative
1,72,npc_7,100.94,-0.008,375.56,0.0,22.67,Conservative
1,72,npc_8,92.28,-0.279,62.07,0.0,20.04,Conservative
1,72,npc_9,106.93,-0.257,84.68,0.0,26.44,Conservative
1,76,npc_0,92.49,0.706,80.5,1.487,61.5,Normal
1,76,npc_1,102.62,7.913,9.39,1.409,100.0,Aggressive
1,76,npc_10,102.38,-0.25,205.3,1.167,55.41,Normal
1,76,npc_11,107.66,-0.658,339.0,0.0,28.39,Conservative
1,76,npc_12,106.32,6.406,29.15,0.0,59.02,Normal
1,76,npc_13,106.91,0.74,111.19,0.0,28.36,Conservative
1,76,npc_14,99.76,0.159,245.96,0.0,22.75,Conservative
1,76,npc_2,107.59,-0.425,139.5,0.0,27.42,Conservative
1,76,npc_3,99.87,0.252,229.93,1.766,63.17,Normal
1,76,npc_4,89.38,-0.33,136.55,0.0,19.07,Conservative
1,76,npc_5,107.94,1.073,176.6,0.0,30.18,Conservative
1,76,npc_6,95.54,0.524,272.27,0.0,22.38,Conservative
1,76,npc_7,100.97,0.077,379.59,0.0,22.96,Conservative
1,76,npc_8,92.14,-0.39,59.02,0.0,20.43,Conservative
1,76,npc_9,106.94,0.019,89.35,0.0,25.49,Conservative
1,80,npc_0,92.35,-0.365,77.46,1.466,59.52,Normal
1,80,npc_1,105.21,7.219,13.59,1.466,100.0,Aggressive
1,80,npc_10,102.0,-1.041,209.44,1.143,57.75,Normal
1,80,npc_11,107.66,-0.007,343.76,0.0,25.78,Conservative
1,80,npc_12,107.89,4.361,24.71,0.0,63.78,Normal
1,80,npc_13,106.99,0.205,115.86,0.0,26.26,Conservative
1,80,npc_14,100.02,0.717,249.85,0.0,25.1,Conservative
1,80,npc_2,107.89,0.844,144.28,0.0,29.24,Conservative
1,80,npc_3,99.73,-0.391,233.82,1.831,63.67,Normal
1,80,npc_4,89.42,0.131,133.81,0.0,18.3,Conservative
1,80,npc_5,107.85,-0.261,181.37,0.0,26.89,Conservative
1,80,npc_6,95.39,-0.421,275.67,0.0,21.9,Conservative
1,80,npc_7,101.15,0.518,383.62,0.0,24.81,Conservative
1,80,npc_8,92.24,0.285,55.99,0.0,20.05,Conservative
1,80,npc_9,106.93,-0.028,94.01,0.0,25.52,Conservative
1,84,npc_0,92.39,0.095,74.39,1.446,57.9,Normal
1,84,npc_1,107.94,7.582,18.18,1.508,100.0,Aggressive
1,84,npc_10,102.1,0.274,213.59,1.12,54.12,Normal
1,84,npc_11,107.83,0.475,348.53,0.0,27.74,Conservative
1,84,npc_12,107.89,0.018,20.39,0.0,54.01,Normal
1,84,npc_13,106.86,-0.355,120.51,0.0,26.79,Conservative
1,84,npc_14,99.73,-0.797,253.73,0.0,25.29,Conservative
1,84,npc_2,107.66,-0.631,149.04,0.0,28.28,Conservative
1,84,npc_3,99.93,0.543,237.71,1.879,64.36,Normal
1,84,npc_4,89.71,0.793,131.07,0.0,21.06,Conservative
1,84,npc_5,107.79,-0.166,186.15,0.0,26.48,Conservative
1,84,npc_6,95.62,0.646,279.09,0.0,22.9,Conservative
1,84,npc_7,100.85,-0.852,387.64,0.0,26.01,Conservative
1,84,npc_8,92.33,0.242,52.94,0.0,19.91,Conservative
1,84,npc_9,106.87,-0.167,98.68,0.0,26.05,Conservative
1,88,npc_0,92.32,-0.204,71.34,1.425,57.76,Normal
1,88,npc_1,107.65,-0.812,22.89,1.539,92.52,Aggressive
1,88,npc_10,102.06,-0.096,217.72,1.098,52.82,Normal
1,88,npc_11,107.93,0.297,353.3,0.0,27.08,Conservative
1,88,npc_12,107.74,-0.427,16.34,0.0,63.76,Normal
1,88,npc_13,106.89,0.098,125.18,0.0,25.78,Conservative
1,88,npc_14,99.96,0.635,257.63,0.0,24.74,Conservative
1,88,npc_2,107.62,-0.117,153.81,0.0,26.21,Conservative
1,88,npc_3,99.94,0.046,241.6,1.913,62.38,Normal
1,88,npc_4,89.48,-0.625,128.31,0.0,20.29,Conservative
1,88,npc_5,107.45,-0.946,190.9,0.0,29.44,Conservative
1,88,npc_6,95.32,-0.84,282.48,0.0,23.55,Conservative
1,88,npc_7,101.19,0.96,391.67,0.0,26.59,Conservative
1,88,npc_8,92.45,0.346,49.9,0.0,20.38,Conservative
1,88,npc_9,107.04,0.462,103.35,0.0,27.31,Conservative
1,92,npc_0,92.25,-0.189,68.28,1.405,57.14,Normal
1,92,npc_1,107.95,0.823,27.63,1.562,85.2,Aggressive
1,92,npc_10,101.97,-0.252,221.85,1.078,52.85,Normal
1,92,npc_11,107.85,-0.24,358.09,0.0,26.81,Conservative
1,92,npc_12,107.94,0.548,12.79,0.0,72.39,Aggressive
1,92,npc_13,106.74,-0.433,129.85,0.0,27.05,Conservative
1,92,npc_14,100.03,0.195,261.53,0.0,23.02,Conservative
1,92,npc_2,107.36,-0.725,158.55,0.0,28.51,Conservative
1,92,npc_3,99.76,-0.497,245.5,1.938,64.11,Normal
1,92,npc_4,89.7,0.606,125.56,0.0,20.31,Conservative
1,92,npc_5,107.09,-0.984,195.62,0.0,29.42,Conservative
1,92,npc_6,95.27,-0.133,285.89,0.0,20.7,Conservative
1,92,npc_7,101.1,-0.245,395.7,0.0,23.7,Conservative
1,92,npc_8,92.43,-0.075,46.87,0.0,19.6,Conservative
1,92,npc_9,107.05,0.033,108.02,0.0,25.6,Conservative
1,96,npc_0,88.2,-11.236,65.39,1.386,74.24,Aggressive
1,96,npc_1,107.92,-0.078,32.22,1.578,76.3,Aggressive
1,96,npc_10,101.85,-0.338,225.87,1.058,52.63,Normal
1,96,npc_11,107.95,0.277,362.81,0.0,27.0,Conservative
1,96,npc_12,107.97,0.082,7.38,0.0,84.36,Aggressive
1,96,npc_13,106.86,0.327,134.32,0.0,26.68,Conservative
1,96,npc_14,100.04,0.029,265.34,0.0,22.36,Conservative
1,96,npc_2,106.96,-1.12,163.28,0.0,29.9,Conservative
1,96,npc_3,99.88,0.324,249.34,1.955,63.47,Normal
1,96,npc_4,89.4,-0.835,122.76,0.0,21.1,Conservative
1,96,npc_5,106.85,-0.693,200.28,0.0,28.14,Conservative
1,96,npc_6,95.6,0.928,289.28,0.0,24.02,Conservative
1,96,npc_7,101.29,0.514,399.71,0.0,24.86,Conservative
1,96,npc_8,92.27,-0.442,43.48,0.0,22.05,Conservative
1,96,npc_9,107.0,-0.133,112.55,0.0,25.98,Conservative
1,100,npc_0,82.62,-15.5,62.34,1.367,71.61,Aggressive
1,100,npc_1,107.96,0.098,37.81,1.588,71.05,Aggressive
1,100,npc_10,101.51,-0.962,230.78,1.04,54.47,Normal
1,100,npc_11,107.9,-0.13,368.39,0.0,26.39,Conservative
1,100,npc_12,107.7,-0.729,6.68,0.0,88.75,Aggressive
1,100,npc_13,106.74,-0.323,139.78,0.0,26.61,Conservative
1,100,npc_14,100.05,0.04,270.04,0.0,22.4,Conservative
1,100,npc_2,106.64,-0.88,168.76,0.0,28.79,Conservative
1,100,npc_3,99.8,-0.21,254.05,1.966,62.98,Normal
1,100,npc_4,89.74,0.954,119.21,0.0,21.71,Conservative
1,100,npc_5,106.34,-1.412,205.72,0.0,30.78,Conservative
1,100,npc_6,95.67,0.187,293.49,0.0,21.09,Conservative
1,100,npc_7,100.9,-1.093,404.52,0.0,26.99,Conservative
1,100,npc_8,92.17,-0.284,39.65,0.0,23.44,Conservative
1,100,npc_9,106.7,-0.842,118.02,0.0,28.67,Conservative
1,104,npc_0,81.72,-2.515,59.0,1.542,64.9,Normal
1,104,npc_1,107.87,-0.239,44.18,1.595,67.89,Normal
1,104,npc_10,101.57,0.189,236.48,1.022,50.94,Normal
1,104,npc_11,107.96,0.158,374.78,0.0,26.53,Conservative
1,104,npc_12,107.99,0.79,10.47,0.0,79.07,Aggressive
1,104,npc_13,106.95,0.585,146.06,0.0,27.76,Conservative
1,104,npc_14,99.8,-0.715,275.53,0.0,24.99,Conservative
1,104,npc_2,106.09,-1.524,174.98,0.0,31.11,Conservative
1,104,npc_3,99.76,-0.121,259.55,1.973,62.6,Normal
1,104,npc_4,89.58,-0.463,114.86,0.0,19.68,Conservative
1,104,npc_5,106.06,-0.771,211.92,0.0,28.08,Conservative
1,104,npc_6,95.52,-0.416,298.49,0.0,21.94,Conservative
1,104,npc_7,101.0,0.287,410.15,0.0,23.82,Conservative
1,104,npc_8,92.4,0.641,35.01,0.0,28.72,Conservative
1,104,npc_9,106.97,0.757,124.3,0.0,28.46,Conservative
1,108,npc_0,84.18,6.846,56.16,1.676,75.75,Aggressive
1,108,npc_1,107.56,-0.872,49.75,1.599,69.2,Normal
1,108,npc_10,101.76,0.503,241.37,1.006,51.84,Normal
1,108,npc_11,107.63,-0.907,380.36,0.0,29.37,Conservative
1,108,npc_12,107.8,-0.524,15.28,0.0,66.5,Normal
1,108,npc_13,106.76,-0.543,151.53,0.0,27.5,Conservative
1,108,npc_14,100.01,0.584,280.24,0.0,24.56,Conservative
1,108,npc_2,105.85,-0.659,180.35,0.0,27.53,Conservative
1,108,npc_3,100.05,0.804,264.25,1.976,65.46,Normal
1,108,npc_4,89.68,0.275,111.31,0.0,18.97,Conservative
1,108,npc_5,105.73,-0.908,217.28,0.0,28.48,Conservative
1,108,npc_6,95.55,0.089,302.7,0.0,20.65,Conservative
1,108,npc_7,101.21,0.598,414.99,0.0,25.16,Conservative
1,108,npc_8,92.46,0.165,31.17,0.0,31.01,Conservative
1,108,npc_9,106.96,-0.043,129.78,0.0,25.59,Conservative
1,112,npc_0,86.86,7.431,52.22,1.782,76.76,Aggressive
1,112,npc_1,107.82,0.727,56.14,1.6,68.74,Normal
1,112,npc_10,101.34,-1.153,247.05,0.99,53.83,Normal
1,112,npc_11,107.85,0.605,386.74,0.0,28.27,Conservative
1,112,npc_12,107.92,0.348,21.25,0.0,53.73,Normal
1,112,npc_13,106.98,0.629,157.81,0.0,27.95,Conservative
1,112,npc_14,99.91,-0.268,285.74,0.0,23.25,Conservative
1,112,npc_2,105.53,-0.899,186.52,0.0,28.35,Conservative
1,112,npc_3,100.05,-0.014,269.76,1.976,62.3,Normal
1,112,npc_4,89.52,-0.43,106.96,0.0,19.53,Conservative
1,112,npc_5,105.59,-0.383,223.42,0.0,26.31,Conservative
1,112,npc_6,95.33,-0.609,307.72,0.594,38.47,Normal
1,112,npc_7,101.04,-0.494,420.62,0.0,24.66,Conservative
1,112,npc_8,92.2,-0.703,26.54,0.0,39.32,Normal
1,112,npc_9,106.71,-0.693,136.05,0.0,28.08,Conservative
1,116,npc_0,88.37,4.201,48.84,1.866,74.2,Aggressive
1,116,npc_1,107.94,0.341,61.72,1.599,67.26,Normal
1,116,npc_10,101.51,0.479,251.92,0.975,50.8,Normal
1,116,npc_11,107.74,-0.292,392.32,0.0,26.97,Conservative
1,116,npc_12,107.6,-0.904,26.61,0.0,46.85,Normal
1,116,npc_13,106.91,-0.192,163.27,0.0,26.17,Conservative
1,116,npc_14,99.79,-0.322,290.44,0.0,23.42,Conservative
1,116,npc_2,105.37,-0.452,191.86,0.0,26.48,Conservative
1,116,npc_3,100.01,-0.096,274.45,1.974,62.61,Normal
1,116,npc_4,89.49,-0.081,103.41,0.0,18.12,Conservative
1,116,npc_5,104.94,-1.81,228.73,0.584,47.28,Normal
1,116,npc_6,95.56,0.634,311.94,0.811,44.45,Normal
1,116,npc_7,101.22,0.499,425.46,0.0,24.76,Conservative
1,116,npc_8,92.29,0.228,22.71,0.0,43.66,Normal
1,116,npc_9,106.79,0.237,141.52,0.0,26.29,Conservative
1,120,npc_0,82.65,-15.883,45.75,2.186,75.76,Aggressive
1,120,npc_1,107.7,-0.671,67.38,1.596,68.46,Normal
1,120,npc_10,101.24,-0.754,256.7,0.96,51.39,Normal
1,120,npc_11,107.84,0.26,397.89,0.0,26.88,Conservative
1,120,npc_12,107.84,0.672,31.58,0.0,39.39,Normal
1,120,npc_13,106.9,-0.034,168.65,0.0,25.53,Conservative
1,120,npc_14,100.08,0.795,295.07,0.0,25.44,Conservative
1,120,npc_2,107.78,6.714,197.42,0.0,45.82,Normal
1,120,npc_3,99.75,-0.714,279.12,1.97,64.97,Normal
1,120,npc_4,89.54,0.134,99.91,0.0,18.35,Conservative
1,120,npc_5,101.22,-10.337,233.72,0.798,64.05,Normal
1,120,npc_6,95.33,-0.64,316.19,0.96,48.35,Normal
1,120,npc_7,100.92,-0.828,430.31,0.0,25.94,Conservative
1,120,npc_8,92.42,0.364,18.89,0.574,66.73,Normal
1,120,npc_9,106.96,0.472,146.96,0.0,27.31,Conservative
1,124,npc_0,84.8,5.978,42.83,2.388,77.63,Aggressive
1,124,npc_1,107.63,-0.19,72.94,1.586,66.5,Normal
1,124,npc_10,101.23,-0.042,261.56,0.798,44.23,Normal
1,124,npc_11,107.57,-0.753,403.46,0.0,28.73,Conservative
1,124,npc_12,107.94,0.267,37.12,0.0,32.27,Conservative
1,124,npc_13,106.99,0.237,174.12,0.0,26.38,Conservative
1,124,npc_14,99.76,-0.897,299.77,0.0,25.7,Conservative
1,124,npc_2,107.71,-0.218,203.0,0.0,26.65,Conservative
1,124,npc_3,99.96,0.56,283.82,1.801,64.44,Normal
1,124,npc_4,89.61,0.2,96.32,0.574,33.96,Conservative
1,124,npc_5,101.74,1.429,238.61,0.96,54.32,Normal
1,124,npc_6,95.54,0.597,320.4,1.088,51.68,Normal
1,124,npc_7,101.27,0.985,435.16,0.0,26.73,Conservative
1,124,npc_8,92.12,-0.836,15.1,0.798,82.45,Aggressive
1,124,npc_9,106.77,-0.524,152.43,0.0,27.43,Conservative
1,128,npc_0,87.93,8.691,40.39,2.533,80.14,Aggressive
1,128,npc_1,107.88,0.699,77.72,1.568,68.66,Normal
1,128,npc_10,101.08,-0.392,265.59,0.574,39.59,Normal
1,128,npc_11,107.62,0.157,408.23,0.0,26.37,Conservative
1,128,npc_12,107.57,-1.031,41.88,0.0,31.94,Conservative
1,128,npc_13,106.77,-0.606,178.78,0.0,27.75,Conservative
1,128,npc_14,99.84,0.219,303.66,0.0,23.03,Conservative
1,128,npc_2,107.84,0.37,207.76,0.0,27.32,Conservative
1,128,npc_3,99.97,0.051,287.71,1.586,62.41,Normal
1,128,npc_4,89.72,0.303,93.57,0.798,40.39,Normal
1,128,npc_5,100.92,-2.264,242.66,1.088,60.7,Normal
1,128,npc_6,95.68,0.385,323.82,1.193,53.69,Normal
1,128,npc_7,100.96,-0.866,439.22,0.574,41.43,Normal
1,128,npc_8,92.13,0.049,12.14,0.96,90.52,Aggressive
1,128,npc_9,106.75,-0.06,157.09,0.0,25.57,Conservative
1,132,npc_0,89.87,5.387,37.66,2.632,82.82,Aggressive
1,132,npc_1,107.6,-0.784,82.49,1.542,68.86,Normal
1,132,npc_10,100.93,-0.443,269.62,0.0,24.41,Conservative
1,132,npc_11,107.55,-0.201,413.0,0.0,26.51,Conservative
1,132,npc_12,107.64,0.205,46.63,0.0,26.93,Conservative
1,132,npc_13,106.81,0.12,183.44,0.0,25.83,Conservative
1,132,npc_14,99.83,-0.007,307.57,0.0,22.18,Conservative
1,132,npc_2,107.71,-0.366,212.53,0.0,27.24,Conservative
1,132,npc_3,99.94,-0.089,291.62,1.568,62.55,Normal
1,132,npc_4,89.36,-1.005,90.82,0.96,47.36,Normal
1,132,npc_5,101.9,2.708,246.74,1.193,65.71,Normal
1,132,npc_6,95.31,-1.04,327.22,1.28,58.48,Normal
1,132,npc_7,101.05,0.262,443.24,0.798,45.03,Normal
1,132,npc_8,92.43,0.819,9.23,1.088,100.0,Aggressive
1,132,npc_9,106.82,0.201,161.76,0.0,26.16,Conservative
1,136,npc_0,89.97,0.284,35.34,2.69,66.01,Normal
1,136,npc_1,107.84,0.654,87.2,1.508,68.46,Normal
1,136,npc_10,101.08,0.441,273.7,0.0,24.47,Conservative
1,136,npc_11,107.72,0.477,417.79,0.0,27.7,Conservative
1,136,npc_12,107.59,-0.141,51.7,0.0,26.29,Conservative
1,136,npc_13,107.05,0.654,188.2,0.0,28.08,Conservative
1,136,npc_14,99.68,-0.426,311.51,0.0,23.78,Conservative
1,136,npc_2,107.56,-0.406,217.22,0.0,27.33,Conservative
1,136,npc_3,100.05,0.307,295.53,1.542,63.47,Normal
1,136,npc_4,89.62,0.711,88.13,1.088,49.7,Normal
1,136,npc_5,101.36,-1.498,250.8,1.28,62.95,Normal
1,136,npc_6,95.54,0.645,330.58,1.353,58.95,Normal
1,136,npc_7,101.04,-0.051,447.23,0.96,48.49,Normal
1,136,npc_8,92.25,-0.483,8.5,1.193,100.0,Aggressive
1,136,npc_9,106.77,-0.142,166.46,0.0,25.9,Conservative
1,140,npc_0,90.1,0.344,32.6,2.709,69.1,Normal
1,140,npc_1,107.57,-0.742,91.98,1.466,67.78,Normal
1,140,npc_10,100.61,-1.313,277.71,0.0,27.75,Conservative
1,140,npc_11,107.71,-0.021,422.56,0.0,25.87,Conservative
1,140,npc_12,107.71,0.338,56.44,0.0,27.13,Conservative
1,140,npc_13,106.93,-0.311,192.88,0.0,26.66,Conservative
1,140,npc_14,100.03,0.97,315.41,0.0,26.11,Conservative
1,140,npc_2,108.0,1.208,222.0,0.0,30.75,Conservative
1,140,npc_3,99.77,-0.788,299.43,1.508,65.27,Normal
1,140,npc_4,89.35,-0.75,85.39,1.193,52.54,Normal
1,140,npc_5,101.06,-0.825,254.84,1.353,62.09,Normal
1,140,npc_6,95.53,-0.027,333.99,1.415,58.12,Normal
1,140,npc_7,100.91,-0.352,451.25,1.088,53.05,Normal
1,140,npc_8,92.36,0.292,6.89,1.28,100.0,Aggressive
1,140,npc_9,106.79,0.041,171.14,0.0,25.5,Conservative
1,144,npc_0,90.17,0.209,30.61,2.69,70.93,Aggressive
1,144,npc_1,107.84,0.759,95.96,1.415,66.62,Normal
1,144,npc_10,101.21,1.674,280.93,0.0,29.46,Conservative
1,144,npc_11,107.98,0.728,426.54,0.0,28.82,Conservative
1,144,npc_12,107.89,0.49,60.39,0.0,27.83,Conservative
1,144,npc_13,106.63,-0.848,196.75,0.0,28.66,Conservative
1,144,npc_14,99.85,-0.491,318.51,0.0,24.12,Conservative
1,144,npc_2,107.9,-0.266,225.98,0.0,26.94,Conservative
1,144,npc_3,100.08,0.868,302.53,1.466,64.83,Normal
1,144,npc_4,89.32,-0.086,83.46,1.28,52.2,Normal
1,144,npc_5,100.75,-0.851,258.06,1.415,63.7,Normal
1,144,npc_6,95.29,-0.679,336.59,1.466,62.0,Normal
1,144,npc_7,100.98,0.185,454.48,1.193,55.2,Normal
1,144,npc_8,92.32,-0.102,6.41,1.353,100.0,Aggressive
1,144,npc_9,106.85,0.184,175.02,0.0,26.11,Conservative
1,148,npc_0,90.43,0.727,27.84,2.782,76.8,Aggressive
1,148,npc_1,107.79,-0.131,100.73,1.353,62.44,Normal
1,148,npc_10,100.67,-1.517,284.94,0.0,28.59,Conservative
1,148,npc_11,107.96,-0.036,431.32,0.0,26.05,Conservative
1,148,npc_12,107.7,-0.507,65.14,0.0,27.81,Conservative
1,148,npc_13,106.85,0.605,201.41,0.0,27.79,Conservative
1,148,npc_14,99.65,-0.567,322.41,0.0,24.33,Conservative
1,148,npc_2,107.96,0.171,230.77,0.0,26.59,Conservative
1,148,npc_3,99.71,-1.018,306.43,1.415,63.9,Normal
1,148,npc_4,89.65,0.92,80.7,1.353,57.63,Normal
1,148,npc_5,101.01,0.706,262.1,1.466,64.6,Normal
1,148,npc_6,95.64,0.975,340.0,1.508,64.22,Normal
1,148,npc_7,101.06,0.24,458.51,1.28,57.79,Normal
1,148,npc_8,92.35,0.067,6.98,1.415,100.0,Aggressive
1,148,npc_9,106.91,0.161,179.68,0.0,26.04,Conservative
1,152,npc_0,90.05,-1.067,25.86,2.854,80.94,Aggressive
1,152,npc_1,107.56,-0.651,104.7,1.28,62.45,Normal
1,152,npc_10,100.98,0.853,288.12,0.0,26.07,Conservative
1,152,npc_11,107.57,-1.091,435.29,0.0,30.08,Conservative
1,152,npc_12,107.69,-0.045,69.1,0.0,25.95,Conservative
1,152,npc_13,106.69,-0.427,205.28,0.0,27.0,Conservative
1,152,npc_14,99.99,0.944,325.5,0.0,25.99,Conservative
1,152,npc_2,107.84,-0.344,234.73,0.0,27.22,Conservative
1,152,npc_3,100.03,0.88,309.52,1.353,61.85,Normal
1,152,npc_4,89.7,0.138,78.75,1.415,56.17,Normal
1,152,npc_5,100.44,-1.577,265.29,1.508,68.73,Normal
1,152,npc_6,95.45,-0.51,342.6,1.542,62.29,Normal
1,152,npc_7,101.24,0.491,461.75,1.353,60.83,Normal
1,152,npc_8,92.33,-0.052,8.15,1.466,100.0,Aggressive
1,152,npc_9,106.89,-0.052,183.55,0.0,25.6,Conservative
1,156,npc_0,90.61,1.563,23.86,2.909,86.37,Aggressive
1,156,npc_1,107.73,0.476,108.69,1.193,59.5,Normal
1,156,npc_10,100.39,-1.631,291.3,0.0,28.92,Conservative
1,156,npc_11,107.64,0.204,439.27,0.0,26.57,Conservative
1,156,npc_12,107.85,0.438,73.07,0.0,27.6,Conservative
1,156,npc_13,106.66,-0.092,209.14,0.0,25.65,Conservative
1,156,npc_14,99.83,-0.428,328.59,0.0,23.86,Conservative
1,156,npc_2,107.77,-0.198,238.7,0.0,26.6,Conservative
1,156,npc_3,99.72,-0.871,312.61,1.28,59.71,Normal
1,156,npc_4,89.46,-0.668,76.81,1.466,59.56,Normal
1,156,npc_5,100.48,0.103,268.5,1.542,62.85,Normal
1,156,npc_6,95.4,-0.144,345.21,1.568,60.8,Normal
1,156,npc_7,100.85,-1.088,464.97,1.415,64.69,Normal
1,156,npc_8,92.2,-0.363,9.71,1.508,100.0,Aggressive
1,156,npc_9,106.83,-0.184,187.42,0.0,26.1,Conservative
1,160,npc_0,90.33,-0.793,21.17,2.948,87.89,Aggressive
1,160,npc_1,107.81,0.206,112.71,1.088,55.66,Normal
1,160,npc_10,100.43,0.105,294.44,0.0,22.83,Conservative
1,160,npc_11,107.89,0.676,443.23,0.0,28.57,Conservative
1,160,npc_12,107.83,-0.048,76.83,0.0,26.03,Conservative
1,160,npc_13,106.89,0.647,212.94,0.0,27.98,Conservative
1,160,npc_14,99.89,0.164,331.64,0.0,22.83,Conservative
1,160,npc_2,107.66,-0.305,242.73,0.0,26.98,Conservative
1,160,npc_3,99.79,0.209,315.69,1.193,54.77,Normal
1,160,npc_4,89.49,0.107,74.8,1.508,58.23,Normal
1,160,npc_5,101.41,2.592,271.69,1.568,73.22,Aggressive
1,160,npc_6,95.63,0.645,347.88,1.586,62.91,Normal
1,160,npc_7,101.29,1.22,468.23,1.466,66.78,Normal
1,160,npc_8,92.2,0.009,10.08,1.542,100.0,Aggressive
1,160,npc_9,106.77,-0.148,191.26,0.0,25.93,Conservative
1,164,npc_0,90.9,1.581,19.92,2.971,93.64,Aggressive
1,164,npc_1,107.85,0.134,115.88,0.96,51.99,Normal
1,164,npc_10,100.75,0.912,296.82,0.0,26.21,Conservative
1,164,npc_11,107.64,-0.701,446.4,0.0,28.55,Conservative
1,164,npc_12,107.88,0.15,80.0,0.0,26.46,Conservative
1,164,npc_13,106.94,0.121,216.01,0.0,25.89,Conservative
1,164,npc_14,100.07,0.492,333.94,0.0,24.22,Conservative
1,164,npc_2,107.65,-0.033,245.9,0.0,25.88,Conservative
1,164,npc_3,100.03,0.656,317.99,1.088,53.87,Normal
1,164,npc_4,89.55,0.157,73.65,1.542,58.45,Normal
1,164,npc_5,100.81,-1.661,274.08,1.586,69.23,Normal
1,164,npc_6,95.59,-0.112,349.69,1.596,60.76,Normal
1,164,npc_7,101.06,-0.643,470.66,1.508,65.27,Normal
1,164,npc_8,92.16,-0.113,11.47,1.568,100.0,Aggressive
1,164,npc_9,106.84,0.176,194.32,0.0,26.07,Conservative
1,168,npc_0,83.77,-19.789,18.79,2.979,100.0,Aggressive
1,168,npc_1,107.61,-0.689,119.18,0.798,49.77,Normal
1,168,npc_10,100.77,0.043,299.2,0.0,22.74,Conservative
1,168,npc_11,107.79,0.425,449.58,0.0,27.52,Conservative
1,168,npc_12,107.88,-0.011,83.11,0.0,25.91,Conservative
1,168,npc_13,106.67,-0.738,219.05,0.0,28.24,Conservative
1,168,npc_14,100.02,-0.145,336.23,0.0,22.81,Conservative
1,168,npc_2,107.88,0.661,249.18,0.0,28.51,Conservative
1,168,npc_3,99.94,-0.254,320.31,0.96,48.81,Normal
1,168,npc_4,89.3,-0.695,72.58,1.568,60.5,Normal
1,168,npc_5,100.49,-0.899,276.51,1.596,66.04,Normal
1,168,npc_6,95.65,0.158,351.57,1.6,60.97,Normal
1,168,npc_7,100.85,-0.579,473.14,1.542,64.92,Normal
1,168,npc_8,92.52,1.014,12.48,1.586,100.0,Aggressive
1,168,npc_9,106.76,-0.221,197.42,0.0,26.21,Conservative
1,172,npc_0,76.45,-20.349,18.8,2.971,100.0,Aggressive
1,172,npc_1,107.92,0.884,122.36,0.574,44.74,Normal
1,172,npc_10,100.43,-0.947,301.58,0.0,26.2,Conservative
1,172,npc_11,107.62,-0.48,452.74,0.0,27.66,Conservative
1,172,npc_12,107.57,-0.856,86.29,0.0,29.14,Conservative
1,172,npc_13,107.03,1.002,222.13,0.0,29.46,Conservative
1,172,npc_14,99.8,-0.595,338.52,0.0,24.51,Conservative
1,172,npc_2,107.87,-0.032,252.35,0.0,25.98,Conservative
1,172,npc_3,99.81,-0.347,322.61,0.798,44.81,Normal
1,172,npc_4,89.36,0.177,71.44,1.586,58.45,Normal
1,172,npc_5,101.41,2.565,278.92,1.6,73.11,Aggressive
1,172,npc_6,95.3,-0.973,353.37,1.596,64.08,Normal
1,172,npc_7,101.24,1.104,475.58,1.568,67.19,Normal
1,172,npc_8,92.19,-0.919,13.94,1.596,100.0,Aggressive
1,172,npc_9,106.84,0.238,200.49,0.0,26.32,Conservative
1,176,npc_0,69.95,-18.032,19.55,2.948,100.0,Aggressive
1,176,npc_1,107.6,-0.909,125.53,0.0,29.36,Conservative
1,176,npc_10,100.38,-0.134,303.95,0.0,22.93,Conservative
1,176,npc_11,107.58,-0.107,455.91,0.0,26.15,Conservative
1,176,npc_12,107.83,0.715,89.46,0.0,28.7,Conservative
1,176,npc_13,106.66,-1.029,225.19,0.0,29.4,Conservative
1,176,npc_14,100.0,0.535,340.83,0.0,24.36,Conservative
1,176,npc_2,107.81,-0.169,255.51,0.0,26.5,Conservative
1,176,npc_3,100.02,0.571,324.91,0.574,39.83,Normal
1,176,npc_4,86.34,-8.394,70.45,1.596,76.57,Aggressive
1,176,npc_5,100.45,-2.675,281.31,1.596,73.12,Aggressive
1,176,npc_6,95.39,0.242,355.17,1.586,61.19,Normal
1,176,npc_7,100.9,-0.955,478.01,1.586,66.44,Normal
1,176,npc_8,92.52,0.893,15.4,1.6,100.0,Aggressive
1,176,npc_9,106.91,0.191,203.56,0.0,26.16,Conservative
1,180,npc_0,69.44,-1.425,20.65,2.909,83.98,Aggressive
1,180,npc_1,107.85,0.706,128.7,0.0,28.67,Conservative
1,180,npc_10,100.63,0.689,306.33,0.0,25.26,Conservative
1,180,npc_11,107.68,0.273,459.08,0.0,26.86,Conservative
1,180,npc_12,107.6,-0.624,92.62,0.0,28.22,Conservative
1,180,npc_13,107.04,1.041,228.27,0.0,29.62,Conservative
1,180,npc_14,99.65,-0.959,343.13,0.0,25.9,Conservative
1,180,npc_2,107.8,-0.031,258.68,0.0,25.95,Conservative
1,180,npc_3,100.04,0.047,327.22,0.0,22.43,Conservative
1,180,npc_4,83.83,-6.968,69.89,1.6,75.62,Aggressive
1,180,npc_5,101.35,2.505,283.71,1.586,72.85,Aggressive
1,180,npc_6,95.62,0.632,356.99,1.568,62.84,Normal
1,180,npc_7,101.19,0.8,480.43,1.596,65.95,Normal
1,180,npc_8,92.43,-0.232,16.86,1.596,95.05,Aggressive
1,180,npc_9,106.89,-0.072,206.63,0.0,25.68,Conservative
1,184,npc_0,64.89,-12.644,21.17,2.854,95.95,Aggressive
1,184,npc_1,107.77,-0.222,132.67,0.0,26.7,Conservative
1,184,npc_10,100.33,-0.817,309.49,0.0,25.64,Conservative
1,184,npc_11,107.64,-0.088,463.05,0.0,26.1,Conservative
1,184,npc_12,107.96,0.981,96.61,0.0,29.82,Conservative
1,184,npc_13,107.04,0.005,232.15,0.0,25.48,Conservative
1,184,npc_14,99.86,0.587,346.23,0.0,24.51,Conservative
1,184,npc_2,107.67,-0.362,262.64,0.0,27.21,Conservative
1,184,npc_3,99.85,-0.515,330.31,0.0,24.21,Conservative
1,184,npc_4,80.62,-8.923,68.65,1.788,74.44,Aggressive
1,184,npc_5,101.1,-0.694,286.88,1.568,65.49,Normal
1,184,npc_6,95.54,-0.221,359.6,1.542,61.17,Normal
1,184,npc_7,100.9,-0.795,483.66,1.6,65.8,Normal
1,184,npc_8,92.23,-0.562,19.1,1.586,91.7,Aggressive
1,184,npc_9,106.69,-0.534,210.51,0.0,27.43,Conservative
1,188,npc_0,59.29,-15.555,21.52,2.782,93.77,Aggressive
1,188,npc_1,107.93,0.437,137.45,0.0,27.63,Conservative
1,188,npc_10,100.25,-0.227,313.43,0.0,23.24,Conservative
1,188,npc_11,107.72,0.216,467.83,0.0,26.65,Conservative
1,188,npc_12,107.79,-0.452,101.4,0.0,27.63,Conservative
1,188,npc_13,106.96,-0.213,236.82,0.0,26.28,Conservative
1,188,npc_14,99.65,-0.596,350.13,0.0,24.45,Conservative
1,188,npc_2,107.71,0.117,267.42,0.0,26.25,Conservative
1,188,npc_3,99.95,0.268,334.22,0.0,23.27,Conservative
1,188,npc_4,75.88,-13.159,67.22,1.935,72.8,Aggressive
1,188,npc_5,100.44,-1.845,290.85,1.542,69.8,Normal
1,188,npc_6,95.44,-0.278,363.0,1.508,61.35,Normal
1,188,npc_7,101.21,0.851,487.69,1.596,66.17,Normal
1,188,npc_8,92.36,0.37,22.16,1.568,85.24,Aggressive
1,188,npc_9,106.63,-0.183,215.18,0.0,26.0,Conservative
1,192,npc_0,60.78,4.134,22.3,2.69,89.3,Aggressive
1,192,npc_1,107.7,-0.626,142.1,0.0,28.28,Conservative
1,192,npc_10,100.32,0.194,317.39,0.0,23.14,Conservative
1,192,npc_11,107.9,0.507,472.6,0.0,27.9,Conservative
1,192,npc_12,107.57,-0.613,106.21,0.0,28.17,Conservative
1,192,npc_13,107.0,0.116,241.51,0.0,25.91,Conservative
1,192,npc_14,99.92,0.753,354.04,0.0,25.2,Conservative
1,192,npc_2,107.7,-0.041,272.09,0.0,25.94,Conservative
1,192,npc_3,99.74,-0.579,338.09,0.0,24.42,Conservative
1,192,npc_4,74.28,-4.463,66.27,2.049,70.11,Aggressive
1,192,npc_5,100.6,0.451,294.79,1.508,64.29,Normal
1,192,npc_6,95.63,0.541,366.33,1.466,61.59,Normal
1,192,npc_7,101.26,0.145,491.68,1.586,63.37,Normal
1,192,npc_8,92.5,0.371,25.42,1.542,79.82,Aggressive
1,192,npc_9,106.73,0.29,219.82,0.0,26.47,Conservative
1,196,npc_0,63.49,7.526,23.21,2.578,91.92,Aggressive
1,196,npc_1,107.97,0.751,146.84,0.0,28.91,Conservative
1,196,npc_10,100.32,0.005,321.39,0.0,22.39,Conservative
1,196,npc_11,107.63,-0.749,477.37,0.0,28.74,Conservative
1,196,npc_12,107.98,1.145,111.12,0.0,30.49,Conservative
1,196,npc_13,106.83,-0.468,246.24,0.0,27.24,Conservative
1,196,npc_14,99.99,0.185,357.98,0.0,22.96,Conservative
1,196,npc_2,107.83,0.37,276.81,0.0,27.32,Conservative
1,196,npc_3,100.03,0.815,342.0,0.0,25.5,Conservative
1,196,npc_4,75.23,2.633,65.4,2.136,63.11,Normal
1,196,npc_5,100.96,1.002,298.79,1.466,65.76,Normal
1,196,npc_6,95.44,-0.524,369.68,1.415,60.08,Normal
1,196,npc_7,100.85,-1.136,495.66,1.568,67.15,Normal
1,196,npc_8,92.32,-0.488,28.99,1.508,75.02,Aggressive
1,196,npc_9,106.6,-0.361,224.52,0.0,26.7,Conservative
1,200,npc_0,66.48,8.302,22.47,2.442,94.07,Aggressive
1,200,npc_1,107.62,-0.97,151.65,0.0,29.62,Conservative
1,200,npc_10,100.13,-0.53,325.28,0.0,24.4,Conservative
1,200,npc_11,107.85,0.586,482.13,0.0,28.19,Conservative
1,200,npc_12,107.69,-0.809,115.75,0.0,29.01,Conservative
1,200,npc_13,106.86,0.058,250.86,0.0,25.61,Conservative
1,200,npc_14,99.72,-0.743,361.82,0.0,25.07,Conservative
1,200,npc_2,107.82,-0.027,281.64,0.0,25.94,Conservative
1,200,npc_3,99.71,-0.903,345.88,0.0,25.71,Conservative
1,200,npc_4,76.52,3.6,63.93,2.199,67.41,Normal
1,200,npc_5,100.24,-2.008,302.72,1.415,68.1,Normal
1,200,npc_6,95.46,0.046,373.13,1.353,56.53,Normal
1,200,npc_7,101.22,1.027,499.72,1.542,66.88,Normal
1,200,npc_8,92.23,-0.262,31.49,1.466,70.01,Aggressive
1,200,npc_9,106.98,1.061,229.18,0.0,29.68,Conservative
1,204,npc_0,69.47,8.308,22.09,2.278,95.65,Aggressive
1,204,npc_1,107.91,0.787,156.43,0.0,29.02,Conservative
1,204,npc_10,100.5,1.023,329.21,0.0,26.54,Conservative
1,204,npc_11,107.91,0.183,486.91,0.0,26.61,Conservative
1,204,npc_12,107.99,0.809,120.53,0.0,29.15,Conservative
1,204,npc_13,106.87,0.048,255.53,0.0,25.57,Conservative
1,204,npc_14,99.86,0.405,365.72,0.0,23.78,Conservative
1,204,npc_2,107.72,-0.271,286.41,0.0,26.87,Conservative
1,204,npc_3,99.93,0.632,349.77,0.0,24.72,Conservative
1,204,npc_4,77.92,3.881,62.55,2.24,69.02,Normal
1,204,npc_5,100.22,-0.037,306.67,1.353,58.56,Normal
1,204,npc_6,95.48,0.049,376.53,1.28,54.59,Normal
1,204,npc_7,100.96,-0.734,503.75,1.508,65.59,Normal
1,204,npc_8,92.36,0.381,34.54,1.415,65.87,Normal
1,204,npc_9,107.01,0.059,233.87,0.574,41.0,Normal
1,208,npc_0,72.19,7.575,21.38,2.079,97.79,Aggressive
1,208,npc_1,107.78,-0.34,161.2,0.0,27.18,Conservative
1,208,npc_10,100.56,0.158,333.17,0.0,23.1,Conservative
1,208,npc_11,107.62,-0.807,491.67,0.0,28.97,Conservative
1,208,npc_12,107.57,-1.142,125.25,0.574,45.6,Normal
1,208,npc_13,107.0,0.351,260.2,0.0,26.85,Conservative
1,208,npc_14,99.88,0.055,369.62,0.0,22.39,Conservative
1,208,npc_2,107.94,0.59,291.19,0.0,28.25,Conservative
1,208,npc_3,99.95,0.044,353.68,0.0,22.38,Conservative
1,208,npc_4,79.63,4.743,60.99,2.26,73.06,Aggressive
1,208,npc_5,100.35,0.348,310.64,1.28,57.9,Normal
1,208,npc_6,95.51,0.085,379.94,1.193,52.41,Normal
1,208,npc_7,100.95,-0.026,507.79,1.466,61.85,Normal
1,208,npc_8,92.39,0.076,37.6,1.353,60.29,Normal
1,208,npc_9,107.73,2.005,238.63,0.798,55.09,Normal
1,212,npc_0,67.35,-13.446,20.56,1.835,97.82,Aggressive
1,212,npc_1,107.62,-0.465,166.06,0.0,27.6,Conservative
1,212,npc_10,100.53,-0.065,337.1,0.0,22.72,Conservative
1,212,npc_11,107.97,0.964,496.46,0.0,29.76,Conservative
1,212,npc_12,107.89,0.872,130.07,0.798,50.64,Normal
1,212,npc_13,106.89,-0.3,264.85,0.0,26.59,Conservative
1,212,npc_14,99.82,-0.189,373.51,0.0,22.9,Conservative
1,212,npc_2,107.9,-0.086,296.05,0.0,26.22,Conservative
1,212,npc_3,99.97,0.049,357.59,0.0,22.4,Conservative
1,212,npc_4,76.9,-7.561,59.35,2.26,73.14,Aggressive
1,212,npc_5,100.6,0.712,314.63,1.193,57.14,Normal
1,212,npc_6,95.37,-0.37,383.41,1.088,50.7,Normal
1,212,npc_7,101.2,0.694,511.88,1.415,63.27,Normal
1,212,npc_8,92.24,-0.421,40.53,1.28,57.6,Normal
1,212,npc_9,107.84,0.304,243.46,0.96,52.66,Normal
1,216,npc_0,60.36,-19.419,19.96,1.524,96.97,Aggressive
1,216,npc_1,107.82,0.577,171.63,0.0,28.14,Conservative
1,216,npc_10,100.33,-0.568,341.84,0.0,24.64,Conservative
1,216,npc_11,107.87,-0.261,502.05,0.0,26.9,Conservative
1,216,npc_12,107.64,-0.682,135.65,0.96,54.08,Normal
1,216,npc_13,106.85,-0.128,270.33,0.0,25.88,Conservative
1,216,npc_14,99.94,0.349,378.21,0.0,23.59,Conservative
1,216,npc_2,107.96,0.166,301.62,0.0,26.57,Conservative
1,216,npc_3,99.99,0.052,362.29,0.0,22.42,Conservative
1,216,npc_4,71.23,-15.775,57.59,2.24,71.27,Aggressive
1,216,npc_5,100.03,-1.589,319.37,1.088,57.6,Normal
1,216,npc_6,95.3,-0.201,387.61,0.96,46.59,Normal
1,216,npc_7,100.98,-0.593,516.71,1.353,61.13,Normal
1,216,npc_8,92.25,0.023,44.39,1.193,51.81,Normal
1,216,npc_9,107.72,-0.318,249.03,1.088,56.07,Normal
1,220,npc_0,60.78,1.154,19.98,1.088,70.66,Aggressive
1,220,npc_1,107.94,0.326,177.12,0.0,27.2,Conservative
1,220,npc_10,99.96,-1.039,346.59,0.0,26.36,Conservative
1,220,npc_11,107.79,-0.221,507.61,0.0,26.7,Conservative
1,220,npc_12,107.89,0.701,141.19,1.088,57.68,Normal
1,220,npc_13,106.74,-0.301,275.81,0.0,26.52,Conservative
1,220,npc_14,99.83,-0.316,382.91,0.0,23.41,Conservative
1,220,npc_2,107.82,-0.405,307.11,0.0,27.45,Conservative
1,220,npc_3,99.65,-0.93,366.97,0.0,25.79,Conservative
1,220,npc_4,69.08,-5.96,56.42,2.199,70.6,Aggressive
1,220,npc_5,100.34,0.859,324.11,0.96,51.41,Normal
1,220,npc_6,95.27,-0.092,391.75,0.798,41.82,Normal
1,220,npc_7,101.16,0.476,521.5,1.28,58.78,Normal
1,220,npc_8,92.54,0.809,48.36,1.088,51.36,Normal
1,220,npc_9,107.89,0.462,254.55,1.193,59.51,Normal
1,224,npc_0,63.24,6.826,19.45,0.96,84.34,Aggressive
1,224,npc_1,107.57,-1.033,182.69,0.0,29.85,Conservative
1,224,npc_10,99.98,0.058,351.32,0.0,22.44,Conservative
1,224,npc_11,107.74,-0.161,513.19,0.0,26.44,Conservative
1,224,npc_12,107.77,-0.35,146.76,1.193,59.01,Normal
1,224,npc_13,106.62,-0.328,281.29,0.0,26.57,Conservative
1,224,npc_14,99.65,-0.501,387.6,0.0,24.07,Conservative
1,224,npc_2,107.57,-0.698,312.69,0.0,28.51,Conservative
1,224,npc_3,99.88,0.644,371.66,0.0,24.74,Conservative
1,224,npc_4,70.5,3.948,55.05,2.136,66.84,Normal
1,224,npc_5,100.54,0.555,328.85,0.798,45.97,Normal
1,224,npc_6,95.35,0.218,395.94,0.574,36.39,Normal
1,224,npc_7,101.27,0.315,526.32,1.193,55.85,Normal
1,224,npc_8,92.49,-0.137,52.21,0.96,45.16,Normal
1,224,npc_9,107.91,0.06,260.13,1.28,60.25,Normal
1,228,npc_0,65.51,6.315,18.68,0.798,82.21,Aggressive
1,228,npc_1,107.67,0.284,188.26,0.0,26.9,Conservative
1,228,npc_10,100.31,0.937,356.05,0.0,26.11,Conservative
1,228,npc_11,108.0,0.731,518.78,0.0,28.85,Conservative
1,228,npc_12,107.92,0.425,152.34,1.28,61.72,Normal
1,228,npc_13,106.95,0.93,286.75,0.0,29.14,Conservative
1,228,npc_14,99.95,0.84,392.31,0.0,25.56,Conservative
1,228,npc_2,107.81,0.678,318.25,0.0,28.54,Conservative
1,228,npc_3,100.09,0.586,376.36,0.0,24.61,Conservative
1,228,npc_4,71.61,3.09,53.56,2.049,63.76,Normal
1,228,npc_5,99.89,-1.802,333.57,0.574,44.7,Normal
1,228,npc_6,95.56,0.584,400.16,0.0,22.63,Conservative
1,228,npc_7,101.16,-0.307,531.16,1.088,52.98,Normal
1,228,npc_8,92.13,-0.99,56.06,0.798,44.11,Normal
1,228,npc_9,107.67,-0.675,265.71,1.353,64.55,Normal
1,232,npc_0,67.75,6.219,18.45,0.574,77.38,Aggressive
1,232,npc_1,107.9,0.633,193.04,0.0,28.41,Conservative
1,232,npc_10,100.44,0.36,359.98,0.0,23.86,Conservative
1,232,npc_11,107.71,-0.793,523.55,0.0,28.96,Conservative
1,232,npc_12,107.63,-0.808,157.12,1.353,65.07,Normal
1,232,npc_13,106.75,-0.576,291.41,0.0,27.62,Conservative
1,232,npc_14,99.75,-0.547,396.2,0.0,24.3,Conservative
1,232,npc_2,107.64,-0.475,323.01,0.0,27.65,Conservative
1,232,npc_3,100.09,-0.018,380.26,0.0,22.33,Conservative
1,232,npc_4,72.77,3.225,52.73,1.935,64.67,Normal
1,232,npc_5,100.79,2.496,337.54,0.0,32.56,Conservative
1,232,npc_6,95.28,-0.767,403.55,0.0,23.24,Conservative
1,232,npc_7,100.85,-0.862,535.17,0.96,51.65,Normal
1,232,npc_8,92.34,0.568,59.12,0.574,36.54,Normal
1,232,npc_9,107.9,0.657,270.47,1.415,66.24,Normal
1,236,npc_0,70.82,8.531,18.74,0.0,62.42,Normal
1,236,npc_1,107.96,0.171,197.83,0.574,41.9,Normal
1,236,npc_10,100.28,-0.467,363.94,0.0,24.21,Conservative
1,236,npc_11,107.84,0.359,528.35,0.0,27.28,Conservative
1,236,npc_12,107.65,0.062,161.92,1.415,63.74,Normal
1,236,npc_13,106.88,0.385,296.13,0.0,26.93,Conservative
1,236,npc_14,99.94,0.509,400.14,0.0,24.23,Conservative
1,236,npc_2,107.9,0.729,327.75,0.0,28.79,Conservative
1,236,npc_3,99.96,-0.346,384.16,0.0,23.59,Conservative
1,236,npc_4,74.52,4.854,52.02,1.788,71.76,Aggressive
1,236,npc_5,99.87,-2.558,341.49,0.0,32.4,Conservative
1,236,npc_6,95.26,-0.047,406.92,0.0,20.36,Conservative
1,236,npc_7,101.24,1.076,539.17,0.798,48.36,Normal
1,236,npc_8,92.27,-0.179,62.18,0.574,34.96,Conservative
1,236,npc_9,107.65,-0.704,275.23,1.466,67.67,Normal
1,240,npc_0,73.83,8.377,18.65,0.0,63.56,Normal
1,240,npc_1,107.6,-1.001,201.81,0.798,51.02,Normal
1,240,npc_10,100.12,-0.441,367.08,0.0,24.04,Conservative
1,240,npc_11,107.73,-0.318,532.32,0.0,27.06,Conservative
1,240,npc_12,107.62,-0.101,165.89,1.466,65.24,Normal
1,240,npc_13,106.83,-0.139,300.0,0.0,25.92,Conservative
1,240,npc_14,99.92,-0.055,403.23,0.0,22.41,Conservative
1,240,npc_2,107.89,-0.034,331.73,0.0,26.0,Conservative
1,240,npc_3,99.69,-0.761,387.26,0.0,25.13,Conservative
1,240,npc_4,76.61,5.798,51.62,1.6,73.04,Aggressive
1,240,npc_5,99.95,0.213,344.63,0.0,23.05,Conservative
1,240,npc_6,95.66,1.11,409.53,0.0,24.78,Conservative
1,240,npc_7,100.99,-0.692,542.4,0.574,40.75,Normal
1,240,npc_8,92.42,0.413,64.43,0.798,41.92,Normal
1,240,npc_9,107.98,0.916,279.2,1.508,69.57,Normal
1,244,npc_0,77.16,9.23,17.5,0.0,67.03,Normal
1,244,npc_1,107.73,0.354,206.57,0.96,52.81,Normal
1,244,npc_10,100.17,0.137,371.01,0.0,22.84,Conservative
1,244,npc_11,107.66,-0.201,537.1,0.0,26.56,Conservative
1,244,npc_12,107.96,0.939,170.66,1.508,69.65,Normal
1,244,npc_13,106.81,-0.055,304.66,0.0,25.58,Conservative
1,244,npc_14,99.81,-0.283,407.12,0.0,23.27,Conservative
1,244,npc_2,107.67,-0.608,336.49,0.0,28.19,Conservative
1,244,npc_3,99.72,0.09,391.15,0.0,22.46,Conservative
1,244,npc_4,78.91,6.399,50.14,1.596,73.84,Aggressive
1,244,npc_5,100.32,1.026,348.6,0.0,26.47,Conservative
1,244,npc_6,95.32,-0.95,412.94,0.0,23.99,Conservative
1,244,npc_7,101.23,0.681,546.43,0.0,25.5,Conservative
1,244,npc_8,92.32,-0.277,67.49,0.96,45.65,Normal
1,244,npc_9,107.59,-1.071,283.96,1.542,70.01,Aggressive
1,248,npc_0,79.87,7.547,16.8,0.0,69.46,Normal
1,248,npc_1,107.73,0.009,210.54,1.088,54.84,Normal
1,248,npc_10,100.46,0.814,374.13,0.0,25.68,Conservative
1,248,npc_11,107.98,0.888,541.09,0.0,29.46,Conservative
1,248,npc_12,107.78,-0.494,174.63,1.542,67.79,Normal
1,248,npc_13,106.8,-0.036,308.52,0.0,25.49,Conservative
1,248,npc_14,99.67,-0.4,410.21,0.0,23.68,Conservative
1,248,npc_2,107.64,-0.096,340.46,0.0,26.13,Conservative
1,248,npc_3,100.07,0.977,394.24,0.0,26.16,Conservative
1,248,npc_4,81.39,6.892,49.21,1.586,74.74,Aggressive
1,248,npc_5,99.82,-1.373,351.73,0.0,27.63,Conservative
1,248,npc_6,95.65,0.927,415.55,0.0,24.04,Conservative
1,248,npc_7,101.23,0.007,549.66,0.0,22.8,Conservative
1,248,npc_8,92.1,-0.605,69.74,1.088,50.28,Normal
1,248,npc_9,107.67,0.211,287.93,1.568,66.61,Normal
1,252,npc_0,82.96,8.581,14.8,0.0,74.95,Aggressive
1,252,npc_1,107.58,-0.427,214.59,1.193,59.23,Normal
1,252,npc_10,100.07,-1.088,377.2,0.0,26.6,Conservative
1,252,npc_11,107.88,-0.266,545.05,0.0,26.93,Conservative
1,252,npc_12,107.58,-0.554,178.58,1.568,67.93,Normal
1,252,npc_13,106.71,-0.253,312.34,0.0,26.32,Conservative
1,252,npc_14,100.04,1.021,413.27,0.0,26.32,Conservative
1,252,npc_2,107.61,-0.072,344.47,0.0,26.02,Conservative
1,252,npc_3,99.67,-1.12,397.32,0.0,26.56,Conservative
1,252,npc_4,83.49,5.816,47.71,1.568,75.66,Aggressive
1,252,npc_5,100.47,1.801,354.85,0.0,29.64,Conservative
1,252,npc_6,95.31,-0.963,418.19,0.0,24.04,Conservative
1,252,npc_7,101.27,0.09,552.92,0.0,23.15,Conservative
1,252,npc_8,92.27,0.449,71.93,1.193,52.52,Normal
1,252,npc_9,107.95,0.782,291.92,1.586,69.02,Normal
1,256,npc_0,85.82,7.933,14.5,0.0,76.68,Aggressive
1,256,npc_1,107.67,0.245,218.49,1.28,60.88,Normal
1,256,npc_10,99.91,-0.438,380.35,0.0,23.93,Conservative
1,256,npc_11,107.64,-0.676,549.04,0.0,28.45,Conservative
1,256,npc_12,107.99,1.147,182.59,1.586,70.5,Aggressive
1,256,npc_13,106.76,0.144,316.26,0.0,25.91,Conservative
1,256,npc_14,100.01,-0.082,416.4,0.0,22.55,Conservative
1,256,npc_2,107.97,0.994,348.41,0.0,29.88,Conservative
1,256,npc_3,99.86,0.526,400.42,0.0,24.26,Conservative
1,256,npc_4,86.11,7.272,46.58,1.542,76.85,Aggressive
1,256,npc_5,100.42,-0.131,358.01,0.0,22.94,Conservative
1,256,npc_6,95.58,0.75,420.76,0.0,23.3,Conservative
1,256,npc_7,101.08,-0.525,556.13,0.0,24.8,Conservative
1,256,npc_8,92.21,-0.15,74.25,1.28,53.63,Normal
1,256,npc_9,107.7,-0.683,295.87,1.596,68.51,Normal
1,260,npc_0,88.65,7.864,13.67,0.0,79.7,Aggressive
1,260,npc_1,107.78,0.305,221.67,1.353,63.13,Normal
1,260,npc_10,99.82,-0.26,382.67,0.0,23.18,Conservative
1,260,npc_11,107.9,0.737,552.22,0.0,28.82,Conservative
1,260,npc_12,107.59,-1.108,185.76,1.596,70.16,Aggressive
1,260,npc_13,106.91,0.412,319.32,0.0,27.05,Conservative
1,260,npc_14,99.79,-0.6,418.69,0.0,24.53,Conservative
1,260,npc_2,107.82,-0.405,351.58,0.0,27.45,Conservative
1,260,npc_3,99.75,-0.304,402.72,0.0,23.33,Conservative
1,260,npc_4,88.22,5.874,45.68,1.508,77.89,Aggressive
1,260,npc_5,100.66,0.643,360.35,0.0,25.09,Conservative
1,260,npc_6,95.44,-0.396,422.56,0.0,21.82,Conservative
1,260,npc_7,101.17,0.272,558.57,0.0,23.83,Conservative
1,260,npc_8,92.45,0.656,75.72,1.353,57.71,Normal
1,260,npc_9,107.88,0.492,299.06,1.6,67.83,Normal
1,264,npc_0,91.36,7.533,13.28,0.0,81.69,Aggressive
1,264,npc_1,107.63,-0.42,224.04,1.415,65.16,Normal
1,264,npc_10,99.92,0.284,384.18,0.0,23.32,Conservative
1,264,npc_11,107.73,-0.492,554.59,0.0,27.76,Conservative
1,264,npc_12,107.91,0.88,188.14,1.6,69.4,Normal
1,264,npc_13,106.85,-0.157,321.59,0.0,26.0,Conservative
1,264,npc_14,99.65,-0.399,420.17,0.0,23.66,Conservative
1,264,npc_2,107.8,-0.07,353.96,0.0,26.1,Conservative
1,264,npc_3,99.84,0.264,404.21,0.0,23.21,Conservative
1,264,npc_4,89.7,4.115,45.36,1.466,74.13,Aggressive
1,264,npc_5,99.97,-1.917,361.87,0.0,29.87,Conservative
1,264,npc_6,95.31,-0.342,423.56,0.0,21.56,Conservative
1,264,npc_7,101.22,0.114,560.19,0.0,23.22,Conservative
1,264,npc_8,92.2,-0.7,76.38,1.415,59.43,Normal
1,264,npc_9,107.88,-0.001,301.43,1.596,65.87,Normal
1,268,npc_0,93.53,6.03,11.98,0.0,85.69,Aggressive
1,268,npc_1,107.63,0.013,227.21,1.466,64.9,Normal
1,268,npc_10,99.89,-0.091,386.48,0.0,22.54,Conservative
1,268,npc_11,107.79,0.17,557.77,0.0,26.5,Conservative
1,268,npc_12,107.87,-0.106,191.33,1.596,66.28,Normal
1,268,npc_13,106.91,0.141,324.67,0.0,25.96,Conservative
1,268,npc_14,99.77,0.333,422.45,0.0,23.45,Conservative
1,268,npc_2,107.96,0.463,357.14,0.0,27.75,Conservative
1,268,npc_3,99.71,-0.367,406.49,0.0,23.56,Conservative
1,268,npc_4,89.37,-0.927,44.23,1.415,60.26,Normal
1,268,npc_5,99.9,-0.17,364.18,0.0,22.86,Conservative
1,268,npc_6,95.61,0.83,425.37,0.0,23.63,Conservative
1,268,npc_7,100.87,-0.955,562.62,0.0,26.43,Conservative
1,268,npc_8,92.22,0.068,77.84,1.466,58.28,Normal
1,268,npc_9,107.96,0.226,304.61,1.586,66.81,Normal
1,272,npc_0,96.12,7.175,8.95,0.0,94.45,Aggressive
1,272,npc_1,107.78,0.42,230.45,1.508,67.49,Normal
1,272,npc_10,101.26,3.815,388.79,0.0,38.05,Normal
1,272,npc_11,107.66,-0.362,560.94,0.0,27.2,Conservative
1,272,npc_12,107.76,-0.294,194.47,1.586,66.98,Normal
1,272,npc_13,106.95,0.129,327.7,0.0,25.93,Conservative
1,272,npc_14,99.98,0.592,424.7,0.574,39.9,Normal
1,272,npc_2,106.36,-4.455,360.27,0.0,42.96,Normal
1,272,npc_3,99.82,0.307,408.79,0.574,38.69,Normal
1,272,npc_4,89.39,0.07,42.75,1.353,55.82,Normal
1,272,npc_5,101.14,3.427,366.51,0.0,36.44,Normal
1,272,npc_6,95.53,-0.22,427.23,0.0,21.16,Conservative
1,272,npc_7,101.17,0.826,565.08,0.0,26.05,Conservative
1,272,npc_8,92.29,0.191,79.23,1.508,59.69,Normal
1,272,npc_9,107.62,-0.941,307.79,1.568,69.5,Normal
1,276,npc_0,98.52,6.688,7.8,0.0,98.57,Aggressive
1,276,npc_1,107.84,0.162,232.83,1.542,66.49,Normal
1,276,npc_10,103.76,6.95,390.61,0.0,43.93,Normal
1,276,npc_11,107.7,0.126,563.3,0.0,26.28,Conservative
1,276,npc_12,107.71,-0.161,196.84,1.568,66.42,Normal
1,276,npc_13,107.03,0.208,329.97,0.0,26.29,Conservative
1,276,npc_14,100.04,0.161,426.2,0.798,44.17,Normal
1,276,npc_2,106.11,-0.689,362.48,0.0,27.78,Conservative
1,276,npc_3,99.72,-0.276,410.29,0.798,44.49,Normal
1,276,npc_4,89.58,0.511,42.39,1.28,55.86,Normal
1,276,npc_5,103.13,5.531,368.29,0.0,43.63,Normal
1,276,npc_6,95.46,-0.208,428.23,0.0,21.08,Conservative
1,276,npc_7,101.12,-0.14,566.72,0.0,23.28,Conservative
1,276,npc_8,92.2,-0.257,79.88,1.542,59.92,Normal
1,276,npc_9,107.63,0.02,310.15,1.542,65.82,Normal
1,280,npc_0,101.28,7.661,7.12,0.0,100.0,Aggressive
1,280,npc_1,107.6,-0.673,234.39,1.568,68.42,Normal
1,280,npc_10,106.11,6.539,391.9,0.0,45.02,Normal
1,280,npc_11,107.74,0.114,564.88,0.0,26.25,Conservative
1,280,npc_12,107.85,0.385,198.42,1.542,67.39,Normal
1,280,npc_13,106.89,-0.378,331.43,0.0,26.9,Conservative
1,280,npc_14,100.06,0.069,426.91,0.96,48.13,Normal
1,280,npc_2,106.02,-0.259,363.85,0.0,26.01,Conservative
1,280,npc_3,99.97,0.675,410.99,0.96,50.51,Normal
1,280,npc_4,89.67,0.262,42.83,1.193,52.36,Normal
1,280,npc_5,105.98,7.913,369.55,0.0,44.96,Normal
1,280,npc_6,95.33,-0.353,428.43,0.0,21.61,Conservative
1,280,npc_7,101.1,-0.059,567.55,0.0,22.95,Conservative
1,280,npc_8,92.12,-0.224,79.73,1.568,59.75,Normal
1,280,npc_9,107.74,0.288,311.73,1.508,66.94,Normal
1,284,npc_0,101.09,-0.529,8.46,0.0,80.03,Aggressive
1,284,npc_1,107.95,0.988,235.9,1.586,69.85,Normal
1,284,npc_10,107.65,4.264,393.46,0.0,42.81,Normal
1,284,npc_11,107.86,0.319,566.47,0.0,27.13,Conservative
1,284,npc_12,107.98,0.361,200.03,1.508,67.35,Normal
1,284,npc_13,106.87,-0.063,332.95,0.0,25.63,Conservative
1,284,npc_14,99.73,-0.924,427.62,1.088,54.81,Normal
1,284,npc_2,105.45,-1.573,365.16,0.0,31.0,Conservative
1,284,npc_3,100.01,0.126,411.69,1.088,51.74,Normal
1,284,npc_4,89.37,-0.84,43.63,1.088,51.41,Normal
1,284,npc_5,107.93,5.42,371.06,0.0,45.89,Normal
1,284,npc_6,95.56,0.643,428.61,0.0,22.87,Conservative
1,284,npc_7,101.27,0.474,568.35,0.0,24.69,Conservative
1,284,npc_8,92.24,0.337,79.66,1.586,60.26,Normal
1,284,npc_9,107.7,-0.102,313.29,1.466,65.29,Normal
1,288,npc_0,101.07,-0.064,7.49,0.0,80.78,Aggressive
1,288,npc_1,107.92,-0.08,238.28,1.596,66.2,Normal
1,288,npc_10,107.82,0.47,395.84,0.0,27.71,Conservative
1,288,npc_11,107.85,-0.023,568.84,0.0,25.94,Conservative
1,288,npc_12,107.77,-0.584,202.4,1.466,67.25,Normal
1,288,npc_13,106.74,-0.356,335.22,0.0,26.74,Conservative
1,288,npc_14,100.04,0.849,429.1,1.193,57.44,Normal
1,288,npc_2,105.07,-1.079,367.26,0.0,28.85,Conservative
1,288,npc_3,99.65,-0.993,413.17,1.193,57.84,Normal
1,288,npc_4,89.47,0.267,43.29,0.96,45.9,Normal
1,288,npc_5,107.88,-0.15,373.43,0.0,26.46,Conservative
1,288,npc_6,95.3,-0.719,429.62,0.0,23.06,Conservative
1,288,npc_7,100.99,-0.783,569.97,0.0,25.79,Conservative
1,288,npc_8,92.4,0.461,80.32,1.596,60.82,Normal
1,288,npc_9,107.74,0.107,315.67,1.415,63.96,Normal
1,292,npc_0,101.31,0.678,9.86,0.0,77.08,Aggressive
1,292,npc_1,107.68,-0.675,240.64,1.6,68.47,Normal
1,292,npc_10,107.67,-0.42,398.28,0.0,27.44,Conservative
1,292,npc_11,107.77,-0.213,571.25,0.0,26.66,Conservative
1,292,npc_12,107.57,-0.553,204.84,1.415,65.66,Normal
1,292,npc_13,106.93,0.538,337.57,0.0,27.56,Conservative
1,292,npc_14,99.78,-0.722,430.63,1.28,59.15,Normal
1,292,npc_2,104.8,-0.729,369.31,0.0,27.33,Conservative
1,292,npc_3,99.71,0.145,414.68,1.28,56.8,Normal
1,292,npc_4,89.41,-0.161,43.54,0.798,41.03,Normal
1,292,npc_5,107.64,-0.664,375.84,0.0,28.4,Conservative
1,292,npc_6,95.46,0.432,430.61,0.0,21.98,Conservative
1,292,npc_7,101.25,0.722,571.6,0.0,25.67,Conservative
1,292,npc_8,92.37,-0.083,81.16,1.6,59.29,Normal
1,292,npc_9,107.79,0.138,318.07,1.353,62.46,Normal
1,296,npc_0,101.01,-0.849,9.7,0.0,78.03,Aggressive
1,296,npc_1,107.71,0.084,242.21,1.596,66.12,Normal
1,296,npc_10,107.73,0.173,399.86,0.0,26.48,Conservative
1,296,npc_11,107.98,0.581,572.81,0.574,43.55,Normal
1,296,npc_12,107.62,0.162,206.39,1.353,62.48,Normal
1,296,npc_13,106.62,-0.883,339.04,0.0,28.79,Conservative
1,296,npc_14,99.95,0.485,431.33,1.353,60.23,Normal
1,296,npc_2,104.67,-0.366,370.55,0.0,25.81,Conservative
1,296,npc_3,99.91,0.568,415.37,1.353,60.55,Normal
1,296,npc_4,89.31,-0.279,43.99,0.574,35.31,Normal
1,296,npc_5,107.67,0.103,377.42,0.0,26.18,Conservative
1,296,npc_6,95.5,0.106,430.81,0.0,20.69,Conservative
1,296,npc_7,100.99,-0.721,572.43,0.0,25.55,Conservative
1,296,npc_8,92.27,-0.292,81.02,1.596,60.09,Normal
1,296,npc_9,107.87,0.233,319.65,1.28,60.92,Normal
1,300,npc_0,101.16,0.434,9.62,0.0,76.66,Aggressive
1,300,npc_1,107.68,-0.088,243.79,1.586,66.12,Normal
1,300,npc_10,107.71,-0.056,401.44,0.0,26.01,Conservative
1,300,npc_11,107.57,-1.152,574.38,0.798,51.61,Normal
1,300,npc_12,107.9,0.765,207.97,1.28,63.07,Normal
1,300,npc_13,106.68,0.179,340.5,0.0,26.01,Conservative
1,300,npc_14,99.82,-0.362,432.02,1.415,61.33,Normal
1,300,npc_2,104.33,-0.946,371.76,0.0,27.97,Conservative
1,300,npc_3,99.85,-0.155,416.06,1.415,60.51,Normal
1,300,npc_4,89.75,1.218,44.43,0.0,23.76,Conservative
1,300,npc_5,107.66,-0.029,378.98,0.0,25.88,Conservative
1,300,npc_6,95.68,0.511,431.03,0.0,22.39,Conservative
1,300,npc_7,101.04,0.147,573.26,0.0,23.28,Conservative
1,300,npc_8,92.42,0.42,80.89,1.586,60.66,Normal
1,300,npc_9,107.84,-0.091,321.22,1.193,58.01,Normal
1,304,npc_0,100.96,-0.565,9.6,0.0,77.13,Aggressive
1,304,npc_1,107.81,0.36,245.37,1.568,67.27,Normal
1,304,npc_10,107.92,0.579,403.01,0.0,28.19,Conservative
1,304,npc_11,107.96,1.104,575.97,0.96,55.92,Normal
1,304,npc_12,107.99,0.246,209.55,1.193,58.7,Normal
1,304,npc_13,106.69,0.019,341.98,0.0,25.37,Conservative
1,304,npc_14,99.86,0.108,432.71,1.466,61.7,Normal
1,304,npc_2,104.17,-0.445,372.95,0.0,25.9,Conservative
1,304,npc_3,99.84,-0.048,416.76,1.466,61.45,Normal
1,304,npc_4,89.63,-0.32,44.87,0.0,19.97,Conservative
1,304,npc_5,107.65,-0.048,380.56,0.0,25.94,Conservative
1,304,npc_6,95.47,-0.588,431.24,0.0,22.6,Conservative
1,304,npc_7,101.23,0.54,574.1,0.0,24.94,Conservative
1,304,npc_8,92.54,0.329,80.75,1.568,60.35,Normal
1,304,npc_9,107.7,-0.386,322.8,1.088,56.33,Normal
1,308,npc_0,100.9,-0.154,9.66,0.0,75.31,Aggressive
1,308,npc_1,107.75,-0.179,246.94,1.542,66.51,Normal
1,308,npc_10,107.68,-0.667,404.58,0.0,28.43,Conservative
1,308,npc_11,107.66,-0.836,577.54,1.088,58.11,Normal
1,308,npc_12,107.8,-0.511,211.12,1.088,56.88,Normal
1,308,npc_13,106.84,0.431,343.44,0.0,27.09,Conservative
1,308,npc_14,99.8,-0.17,433.41,1.508,62.81,Normal
1,308,npc_2,103.94,-0.651,374.1,0.0,26.61,Conservative
1,308,npc_3,99.92,0.218,417.45,1.508,63.06,Normal
1,308,npc_4,89.58,-0.14,45.31,0.0,19.1,Conservative
1,308,npc_5,107.66,0.035,382.12,0.0,25.9,Conservative
1,308,npc_6,95.63,0.452,431.45,0.0,22.13,Conservative
1,308,npc_7,101.1,-0.373,574.94,0.0,24.21,Conservative
1,308,npc_8,92.45,-0.234,80.62,1.542,59.93,Normal
1,308,npc_9,107.82,0.329,324.36,0.96,52.75,Normal
1,312,npc_0,100.97,0.182,9.79,0.0,75.12,Aggressive
1,312,npc_1,107.64,-0.28,248.51,1.508,66.87,Normal
1,312,npc_10,107.65,-0.07,406.15,0.0,26.03,Conservative
1,312,npc_11,107.64,-0.067,579.11,1.193,57.82,Normal
1,312,npc_12,107.98,0.484,212.7,0.96,53.45,Normal
1,312,npc_13,106.66,-0.51,344.9,0.0,27.32,Conservative
1,312,npc_14,100.06,0.715,434.1,1.542,65.11,Normal
1,312,npc_2,103.83,-0.305,375.23,0.0,25.17,Conservative
1,312,npc_3,99.71,-0.578,418.14,1.542,64.4,Normal
1,312,npc_4,89.34,-0.672,45.76,0.0,21.0,Conservative
1,312,npc_5,107.19,-1.308,383.64,0.0,30.76,Conservative
1,312,npc_6,95.66,0.066,431.65,0.0,20.6,Conservative
1,312,npc_7,101.19,0.256,575.77,0.0,23.78,Conservative
1,312,npc_8,92.14,-0.867,80.48,1.508,62.34,Normal
1,312,npc_9,107.7,-0.313,325.94,0.798,48.32,Normal
1,316,npc_0,101.0,0.087,10.24,0.0,73.6,Aggressive
1,316,npc_1,107.62,-0.058,250.88,1.466,65.08,Normal
1,316,npc_10,107.61,-0.119,408.52,0.0,26.21,Conservative
1,316,npc_11,107.63,-0.037,581.49,1.28,60.02,Normal
1,316,npc_12,107.94,-0.101,215.09,0.798,47.58,Normal
1,316,npc_13,106.72,0.186,347.17,0.0,26.06,Conservative
1,316,npc_14,100.05,-0.024,435.6,1.568,62.34,Normal
1,316,npc_2,103.43,-1.093,377.15,0.0,28.14,Conservative
1,316,npc_3,99.77,0.177,419.64,1.568,62.83,Normal
1,316,npc_4,89.7,1.019,44.84,0.574,38.13,Normal
1,316,npc_5,106.72,-1.297,385.92,0.0,30.5,Conservative
1,316,npc_6,95.33,-0.915,432.65,0.0,23.85,Conservative
1,316,npc_7,101.11,-0.226,577.41,0.0,23.62,Conservative
1,316,npc_8,92.17,0.073,81.13,1.466,58.27,Normal
1,316,npc_9,107.66,-0.129,328.32,0.574,41.59,Normal
1,320,npc_0,101.24,0.667,11.32,0.0,73.32,Aggressive
1,320,npc_1,107.6,-0.06,254.05,1.415,63.71,Normal
1,320,npc_10,107.73,0.338,411.7,0.0,27.14,Conservative
1,320,npc_11,107.88,0.711,584.68,1.353,64.8,Normal
1,320,npc_12,107.56,-1.061,218.26,0.574,45.27,Normal
1,320,npc_13,106.96,0.644,350.24,0.0,28.0,Conservative
1,320,npc_14,99.83,-0.607,437.9,1.586,64.58,Normal
1,320,npc_2,103.31,-0.339,379.84,0.0,25.08,Conservative
1,320,npc_3,99.88,0.297,421.94,1.586,63.35,Normal
1,320,npc_4,89.35,-0.998,43.71,0.798,44.28,Normal
1,320,npc_5,106.66,-0.174,388.98,0.0,25.97,Conservative
1,320,npc_6,95.67,0.949,434.47,0.0,24.14,Conservative
1,320,npc_7,100.94,-0.471,579.83,0.0,24.53,Conservative
1,320,npc_8,92.38,0.576,82.58,1.415,59.0,Normal
1,320,npc_9,107.9,0.67,331.51,0.0,28.55,Conservative
1,324,npc_0,100.96,-0.786,12.77,0.0,70.14,Aggressive
1,324,npc_1,107.96,1.004,257.23,1.353,66.01,Normal
1,324,npc_10,107.99,0.705,414.87,0.0,28.73,Conservative
1,324,npc_11,107.68,-0.564,587.85,1.415,65.76,Normal
1,324,npc_12,107.68,0.337,221.44,0.0,27.11,Conservative
1,324,npc_13,107.01,0.153,353.31,0.0,26.06,Conservative
1,324,npc_14,99.98,0.43,440.2,1.596,63.94,Normal
1,324,npc_2,103.25,-0.158,382.51,0.0,24.32,Conservative
1,324,npc_3,100.05,0.468,424.25,1.596,64.11,Normal
1,324,npc_4,89.42,0.199,42.57,0.96,45.93,Normal
1,324,npc_5,106.42,-0.65,391.99,0.0,27.77,Conservative
1,324,npc_6,95.41,-0.719,436.28,0.0,23.1,Conservative
1,324,npc_7,100.96,0.049,582.26,0.0,22.85,Conservative
1,324,npc_8,92.12,-0.72,84.02,1.353,57.83,Normal
1,324,npc_9,107.98,0.212,334.69,0.0,26.76,Conservative
1,328,npc_0,101.28,0.899,14.5,0.0,66.72,Normal
1,328,npc_1,107.76,-0.552,260.4,1.28,62.15,Normal
1,328,npc_10,107.66,-0.903,418.04,0.0,29.37,Conservative
1,328,npc_11,107.74,0.172,591.03,1.466,65.59,Normal
1,328,npc_12,107.98,0.825,224.62,0.0,29.21,Conservative
1,328,npc_13,106.66,-0.98,356.37,0.0,29.2,Conservative
1,328,npc_14,99.72,-0.735,442.5,1.6,65.04,Normal
1,328,npc_2,103.02,-0.661,385.17,0.0,26.23,Conservative
1,328,npc_3,100.0,-0.121,426.55,1.6,62.71,Normal
1,328,npc_4,89.56,0.403,41.43,1.088,50.8,Normal
1,328,npc_5,106.07,-0.971,394.97,0.0,28.89,Conservative
1,328,npc_6,95.56,0.429,438.09,0.0,22.01,Conservative
1,328,npc_7,100.96,0.004,584.68,0.0,22.67,Conservative
1,328,npc_8,92.2,0.221,85.47,1.28,53.9,Normal
1,328,npc_9,107.9,-0.203,337.86,0.0,26.68,Conservative
1,332,npc_0,100.96,-0.897,15.77,0.0,63.73,Normal
1,332,npc_1,107.89,0.347,262.78,1.193,59.06,Normal
1,332,npc_10,107.8,0.397,420.42,0.0,27.41,Conservative
1,332,npc_11,107.57,-0.462,593.39,1.508,67.56,Normal
1,332,npc_12,107.89,-0.256,227.0,0.0,26.89,Conservative
1,332,npc_13,106.85,0.544,358.65,0.0,27.55,Conservative
1,332,npc_14,100.03,0.86,444.0,1.596,65.68,Normal
1,332,npc_2,102.63,-1.078,386.99,0.0,27.72,Conservative
1,332,npc_3,99.95,-0.143,428.04,1.596,62.77,Normal
1,332,npc_4,89.71,0.407,41.09,1.193,53.86,Normal
1,332,npc_5,105.58,-1.372,397.1,0.0,30.26,Conservative
1,332,npc_6,95.52,-0.131,439.1,0.0,20.8,Conservative
1,332,npc_7,101.04,0.227,586.31,0.0,23.6,Conservative
1,332,npc_8,92.29,0.259,86.13,1.193,51.77,Normal
1,332,npc_9,107.97,0.186,340.24,0.0,26.65,Conservative
1,336,npc_0,101.23,0.758,17.76,0.0,59.07,Normal
1,336,npc_1,107.77,-0.342,265.96,1.088,56.18,Normal
1,336,npc_10,107.68,-0.339,423.58,0.0,27.12,Conservative
1,336,npc_11,107.59,0.04,596.57,1.542,65.88,Normal
1,336,npc_12,107.79,-0.263,230.18,0.0,26.87,Conservative
1,336,npc_13,106.81,-0.132,361.73,0.0,25.88,Conservative
1,336,npc_14,99.98,-0.132,446.3,1.586,62.74,Normal
1,336,npc_2,102.55,-0.205,389.61,0.0,24.19,Conservative
1,336,npc_3,99.91,-0.124,430.34,1.586,62.68,Normal
1,336,npc_4,89.55,-0.439,39.95,1.28,56.94,Normal
1,336,npc_5,105.17,-1.149,400.0,0.0,29.17,Conservative
1,336,npc_6,95.4,-0.32,440.91,0.0,21.5,Conservative
1,336,npc_7,100.93,-0.298,588.73,0.0,23.83,Conservative
1,336,npc_8,92.52,0.637,87.6,1.088,50.58,Normal
1,336,npc_9,107.97,0.001,343.42,0.0,25.91,Conservative
1,340,npc_0,101.1,-0.355,18.51,0.0,55.86,Normal
1,340,npc_1,107.66,-0.285,269.15,0.96,52.5,Normal
1,340,npc_10,107.78,0.275,426.69,0.0,26.91,Conservative
1,340,npc_11,107.68,0.249,599.73,1.568,66.76,Normal
1,340,npc_12,107.73,-0.18,233.28,0.0,26.51,Conservative
1,340,npc_13,107.03,0.633,364.73,0.0,27.99,Conservative
1,340,npc_14,99.8,-0.517,448.55,1.568,64.2,Normal
1,340,npc_2,102.43,-0.349,392.22,0.0,24.71,Conservative
1,340,npc_3,99.72,-0.523,432.63,1.568,64.19,Normal
1,340,npc_4,89.73,0.508,38.41,1.353,60.32,Normal
1,340,npc_5,104.89,-0.777,402.84,0.0,27.56,Conservative
1,340,npc_6,95.27,-0.351,442.72,0.0,21.57,Conservative
1,340,npc_7,101.13,0.552,591.16,0.0,24.94,Conservative
1,340,npc_8,92.25,-0.744,88.82,1.149,52.52,Normal
1,340,npc_9,107.76,-0.59,346.57,0.0,28.16,Conservative
1,344,npc_0,101.17,0.184,22.02,0.0,48.54,Normal
1,344,npc_1,107.57,-0.258,272.3,0.798,48.03,Normal
1,344,npc_10,107.72,-0.175,429.93,0.0,26.48,Conservative
1,344,npc_11,107.84,0.457,602.93,1.586,67.67,Normal
1,344,npc_12,107.86,0.366,236.53,0.0,27.32,Conservative
1,344,npc_13,106.9,-0.379,367.88,0.0,26.91,Conservative
1,344,npc_14,99.72,-0.216,450.88,1.542,62.96,Normal
1,344,npc_2,102.27,-0.432,394.78,0.0,24.97,Conservative
1,344,npc_3,99.98,0.729,434.93,1.542,65.13,Normal
1,344,npc_4,89.7,-0.096,37.68,1.415,60.86,Normal
1,344,npc_5,104.75,-0.375,405.73,0.0,25.88,Conservative
1,344,npc_6,95.66,1.076,444.54,0.0,24.64,Conservative
1,344,npc_7,101.02,-0.318,593.58,0.0,23.95,Conservative
1,344,npc_8,92.42,0.466,90.33,1.168,52.0,Normal
1,344,npc_9,107.75,-0.011,349.76,0.0,25.85,Conservative
1,348,npc_0,101.09,-0.221,23.16,0.0,46.65,Normal
1,348,npc_1,107.83,0.714,275.49,0.574,44.01,Normal
1,348,npc_10,107.94,0.607,433.05,0.0,28.32,Conservative
1,348,npc_11,107.64,-0.555,606.09,1.596,67.97,Normal
1,348,npc_12,107.79,-0.194,239.64,0.0,26.59,Conservative
1,348,npc_13,106.95,0.156,370.88,0.0,26.05,Conservative
1,348,npc_14,99.99,0.741,453.15,1.508,65.18,Normal
1,348,npc_2,102.3,0.08,397.36,0.0,23.58,Conservative
1,348,npc_3,99.78,-0.567,437.22,1.508,64.39,Normal
1,348,npc_4,89.36,-0.94,36.12,1.466,66.77,Normal
1,348,npc_5,104.28,-1.319,408.49,0.0,29.44,Conservative
1,348,npc_6,95.3,-1.012,446.34,0.0,24.23,Conservative
1,348,npc_7,100.84,-0.483,596.01,0.0,24.53,Conservative
1,348,npc_8,92.32,-0.263,91.73,1.149,50.63,Normal
1,348,npc_9,107.55,-0.552,352.92,0.0,27.91,Conservative
1,352,npc_0,101.27,0.496,26.49,0.0,42.46,Normal
1,352,npc_1,107.66,-0.466,278.63,0.0,27.62,Conservative
1,352,npc_10,107.97,0.098,436.28,0.0,26.3,Conservative
1,352,npc_11,107.84,0.536,609.28,1.6,67.98,Normal
1,352,npc_12,107.65,-0.384,242.87,0.0,27.29,Conservative
1,352,npc_13,106.78,-0.499,374.03,0.0,27.33,Conservative
1,352,npc_14,100.08,0.257,455.48,1.466,62.39,Normal
1,352,npc_2,102.03,-0.756,399.89,0.0,26.16,Conservative
1,352,npc_3,99.75,-0.088,439.52,1.466,61.57,Normal
1,352,npc_4,89.41,0.145,35.41,1.508,65.15,Normal
1,352,npc_5,104.15,-0.341,411.29,0.0,25.47,Conservative
1,352,npc_6,95.59,0.819,448.14,0.0,23.58,Conservative
1,352,npc_7,101.21,1.016,598.44,0.0,26.83,Conservative
1,352,npc_8,92.4,0.226,93.26,1.088,48.89,Normal
1,352,npc_9,107.67,0.309,356.12,0.0,27.0,Conservative
1,356,npc_0,101.27,-0.006,28.78,0.0,37.23,Normal
1,356,npc_1,107.62,-0.099,281.8,0.0,26.14,Conservative
1,356,npc_10,107.79,-0.518,439.45,0.0,27.89,Conservative
1,356,npc_11,107.96,0.343,612.45,1.596,67.27,Normal
1,356,npc_12,107.84,0.516,246.05,0.0,27.91,Conservative
1,356,npc_13,106.77,-0.003,377.08,0.0,25.35,Conservative
1,356,npc_14,99.93,-0.412,457.78,1.415,61.58,Normal
1,356,npc_2,102.01,-0.042,402.43,0.0,23.29,Conservative
1,356,npc_3,100.08,0.932,441.83,1.415,63.72,Normal
1,356,npc_4,89.71,0.822,34.28,1.542,69.08,Normal
1,356,npc_5,104.27,0.306,414.06,0.0,25.38,Conservative
1,356,npc_6,95.65,0.168,449.96,0.0,21.01,Conservative
1,356,npc_7,101.22,0.015,600.86,0.0,22.83,Conservative
1,356,npc_8,92.16,-0.669,94.71,1.193,53.35,Normal
1,356,npc_9,107.88,0.604,359.29,0.0,28.28,Conservative
1,360,npc_0,101.07,-0.549,31.07,0.0,36.36,Normal
1,360,npc_1,107.89,0.746,284.98,0.0,28.85,Conservative
1,360,npc_10,107.58,-0.564,442.63,0.0,27.97,Conservative
1,360,npc_11,107.69,-0.745,615.63,1.586,68.75,Normal
1,360,npc_12,107.57,-0.737,249.23,0.0,28.66,Conservative
1,360,npc_13,106.84,0.19,380.16,0.0,26.13,Conservative
1,360,npc_14,100.05,0.329,460.07,1.353,59.65,Normal
1,360,npc_2,101.74,-0.774,404.95,0.0,26.1,Conservative
1,360,npc_3,99.79,-0.798,444.12,1.353,61.41,Normal
1,360,npc_4,89.43,-0.768,33.15,1.568,69.93,Normal
1,360,npc_5,103.42,-2.353,416.77,0.0,33.18,Conservative
1,360,npc_6,95.51,-0.398,451.77,0.0,21.87,Conservative
1,360,npc_7,100.86,-0.975,603.28,0.0,26.51,Conservative
1,360,npc_8,92.45,0.806,96.17,1.28,56.35,Normal
1,360,npc_9,107.73,-0.429,362.46,0.0,27.51,Conservative
1,364,npc_0,101.31,0.674,33.4,0.0,34.32,Conservative
1,364,npc_1,107.76,-0.366,288.16,0.0,27.27,Conservative
1,364,npc_10,107.58,-0.01,445.79,0.0,25.76,Conservative
1,364,npc_11,107.87,0.493,618.81,1.568,67.83,Normal
1,364,npc_12,107.88,0.857,252.41,0.0,29.29,Conservative
1,364,npc_13,106.65,-0.522,383.21,0.0,27.37,Conservative
1,364,npc_14,100.06,0.043,462.37,1.28,56.56,Normal
1,364,npc_2,101.56,-0.497,407.44,0.0,24.91,Conservative
1,364,npc_3,99.98,0.519,446.41,1.28,58.42,Normal
1,364,npc_4,89.33,-0.271,32.04,1.586,69.14,Normal
1,364,npc_5,103.64,0.609,419.47,0.0,26.3,Conservative
1,364,npc_6,95.49,-0.055,453.57,0.0,20.48,Conservative
1,364,npc_7,100.9,0.106,605.71,0.0,23.05,Conservative
1,364,npc_8,92.16,-0.808,97.63,1.353,58.2,Normal
1,364,npc_9,107.81,0.229,365.63,0.0,26.74,Conservative
1,368,npc_0,100.94,-1.019,36.52,0.0,32.54,Conservative
1,368,npc_1,107.84,0.211,292.13,0.0,26.69,Conservative
1,368,npc_10,107.87,0.808,449.77,0.0,29.09,Conservative
1,368,npc_11,107.73,-0.37,622.78,1.542,67.27,Normal
1,368,npc_12,107.88,0.008,256.37,0.0,25.9,Conservative
1,368,npc_13,106.98,0.894,387.09,0.0,29.01,Conservative
1,368,npc_14,100.04,-0.074,465.48,1.193,54.34,Normal
1,368,npc_2,101.23,-0.916,410.69,0.0,26.43,Conservative
1,368,npc_3,100.04,0.172,449.52,1.193,54.73,Normal
1,368,npc_4,89.52,0.519,30.13,1.596,72.52,Aggressive
1,368,npc_5,103.6,-0.109,422.98,0.0,24.29,Conservative
1,368,npc_6,95.31,-0.509,456.18,0.0,22.22,Conservative
1,368,npc_7,101.27,1.016,608.94,0.0,26.85,Conservative
1,368,npc_8,92.24,0.2,99.88,1.415,57.44,Normal
1,368,npc_9,107.7,-0.306,369.6,0.0,27.0,Conservative
1,372,npc_0,101.16,0.599,39.0,0.0,29.0,Conservative
1,372,npc_1,107.8,-0.101,296.14,0.0,26.23,Conservative
1,372,npc_10,107.69,-0.494,453.68,0.0,27.75,Conservative
1,372,npc_11,107.96,0.625,626.75,1.508,68.4,Normal
1,372,npc_12,107.6,-0.79,260.3,0.0,28.89,Conservative
1,372,npc_13,106.83,-0.417,390.89,0.0,27.03,Conservative
1,372,npc_14,99.69,-0.975,468.55,1.088,54.99,Normal
1,372,npc_2,100.89,-0.939,413.92,0.0,26.37,Conservative
1,372,npc_3,100.08,0.107,452.62,1.088,51.7,Normal
1,372,npc_4,89.58,0.163,27.69,1.6,74.41,Aggressive
1,372,npc_5,103.34,-0.711,426.43,0.0,26.58,Conservative
1,372,npc_6,95.54,0.645,458.8,0.0,22.87,Conservative
1,372,npc_7,101.01,-0.71,612.18,0.0,25.51,Conservative
1,372,npc_8,92.47,0.663,102.1,1.466,60.76,Normal
1,372,npc_9,107.84,0.399,373.57,0.0,27.44,Conservative
1,376,npc_0,101.24,0.222,41.41,0.0,26.02,Conservative
1,376,npc_1,107.75,-0.14,299.32,0.0,26.36,Conservative
1,376,npc_10,107.58,-0.316,456.84,0.0,26.98,Conservative
1,376,npc_11,107.88,-0.22,629.93,1.466,65.85,Normal
1,376,npc_12,107.9,0.831,263.48,0.0,29.19,Conservative
1,376,npc_13,106.77,-0.151,393.96,0.0,25.94,Conservative
1,376,npc_14,99.9,0.583,470.83,0.96,50.11,Normal
1,376,npc_2,100.5,-1.076,416.32,0.0,26.75,Conservative
1,376,npc_3,99.83,-0.701,454.9,0.96,50.55,Normal
1,376,npc_4,89.38,-0.545,26.56,1.596,77.52,Aggressive
1,376,npc_5,103.04,-0.849,429.05,0.0,26.99,Conservative
1,376,npc_6,95.51,-0.085,460.61,0.0,20.61,Conservative
1,376,npc_7,100.98,-0.103,614.6,0.0,23.07,Conservative
1,376,npc_8,92.3,-0.487,103.55,1.508,60.88,Normal
1,376,npc_9,107.9,0.164,376.75,0.0,26.53,Conservative
1,380,npc_0,101.28,0.125,44.61,0.0,24.23,Conservative
1,380,npc_1,107.83,0.229,303.29,0.0,26.76,Conservative
1,380,npc_10,107.82,0.683,460.83,0.0,28.57,Conservative
1,380,npc_11,107.84,-0.112,633.91,1.415,64.03,Normal
1,380,npc_12,107.74,-0.45,267.45,0.0,27.59,Conservative
1,380,npc_13,106.99,0.596,397.83,0.0,27.82,Conservative
1,380,npc_14,99.91,0.053,473.93,0.798,43.68,Normal
1,380,npc_2,100.44,-0.177,419.49,0.0,23.12,Conservative
1,380,npc_3,99.82,-0.035,458.0,0.798,43.57,Normal
1,380,npc_4,89.43,0.125,24.62,1.586,78.88,Aggressive
1,380,npc_5,102.74,-0.815,432.47,0.0,26.72,Conservative
1,380,npc_6,95.62,0.295,463.23,0.0,21.5,Conservative
1,380,npc_7,101.01,0.094,617.81,0.0,23.05,Conservative
1,380,npc_8,92.22,-0.215,105.79,1.542,59.76,Normal
1,380,npc_9,107.68,-0.612,380.71,0.0,28.22,Conservative
1,384,npc_0,101.09,-0.537,47.82,0.0,25.01,Conservative
1,384,npc_1,107.82,-0.042,307.25,0.0,26.0,Conservative
1,384,npc_10,107.76,-0.185,464.82,0.0,26.54,Conservative
1,384,npc_12,107.69,-0.117,271.42,0.0,26.24,Conservative
1,384,npc_13,106.62,-1.011,401.7,0.0,29.31,Conservative
1,384,npc_14,99.93,0.05,477.03,0.574,37.71,Normal
1,384,npc_2,100.1,-0.936,422.61,0.0,26.01,Conservative
1,384,npc_3,100.06,0.665,461.1,0.574,40.22,Normal
1,384,npc_4,89.66,0.63,22.69,1.568,84.25,Aggressive
1,384,npc_5,102.9,0.444,435.89,0.0,25.31,Conservative
1,384,npc_6,95.67,0.165,465.83,0.0,21.0,Conservative
1,384,npc_7,101.12,0.293,621.05,0.0,23.89,Conservative
1,384,npc_8,92.54,0.885,108.05,1.568,62.57,Normal
1,384,npc_9,107.81,0.348,384.68,0.0,27.22,Conservative
1,388,npc_0,101.23,0.398,51.03,0.0,24.37,Conservative
1,388,npc_1,107.72,-0.262,311.22,0.0,26.83,Conservative
1,388,npc_10,107.91,0.413,468.78,0.0,27.53,Conservative
1,388,npc_12,107.65,-0.113,275.39,0.0,26.2,Conservative
1,388,npc_13,106.66,0.097,405.57,0.0,25.67,Conservative
1,388,npc_14,99.89,-0.127,480.12,0.0,22.68,Conservative
1,388,npc_2,99.86,-0.682,425.72,0.0,24.88,Conservative
1,388,npc_3,99.65,-1.129,464.19,0.0,26.58,Conservative
1,388,npc_4,89.34,-0.867,20.78,1.542,88.53,Aggressive
1,388,npc_5,102.48,-1.164,439.27,0.0,28.0,Conservative
1,388,npc_6,95.28,-1.105,468.44,0.0,24.59,Conservative
1,388,npc_8,92.23,-0.848,110.31,1.586,62.3,Normal
1,388,npc_9,107.86,0.141,388.66,0.0,26.42,Conservative
1,392,npc_0,101.06,-0.496,54.25,0.0,24.68,Conservative
1,392,npc_1,107.93,0.566,315.2,0.0,28.15,Conservative
1,392,npc_10,107.6,-0.844,472.75,0.0,29.11,Conservative
1,392,npc_12,107.83,0.494,279.37,0.0,27.81,Conservative
1,392,npc_13,106.99,0.91,409.44,0.0,29.07,Conservative
1,392,npc_14,100.01,0.337,483.22,0.0,23.58,Conservative
1,392,npc_2,99.69,-0.456,428.78,0.0,23.91,Conservative
1,392,npc_3,99.88,0.64,467.28,0.0,24.73,Conservative
1,392,npc_4,89.65,0.849,18.86,1.508,92.29,Aggressive
1,392,npc_5,102.31,-0.476,442.65,0.0,25.17,Conservative
1,392,npc_6,95.29,0.03,471.04,0.0,20.3,Conservative
1,392,npc_8,92.55,0.862,112.57,1.596,62.48,Normal
1,392,npc_9,107.82,-0.108,392.64,0.0,26.27,Conservative
1,396,npc_0,101.26,0.561,57.19,0.0,25.03,Conservative
1,396,npc_1,107.98,0.152,319.23,0.0,26.52,Conservative
1,396,npc_10,107.75,0.415,476.69,0.0,27.46,Conservative
1,396,npc_12,107.74,-0.256,283.33,0.0,26.82,Conservative
1,396,npc_13,106.6,-1.065,413.27,0.0,29.51,Conservative
1,396,npc_14,99.95,-0.169,486.31,0.0,22.88,Conservative
1,396,npc_2,99.29,-1.103,431.85,0.0,26.32,Conservative
1,396,npc_3,100.0,0.329,470.4,0.0,23.54,Conservative
1,396,npc_4,89.67,0.048,16.94,1.508,93.04,Aggressive
1,396,npc_5,102.46,0.409,446.02,0.0,24.96,Conservative
1,396,npc_6,95.29,0.015,473.67,0.0,20.24,Conservative
1,396,npc_8,92.46,-0.233,114.87,1.6,59.93,Normal
1,396,npc_9,107.65,-0.478,396.62,0.0,27.66,Conservative
1,400,npc_0,101.02,-0.657,60.33,0.0,25.31,Conservative
1,400,npc_1,107.92,-0.159,323.28,0.0,26.52,Conservative
1,400,npc_10,107.59,-0.46,480.64,0.0,27.56,Conservative
1,400,npc_12,107.61,-0.348,287.32,0.0,27.13,Conservative
1,400,npc_13,107.01,1.132,417.14,0.0,29.97,Conservative
1,400,npc_14,99.87,-0.219,489.43,0.0,23.04,Conservative
1,400,npc_2,99.19,-0.301,434.94,0.0,23.07,Conservative
1,400,npc_3,100.04,0.109,473.54,0.0,22.67,Conservative
1,400,npc_4,80.01,-26.829,15.2,1.508,100.0,Aggressive
1,400,npc_5,102.42,-0.124,449.4,0.0,23.81,Conservative
1,400,npc_6,95.27,-0.052,476.33,0.0,20.38,Conservative
1,400,npc_8,92.37,-0.26,117.25,1.596,60.0,Normal
1,400,npc_9,107.79,0.398,400.63,0.0,27.41,Conservative
1,404,npc_0,101.02,0.001,62.76,0.0,22.68,Conservative
1,404,npc_1,107.75,-0.488,326.45,0.0,27.75,Conservative
1,404,npc_10,107.85,0.745,483.82,0.0,28.83,Conservative
1,404,npc_12,108.0,1.075,290.55,0.574,45.54,Normal
1,404,npc_13,106.78,-0.644,420.21,0.0,27.91,Conservative
1,404,npc_14,100.07,0.569,491.72,0.0,24.53,Conservative
1,404,npc_2,98.89,-0.833,437.14,0.0,25.06,Conservative
1,404,npc_3,99.7,-0.925,475.83,0.0,25.79,Conservative
1,404,npc_4,72.28,-21.455,15.69,1.508,100.0,Aggressive
1,404,npc_5,101.98,-1.203,451.92,0.0,27.92,Conservative
1,404,npc_6,95.68,1.138,478.15,0.0,24.9,Conservative
1,404,npc_8,92.51,0.393,118.72,1.586,60.59,Normal
1,404,npc_9,107.64,-0.421,403.8,0.0,27.43,Conservative
1,408,npc_0,101.09,0.185,64.47,0.574,38.77,Normal
1,408,npc_1,107.68,-0.18,328.82,0.0,26.49,Conservative
1,408,npc_10,107.8,-0.136,486.2,0.0,26.37,Conservative
1,408,npc_12,107.99,-0.023,292.95,0.798,47.29,Normal
1,408,npc_13,106.66,-0.326,422.48,0.0,26.59,Conservative
1,408,npc_14,100.05,-0.055,493.22,0.0,22.46,Conservative
1,408,npc_2,98.81,-0.21,438.51,0.0,22.54,Conservative
1,408,npc_3,100.08,1.056,477.33,0.0,26.48,Conservative
1,408,npc_4,72.92,1.76,17.32,1.508,93.02,Aggressive
1,408,npc_5,102.22,0.673,453.65,0.0,25.91,Conservative
1,408,npc_6,95.62,-0.186,479.15,0.0,21.06,Conservative
1,408,npc_8,92.35,-0.439,119.37,1.568,60.71,Normal
1,408,npc_9,107.63,-0.02,406.16,0.0,25.83,Conservative
1,412,npc_0,101.3,0.6,66.1,0.798,46.49,Normal
1,412,npc_1,107.75,0.194,331.19,0.0,26.58,Conservative
1,412,npc_10,107.89,0.233,488.57,0.0,26.8,Conservative
1,412,npc_12,107.62,-1.02,295.33,0.96,55.42,Normal
1,412,npc_13,106.92,0.728,424.74,0.0,28.32,Conservative
1,412,npc_14,99.75,-0.842,494.72,0.0,25.48,Conservative
1,412,npc_2,98.64,-0.471,439.88,0.0,23.51,Conservative
1,412,npc_3,100.07,-0.05,478.84,0.0,22.45,Conservative
1,412,npc_4,74.45,4.245,18.7,1.508,100.0,Aggressive
1,412,npc_5,101.92,-0.843,455.35,0.0,26.45,Conservative
1,412,npc_6,95.44,-0.481,480.16,0.0,22.17,Conservative
1,412,npc_8,92.15,-0.555,120.03,1.542,61.09,Normal
1,412,npc_9,107.22,-1.159,408.49,0.0,30.18,Conservative
1,416,npc_0,101.05,-0.7,68.54,0.96,51.09,Normal
1,416,npc_1,107.76,0.014,334.37,0.0,25.86,Conservative
1,416,npc_10,107.57,-0.887,491.75,0.0,29.26,Conservative
1,416,npc_12,107.73,0.297,298.52,1.088,55.99,Normal
1,416,npc_13,106.64,-0.795,427.8,0.0,28.45,Conservative
1,416,npc_14,99.8,0.128,497.02,0.0,22.65,Conservative
1,416,npc_2,98.48,-0.438,442.02,0.0,23.31,Conservative
1,416,npc_3,99.87,-0.533,481.13,0.0,24.3,Conservative
1,416,npc_4,69.49,-13.767,19.51,1.508,100.0,Aggressive
1,416,npc_5,101.59,-0.908,457.85,0.0,26.57,Conservative
1,416,npc_6,95.63,0.513,481.98,0.0,22.37,Conservative
1,416,npc_8,92.14,-0.031,121.48,1.508,58.99,Normal
1,416,npc_9,106.89,-0.905,411.59,0.0,29.01,Conservative
1,420,npc_0,100.98,-0.215,70.97,1.088,52.53,Normal
1,420,npc_1,107.88,0.331,337.54,0.0,27.19,Conservative
1,420,npc_10,107.72,0.429,494.92,0.0,27.51,Conservative
1,420,npc_12,107.86,0.356,301.69,1.193,59.08,Normal
1,420,npc_13,107.03,1.104,430.87,0.0,29.87,Conservative
1,420,npc_14,99.88,0.243,499.32,0.0,23.14,Conservative
1,420,npc_2,98.38,-0.301,444.16,0.0,22.71,Conservative
1,420,npc_3,99.94,0.171,483.43,0.0,22.88,Conservative
1,420,npc_4,69.51,0.07,20.63,1.508,78.63,Aggressive
1,420,npc_5,101.62,0.072,460.34,0.0,23.24,Conservative
1,420,npc_6,95.6,-0.074,483.79,0.0,20.6,Conservative
1,420,npc_8,92.47,0.918,122.94,1.466,61.78,Normal
1,420,npc_9,106.84,-0.13,414.64,0.0,25.89,Conservative
1,424,npc_0,101.19,0.6,72.6,1.193,56.96,Normal
1,424,npc_1,107.72,-0.436,339.93,0.0,27.53,Conservative
1,424,npc_10,107.95,0.641,497.31,0.0,28.46,Conservative
1,424,npc_12,108.0,0.39,304.06,1.28,61.61,Normal
1,424,npc_13,106.61,-1.171,433.13,0.0,29.94,Conservative
1,424,npc_14,99.87,-0.037,500.82,0.0,22.31,Conservative
1,424,npc_2,98.25,-0.335,445.46,0.0,22.79,Conservative
1,424,npc_3,99.9,-0.091,484.93,0.0,22.54,Conservative
1,424,npc_4,71.3,4.954,22.39,1.508,95.5,Aggressive
1,424,npc_5,101.61,-0.018,462.02,0.0,23.02,Conservative
1,424,npc_6,95.27,-0.909,484.8,0.0,23.81,Conservative
1,424,npc_8,92.26,-0.583,123.6,1.415,58.98,Normal
1,424,npc_9,106.25,-1.636,416.85,0.0,31.63,Conservative
1,428,npc_0,101.01,-0.512,74.23,1.28,58.86,Normal
1,428,npc_1,107.63,-0.252,342.3,0.0,26.75,Conservative
1,428,npc_10,107.77,-0.511,499.69,0.0,27.86,Conservative
1,428,npc_12,107.93,-0.184,306.44,1.353,62.72,Normal
1,428,npc_13,107.01,1.106,435.41,0.0,29.87,Conservative
1,428,npc_14,100.02,0.413,502.31,0.0,23.88,Conservative
1,428,npc_2,97.97,-0.8,446.75,0.0,24.53,Conservative
1,428,npc_3,99.85,-0.156,486.42,0.0,22.78,Conservative
1,428,npc_4,74.6,9.174,23.84,1.508,94.27,Aggressive
1,428,npc_5,101.16,-1.27,463.68,0.0,27.82,Conservative
1,428,npc_6,95.66,1.063,485.81,0.0,24.59,Conservative
1,428,npc_8,92.44,0.503,124.26,1.353,57.09,Normal
1,428,npc_9,106.0,-0.701,419.03,0.0,27.77,Conservative
1,432,npc_0,101.15,0.386,75.87,1.353,60.37,Normal
1,432,npc_1,107.82,0.523,344.68,0.0,27.92,Conservative
1,432,npc_10,107.67,-0.279,502.05,0.0,26.88,Conservative
1,432,npc_12,107.81,-0.348,308.81,1.415,64.96,Normal
1,432,npc_13,106.78,-0.624,437.68,0.0,27.84,Conservative
1,432,npc_14,99.97,-0.14,503.82,0.0,22.77,Conservative
1,432,npc_2,97.88,-0.239,448.04,0.0,22.25,Conservative
1,432,npc_3,99.84,-0.007,487.93,0.0,22.18,Conservative
1,432,npc_4,77.18,7.158,24.98,1.508,93.27,Aggressive
1,432,npc_5,101.21,0.146,465.33,0.0,23.35,Conservative
1,432,npc_6,95.56,-0.262,486.83,0.0,21.34,Conservative
1,432,npc_8,92.31,-0.359,124.91,1.28,54.51,Normal
1,432,npc_9,105.34,-1.845,421.16,0.0,32.04,Conservative
1,436,npc_0,100.98,-0.462,77.43,1.415,62.24,Normal
1,436,npc_1,107.69,-0.351,346.98,0.0,27.18,Conservative
1,436,npc_10,107.71,0.107,504.43,0.0,26.21,Conservative
1,436,npc_12,107.76,-0.125,311.14,1.466,65.41,Normal
1,436,npc_13,106.7,-0.236,439.96,0.0,26.24,Conservative
1,436,npc_14,99.96,-0.018,505.29,0.0,22.28,Conservative
1,436,npc_2,97.67,-0.588,449.24,0.0,23.55,Conservative
1,436,npc_3,99.68,-0.454,489.38,0.0,23.9,Conservative
1,436,npc_4,79.54,6.571,26.04,1.542,92.42,Aggressive
1,436,npc_5,100.84,-1.035,466.95,0.0,26.73,Conservative
1,436,npc_6,95.39,-0.488,487.79,0.0,22.17,Conservative
1,436,npc_8,92.35,0.101,125.45,1.193,51.16,Normal
1,436,npc_9,105.06,-0.763,423.23,0.0,27.58,Conservative
1,440,npc_0,101.12,0.404,79.07,1.466,63.44,Normal
1,440,npc_1,107.91,0.617,349.36,0.0,28.35,Conservative
1,440,npc_12,107.8,0.111,313.51,1.508,66.27,Normal
1,440,npc_13,106.85,0.43,442.24,0.0,27.09,Conservative
1,440,npc_2,97.16,-1.413,450.46,0.0,26.63,Conservative
1,440,npc_3,101.26,4.392,490.94,0.0,40.35,Normal
1,440,npc_4,82.37,7.844,26.61,1.568,92.58,Aggressive
1,440,npc_5,102.63,4.994,468.65,0.0,43.38,Normal
1,440,npc_6,95.41,0.074,488.78,0.0,20.53,Conservative
1,440,npc_8,92.16,-0.522,126.1,1.088,49.97,Normal
1,440,npc_9,105.58,1.438,425.31,0.0,30.52,Conservative
1,444,npc_0,101.31,0.504,80.77,1.508,64.82,Normal
1,444,npc_1,107.8,-0.309,351.81,0.0,27.06,Conservative
1,444,npc_12,107.72,-0.23,315.93,1.542,66.71,Normal
1,444,npc_13,106.86,0.02,444.51,0.0,25.46,Conservative
1,444,npc_2,97.55,1.084,451.74,0.0,25.48,Conservative
1,444,npc_4,79.44,-8.142,27.04,1.586,90.9,Aggressive
1,444,npc_5,105.38,7.634,470.66,0.0,44.68,Normal
1,444,npc_6,95.4,-0.047,489.84,0.0,20.41,Conservative
1,444,npc_8,92.54,1.063,127.08,1.149,53.92,Normal
1,444,npc_9,107.7,5.886,427.64,0.0,45.78,Normal
1,448,npc_0,100.94,-1.024,82.33,1.542,66.74,Normal
1,448,npc_1,107.64,-0.452,354.09,0.0,27.56,Conservative
1,448,npc_12,107.73,0.023,318.26,1.568,65.88,Normal
1,448,npc_13,106.76,-0.297,446.79,0.0,26.51,Conservative
1,448,npc_2,99.65,5.821,453.03,0.0,42.07,Normal
1,448,npc_4,81.71,6.313,27.87,1.596,90.51,Aggressive
1,448,npc_5,107.63,6.248,472.93,0.0,45.74,Normal
1,448,npc_8,92.12,-1.181,127.54,1.168,54.74,Normal
1,448,npc_9,107.92,0.604,429.97,0.0,28.29,Conservative
1,452,npc_0,101.15,0.597,83.16,1.568,65.13,Normal
1,452,npc_1,107.56,-0.209,355.66,0.0,26.55,Conservative
1,452,npc_12,107.99,0.721,319.85,1.586,68.8,Normal
1,452,npc_13,106.86,0.286,448.26,0.0,26.52,Conservative
1,452,npc_2,102.29,7.352,453.9,0.0,43.25,Normal
1,452,npc_4,84.11,6.673,29.0,1.6,89.84,Aggressive
1,452,npc_8,92.47,0.988,127.4,1.149,53.59,Normal
1,452,npc_9,107.98,0.163,431.55,0.0,26.56,Conservative
1,456,npc_0,101.24,0.237,84.05,1.586,63.72,Normal
1,456,npc_1,107.98,1.163,357.31,0.0,30.56,Conservative
1,456,npc_12,107.91,-0.215,321.47,1.596,66.74,Normal
1,456,npc_13,106.96,0.275,449.74,0.0,26.52,Conservative
1,456,npc_2,105.32,8.401,455.13,0.0,44.65,Normal
1,456,npc_4,86.99,7.994,29.68,1.596,90.03,Aggressive
1,456,npc_8,92.35,-0.337,127.47,1.088,49.31,Normal
1,456,npc_9,107.9,-0.197,433.15,0.0,26.66,Conservative
1,460,npc_0,101.13,-0.295,84.09,1.596,63.91,Normal
1,460,npc_1,107.97,-0.032,358.1,0.0,26.03,Conservative
1,460,npc_12,107.72,-0.526,322.25,1.6,67.89,Normal
1,460,npc_4,89.23,6.238,31.09,1.586,89.14,Aggressive
1,460,npc_8,92.43,0.222,126.53,1.193,51.68,Normal
1,460,npc_9,107.66,-0.681,433.93,0.0,28.48,Conservative
1,464,npc_0,101.19,0.153,84.12,1.6,63.37,Normal
1,464,npc_1,107.72,-0.702,358.89,0.0,28.59,Conservative
1,464,npc_12,107.95,0.637,323.03,1.596,68.45,Normal
1,464,npc_4,89.69,1.253,32.34,1.568,72.87,Aggressive
1,464,npc_8,92.41,-0.05,125.6,1.28,53.31,Normal
1,464,npc_9,107.7,0.102,434.71,0.0,26.18,Conservative
1,468,npc_0,101.04,-0.404,83.37,1.596,64.3,Normal
1,468,npc_1,107.87,0.433,358.86,0.0,27.59,Conservative
1,468,npc_12,107.95,0.01,323.01,1.586,65.94,Normal
1,468,npc_4,89.67,-0.039,34.38,1.542,65.83,Normal
1,468,npc_8,92.43,0.03,123.86,1.353,55.19,Normal
1,472,npc_0,101.27,0.628,82.61,1.586,65.3,Normal
1,472,npc_1,107.92,0.126,358.83,0.0,26.39,Conservative
1,472,npc_12,107.84,-0.325,322.98,1.568,67.14,Normal
1,472,npc_4,89.44,-0.647,36.45,1.508,66.24,Normal
1,472,npc_8,92.37,-0.154,122.13,1.415,57.31,Normal
1,476,npc_0,100.92,-0.954,81.78,1.568,66.45,Normal
1,476,npc_1,107.58,-0.955,358.73,0.0,29.54,Conservative
1,476,npc_12,107.9,0.188,322.9,1.542,66.63,Normal
1,476,npc_4,89.61,0.489,38.63,1.466,63.05,Normal
1,476,npc_8,92.52,0.417,120.19,1.466,59.8,Normal
1,480,npc_0,101.1,0.476,81.81,1.542,64.61,Normal
1,480,npc_1,107.59,0.05,359.51,0.0,25.93,Conservative
1,480,npc_12,107.88,-0.061,323.68,1.508,66.11,Normal
1,480,npc_4,89.33,-0.796,39.88,1.415,61.93,Normal
1,480,npc_8,92.1,-1.176,119.26,1.508,63.55,Normal
1,484,npc_0,101.31,0.599,81.84,1.508,65.21,Normal
1,484,npc_1,107.57,-0.079,360.27,0.0,26.03,Conservative
1,484,npc_12,107.73,-0.419,324.47,1.466,66.57,Normal
1,484,npc_4,89.4,0.199,41.14,1.353,57.16,Normal
1,484,npc_8,92.52,1.189,118.33,1.542,63.78,Normal
1,488,npc_0,101.16,-0.415,81.93,1.466,63.51,Normal
1,488,npc_1,107.86,0.816,361.12,0.0,29.12,Conservative
1,488,npc_12,107.55,-0.495,325.28,1.415,65.42,Normal
1,488,npc_4,89.47,0.195,42.28,1.28,54.61,Normal
1,488,npc_8,92.3,-0.637,117.6,1.568,61.48,Normal
1,492,npc_0,101.02,-0.395,81.96,1.415,62.0,Normal
1,492,npc_12,107.91,0.995,326.06,1.353,65.95,Normal
1,492,npc_4,89.4,-0.203,43.53,1.193,51.71,Normal
1,492,npc_8,92.52,0.632,116.66,1.586,61.55,Normal
1,496,npc_0,100.93,-0.242,81.92,1.353,59.7,Normal
1,496,npc_12,107.64,-0.76,326.78,1.28,62.92,Normal
1,496,npc_4,89.59,0.544,44.79,1.193,52.68,Normal
1,496,npc_8,92.34,-0.513,115.5,1.596,61.0,Normal
1,500,npc_0,101.1,0.468,81.15,1.28,58.72,Normal
1,500,npc_12,107.92,0.781,326.74,1.193,60.81,Normal
1,500,npc_4,89.67,0.206,46.85,1.193,50.81,Normal
1,500,npc_8,92.5,0.443,113.76,1.6,60.78,Normal
1,504,npc_0,101.04,-0.156,80.39,1.193,55.11,Normal
1,504,npc_4,89.71,0.113,48.9,1.193,50.18,Normal
1,504,npc_8,92.32,-0.482,112.02,1.596,60.87,Normal
1,508,npc_0,101.29,0.69,80.43,1.088,54.57,Normal
1,508,npc_4,89.7,-0.032,50.15,1.193,49.81,Normal
1,508,npc_8,92.37,0.12,111.08,1.586,59.44,Normal
1,512,npc_0,100.94,-0.974,81.25,0.96,52.14,Normal
1,512,npc_4,89.46,-0.647,50.61,1.193,52.18,Normal
1,512,npc_8,92.39,0.062,110.94,1.568,59.22,Normal
1,516,npc_0,100.96,0.05,81.29,0.798,44.14,Normal
1,516,npc_4,89.51,0.145,51.86,1.28,52.52,Normal
1,516,npc_8,92.5,0.293,110.0,1.542,60.18,Normal
1,520,npc_0,101.19,0.645,81.39,0.574,40.65,Normal
1,520,npc_4,89.38,-0.385,53.22,1.353,55.39,Normal
1,520,npc_8,92.1,-1.104,108.91,1.508,63.26,Normal
1,524,npc_0,101.26,0.195,82.23,0.0,23.57,Conservative
1,524,npc_4,89.71,0.916,53.66,1.415,59.28,Normal
1,524,npc_8,92.5,1.129,108.78,1.466,62.64,Normal
1,528,npc_0,101.28,0.04,83.0,0.0,22.95,Conservative
1,528,npc_4,89.48,-0.625,54.03,1.466,59.4,Normal
1,528,npc_8,92.47,-0.086,108.77,1.415,57.08,Normal
1,532,npc_0,101.15,-0.351,83.9,0.0,24.14,Conservative
1,532,npc_4,89.38,-0.291,54.58,1.508,58.91,Normal
1,532,npc_8,92.4,-0.19,108.5,1.353,55.83,Normal
1,536,npc_0,101.01,-0.394,84.73,0.0,24.25,Conservative
1,536,npc_4,89.68,0.835,55.02,1.542,61.21,Normal
1,536,npc_8,92.19,-0.599,108.36,1.28,55.42,Normal
1,540,npc_0,101.26,0.705,85.57,0.0,25.61,Conservative
1,540,npc_4,89.44,-0.667,55.46,1.568,60.44,Normal
1,540,npc_8,92.18,-0.018,108.22,1.193,50.76,Normal
1,544,npc_0,100.93,-0.916,86.39,0.0,26.3,Conservative
1,544,npc_4,89.38,-0.172,55.92,1.586,58.44,Normal
1,544,npc_8,92.45,0.741,108.07,1.088,50.97,Normal
1,548,npc_0,101.31,1.056,86.43,0.0,27.03,Conservative
1,548,npc_4,89.63,0.722,57.17,1.596,60.74,Normal
1,548,npc_8,92.35,-0.264,107.13,0.96,45.61,Normal
1,552,npc_0,101.15,-0.461,86.63,0.0,24.58,Conservative
1,552,npc_4,89.52,-0.309,58.68,1.6,59.05,Normal
1,552,npc_8,92.48,0.343,106.14,0.798,41.66,Normal
1,556,npc_0,101.07,-0.207,86.68,0.0,23.53,Conservative
1,556,npc_4,89.73,0.581,59.92,1.596,60.22,Normal
1,556,npc_8,92.25,-0.628,105.19,0.574,36.74,Normal
1,560,npc_0,101.24,0.479,86.7,0.0,24.69,Conservative
1,560,npc_4,89.54,-0.531,61.15,1.586,59.94,Normal
1,560,npc_8,92.1,-0.428,104.23,0.0,20.56,Conservative
1,564,npc_0,100.97,-0.751,85.93,0.0,25.66,Conservative
1,564,npc_4,89.64,0.277,63.18,1.568,58.97,Normal
1,564,npc_8,92.14,0.11,102.49,0.0,19.31,Conservative
1,568,npc_0,101.16,0.518,85.0,0.0,24.81,Conservative
1,568,npc_4,89.51,-0.367,65.0,1.542,59.27,Normal
1,568,npc_8,92.22,0.221,100.79,0.0,19.78,Conservative
1,572,npc_0,100.99,-0.47,84.23,0.0,24.54,Conservative
1,572,npc_4,89.35,-0.452,67.06,1.508,59.55,Normal
1,572,npc_8,92.22,0.009,99.06,0.0,18.93,Conservative
1,576,npc_0,101.01,0.045,83.41,0.0,22.85,Conservative
1,576,npc_4,89.38,0.079,69.04,1.466,57.17,Normal
1,576,npc_8,92.41,0.516,97.47,0.0,21.04,Conservative
1,580,npc_0,101.11,0.281,83.45,0.0,23.84,Conservative
1,580,npc_4,89.3,-0.202,70.31,1.415,56.27,Normal
1,580,npc_8,92.3,-0.283,96.53,0.0,20.07,Conservative
1,584,npc_0,101.03,-0.207,82.75,0.574,38.83,Normal
1,584,npc_4,89.41,0.289,72.37,1.353,55.01,Normal
1,584,npc_8,92.2,-0.284,94.78,0.0,20.03,Conservative
1,588,npc_0,101.05,0.031,81.98,0.798,44.1,Normal
1,588,npc_4,89.34,-0.184,74.43,1.28,52.61,Normal
1,592,npc_4,89.59,0.685,76.48,1.366,57.0,Normal
1,596,npc_4,89.7,0.317,78.59,1.415,56.89,Normal
1,600,npc_4,89.55,-0.419,79.85,1.431,57.66,Normal
1,604,npc_4,89.33,-0.603,81.1,1.415,57.88,Normal
1,608,npc_4,89.47,0.368,81.55,1.366,55.69,Normal
1,612,npc_4,89.43,-0.094,82.81,1.28,52.28,Normal
1,616,npc_4,89.64,0.572,84.87,1.353,56.23,Normal
2,4,npc_0,82.05,-52.777,119.35,1.366,71.39,Aggressive
2,4,npc_1,71.39,-101.311,30.65,0.0,43.3,Normal
2,4,npc_10,72.72,-97.181,159.72,0.574,47.07,Normal
2,4,npc_11,79.79,-77.909,280.49,1.415,71.88,Aggressive
2,4,npc_12,85.72,-61.673,69.19,1.524,76.33,Aggressive
2,4,npc_13,74.44,-90.312,60.21,0.0,32.32,Conservative
2,4,npc_14,67.27,-90.827,209.18,0.574,45.37,Normal
2,4,npc_2,85.93,-53.844,81.43,0.0,36.41,Normal
2,4,npc_3,78.08,-64.398,180.29,0.574,48.87,Normal
2,4,npc_4,63.74,-71.928,161.33,1.415,66.77,Normal
2,4,npc_5,79.66,-77.712,120.73,0.574,49.42,Normal
2,4,npc_6,76.62,-52.156,230.1,0.574,48.36,Normal
2,4,npc_7,69.26,-88.481,339.29,0.574,45.98,Normal
2,4,npc_8,74.42,-49.405,90.18,1.149,62.94,Normal
2,4,npc_9,76.86,-85.646,40.64,0.574,51.25,Normal
2,8,npc_0,84.74,7.481,118.18,1.733,75.96,Aggressive
2,8,npc_1,74.29,8.064,31.02,0.0,43.79,Normal
2,8,npc_10,75.25,7.01,159.95,0.798,53.87,Normal
2,8,npc_11,82.84,8.459,281.54,1.415,72.99,Aggressive
2,8,npc_12,88.17,6.816,67.27,1.788,77.28,Aggressive
2,8,npc_13,76.76,6.426,60.4,0.0,33.09,Conservative
2,8,npc_14,70.09,7.852,208.79,0.798,52.2,Normal
2,8,npc_2,86.01,0.205,83.14,0.0,17.26,Conservative
2,8,npc_3,80.96,8.013,181.27,0.798,55.85,Normal
2,8,npc_4,66.9,8.753,162.06,1.466,69.05,Normal
2,8,npc_5,81.13,4.091,121.71,0.798,52.28,Normal
2,8,npc_6,79.32,7.492,230.83,0.798,55.27,Normal
2,8,npc_7,72.13,7.956,339.22,0.798,52.85,Normal
2,8,npc_8,77.27,7.933,89.66,1.596,73.27,Aggressive
2,8,npc_9,76.26,-1.668,40.91,0.798,43.53,Normal
2,12,npc_0,87.89,8.761,116.41,2.013,77.17,Aggressive
2,12,npc_1,72.82,-4.072,30.39,0.0,40.38,Normal
2,12,npc_10,78.27,8.404,160.56,0.96,59.21,Normal
2,12,npc_11,85.51,7.421,282.95,1.415,73.98,Aggressive
2,12,npc_12,91.0,7.857,65.51,2.013,78.4,Aggressive
2,12,npc_13,79.27,6.967,61.34,0.0,33.96,Conservative
2,12,npc_14,73.05,8.203,208.85,0.96,57.46,Normal
2,12,npc_2,87.15,3.18,84.58,0.0,29.6,Conservative
2,12,npc_3,83.45,6.902,182.32,0.798,56.76,Normal
2,12,npc_4,69.39,6.919,162.42,1.508,70.7,Aggressive
2,12,npc_5,83.01,5.23,122.81,0.96,60.91,Normal
2,12,npc_6,81.69,6.577,231.78,0.96,60.43,Normal
2,12,npc_7,74.74,7.26,339.41,0.96,58.01,Normal
2,12,npc_8,79.79,6.983,88.97,1.92,74.15,Aggressive
2,12,npc_9,78.42,6.004,41.66,0.96,61.49,Normal
2,16,npc_0,90.84,8.179,114.39,2.237,78.34,Aggressive
2,16,npc_1,70.46,-6.562,30.34,0.0,43.4,Normal
2,16,npc_10,81.18,8.067,161.72,0.96,60.24,Normal
2,16,npc_11,87.62,5.873,284.64,1.415,74.8,Aggressive
2,16,npc_12,93.76,7.659,63.64,2.209,79.53,Aggressive
2,16,npc_13,82.02,7.636,62.74,0.0,34.95,Conservative
2,16,npc_14,75.05,5.578,209.24,1.088,61.53,Normal
2,16,npc_2,88.57,3.935,86.3,0.0,33.17,Conservative
2,16,npc_3,86.09,7.329,183.81,0.798,57.75,Normal
2,16,npc_4,71.82,6.77,162.59,1.542,71.46,Aggressive
2,16,npc_5,85.19,6.047,124.22,1.088,65.13,Normal
2,16,npc_6,84.66,8.265,233.1,1.088,64.94,Normal
2,16,npc_7,77.51,7.685,339.92,1.088,62.36,Normal
2,16,npc_8,82.76,8.251,88.08,2.176,75.22,Aggressive
2,16,npc_9,80.89,6.852,42.91,1.088,65.16,Normal
2,20,npc_0,94.17,9.262,112.07,2.423,79.71,Aggressive
2,20,npc_1,70.9,1.225,30.47,0.0,28.28,Conservative
2,20,npc_10,83.65,6.863,162.91,0.96,61.15,Normal
2,20,npc_11,90.1,6.884,286.54,1.415,75.78,Aggressive
2,20,npc_12,96.64,8.004,61.04,2.385,80.75,Aggressive
2,20,npc_13,84.47,6.831,64.01,0.0,35.86,Normal
2,20,npc_14,78.12,8.514,209.79,1.193,65.36,Normal
2,20,npc_2,90.63,5.725,88.28,0.0,38.25,Normal
2,20,npc_3,88.48,6.643,185.54,0.798,58.68,Normal
2,20,npc_4,74.72,8.057,162.41,1.568,72.41,Aggressive
2,20,npc_5,88.15,8.232,125.89,1.193,69.07,Normal
2,20,npc_6,86.93,6.289,234.67,1.193,68.59,Normal
2,20,npc_7,79.97,6.853,340.71,1.193,66.01,Normal
2,20,npc_8,85.2,6.795,86.72,2.385,76.13,Aggressive
2,20,npc_9,83.5,7.255,44.05,1.193,68.43,Normal
2,24,npc_0,97.09,8.107,109.41,2.578,80.95,Aggressive
2,24,npc_1,70.63,-0.747,30.61,0.0,26.11,Conservative
2,24,npc_10,86.52,7.971,164.4,0.96,62.23,Normal
2,24,npc_11,92.95,7.924,288.76,1.415,76.94,Aggressive
2,24,npc_12,99.3,7.38,58.18,2.56,81.91,Aggressive
2,24,npc_13,86.81,6.5,65.55,0.0,36.75,Normal
2,24,npc_14,81.24,8.663,210.7,1.28,68.8,Normal
2,24,npc_2,92.82,6.094,90.51,0.0,39.15,Normal
2,24,npc_3,91.5,8.403,187.58,0.798,59.89,Normal
2,24,npc_4,77.68,8.216,161.91,1.586,73.41,Aggressive
2,24,npc_5,90.94,7.755,127.88,1.28,72.51,Aggressive
2,24,npc_6,89.72,7.777,236.52,1.28,72.02,Aggressive
2,24,npc_7,83.02,8.467,341.81,1.28,69.45,Normal
2,24,npc_8,87.42,6.17,85.1,2.56,76.98,Aggressive
2,24,npc_9,86.15,7.346,45.51,1.28,71.27,Aggressive
2,28,npc_0,99.49,6.673,107.31,2.58,82.0,Aggressive
2,28,npc_1,72.8,6.021,31.43,0.0,42.81,Normal
2,28,npc_10,89.12,7.223,165.39,0.96,63.25,Normal
2,28,npc_11,95.1,5.951,290.44,1.415,77.83,Aggressive
2,28,npc_12,102.06,7.677,55.8,2.707,83.15,Aggressive
2,28,npc_13,89.41,7.205,66.55,0.0,37.76,Normal
2,28,npc_14,84.44,8.906,211.14,1.353,71.94,Aggressive
2,28,npc_2,94.83,5.567,92.17,0.0,39.98,Normal
2,28,npc_3,94.47,8.245,189.15,0.798,61.12,Normal
2,28,npc_4,80.73,8.457,161.87,1.596,74.48,Aggressive
2,28,npc_5,93.47,7.028,129.36,1.353,75.51,Aggressive
2,28,npc_6,92.88,8.768,237.92,1.353,75.26,Aggressive
2,28,npc_7,85.65,7.31,342.42,1.353,72.4,Aggressive
2,28,npc_8,89.86,6.78,84.02,2.707,77.95,Aggressive
2,28,npc_9,88.54,6.644,46.42,1.353,73.92,Aggressive
2,32,npc_0,93.01,-18.0,105.51,2.578,79.23,Aggressive
2,32,npc_1,75.58,7.709,31.95,0.0,43.12,Normal
2,32,npc_10,91.84,7.566,166.67,0.96,64.34,Normal
2,32,npc_11,98.15,8.489,292.41,1.415,79.14,Aggressive
2,32,npc_12,105.16,8.625,53.08,2.83,84.58,Aggressive
2,32,npc_13,92.48,8.522,67.9,0.0,39.0,Normal
2,32,npc_14,87.43,8.306,211.92,1.415,74.72,Aggressive
2,32,npc_2,97.1,6.309,94.06,0.0,40.95,Normal
2,32,npc_3,97.76,9.144,191.08,0.798,62.52,Normal
2,32,npc_4,83.31,7.17,161.52,1.6,75.42,Aggressive
2,32,npc_5,95.98,6.975,131.13,1.415,78.21,Aggressive
2,32,npc_6,95.67,7.74,239.62,1.415,78.07,Aggressive
2,32,npc_7,88.63,8.28,343.35,1.415,75.19,Aggressive
2,32,npc_8,92.21,6.525,82.66,2.83,78.9,Aggressive
2,32,npc_9,91.55,8.369,47.65,1.415,76.54,Aggressive
2,36,npc_0,92.24,-2.139,104.0,2.571,67.46,Normal
2,36,npc_1,78.34,7.666,32.33,0.0,43.63,Normal
2,36,npc_10,94.67,7.861,168.11,0.96,65.52,Normal
2,36,npc_11,100.93,7.7,294.65,1.466,81.74,Aggressive
2,36,npc_12,107.71,7.082,49.56,2.933,85.79,Aggressive
2,36,npc_13,94.89,6.715,69.14,0.0,40.01,Normal
2,36,npc_14,90.32,8.022,212.91,1.466,77.23,Aggressive
2,36,npc_2,98.94,5.124,96.22,0.0,41.76,Normal
2,36,npc_3,100.32,7.111,193.29,0.798,63.65,Normal
2,36,npc_4,85.87,7.125,160.86,1.596,76.39,Aggressive
2,36,npc_5,98.39,6.691,133.12,1.466,80.62,Aggressive
2,36,npc_6,95.48,-0.509,241.4,1.466,61.4,Normal
2,36,npc_7,91.31,7.421,344.57,1.466,77.63,Aggressive
2,36,npc_8,92.23,0.034,81.02,2.933,59.04,Normal
2,36,npc_9,94.13,7.161,48.89,1.466,78.83,Aggressive
2,40,npc_0,92.3,0.173,101.75,2.56,59.63,Normal
2,40,npc_1,74.18,-11.539,31.82,0.0,42.81,Normal
2,40,npc_10,97.14,6.858,170.8,0.96,66.57,Normal
2,40,npc_11,103.69,7.681,298.06,1.508,83.89,Aggressive
2,40,npc_12,107.67,-0.115,45.63,3.017,66.83,Normal
2,40,npc_13,98.17,9.094,71.91,0.0,41.42,Normal
2,40,npc_14,93.2,8.007,215.14,1.508,79.3,Aggressive
2,40,npc_2,101.17,6.188,99.37,0.0,42.75,Normal
2,40,npc_3,101.83,4.183,196.58,0.798,61.06,Normal
2,40,npc_4,88.63,7.674,159.14,1.586,77.46,Aggressive
2,40,npc_5,100.95,7.109,136.24,1.508,82.65,Aggressive
2,40,npc_6,95.4,-0.247,243.99,1.508,61.21,Normal
2,40,npc_7,93.94,7.309,346.91,1.508,79.61,Aggressive
2,40,npc_8,92.22,-0.013,78.77,3.017,58.95,Normal
2,40,npc_9,97.11,8.276,51.55,1.508,80.96,Aggressive
2,44,npc_0,92.47,0.465,99.54,2.544,60.86,Normal
2,44,npc_1,71.41,-7.705,31.69,0.0,42.06,Normal
2,44,npc_10,100.41,9.082,173.96,0.96,68.0,Normal
2,44,npc_11,106.32,7.304,301.81,1.542,85.12,Aggressive
2,44,npc_12,107.77,0.281,42.31,3.084,68.83,Normal
2,44,npc_13,100.92,7.649,75.34,0.0,42.63,Normal
2,44,npc_14,96.23,8.41,217.82,1.542,80.58,Aggressive
2,44,npc_2,103.13,5.429,102.7,0.0,43.63,Normal
2,44,npc_3,101.79,-0.105,199.93,0.798,44.73,Normal
2,44,npc_4,89.55,2.54,157.23,1.568,67.98,Normal
2,44,npc_5,103.57,7.275,139.67,1.542,83.84,Aggressive
2,44,npc_6,95.55,0.428,246.61,1.542,62.0,Normal
2,44,npc_7,96.16,6.172,349.51,1.542,80.55,Aggressive
2,44,npc_8,92.49,0.757,76.7,3.084,62.04,Normal
2,44,npc_9,100.19,8.551,54.84,1.542,82.31,Aggressive
2,48,npc_0,92.22,-0.689,97.23,2.524,61.66,Normal
2,48,npc_1,72.89,4.126,31.84,0.0,38.87,Normal
2,48,npc_10,102.13,4.774,177.09,0.96,67.87,Normal
2,48,npc_11,107.87,4.31,305.73,1.568,83.1,Aggressive
2,48,npc_12,107.57,-0.568,37.77,3.135,72.77,Aggressive
2,48,npc_13,103.19,6.302,78.36,0.0,43.66,Normal
2,48,npc_14,98.43,6.113,220.55,1.568,81.53,Aggressive
2,48,npc_2,105.39,6.288,106.4,0.0,44.68,Normal
2,48,npc_3,101.15,-1.776,203.18,0.798,51.13,Normal
2,48,npc_4,89.58,0.079,155.24,1.542,58.15,Normal
2,48,npc_5,105.93,6.564,143.3,1.568,84.94,Aggressive
2,48,npc_6,95.48,-0.192,249.2,1.568,61.03,Normal
2,48,npc_7,98.99,7.874,352.38,1.568,81.78,Aggressive
2,48,npc_8,92.22,-0.766,74.25,3.135,61.96,Normal
2,48,npc_9,102.57,6.613,57.86,1.568,83.38,Aggressive
2,52,npc_0,92.46,0.646,95.76,2.499,61.58,Normal
2,52,npc_1,73.83,2.602,32.52,0.0,32.3,Conservative
2,52,npc_10,103.75,4.516,179.75,0.96,67.59,Normal
2,52,npc_11,107.69,-0.501,308.91,1.586,67.78,Normal
2,52,npc_12,107.74,0.485,34.66,3.171,75.27,Aggressive
2,52,npc_13,105.99,7.781,81.22,0.0,44.96,Normal
2,52,npc_14,99.96,4.234,222.83,1.586,79.14,Aggressive
2,52,npc_2,107.82,6.76,109.49,0.0,45.84,Normal
2,52,npc_3,100.97,-0.497,205.62,0.798,45.93,Normal
2,52,npc_4,89.63,0.151,154.1,1.508,58.46,Normal
2,52,npc_5,107.77,5.091,146.43,1.586,85.81,Aggressive
2,52,npc_6,95.59,0.297,251.0,1.586,61.49,Normal
2,52,npc_7,100.87,5.207,354.74,1.586,82.61,Aggressive
2,52,npc_8,92.45,0.639,72.78,3.171,61.55,Normal
2,52,npc_9,104.88,6.433,60.61,1.586,84.45,Aggressive
2,56,npc_0,92.15,-0.844,95.11,2.47,62.25,Normal
2,56,npc_1,76.58,7.643,33.74,0.0,41.5,Normal
2,56,npc_10,103.38,-1.036,181.65,0.96,53.49,Normal
2,56,npc_11,107.64,-0.13,311.28,1.596,66.27,Normal
2,56,npc_12,107.68,-0.178,32.31,3.193,76.49,Aggressive
2,56,npc_13,106.64,1.803,83.47,0.0,32.49,Conservative
2,56,npc_14,99.65,-0.846,224.32,1.596,65.45,Normal
2,56,npc_2,107.91,0.232,111.86,0.0,26.81,Conservative
2,56,npc_3,100.78,-0.545,207.23,0.798,46.03,Normal
2,56,npc_4,89.74,0.297,153.74,1.466,58.19,Normal
2,56,npc_5,107.79,0.065,148.8,1.596,66.08,Normal
2,56,npc_6,95.35,-0.67,252.0,1.596,62.88,Normal
2,56,npc_7,101.1,0.646,356.37,1.596,65.3,Normal
2,56,npc_8,92.48,0.103,72.13,3.193,59.42,Normal
2,56,npc_9,106.96,5.777,62.84,1.596,85.43,Aggressive
2,60,npc_0,92.14,-0.043,94.51,2.435,59.04,Normal
2,60,npc_1,79.56,8.27,34.47,0.0,41.78,Normal
2,60,npc_10,103.21,-0.469,183.66,0.96,51.15,Normal
2,60,npc_11,107.63,-0.038,313.71,1.6,65.89,Normal
2,60,npc_12,107.71,0.079,30.83,3.2,77.86,Aggressive
2,60,npc_13,106.93,0.802,86.04,0.0,28.62,Conservative
2,60,npc_14,99.65,0.008,225.92,1.6,62.1,Normal
2,60,npc_2,107.94,0.098,114.18,0.0,26.28,Conservative
2,60,npc_3,100.35,-1.193,208.83,0.798,48.43,Normal
2,60,npc_4,89.33,-1.125,153.44,1.415,59.97,Normal
2,60,npc_5,107.87,0.212,151.21,1.6,66.7,Normal
2,60,npc_6,95.65,0.838,253.03,1.6,63.68,Normal
2,60,npc_7,100.98,-0.337,358.01,1.6,64.01,Normal
2,60,npc_8,92.48,-0.007,71.69,3.2,59.03,Normal
2,60,npc_9,107.02,0.154,65.34,1.6,66.07,Normal
2,64,npc_0,92.24,0.28,93.85,2.395,60.02,Normal
2,64,npc_1,82.28,7.556,35.03,0.0,42.22,Normal
2,64,npc_10,103.4,0.517,185.52,0.96,51.42,Normal
2,64,npc_11,107.87,0.674,316.08,1.596,68.55,Normal
2,64,npc_12,107.84,0.361,28.58,3.193,81.97,Aggressive
2,64,npc_13,106.75,-0.49,88.3,0.0,27.28,Conservative
2,64,npc_14,99.66,0.026,227.41,1.596,62.18,Normal
2,64,npc_2,107.71,-0.652,116.56,0.0,28.39,Conservative
2,64,npc_3,100.06,-0.796,210.45,1.006,52.27,Normal
2,64,npc_4,89.64,0.853,153.09,1.353,57.36,Normal
2,64,npc_5,107.64,-0.619,153.58,1.596,68.22,Normal
2,64,npc_6,95.55,-0.266,254.05,1.596,61.35,Normal
2,64,npc_7,101.04,0.173,359.64,1.596,63.38,Normal
2,64,npc_8,92.45,-0.078,71.04,3.193,59.31,Normal
2,64,npc_9,106.86,-0.455,67.61,1.596,67.2,Normal
2,68,npc_0,92.44,0.567,93.19,2.349,61.26,Normal
2,68,npc_1,84.84,7.121,35.45,0.574,58.09,Normal
2,68,npc_10,102.78,-1.716,187.34,0.96,55.94,Normal
2,68,npc_11,107.67,-0.57,318.44,1.586,68.04,Normal
2,68,npc_12,107.7,-0.374,26.35,3.171,85.17,Aggressive
2,68,npc_13,106.7,-0.135,90.56,0.0,25.84,Conservative
2,68,npc_14,99.92,0.711,228.91,1.586,65.03,Normal
2,68,npc_2,107.62,-0.254,118.93,0.0,26.75,Conservative
2,68,npc_3,99.94,-0.338,211.94,1.168,54.71,Normal
2,68,npc_4,89.31,-0.908,152.75,1.28,55.49,Normal
2,68,npc_5,107.77,0.361,155.95,1.586,67.25,Normal
2,68,npc_6,95.63,0.205,255.06,1.586,61.14,Normal
2,68,npc_7,100.86,-0.506,361.27,1.586,64.63,Normal
2,68,npc_8,92.28,-0.481,70.38,3.171,60.85,Normal
2,68,npc_9,106.94,0.231,69.87,1.586,66.34,Normal
2,72,npc_0,92.5,0.162,92.53,2.298,59.66,Normal
2,72,npc_1,87.76,8.093,35.43,0.798,65.19,Normal
2,72,npc_10,102.98,0.559,189.16,0.96,51.4,Normal
2,72,npc_11,107.94,0.748,320.81,1.568,68.88,Normal
2,72,npc_12,107.86,0.431,24.15,3.135,88.96,Aggressive
2,72,npc_13,106.93,0.617,92.83,0.0,27.88,Conservative
2,72,npc_14,99.95,0.084,230.41,1.568,62.54,Normal
2,72,npc_2,107.67,0.151,121.31,0.0,26.37,Conservative
2,72,npc_3,100.03,0.26,213.44,1.302,58.0,Normal
2,72,npc_4,89.63,0.889,152.41,1.193,53.21,Normal
2,72,npc_5,107.77,-0.001,158.33,1.568,65.81,Normal
2,72,npc_6,95.32,-0.845,256.06,1.568,63.57,Normal
2,72,npc_7,101.21,0.983,362.9,1.568,66.7,Normal
2,72,npc_8,92.39,0.314,69.72,3.135,60.23,Normal
2,72,npc_9,107.05,0.304,72.14,1.568,66.68,Normal
2,76,npc_0,92.31,-0.525,91.87,2.24,61.04,Normal
2,76,npc_1,89.83,5.764,35.14,0.96,70.6,Aggressive
2,76,npc_10,102.36,-1.717,190.96,0.96,55.75,Normal
2,76,npc_11,107.8,-0.369,323.2,1.542,67.3,Normal
2,76,npc_12,107.99,0.378,21.98,3.084,92.56,Aggressive
2,76,npc_13,106.99,0.17,95.09,0.0,26.12,Conservative
2,76,npc_14,99.84,-0.292,231.91,1.542,63.32,Normal
2,76,npc_2,107.95,0.78,123.68,0.0,29.01,Conservative
2,76,npc_3,99.65,-1.069,214.94,1.415,64.08,Normal
2,76,npc_4,89.59,-0.126,152.06,1.088,47.35,Normal
2,76,npc_5,107.68,-0.253,160.7,1.542,66.78,Normal
2,76,npc_6,95.26,-0.182,257.05,1.542,60.89,Normal
2,76,npc_7,101.24,0.086,364.54,1.542,63.12,Normal
2,76,npc_8,92.5,0.284,69.06,3.084,60.15,Normal
2,76,npc_9,106.77,-0.769,74.41,1.542,68.41,Normal
2,80,npc_0,92.3,-0.042,91.22,2.176,59.1,Normal
2,80,npc_1,92.68,7.907,34.55,1.088,75.74,Aggressive
2,80,npc_10,102.45,0.254,192.76,0.96,49.94,Normal
2,80,npc_11,107.66,-0.415,325.57,1.508,67.41,Normal
2,80,npc_12,107.68,-0.869,19.86,3.017,98.32,Aggressive
2,80,npc_13,106.89,-0.262,97.36,0.0,26.44,Conservative
2,80,npc_14,99.65,-0.545,233.39,1.508,64.24,Normal
2,80,npc_2,107.9,-0.14,126.05,0.0,26.43,Conservative
2,80,npc_3,99.7,0.15,216.44,1.512,62.69,Normal
2,80,npc_4,89.36,-0.639,151.72,0.96,45.9,Normal
2,80,npc_5,107.82,0.391,163.08,1.508,67.4,Normal
2,80,npc_6,95.25,-0.027,258.05,1.508,60.27,Normal
2,80,npc_7,101.12,-0.357,366.16,1.508,64.15,Normal
2,80,npc_8,92.37,-0.342,68.41,3.017,60.33,Normal
2,80,npc_9,106.65,-0.347,76.68,1.508,66.66,Normal
2,84,npc_0,92.51,0.6,89.75,2.104,61.42,Normal
2,84,npc_1,95.49,7.811,32.86,1.193,81.47,Aggressive
2,84,npc_10,101.95,-1.408,195.32,0.96,54.33,Normal
2,84,npc_11,107.78,0.344,328.76,1.466,66.29,Normal
2,84,npc_12,107.81,0.358,17.15,2.933,100.0,Aggressive
2,84,npc_13,106.92,0.07,100.42,0.0,25.69,Conservative
2,84,npc_14,99.72,0.202,235.68,1.466,62.01,Normal
2,84,npc_2,107.66,-0.674,129.23,0.0,28.45,Conservative
2,84,npc_3,99.76,0.159,218.72,1.596,62.75,Normal
2,84,npc_4,89.66,0.848,150.58,0.798,42.55,Normal
2,84,npc_5,107.67,-0.438,166.26,1.466,66.62,Normal
2,84,npc_6,95.24,-0.022,259.86,1.466,59.35,Normal
2,84,npc_7,100.97,-0.405,368.6,1.466,63.38,Normal
2,84,npc_8,92.37,-0.01,66.95,2.933,59.0,Normal
2,84,npc_9,106.91,0.74,79.75,1.466,67.47,Normal
2,88,npc_0,92.27,-0.663,88.29,2.024,61.57,Normal
2,88,npc_1,98.3,7.793,30.86,1.28,87.33,Aggressive
2,88,npc_10,102.37,1.17,197.86,0.96,53.57,Normal
2,88,npc_11,107.87,0.246,331.94,1.415,64.58,Normal
2,88,npc_12,107.79,-0.063,14.62,2.83,100.0,Aggressive
2,88,npc_13,106.95,0.087,103.49,0.0,25.77,Conservative
2,88,npc_14,99.71,-0.023,237.98,1.415,59.92,Normal
2,88,npc_2,107.98,0.89,132.41,0.0,29.47,Conservative
2,88,npc_3,100.02,0.717,221.02,1.67,65.1,Normal
2,88,npc_4,89.52,-0.411,149.44,0.574,34.77,Conservative
2,88,npc_5,107.7,0.08,169.43,1.415,63.83,Normal
2,88,npc_6,95.49,0.712,261.68,1.415,60.85,Normal
2,88,npc_7,100.99,0.062,371.02,1.415,60.65,Normal
2,88,npc_8,92.32,-0.149,65.49,2.83,59.53,Normal
2,88,npc_9,106.99,0.205,82.82,1.415,63.99,Normal
2,92,npc_0,92.28,0.02,86.77,1.935,59.0,Normal
2,92,npc_1,100.84,7.056,28.59,1.639,97.27,Aggressive
2,92,npc_10,101.73,-1.77,200.25,0.96,55.68,Normal
2,92,npc_11,107.81,-0.156,335.07,1.353,62.54,Normal
2,92,npc_12,107.63,-0.435,10.13,2.707,100.0,Aggressive
2,92,npc_13,106.91,-0.12,106.31,0.0,25.88,Conservative
2,92,npc_14,99.94,0.619,240.16,1.353,60.76,Normal
2,92,npc_2,107.5,-1.327,135.61,0.0,30.99,Conservative
2,92,npc_3,99.73,-0.797,223.23,1.733,65.29,Normal
2,92,npc_4,89.4,-0.318,148.26,0.0,19.03,Conservative
2,92,npc_5,107.57,-0.352,172.56,1.353,63.21,Normal
2,92,npc_6,95.26,-0.662,263.45,1.353,58.9,Normal
2,92,npc_7,100.88,-0.311,373.42,1.353,59.95,Normal
2,92,npc_8,92.49,0.49,63.8,2.707,60.97,Normal
2,92,npc_9,106.86,-0.355,85.7,1.353,62.89,Normal
2,96,npc_0,92.41,0.373,84.51,1.835,60.47,Normal
2,96,npc_1,103.71,7.991,25.2,1.908,100.0,Aggressive
2,96,npc_10,102.15,1.173,203.58,0.96,53.48,Normal
2,96,npc_11,107.63,-0.498,339.05,1.28,61.87,Normal
2,96,npc_12,107.73,0.263,7.49,2.56,100.0,Aggressive
2,96,npc_13,106.92,0.033,110.19,0.0,25.54,Conservative
2,96,npc_14,100.04,0.299,243.26,1.28,57.57,Normal
2,96,npc_2,107.16,-0.95,139.56,0.0,29.32,Conservative
2,96,npc_3,99.96,0.635,226.33,1.788,64.74,Normal
2,96,npc_4,89.61,0.569,146.31,0.0,20.12,Conservative
2,96,npc_5,107.19,-1.06,176.47,1.28,63.91,Normal
2,96,npc_6,95.34,0.236,266.06,1.28,55.28,Normal
2,96,npc_7,101.26,1.057,376.67,1.28,61.15,Normal
2,96,npc_8,92.49,0.005,61.54,2.56,59.03,Normal
2,96,npc_9,106.89,0.098,89.59,1.28,59.92,Normal
2,100,npc_0,92.12,-0.823,83.05,1.723,62.15,Normal
2,100,npc_1,106.18,6.859,22.34,2.123,100.0,Aggressive
2,100,npc_10,101.99,-0.445,206.11,0.96,50.5,Normal
2,100,npc_11,107.9,0.745,342.23,1.193,60.65,Normal
2,100,npc_12,107.71,-0.051,6.44,2.385,100.0,Aggressive
2,100,npc_13,106.91,-0.02,113.26,0.0,25.48,Conservative
2,100,npc_14,100.01,-0.084,245.56,1.193,54.37,Normal
2,100,npc_2,106.82,-0.946,142.67,0.0,29.14,Conservative
2,100,npc_3,100.03,0.195,228.64,1.835,63.02,Normal
2,100,npc_4,89.74,0.383,145.16,0.0,19.43,Conservative
2,100,npc_5,106.66,-1.453,179.55,1.193,62.9,Normal
2,100,npc_6,95.3,-0.105,267.87,1.193,52.4,Normal
2,100,npc_7,101.27,0.035,379.1,1.193,54.73,Normal
2,100,npc_8,92.47,-0.061,60.09,2.385,59.25,Normal
2,100,npc_9,106.74,-0.433,92.66,1.193,58.85,Normal
2,104,npc_0,92.24,0.335,80.8,1.596,60.25,Normal
2,104,npc_1,107.7,4.226,18.45,2.298,100.0,Aggressive
2,104,npc_10,101.95,-0.133,209.43,0.96,49.23,Normal
2,104,npc_11,107.85,-0.135,346.2,1.088,55.4,Normal
2,104,npc_12,107.68,-0.073,7.18,2.176,100.0,Aggressive
2,104,npc_13,107.04,0.358,117.13,0.0,26.9,Conservative
2,104,npc_14,100.07,0.155,248.67,1.088,51.88,Normal
2,104,npc_2,106.58,-0.659,146.53,0.0,27.88,Conservative
2,104,npc_3,100.04,0.029,231.74,1.875,62.36,Normal
2,104,npc_4,89.62,-0.353,143.21,0.0,19.26,Conservative
2,104,npc_5,106.4,-0.729,183.43,1.193,59.88,Normal
2,104,npc_6,95.58,0.78,270.48,1.088,52.43,Normal
2,104,npc_7,101.12,-0.419,382.32,1.088,53.41,Normal
2,104,npc_8,92.51,0.116,57.84,2.176,59.48,Normal
2,104,npc_9,106.86,0.327,96.53,1.088,55.69,Normal
2,108,npc_0,92.37,0.375,78.61,1.451,59.15,Normal
2,108,npc_1,97.96,-27.063,14.75,2.442,100.0,Aggressive
2,108,npc_10,101.81,-0.385,212.66,0.96,50.17,Normal
2,108,npc_11,107.84,-0.022,350.16,0.96,51.53,Normal
2,108,npc_12,107.97,0.809,7.92,1.92,100.0,Aggressive
2,108,npc_13,107.03,-0.024,120.87,0.0,25.55,Conservative
2,108,npc_14,99.82,-0.685,251.71,0.96,50.48,Normal
2,108,npc_2,107.86,3.544,150.61,0.0,40.03,Normal
2,108,npc_3,100.05,0.04,234.83,1.908,62.4,Normal
2,108,npc_4,89.58,-0.116,141.3,0.0,18.29,Conservative
2,108,npc_5,101.42,-13.825,186.94,1.193,74.66,Aggressive
2,108,npc_6,95.33,-0.696,273.11,0.96,48.58,Normal
2,108,npc_7,100.88,-0.667,385.56,0.96,50.88,Normal
2,108,npc_8,92.43,-0.235,55.49,1.92,59.92,Normal
2,108,npc_9,106.74,-0.323,100.35,0.96,52.21,Normal
2,112,npc_0,90.75,-4.507,75.59,1.28,70.46,Aggressive
2,112,npc_1,92.66,-14.717,12.07,2.8,100.0,Aggressive
2,112,npc_10,101.54,-0.743,216.74,0.96,51.48,Normal
2,112,npc_11,107.82,-0.076,354.95,0.798,47.42,Normal
2,112,npc_12,107.79,-0.518,12.44,1.596,100.0,Aggressive
2,112,npc_13,106.95,-0.217,125.55,0.0,26.29,Conservative
2,112,npc_14,100.05,0.628,255.6,0.798,46.04,Normal
2,112,npc_2,107.6,-0.718,155.37,0.0,28.6,Conservative
2,112,npc_3,99.8,-0.715,238.72,1.935,64.99,Normal
2,112,npc_4,89.55,-0.069,138.54,0.0,18.1,Conservative
2,112,npc_5,101.5,0.201,191.05,1.193,55.5,Normal
2,112,npc_6,95.52,0.522,276.58,0.96,47.97,Normal
2,112,npc_7,100.88,0.006,389.59,0.798,43.93,Normal
2,112,npc_8,88.82,-10.026,52.57,1.596,77.53,Aggressive
2,112,npc_9,106.95,0.585,105.04,0.798,49.05,Normal
2,116,npc_0,88.44,-6.409,73.2,1.28,71.52,Aggressive
2,116,npc_1,83.75,-24.76,8.99,3.084,100.0,Aggressive
2,116,npc_10,101.4,-0.385,220.8,0.96,49.99,Normal
2,116,npc_11,107.93,0.308,359.74,0.574,42.44,Normal
2,116,npc_12,107.66,-0.36,16.8,1.149,93.1,Aggressive
2,116,npc_13,107.04,0.244,130.2,0.0,26.44,Conservative
2,116,npc_14,100.02,-0.079,259.48,0.574,37.86,Normal
2,116,npc_2,107.65,0.149,160.3,0.0,26.35,Conservative
2,116,npc_3,99.68,-0.326,242.63,1.955,63.39,Normal
2,116,npc_4,89.49,-0.168,135.9,0.0,18.47,Conservative
2,116,npc_5,102.04,1.506,195.19,1.193,60.96,Normal
2,116,npc_6,95.27,-0.687,280.07,0.96,48.52,Normal
2,116,npc_7,101.23,0.955,393.67,0.574,41.91,Normal
2,116,npc_8,89.45,1.747,50.07,1.149,55.4,Normal
2,116,npc_9,107.01,0.174,109.77,0.574,41.46,Normal
2,120,npc_0,86.34,-5.833,70.39,1.28,70.7,Aggressive
2,120,npc_1,82.44,-3.637,7.83,3.314,100.0,Aggressive
2,120,npc_10,101.52,0.316,224.89,0.96,49.76,Normal
2,120,npc_11,107.57,-0.992,364.49,0.0,29.68,Conservative
2,120,npc_12,107.69,0.084,21.8,0.0,51.55,Normal
2,120,npc_13,106.65,-1.093,134.91,0.0,29.65,Conservative
2,120,npc_14,99.94,-0.218,263.4,0.0,23.07,Conservative
2,120,npc_2,107.76,0.306,164.91,0.0,27.03,Conservative
2,120,npc_3,100.01,0.924,246.52,1.97,65.92,Normal
2,120,npc_4,89.56,0.19,133.04,0.0,18.58,Conservative
2,120,npc_5,101.81,-0.622,199.26,1.193,57.33,Normal
2,120,npc_6,95.61,0.919,283.39,0.96,49.59,Normal
2,120,npc_7,101.17,-0.165,397.66,0.0,23.4,Conservative
2,120,npc_8,84.34,-14.176,47.51,0.0,36.01,Normal
2,120,npc_9,106.79,-0.617,114.4,0.0,27.81,Conservative
2,124,npc_0,81.42,-13.686,69.2,1.193,66.53,Normal
2,124,npc_1,85.4,8.22,6.6,3.499,100.0,Aggressive
2,124,npc_10,101.2,-0.879,228.17,0.798,47.56,Normal
2,124,npc_11,107.98,1.142,368.46,0.0,30.48,Conservative
2,124,npc_12,107.98,0.813,25.75,0.0,47.97,Normal
2,124,npc_13,106.83,0.501,138.77,0.0,27.36,Conservative
2,124,npc_14,99.93,-0.021,266.5,0.0,22.28,Conservative
2,124,npc_2,107.86,0.283,168.89,0.0,26.99,Conservative
2,124,npc_3,99.73,-0.772,249.62,1.801,65.19,Normal
2,124,npc_4,89.55,-0.028,131.08,0.0,17.93,Conservative
2,124,npc_5,102.16,0.972,202.58,1.28,61.21,Normal
2,124,npc_6,95.5,-0.279,285.99,1.088,50.39,Normal
2,124,npc_7,100.95,-0.614,400.9,0.0,25.1,Conservative
2,124,npc_8,81.01,-9.263,46.44,0.0,34.99,Conservative
2,124,npc_9,107.03,0.675,118.26,0.0,28.16,Conservative
2,128,npc_0,82.35,2.59,68.37,1.088,54.44,Normal
2,128,npc_1,76.25,-25.423,4.76,3.647,100.0,Aggressive
2,128,npc_10,101.26,0.179,231.38,0.574,38.82,Normal
2,128,npc_11,107.63,-0.975,372.44,0.0,29.64,Conservative
2,128,npc_12,107.56,-1.175,29.51,0.0,43.84,Normal
2,128,npc_13,106.62,-0.579,142.59,0.0,27.58,Conservative
2,128,npc_14,100.03,0.266,269.57,0.0,23.3,Conservative
2,128,npc_2,107.73,-0.377,172.99,0.0,27.3,Conservative
2,128,npc_3,99.82,0.236,252.73,1.586,63.09,Normal
2,128,npc_4,89.33,-0.619,129.25,0.0,20.21,Conservative
2,128,npc_5,100.8,-3.781,205.85,1.353,73.8,Aggressive
2,128,npc_6,95.33,-0.479,288.67,1.193,53.91,Normal
2,128,npc_7,100.88,-0.176,404.22,0.574,38.64,Normal
2,128,npc_8,82.97,5.437,45.44,0.0,35.96,Normal
2,128,npc_9,106.79,-0.677,122.17,0.0,28.05,Conservative
2,132,npc_0,80.28,-5.756,67.25,0.96,59.92,Normal
2,132,npc_1,63.29,-36.0,5.19,3.762,100.0,Aggressive
2,132,npc_10,100.8,-1.294,234.61,0.0,27.75,Conservative
2,132,npc_11,107.86,0.627,376.42,0.0,28.36,Conservative
2,132,npc_12,107.78,0.618,33.5,0.0,37.0,Normal
2,132,npc_13,106.64,0.049,146.45,0.0,25.46,Conservative
2,132,npc_14,99.81,-0.606,272.66,0.0,24.56,Conservative
2,132,npc_2,107.94,0.575,176.97,0.0,28.19,Conservative
2,132,npc_3,99.8,-0.06,255.82,1.568,62.37,Normal
2,132,npc_4,89.3,-0.076,127.31,0.0,18.02,Conservative
2,132,npc_5,101.05,0.674,209.12,1.415,63.12,Normal
2,132,npc_6,95.3,-0.082,291.28,1.28,54.64,Normal
2,132,npc_7,100.85,-0.102,407.44,0.798,44.29,Normal
2,132,npc_8,78.66,-11.969,44.43,0.0,34.74,Conservative
2,132,npc_9,106.87,0.227,126.02,0.0,26.29,Conservative
2,136,npc_0,73.8,-18.0,66.55,0.798,53.39,Normal
2,136,npc_1,62.25,-2.886,7.15,3.847,100.0,Aggressive
2,136,npc_10,101.02,0.607,237.85,0.0,25.1,Conservative
2,136,npc_11,107.87,0.028,380.39,0.0,25.97,Conservative
2,136,npc_12,107.64,-0.388,37.62,0.0,32.21,Conservative
2,136,npc_13,106.81,0.482,150.35,0.0,27.28,Conservative
2,136,npc_14,99.83,0.056,275.78,0.0,22.37,Conservative
2,136,npc_2,107.73,-0.565,180.8,0.0,28.05,Conservative
2,136,npc_3,100.06,0.722,258.9,1.542,65.13,Normal
2,136,npc_4,89.38,0.236,125.37,0.574,34.02,Conservative
2,136,npc_5,100.93,-0.334,212.32,1.466,63.08,Normal
2,136,npc_6,95.28,-0.056,293.79,1.353,56.49,Normal
2,136,npc_7,100.95,0.284,410.62,0.96,49.38,Normal
2,136,npc_8,72.18,-18.0,44.02,0.0,32.72,Conservative
2,136,npc_9,106.88,0.025,129.84,0.0,25.49,Conservative
2,140,npc_0,72.02,-4.933,67.37,0.574,46.58,Normal
2,140,npc_1,64.92,7.418,8.69,3.905,100.0,Aggressive
2,140,npc_10,101.17,0.438,240.26,0.0,24.5,Conservative
2,140,npc_11,107.74,-0.362,383.56,0.0,27.24,Conservative
2,140,npc_12,107.8,0.452,40.79,0.0,30.35,Conservative
2,140,npc_13,107.0,0.522,153.43,0.0,27.53,Conservative
2,140,npc_14,99.82,-0.043,278.07,0.0,22.31,Conservative
2,140,npc_2,107.56,-0.473,183.97,0.0,27.6,Conservative
2,140,npc_3,100.04,-0.032,261.19,1.508,62.37,Normal
2,140,npc_4,89.72,0.936,124.23,0.798,42.92,Normal
2,140,npc_5,100.75,-0.501,214.74,1.508,64.56,Normal
2,140,npc_6,95.28,-0.001,295.6,1.415,57.92,Normal
2,140,npc_7,101.1,0.423,413.06,1.088,53.42,Normal
2,140,npc_8,72.48,0.825,44.83,0.0,15.83,Conservative
2,140,npc_9,106.84,-0.117,132.92,0.0,25.83,Conservative
2,144,npc_0,73.67,4.584,67.26,0.0,30.4,Conservative
2,144,npc_1,67.21,6.361,9.28,3.935,100.0,Aggressive
2,144,npc_10,100.77,-1.132,243.48,0.0,27.09,Conservative
2,144,npc_11,107.61,-0.338,387.52,0.0,27.09,Conservative
2,144,npc_12,107.82,0.043,44.76,0.0,26.88,Conservative
2,144,npc_13,106.72,-0.765,157.29,0.0,28.37,Conservative
2,144,npc_14,99.69,-0.351,281.17,0.0,23.49,Conservative
2,144,npc_2,107.55,-0.02,187.94,0.0,25.79,Conservative
2,144,npc_3,99.95,-0.249,264.3,1.466,62.3,Normal
2,144,npc_4,89.46,-0.719,122.29,0.96,46.26,Normal
2,144,npc_5,101.8,2.936,218.0,1.542,74.77,Aggressive
2,144,npc_6,95.3,0.056,298.2,1.466,59.51,Normal
2,144,npc_7,101.02,-0.226,416.29,1.193,55.38,Normal
2,144,npc_8,73.12,1.797,44.83,0.574,35.24,Normal
2,144,npc_9,106.8,-0.099,136.79,0.0,25.75,Conservative
2,148,npc_0,76.17,6.938,67.12,0.0,32.89,Conservative
2,148,npc_1,62.72,-12.48,9.46,3.939,100.0,Aggressive
2,148,npc_10,100.87,0.284,246.67,0.0,23.75,Conservative
2,148,npc_11,107.57,-0.119,391.5,0.0,26.19,Conservative
2,148,npc_12,107.96,0.409,48.62,0.0,27.6,Conservative
2,148,npc_13,106.85,0.361,161.14,0.0,26.82,Conservative
2,148,npc_14,100.08,1.082,284.26,0.0,26.59,Conservative
2,148,npc_2,107.98,1.188,192.07,0.0,30.66,Conservative
2,148,npc_3,100.08,0.338,267.41,1.415,61.35,Normal
2,148,npc_4,89.69,0.62,120.55,1.088,49.36,Normal
2,148,npc_5,100.93,-2.409,221.24,1.568,72.28,Aggressive
2,148,npc_6,95.32,0.055,300.88,1.508,60.41,Normal
2,148,npc_7,100.95,-0.197,419.57,1.28,57.57,Normal
2,148,npc_8,71.14,-5.499,44.61,0.798,53.46,Normal
2,148,npc_9,106.98,0.479,140.7,0.0,27.35,Conservative
2,152,npc_0,79.14,8.262,66.45,0.0,33.92,Conservative
2,152,npc_1,56.24,-18.0,10.94,3.918,100.0,Aggressive
2,152,npc_10,100.86,-0.014,249.87,0.0,22.66,Conservative
2,152,npc_11,107.83,0.711,395.48,0.0,28.68,Conservative
2,152,npc_12,107.79,-0.482,52.59,0.0,27.75,Conservative
2,152,npc_13,106.6,-0.696,165.01,0.0,28.04,Conservative
2,152,npc_14,100.05,-0.086,287.36,0.0,22.59,Conservative
2,152,npc_2,107.76,-0.604,196.03,0.0,28.22,Conservative
2,152,npc_3,99.78,-0.812,270.51,1.353,61.46,Normal
2,152,npc_4,89.39,-0.824,118.4,1.088,50.06,Normal
2,152,npc_5,100.5,-1.198,224.45,1.586,67.24,Normal
2,152,npc_6,95.45,0.366,303.47,1.542,61.71,Normal
2,152,npc_7,101.1,0.417,422.8,1.353,60.48,Normal
2,152,npc_8,65.83,-14.755,45.08,0.96,56.01,Normal
2,152,npc_9,107.02,0.119,144.58,0.0,25.93,Conservative
2,156,npc_0,81.99,7.891,64.65,0.0,34.94,Conservative
2,156,npc_1,51.73,-12.512,12.12,3.87,100.0,Aggressive
2,156,npc_10,100.54,-0.889,253.86,0.0,26.02,Conservative
2,156,npc_11,107.78,-0.125,400.26,0.0,26.32,Conservative
2,156,npc_12,107.55,-0.662,57.36,0.0,28.35,Conservative
2,156,npc_13,106.83,0.637,169.69,0.0,27.91,Conservative
2,156,npc_14,99.74,-0.866,291.24,0.0,25.57,Conservative
2,156,npc_2,107.72,-0.112,200.8,0.0,26.24,Conservative
2,156,npc_3,99.75,-0.099,274.4,1.28,56.64,Normal
2,156,npc_4,89.6,0.584,115.65,1.088,49.19,Normal
2,156,npc_5,100.63,0.348,228.48,1.596,63.9,Normal
2,156,npc_6,95.63,0.489,306.89,1.568,62.28,Normal
2,156,npc_7,100.87,-0.634,426.83,1.415,62.88,Normal
2,156,npc_8,61.96,-10.76,45.2,1.088,58.27,Normal
2,156,npc_9,107.03,0.031,149.25,0.0,25.58,Conservative
2,160,npc_0,84.37,6.621,63.38,0.0,35.82,Normal
2,160,npc_1,52.94,3.365,14.33,3.794,100.0,Aggressive
2,160,npc_10,100.76,0.608,257.07,0.0,24.99,Conservative
2,160,npc_11,107.71,-0.201,404.22,0.0,26.59,Conservative
2,160,npc_12,107.83,0.761,61.32,0.0,28.88,Conservative
2,160,npc_13,106.99,0.448,173.56,0.0,27.23,Conservative
2,160,npc_14,99.86,0.337,294.35,0.0,23.51,Conservative
2,160,npc_2,107.58,-0.401,204.77,0.0,27.32,Conservative
2,160,npc_3,99.75,0.003,277.5,1.193,53.92,Normal
2,160,npc_4,89.49,-0.291,113.7,1.088,47.97,Normal
2,160,npc_5,100.83,0.566,231.7,1.6,64.86,Normal
2,160,npc_6,95.3,-0.924,309.5,1.586,63.88,Normal
2,160,npc_7,100.86,-0.026,430.06,1.466,61.82,Normal
2,160,npc_8,60.73,-3.408,46.49,1.193,54.02,Normal
2,160,npc_9,106.65,-1.045,153.11,0.0,29.46,Conservative
2,164,npc_0,87.02,7.357,61.84,0.0,36.83,Normal
2,164,npc_1,55.14,6.092,16.29,3.689,100.0,Aggressive
2,164,npc_10,100.75,-0.046,260.25,0.0,22.74,Conservative
2,164,npc_11,107.75,0.115,408.21,0.0,26.26,Conservative
2,164,npc_12,107.59,-0.647,65.29,0.0,28.32,Conservative
2,164,npc_13,106.82,-0.488,177.42,0.0,27.31,Conservative
2,164,npc_14,99.72,-0.382,297.44,0.0,23.63,Conservative
2,164,npc_2,107.91,0.924,208.74,0.0,29.57,Conservative
2,164,npc_3,99.92,0.482,280.6,1.088,53.12,Normal
2,164,npc_4,89.4,-0.247,111.76,1.088,47.76,Normal
2,164,npc_5,100.49,-0.96,234.87,1.596,66.28,Normal
2,164,npc_6,95.65,0.981,312.1,1.596,64.26,Normal
2,164,npc_7,100.86,-0.011,433.28,1.508,62.65,Normal
2,164,npc_8,61.55,2.269,47.7,1.28,51.8,Normal
2,164,npc_9,106.65,-0.015,156.98,0.0,25.34,Conservative
2,168,npc_0,90.2,8.853,59.96,0.0,38.08,Normal
2,168,npc_1,58.1,8.234,17.96,3.552,100.0,Aggressive
2,168,npc_10,100.78,0.103,263.43,0.0,22.98,Conservative
2,168,npc_11,107.9,0.408,412.18,0.0,27.5,Conservative
2,168,npc_12,107.71,0.312,69.26,0.0,27.03,Conservative
2,168,npc_13,106.91,0.249,181.3,0.0,26.39,Conservative
2,168,npc_14,100.08,0.994,300.55,0.0,26.23,Conservative
2,168,npc_2,107.64,-0.767,212.72,0.0,28.81,Conservative
2,168,npc_3,99.95,0.086,283.7,0.96,48.15,Normal
2,168,npc_4,89.67,0.734,109.82,1.088,49.81,Normal
2,168,npc_5,101.25,2.122,238.09,1.586,71.27,Aggressive
2,168,npc_6,95.58,-0.187,314.71,1.6,61.05,Normal
2,168,npc_7,101.07,0.596,436.5,1.542,65.09,Normal
2,168,npc_8,62.84,3.591,48.78,1.353,59.28,Normal
2,168,npc_9,106.73,0.23,160.86,0.0,26.23,Conservative
2,172,npc_0,93.0,7.767,58.56,0.0,39.22,Normal
2,172,npc_1,60.81,7.527,20.11,3.38,96.81,Aggressive
2,172,npc_10,100.52,-0.719,265.81,0.0,25.33,Conservative
2,172,npc_11,107.82,-0.224,415.35,0.0,26.73,Conservative
2,172,npc_12,107.73,0.071,72.43,0.0,26.08,Conservative
2,172,npc_13,106.71,-0.555,184.38,0.0,27.52,Conservative
2,172,npc_14,99.83,-0.702,302.84,0.0,24.95,Conservative
2,172,npc_2,107.77,0.371,215.9,0.0,27.29,Conservative
2,172,npc_3,99.83,-0.348,286.0,0.798,44.82,Normal
2,172,npc_4,89.6,-0.18,108.66,1.088,47.57,Normal
2,172,npc_5,100.37,-2.454,240.49,1.568,72.2,Aggressive
2,172,npc_6,95.31,-0.751,316.51,1.596,63.19,Normal
2,172,npc_7,101.28,0.58,438.93,1.568,65.12,Normal
2,172,npc_8,64.75,5.316,50.45,1.415,67.05,Normal
2,172,npc_9,106.97,0.668,163.94,0.0,28.1,Conservative
2,176,npc_0,95.52,7.0,56.06,0.0,40.28,Normal
2,176,npc_1,63.59,7.729,21.16,3.166,95.6,Aggressive
2,176,npc_10,100.46,-0.168,268.98,0.0,23.1,Conservative
2,176,npc_11,107.62,-0.557,419.31,0.0,27.97,Conservative
2,176,npc_12,107.84,0.3,76.41,0.0,27.04,Conservative
2,176,npc_13,106.79,0.229,188.24,0.0,26.26,Conservative
2,176,npc_14,99.7,-0.355,305.94,0.0,23.51,Conservative
2,176,npc_2,107.68,-0.248,219.86,0.0,26.76,Conservative
2,176,npc_3,100.04,0.587,289.1,0.574,39.9,Normal
2,176,npc_4,89.6,-0.008,106.71,1.088,46.88,Normal
2,176,npc_5,101.13,2.105,243.69,1.542,71.15,Aggressive
2,176,npc_6,95.43,0.319,319.12,1.586,61.51,Normal
2,176,npc_7,101.23,-0.143,442.16,1.586,63.34,Normal
2,176,npc_8,66.39,4.539,51.14,1.466,67.05,Normal
2,176,npc_9,107.02,0.144,167.8,0.0,26.03,Conservative
2,180,npc_0,91.39,-11.464,53.36,0.0,38.56,Normal
2,180,npc_1,66.31,7.554,22.14,2.902,94.62,Aggressive
2,180,npc_10,100.55,0.251,272.17,0.0,23.47,Conservative
2,180,npc_11,107.59,-0.073,423.26,0.0,26.02,Conservative
2,180,npc_12,107.62,-0.607,80.45,0.0,28.17,Conservative
2,180,npc_13,106.77,-0.046,192.14,0.0,25.52,Conservative
2,180,npc_14,100.08,1.049,309.06,0.0,26.45,Conservative
2,180,npc_2,107.57,-0.296,223.7,0.0,26.9,Conservative
2,180,npc_3,99.91,-0.358,292.17,0.0,23.61,Conservative
2,180,npc_4,89.67,0.195,104.62,1.088,47.66,Normal
2,180,npc_5,100.55,-1.6,246.84,1.508,68.87,Normal
2,180,npc_6,95.37,-0.157,321.65,1.568,60.84,Normal
2,180,npc_7,100.93,-0.849,445.32,1.596,66.03,Normal
2,180,npc_8,68.29,5.276,51.74,1.508,70.36,Aggressive
2,180,npc_9,106.86,-0.461,171.65,0.0,27.22,Conservative
2,184,npc_0,89.44,-5.424,52.2,0.0,37.78,Normal
2,184,npc_1,69.29,8.278,23.36,2.571,93.38,Aggressive
2,184,npc_10,100.34,-0.605,274.54,0.0,24.79,Conservative
2,184,npc_11,107.83,0.665,426.43,0.0,28.5,Conservative
2,184,npc_12,107.77,0.419,83.62,0.0,27.49,Conservative
2,184,npc_13,107.02,0.68,195.21,0.0,28.17,Conservative
2,184,npc_14,99.97,-0.3,311.36,0.0,23.41,Conservative
2,184,npc_2,107.56,-0.045,226.87,0.0,25.89,Conservative
2,184,npc_3,99.98,0.196,294.48,0.0,23.0,Conservative
2,184,npc_4,89.6,-0.204,103.48,1.088,47.66,Normal
2,184,npc_5,100.41,-0.389,249.24,1.466,63.06,Normal
2,184,npc_6,95.6,0.624,323.44,1.542,62.8,Normal
2,184,npc_7,100.98,0.153,447.75,1.6,63.27,Normal
2,184,npc_8,70.24,5.427,52.82,1.542,70.96,Aggressive
2,184,npc_9,106.7,-0.444,174.71,0.0,27.07,Conservative
2,188,npc_0,91.26,5.046,51.77,0.0,38.51,Normal
2,188,npc_1,71.92,7.311,25.06,2.444,91.39,Aggressive
2,188,npc_10,100.36,0.079,276.1,0.0,22.7,Conservative
2,188,npc_11,107.99,0.455,428.81,0.0,27.74,Conservative
2,188,npc_12,107.62,-0.409,85.99,0.0,27.37,Conservative
2,188,npc_13,106.92,-0.281,197.48,0.0,26.53,Conservative
2,188,npc_14,99.92,-0.15,312.86,0.0,22.78,Conservative
2,188,npc_2,107.94,1.065,229.24,0.0,30.15,Conservative
2,188,npc_3,99.86,-0.332,295.98,0.0,23.49,Conservative
2,188,npc_4,89.68,0.215,103.12,1.088,47.74,Normal
2,188,npc_5,100.94,1.487,250.82,1.415,66.33,Normal
2,188,npc_6,95.68,0.226,324.45,1.508,61.25,Normal
2,188,npc_7,101.28,0.828,449.39,1.596,66.11,Normal
2,188,npc_8,72.52,6.326,54.44,1.568,71.69,Aggressive
2,188,npc_9,107.04,0.946,176.98,0.0,29.25,Conservative
2,192,npc_0,93.77,6.967,51.86,0.0,39.54,Normal
2,192,npc_1,75.12,8.869,27.23,2.29,89.13,Aggressive
2,192,npc_10,100.3,-0.165,276.86,0.0,23.02,Conservative
2,192,npc_11,107.79,-0.561,430.39,0.0,28.06,Conservative
2,192,npc_12,107.57,-0.141,87.56,0.0,26.28,Conservative
2,192,npc_13,106.6,-0.873,198.94,0.0,28.75,Conservative
2,192,npc_14,99.96,0.123,313.56,0.0,22.7,Conservative
2,192,npc_2,107.94,-0.014,230.82,0.0,25.95,Conservative
2,192,npc_3,99.95,0.234,296.68,0.0,23.13,Conservative
2,192,npc_4,89.53,-0.403,103.58,1.088,48.43,Normal
2,192,npc_5,100.36,-1.611,251.59,1.353,64.92,Normal
2,192,npc_6,95.58,-0.268,324.66,1.466,60.48,Normal
2,192,npc_7,100.97,-0.847,450.21,1.586,66.04,Normal
2,192,npc_8,74.58,5.722,56.65,1.586,72.36,Aggressive
2,192,npc_9,106.63,-1.141,178.45,0.0,29.83,Conservative
2,196,npc_0,96.78,8.373,51.53,0.0,40.81,Normal
2,196,npc_1,77.54,6.739,29.64,2.104,86.63,Aggressive
2,196,npc_10,100.34,0.09,277.66,0.0,22.73,Conservative
2,196,npc_11,107.83,0.105,431.96,0.0,26.26,Conservative
2,196,npc_12,107.68,0.3,89.3,0.0,26.97,Conservative
2,196,npc_13,106.63,0.088,200.48,0.0,25.62,Conservative
2,196,npc_14,99.69,-0.76,314.3,0.0,25.12,Conservative
2,196,npc_2,107.67,-0.74,232.32,0.0,28.72,Conservative
2,196,npc_3,99.99,0.118,297.4,0.0,22.69,Conservative
2,196,npc_4,89.66,0.371,103.98,1.088,48.36,Normal
2,196,npc_5,100.11,-0.711,252.35,1.28,59.25,Normal
2,196,npc_6,95.59,0.023,324.83,1.415,58.13,Normal
2,196,npc_7,101.17,0.55,451.01,1.568,64.95,Normal
2,196,npc_8,77.12,7.07,58.84,1.596,73.22,Aggressive
2,196,npc_9,106.81,0.5,179.94,0.0,27.35,Conservative
2,200,npc_0,98.91,5.91,51.13,0.0,41.74,Normal
2,200,npc_1,80.47,8.131,30.67,1.875,86.34,Aggressive
2,200,npc_10,100.34,0.001,278.34,0.0,22.38,Conservative
2,200,npc_11,107.78,-0.136,433.52,0.0,26.36,Conservative
2,200,npc_12,107.8,0.314,90.69,0.0,27.08,Conservative
2,200,npc_13,107.02,1.074,201.89,0.0,29.75,Conservative
2,200,npc_14,99.95,0.743,314.96,0.0,25.17,Conservative
2,200,npc_2,107.75,0.234,233.96,0.0,26.74,Conservative
2,200,npc_3,99.97,-0.056,298.08,0.0,22.43,Conservative
2,200,npc_4,89.53,-0.366,104.49,1.088,48.28,Normal
2,200,npc_5,100.39,0.775,253.1,1.193,57.3,Normal
2,200,npc_6,95.45,-0.383,325.09,1.353,57.87,Normal
2,200,npc_7,101.19,0.041,451.88,1.542,62.92,Normal
2,200,npc_8,79.63,6.954,60.25,1.6,74.09,Aggressive
2,200,npc_9,107.02,0.588,181.39,0.0,27.8,Conservative
2,204,npc_0,100.82,5.327,51.23,0.0,42.59,Normal
2,204,npc_1,83.18,7.522,32.74,1.586,84.91,Aggressive
2,204,npc_10,100.1,-0.668,278.29,0.0,24.94,Conservative
2,204,npc_11,107.66,-0.323,434.29,0.0,27.05,Conservative
2,204,npc_12,107.6,-0.53,91.47,0.0,27.85,Conservative
2,204,npc_13,106.66,-0.99,202.55,0.0,29.24,Conservative
2,204,npc_14,100.01,0.15,314.87,0.0,22.83,Conservative
2,204,npc_2,107.79,0.104,234.73,0.0,26.24,Conservative
2,204,npc_3,99.86,-0.311,297.99,0.0,23.4,Conservative
2,204,npc_4,89.36,-0.465,105.75,1.088,48.62,Normal
2,204,npc_5,100.57,0.518,253.07,1.088,53.56,Normal
2,204,npc_6,95.61,0.433,324.51,1.28,56.18,Normal
2,204,npc_7,101.14,-0.123,451.91,1.508,63.22,Normal
2,204,npc_8,81.52,5.253,62.47,1.596,74.77,Aggressive
2,204,npc_9,106.6,-1.156,182.05,0.0,29.88,Conservative
2,208,npc_0,101.17,0.946,50.71,0.574,41.85,Normal
2,208,npc_1,85.92,7.61,33.7,1.193,76.71,Aggressive
2,208,npc_10,100.16,0.189,279.04,0.0,23.05,Conservative
2,208,npc_11,107.8,0.383,435.87,0.0,27.36,Conservative
2,208,npc_12,107.78,0.484,93.04,0.0,27.75,Conservative
2,208,npc_13,106.86,0.531,204.01,0.0,27.5,Conservative
2,208,npc_14,99.69,-0.874,315.57,0.0,25.58,Conservative
2,208,npc_2,107.78,-0.022,236.3,0.0,25.9,Conservative
2,208,npc_3,99.9,0.12,298.7,0.0,22.66,Conservative
2,208,npc_4,89.73,1.023,106.19,1.088,50.99,Normal
2,208,npc_5,100.37,-0.578,253.83,0.96,50.3,Normal
2,208,npc_6,95.55,-0.167,324.71,1.193,52.76,Normal
2,208,npc_7,101.08,-0.172,452.73,1.466,62.5,Normal
2,208,npc_8,83.98,6.837,63.63,1.586,75.67,Aggressive
2,208,npc_9,106.73,0.356,183.51,0.0,26.74,Conservative
2,212,npc_0,101.15,-0.049,50.4,0.798,44.22,Normal
2,212,npc_1,88.93,8.361,34.2,1.088,74.57,Aggressive
2,212,npc_10,100.13,-0.106,279.76,0.0,22.7,Conservative
2,212,npc_11,107.69,-0.313,437.44,0.0,27.02,Conservative
2,212,npc_12,107.62,-0.443,94.62,0.574,42.83,Normal
2,212,npc_13,106.72,-0.367,205.45,0.0,26.78,Conservative
2,212,npc_14,99.98,0.792,316.26,0.0,25.38,Conservative
2,212,npc_2,107.87,0.236,237.98,0.0,26.8,Conservative
2,212,npc_3,99.65,-0.704,299.41,0.0,24.88,Conservative
2,212,npc_4,89.32,-1.135,106.79,1.088,51.28,Normal
2,212,npc_5,100.44,0.197,254.59,0.798,44.49,Normal
2,212,npc_6,95.55,0.017,325.0,1.088,49.37,Normal
2,212,npc_7,100.95,-0.368,453.62,1.415,61.85,Normal
2,212,npc_8,86.8,7.821,64.41,1.568,76.74,Aggressive
2,212,npc_9,107.6,2.427,185.13,0.574,50.76,Normal
2,216,npc_0,101.11,-0.099,50.37,0.96,48.72,Normal
2,216,npc_1,91.76,7.867,35.31,0.96,71.21,Aggressive
2,216,npc_10,100.3,0.49,279.71,0.0,24.32,Conservative
2,216,npc_11,107.94,0.687,438.23,0.0,28.64,Conservative
2,216,npc_12,107.94,0.878,95.4,0.798,50.69,Normal
2,216,npc_13,106.75,0.072,206.13,0.0,25.61,Conservative
2,216,npc_14,99.67,-0.859,316.15,0.0,25.51,Conservative
2,216,npc_2,107.57,-0.818,238.74,0.0,28.99,Conservative
2,216,npc_3,99.84,0.541,299.31,0.0,24.31,Conservative
2,216,npc_4,89.64,0.866,108.03,1.088,50.33,Normal
2,216,npc_5,101.14,1.953,254.58,0.574,45.86,Normal
2,216,npc_6,95.54,-0.046,324.4,0.96,46.07,Normal
2,216,npc_7,101.04,0.259,453.64,1.353,59.82,Normal
2,216,npc_8,89.59,7.753,65.77,1.542,77.84,Aggressive
2,216,npc_9,107.79,0.525,185.91,0.798,49.21,Normal
2,220,npc_0,101.14,0.083,49.53,1.088,52.08,Normal
2,220,npc_1,90.59,-3.26,35.59,0.798,59.21,Normal
2,220,npc_10,100.49,0.515,280.46,0.0,24.5,Conservative
2,220,npc_11,107.59,-0.967,439.81,0.0,29.59,Conservative
2,220,npc_12,107.63,-0.84,96.98,0.96,54.71,Normal
2,220,npc_13,106.89,0.392,207.61,0.0,26.96,Conservative
2,220,npc_14,99.82,0.409,316.84,0.0,23.78,Conservative
2,220,npc_2,107.88,0.847,240.31,0.0,29.25,Conservative
2,220,npc_3,99.93,0.238,300.0,0.0,23.14,Conservative
2,220,npc_4,89.74,0.289,108.47,1.088,48.06,Normal
2,220,npc_5,101.05,-0.262,255.34,0.0,23.74,Conservative
2,220,npc_6,95.52,-0.045,324.62,0.798,41.74,Normal
2,220,npc_7,100.99,-0.137,454.47,1.28,57.35,Normal
2,220,npc_8,88.88,-1.964,66.19,1.508,65.41,Normal
2,220,npc_9,107.87,0.209,187.49,0.96,52.29,Normal
2,224,npc_0,100.9,-0.683,48.73,1.193,57.21,Normal
2,224,npc_1,90.65,0.167,35.93,0.574,40.58,Normal
2,224,npc_10,100.2,-0.812,281.2,0.0,25.56,Conservative
2,224,npc_11,107.68,0.267,441.38,0.0,26.84,Conservative
2,224,npc_12,107.64,0.019,98.55,1.088,54.83,Normal
2,224,npc_13,106.84,-0.146,209.08,0.0,25.95,Conservative
2,224,npc_14,100.07,0.702,317.55,0.0,25.06,Conservative
2,224,npc_2,107.83,-0.135,241.88,0.0,26.38,Conservative
2,224,npc_3,99.93,-0.003,300.7,0.0,22.2,Conservative
2,224,npc_4,89.31,-1.194,108.94,1.088,51.51,Normal
2,224,npc_5,101.01,-0.091,256.1,0.0,23.04,Conservative
2,224,npc_6,95.55,0.076,324.83,0.574,35.91,Normal
2,224,npc_7,100.92,-0.198,455.29,1.193,55.23,Normal
2,224,npc_8,89.12,0.657,66.68,1.466,59.38,Normal
2,224,npc_9,107.55,-0.876,189.05,1.088,58.22,Normal
2,228,npc_0,101.1,0.563,47.37,1.28,59.32,Normal
2,228,npc_1,92.97,6.45,36.28,0.0,45.23,Normal
2,228,npc_10,99.96,-0.665,281.95,0.0,24.86,Conservative
2,228,npc_11,107.75,0.174,442.93,0.0,26.49,Conservative
2,228,npc_12,107.64,-0.006,100.06,1.193,57.57,Normal
2,228,npc_13,106.61,-0.646,210.57,0.0,27.84,Conservative
2,228,npc_14,99.8,-0.755,318.26,0.0,25.15,Conservative
2,228,npc_2,107.56,-0.751,243.34,0.0,28.72,Conservative
2,228,npc_3,99.66,-0.735,301.38,0.0,25.01,Conservative
2,228,npc_4,89.58,0.76,109.25,1.088,49.88,Normal
2,228,npc_5,101.03,0.05,256.86,0.0,22.88,Conservative
2,228,npc_6,95.61,0.183,324.96,0.0,21.05,Conservative
2,228,npc_7,101.13,0.572,456.06,1.088,54.02,Normal
2,228,npc_8,90.54,3.965,67.17,1.415,71.81,Aggressive
2,228,npc_9,107.99,1.204,190.56,1.193,62.53,Normal
2,232,npc_0,101.32,0.611,46.54,1.353,61.73,Normal
2,232,npc_1,95.7,7.584,36.16,0.0,46.48,Normal
2,232,npc_10,100.14,0.52,282.68,0.0,24.37,Conservative
2,232,npc_11,107.88,0.36,444.52,0.0,27.3,Conservative
2,232,npc_12,107.63,-0.014,101.64,1.28,59.93,Normal
2,232,npc_13,107.0,1.088,212.05,0.0,29.79,Conservative
2,232,npc_14,100.06,0.734,318.96,0.0,25.19,Conservative
2,232,npc_2,107.82,0.723,244.91,0.0,28.73,Conservative
2,232,npc_3,99.98,0.891,302.08,0.0,25.78,Conservative
2,232,npc_4,89.68,0.28,109.7,1.088,48.0,Normal
2,232,npc_5,100.2,-2.315,257.6,0.0,31.57,Conservative
2,232,npc_6,95.57,-0.11,325.17,0.0,20.74,Conservative
2,232,npc_7,101.26,0.359,456.9,0.96,49.82,Normal
2,232,npc_8,92.43,5.228,67.36,1.353,75.08,Aggressive
2,232,npc_9,107.96,-0.07,192.14,1.28,60.31,Normal
2,236,npc_0,96.09,-14.533,45.66,1.415,78.85,Aggressive
2,236,npc_1,98.21,6.963,36.17,0.0,47.55,Normal
2,236,npc_10,100.25,0.291,283.47,0.0,23.5,Conservative
2,236,npc_11,107.71,-0.451,446.11,0.0,27.59,Conservative
2,236,npc_12,107.63,-0.005,103.26,1.353,61.85,Normal
2,236,npc_13,106.77,-0.642,213.59,0.0,27.9,Conservative
2,236,npc_14,99.81,-0.7,319.7,0.0,24.94,Conservative
2,236,npc_2,107.64,-0.499,246.41,0.0,27.74,Conservative
2,236,npc_3,100.04,0.158,302.79,0.0,22.87,Conservative
2,236,npc_4,89.62,-0.186,110.11,1.088,47.6,Normal
2,236,npc_5,99.82,-1.062,258.37,0.0,26.39,Conservative
2,236,npc_6,95.5,-0.192,325.33,0.0,21.04,Conservative
2,236,npc_7,100.94,-0.865,457.7,0.798,47.39,Normal
2,236,npc_8,92.16,-0.738,67.75,1.28,55.96,Normal
2,236,npc_9,107.76,-0.551,193.69,1.353,64.1,Normal
2,240,npc_0,97.71,4.512,46.1,1.466,78.86,Aggressive
2,240,npc_1,101.16,8.198,36.27,0.0,48.77,Normal
2,240,npc_10,100.23,-0.042,283.4,0.0,22.5,Conservative
2,240,npc_11,107.97,0.722,446.89,0.0,28.79,Conservative
2,240,npc_12,107.75,0.335,104.04,1.415,64.88,Normal
2,240,npc_13,106.77,-0.0,214.25,0.0,25.33,Conservative
2,240,npc_14,99.74,-0.191,319.6,0.0,22.87,Conservative
2,240,npc_2,107.56,-0.218,247.19,0.0,26.58,Conservative
2,240,npc_3,99.82,-0.606,302.7,0.0,24.57,Conservative
2,240,npc_4,89.42,-0.557,111.37,1.088,49.0,Normal
2,240,npc_5,100.42,1.683,258.33,0.0,29.14,Conservative
2,240,npc_6,95.33,-0.475,324.73,0.0,22.1,Conservative
2,240,npc_7,101.24,0.816,457.74,0.574,41.36,Normal
2,240,npc_8,92.3,0.4,68.69,1.193,52.34,Normal
2,240,npc_9,107.61,-0.426,194.45,1.415,65.17,Normal
2,244,npc_0,100.45,7.601,46.57,1.508,82.8,Aggressive
2,244,npc_1,103.17,5.604,35.67,0.0,50.23,Normal
2,244,npc_10,100.12,-0.302,283.27,0.0,23.49,Conservative
2,244,npc_11,107.71,-0.743,447.66,0.0,28.75,Conservative
2,244,npc_12,107.62,-0.359,104.76,1.466,66.28,Normal
2,244,npc_13,106.94,0.469,214.85,0.0,27.29,Conservative
2,244,npc_14,100.08,0.936,319.46,0.0,26.0,Conservative
2,244,npc_2,107.98,1.159,248.03,0.0,30.55,Conservative
2,244,npc_3,100.0,0.509,302.58,0.0,24.26,Conservative
2,244,npc_4,89.41,-0.02,112.68,1.088,46.85,Normal
2,244,npc_5,99.94,-1.348,258.25,0.0,27.59,Conservative
2,244,npc_6,95.62,0.787,324.19,0.0,23.46,Conservative
2,244,npc_7,100.85,-1.083,457.8,0.0,26.93,Conservative
2,244,npc_8,92.16,-0.393,69.34,1.193,52.25,Normal
2,244,npc_9,107.78,0.465,195.27,1.466,66.78,Normal
2,248,npc_0,100.99,1.501,46.21,1.542,69.13,Normal
2,248,npc_1,106.02,7.896,35.64,0.0,51.57,Normal
2,248,npc_10,100.26,0.377,283.25,0.0,23.84,Conservative
2,248,npc_11,107.66,-0.139,448.45,0.0,26.31,Conservative
2,248,npc_12,107.96,0.924,105.58,1.508,69.59,Normal
2,248,npc_13,106.93,-0.012,215.59,0.0,25.46,Conservative
2,248,npc_14,100.0,-0.225,319.4,0.0,23.12,Conservative
2,248,npc_2,107.8,-0.502,248.74,0.0,27.83,Conservative
2,248,npc_3,99.83,-0.473,302.49,0.0,24.04,Conservative
2,248,npc_4,89.67,0.712,113.92,1.193,52.52,Normal
2,248,npc_5,99.89,-0.116,258.21,0.0,22.64,Conservative
2,248,npc_6,95.66,0.114,323.55,0.0,20.79,Conservative
2,248,npc_7,100.87,0.059,457.79,0.0,22.85,Conservative
2,248,npc_8,92.32,0.444,70.34,1.193,52.52,Normal
2,248,npc_9,107.96,0.494,196.01,1.508,67.88,Normal
2,252,npc_0,101.18,0.535,46.17,1.568,65.36,Normal
2,252,npc_1,107.59,4.368,34.92,0.0,50.47,Normal
2,252,npc_10,100.05,-0.587,283.17,0.0,24.59,Conservative
2,252,npc_11,107.98,0.888,449.24,0.0,29.46,Conservative
2,252,npc_12,107.78,-0.494,106.35,1.542,67.79,Normal
2,252,npc_13,107.04,0.293,216.26,0.0,26.63,Conservative
2,252,npc_14,100.05,0.151,319.3,0.0,22.85,Conservative
2,252,npc_2,107.88,0.215,249.53,0.0,26.72,Conservative
2,252,npc_3,99.82,-0.032,302.38,0.0,22.27,Conservative
2,252,npc_4,89.45,-0.609,115.17,1.28,54.35,Normal
2,252,npc_5,99.86,-0.096,258.14,0.0,22.54,Conservative
2,252,npc_6,95.34,-0.888,322.95,0.0,23.75,Conservative
2,252,npc_7,100.88,0.023,457.81,0.0,22.71,Conservative
2,252,npc_8,92.1,-0.605,71.29,1.193,53.07,Normal
2,252,npc_9,107.66,-0.832,196.79,1.542,69.08,Normal
2,256,npc_0,100.92,-0.724,46.14,1.586,66.01,Normal
2,256,npc_1,107.88,0.817,34.14,0.0,37.18,Normal
2,256,npc_10,100.01,-0.113,283.08,0.0,22.68,Conservative
2,256,npc_11,107.83,-0.395,450.01,0.0,27.42,Conservative
2,256,npc_12,107.67,-0.291,107.13,1.568,66.93,Normal
2,256,npc_13,106.89,-0.398,216.93,0.0,26.98,Conservative
2,256,npc_14,99.88,-0.477,319.18,0.0,24.08,Conservative
2,256,npc_2,107.86,-0.033,250.3,0.0,25.99,Conservative
2,256,npc_3,99.73,-0.259,302.27,0.0,23.14,Conservative
2,256,npc_4,89.72,0.758,116.41,1.28,55.05,Normal
2,256,npc_5,99.71,-0.414,258.07,0.0,23.75,Conservative
2,256,npc_6,95.53,0.526,322.35,0.0,22.38,Conservative
2,256,npc_7,101.06,0.498,457.84,0.0,24.69,Conservative
2,256,npc_8,92.28,0.481,72.24,1.193,52.65,Normal
2,256,npc_9,107.58,-0.213,197.56,1.568,66.57,Normal
2,260,npc_0,96.14,-13.278,45.59,1.596,81.16,Aggressive
2,260,npc_1,107.97,0.255,32.58,0.0,36.63,Normal
2,260,npc_10,100.1,0.263,283.79,0.0,23.32,Conservative
2,260,npc_11,107.83,-0.01,451.58,0.0,25.88,Conservative
2,260,npc_12,107.89,0.617,108.71,1.586,68.34,Normal
2,260,npc_13,106.77,-0.344,218.4,0.0,26.71,Conservative
2,260,npc_14,100.08,0.572,319.88,0.0,24.55,Conservative
2,260,npc_2,107.65,-0.596,251.87,0.0,28.14,Conservative
2,260,npc_3,99.9,0.464,302.97,0.0,24.03,Conservative
2,260,npc_4,89.67,-0.147,116.86,1.28,52.59,Normal
2,260,npc_5,99.93,0.62,258.81,0.0,24.67,Conservative
2,260,npc_6,95.42,-0.31,322.57,0.0,21.47,Conservative
2,260,npc_7,100.94,-0.317,458.65,0.0,23.91,Conservative
2,260,npc_8,92.18,-0.265,72.38,1.193,51.74,Normal
2,260,npc_9,107.75,0.47,199.14,1.586,67.68,Normal
2,264,npc_0,98.03,5.255,46.0,1.6,81.87,Aggressive
2,264,npc_1,107.93,-0.138,31.83,0.0,37.0,Normal
2,264,npc_10,100.08,-0.054,283.72,0.0,22.47,Conservative
2,264,npc_11,107.71,-0.321,452.34,0.0,27.07,Conservative
2,264,npc_12,107.93,0.087,109.48,1.596,66.23,Normal
2,264,npc_13,106.75,-0.048,219.06,0.0,25.52,Conservative
2,264,npc_14,99.99,-0.266,319.78,0.0,23.28,Conservative
2,264,npc_2,107.8,0.419,252.64,0.0,27.5,Conservative
2,264,npc_3,99.66,-0.661,302.87,0.0,24.71,Conservative
2,264,npc_4,89.75,0.218,118.12,1.28,52.91,Normal
2,264,npc_5,100.69,2.09,258.77,0.0,30.89,Conservative
2,264,npc_6,95.61,0.525,321.98,0.0,22.41,Conservative
2,264,npc_7,101.29,0.968,458.7,0.0,26.67,Conservative
2,264,npc_8,92.45,0.737,73.32,1.28,56.07,Normal
2,264,npc_9,107.99,0.682,199.92,1.596,68.64,Normal
2,268,npc_0,100.57,7.06,46.94,1.596,82.78,Aggressive
2,268,npc_1,107.89,-0.109,31.85,0.0,36.85,Normal
2,268,npc_10,99.88,-0.56,282.84,0.0,24.41,Conservative
2,268,npc_11,107.99,0.778,452.33,0.0,29.03,Conservative
2,268,npc_12,107.98,0.16,109.47,1.6,66.55,Normal
2,268,npc_13,106.98,0.642,218.93,0.0,28.0,Conservative
2,268,npc_14,99.99,-0.008,318.88,0.0,22.25,Conservative
2,268,npc_2,106.34,-4.049,252.58,0.0,41.33,Normal
2,268,npc_3,99.92,0.715,301.97,0.0,25.04,Conservative
2,268,npc_4,89.7,-0.123,120.15,1.28,52.51,Normal
2,268,npc_5,100.75,0.176,257.91,0.574,38.58,Normal
2,268,npc_6,95.34,-0.743,320.58,0.0,23.17,Conservative
2,268,npc_7,101.02,-0.741,457.92,0.0,25.64,Conservative
2,268,npc_8,92.47,0.053,75.05,1.353,55.3,Normal
2,268,npc_9,107.95,-0.132,199.91,1.6,66.42,Normal
2,272,npc_0,100.95,1.053,47.71,1.586,67.03,Normal
2,272,npc_1,107.95,0.18,31.86,0.0,37.14,Normal
2,272,npc_10,100.96,2.984,281.99,0.0,34.59,Conservative
2,272,npc_11,107.92,-0.22,452.3,0.0,26.76,Conservative
2,272,npc_12,107.91,-0.191,109.46,1.596,66.64,Normal
2,272,npc_13,106.81,-0.49,218.8,0.0,27.31,Conservative
2,272,npc_14,99.79,-0.541,317.92,0.574,39.61,Normal
2,272,npc_2,103.22,-8.665,252.07,0.0,43.68,Normal
2,272,npc_3,99.76,-0.445,301.06,0.574,39.21,Normal
2,272,npc_4,89.44,-0.721,122.2,1.353,56.75,Normal
2,272,npc_5,104.22,9.631,257.35,0.798,65.42,Normal
2,272,npc_6,95.39,0.157,319.19,0.0,20.85,Conservative
2,272,npc_7,100.98,-0.125,457.14,0.0,23.16,Conservative
2,272,npc_8,92.4,-0.182,76.79,1.415,57.44,Normal
2,272,npc_9,107.7,-0.689,199.88,1.596,68.53,Normal
2,276,npc_0,100.97,0.06,47.68,1.568,63.07,Normal
2,276,npc_1,107.91,-0.102,31.1,0.0,37.72,Normal
2,276,npc_10,103.61,7.371,282.2,0.0,43.86,Normal
2,276,npc_11,107.57,-0.958,453.08,0.0,29.55,Conservative
2,276,npc_12,107.6,-0.872,110.23,1.586,69.22,Normal
2,276,npc_13,106.75,-0.169,219.47,0.0,26.0,Conservative
2,276,npc_14,99.87,0.226,317.82,0.798,44.35,Normal
2,276,npc_2,103.63,1.121,252.41,0.0,28.35,Conservative
2,276,npc_3,99.77,0.04,300.95,0.798,43.57,Normal
2,276,npc_4,89.49,0.147,123.46,1.415,56.12,Normal
2,276,npc_5,103.91,-0.843,257.67,0.96,52.97,Normal
2,276,npc_6,95.56,0.461,318.6,0.0,22.14,Conservative
2,276,npc_7,101.12,0.376,457.18,0.0,24.22,Conservative
2,276,npc_8,92.44,0.107,77.72,1.466,58.52,Normal
2,276,npc_9,107.67,-0.067,200.66,1.586,66.03,Normal
2,280,npc_0,101.08,0.281,48.45,1.542,63.9,Normal
2,280,npc_1,107.58,-0.938,31.14,0.0,40.85,Normal
2,280,npc_10,106.43,7.838,281.89,0.0,45.17,Normal
2,280,npc_11,107.96,1.085,453.07,0.0,30.24,Conservative
2,280,npc_12,107.74,0.398,110.2,1.568,67.39,Normal
2,280,npc_13,106.82,0.217,219.34,0.0,26.22,Conservative
2,280,npc_14,99.86,-0.037,316.91,0.96,47.91,Normal
2,280,npc_2,104.0,1.035,251.94,0.0,28.17,Conservative
2,280,npc_3,99.78,0.039,300.04,0.96,47.88,Normal
2,280,npc_4,89.69,0.54,125.5,1.466,59.14,Normal
2,280,npc_5,103.56,-0.992,257.17,1.088,56.81,Normal
2,280,npc_6,95.35,-0.588,317.2,0.0,22.56,Conservative
2,280,npc_7,101.12,0.022,456.43,0.0,22.81,Conservative
2,280,npc_8,92.33,-0.318,79.47,1.508,60.21,Normal
2,280,npc_9,107.71,0.102,200.65,1.568,66.19,Normal
2,284,npc_0,101.31,0.665,49.11,1.508,65.49,Normal
2,284,npc_1,107.73,0.428,31.98,0.0,37.89,Normal
2,284,npc_10,107.86,3.972,281.93,0.0,41.74,Normal
2,284,npc_11,107.68,-0.786,453.06,0.0,28.91,Conservative
2,284,npc_12,107.83,0.247,110.31,1.542,66.83,Normal
2,284,npc_13,106.87,0.139,219.32,0.0,25.94,Conservative
2,284,npc_14,99.72,-0.379,316.05,1.088,52.62,Normal
2,284,npc_2,103.33,-1.871,251.43,0.0,31.21,Conservative
2,284,npc_3,99.93,0.409,299.16,1.088,52.84,Normal
2,284,npc_4,89.49,-0.544,127.51,1.508,59.97,Normal
2,284,npc_5,103.39,-0.468,256.67,1.193,57.43,Normal
2,284,npc_6,95.6,0.686,315.78,0.0,23.05,Conservative
2,284,npc_7,101.12,-0.005,455.65,0.0,22.74,Conservative
2,284,npc_8,92.29,-0.104,81.4,1.542,59.34,Normal
2,284,npc_9,107.62,-0.244,200.63,1.542,66.71,Normal
2,288,npc_0,101.19,-0.34,49.07,1.466,63.25,Normal
2,288,npc_1,107.89,0.443,31.25,0.0,38.89,Normal
2,288,npc_10,107.76,-0.283,282.71,0.0,26.94,Conservative
2,288,npc_11,107.8,0.348,453.85,0.0,27.22,Conservative
2,288,npc_12,107.99,0.445,111.09,1.508,67.7,Normal
2,288,npc_13,106.8,-0.207,219.98,0.0,26.18,Conservative
2,288,npc_14,99.98,0.722,315.94,1.193,56.91,Normal
2,288,npc_2,103.85,1.453,251.73,0.0,29.78,Conservative
2,288,npc_3,99.74,-0.532,299.04,1.193,56.04,Normal
2,288,npc_4,89.49,0.002,128.75,1.542,57.81,Normal
2,288,npc_5,103.67,0.782,257.01,1.193,58.81,Normal
2,288,npc_6,95.33,-0.731,315.18,0.0,23.12,Conservative
2,288,npc_7,101.26,0.375,455.67,0.0,24.28,Conservative
2,288,npc_8,92.47,0.512,82.32,1.568,61.05,Normal
2,288,npc_9,107.93,0.848,201.42,1.508,69.28,Normal
2,292,npc_0,100.9,-0.825,49.05,1.415,63.68,Normal
2,292,npc_1,107.76,-0.363,30.52,0.0,39.4,Normal
2,292,npc_10,107.73,-0.086,283.48,0.0,26.13,Conservative
2,292,npc_11,107.92,0.336,454.62,0.0,27.23,Conservative
2,292,npc_12,107.83,-0.456,111.85,1.466,66.77,Normal
2,292,npc_13,106.99,0.54,220.66,0.0,27.6,Conservative
2,292,npc_14,100.02,0.11,315.84,1.28,56.81,Normal
2,292,npc_2,105.56,4.757,252.22,0.0,43.79,Normal
2,292,npc_3,100.0,0.736,298.94,1.28,59.3,Normal
2,292,npc_4,89.69,0.539,130.0,1.568,60.03,Normal
2,292,npc_5,106.32,7.356,257.51,1.193,76.92,Aggressive
2,292,npc_6,95.48,0.419,314.59,0.0,21.94,Conservative
2,292,npc_7,101.2,-0.148,455.71,0.0,23.35,Conservative
2,292,npc_8,92.29,-0.496,83.26,1.586,60.91,Normal
2,292,npc_9,107.66,-0.738,202.19,1.466,67.82,Normal
2,296,npc_0,100.92,0.072,49.02,1.353,59.05,Normal
2,296,npc_1,107.67,-0.235,29.8,0.0,39.77,Normal
2,296,npc_10,107.63,-0.274,284.26,0.0,26.84,Conservative
2,296,npc_11,107.55,-1.037,455.37,0.574,45.17,Normal
2,296,npc_12,107.7,-0.348,112.63,1.415,64.91,Normal
2,296,npc_13,107.02,0.06,221.32,0.0,25.69,Conservative
2,296,npc_14,99.79,-0.655,315.73,1.353,60.84,Normal
2,296,npc_2,105.23,-0.934,252.73,0.0,28.34,Conservative
2,296,npc_3,99.95,-0.147,298.84,1.353,58.88,Normal
2,296,npc_4,89.74,0.146,131.25,1.586,58.48,Normal
2,296,npc_5,107.62,3.612,258.25,1.193,71.99,Aggressive
2,296,npc_6,95.42,-0.183,313.99,0.0,20.96,Conservative
2,296,npc_7,100.92,-0.792,455.74,0.0,25.8,Conservative
2,296,npc_8,92.52,0.63,84.19,1.596,61.54,Normal
2,296,npc_9,107.98,0.875,202.96,1.415,67.14,Normal
2,300,npc_0,101.19,0.74,49.79,1.28,59.85,Normal
2,300,npc_1,107.72,0.116,29.83,0.0,39.26,Normal
2,300,npc_10,107.59,-0.12,284.23,0.0,26.2,Conservative
2,300,npc_11,107.93,1.058,455.34,0.798,51.4,Normal
2,300,npc_12,107.88,0.475,112.61,1.353,63.85,Normal
2,300,npc_13,106.64,-1.05,221.19,0.0,29.47,Conservative
2,300,npc_14,99.94,0.434,314.82,1.415,61.67,Normal
2,300,npc_2,104.95,-0.769,252.41,0.0,27.55,Conservative
2,300,npc_3,99.65,-0.827,297.92,1.415,63.11,Normal
2,300,npc_4,89.55,-0.525,133.31,1.596,59.92,Normal
2,300,npc_5,107.94,0.905,258.22,1.193,61.32,Normal
2,300,npc_6,95.35,-0.19,312.61,0.0,20.96,Conservative
2,300,npc_7,101.21,0.823,454.98,0.0,26.06,Conservative
2,300,npc_8,92.31,-0.581,85.94,1.6,61.26,Normal
2,300,npc_9,107.84,-0.384,202.94,1.353,63.47,Normal
2,304,npc_0,101.07,-0.335,50.56,1.193,55.84,Normal
2,304,npc_1,107.76,0.12,28.99,0.574,55.73,Normal
2,304,npc_10,107.65,0.161,284.2,0.0,26.4,Conservative
2,304,npc_11,107.87,-0.178,455.31,0.96,52.17,Normal
2,304,npc_12,107.67,-0.579,112.59,1.28,62.21,Normal
2,304,npc_13,106.76,0.33,221.06,0.0,26.65,Conservative
2,304,npc_14,99.71,-0.658,313.92,1.466,63.83,Normal
2,304,npc_2,104.83,-0.319,252.06,0.0,25.7,Conservative
2,304,npc_3,99.91,0.699,297.02,1.466,64.08,Normal
2,304,npc_4,89.64,0.238,135.36,1.6,58.81,Normal
2,304,npc_5,107.64,-0.838,258.18,1.193,60.9,Normal
2,304,npc_6,95.64,0.811,311.22,0.0,23.57,Conservative
2,304,npc_7,100.92,-0.83,454.21,0.0,25.95,Conservative
2,304,npc_8,92.32,0.018,87.67,1.596,59.01,Normal
2,304,npc_9,107.9,0.176,202.92,1.28,60.71,Normal
2,308,npc_0,101.1,0.098,51.42,1.088,52.11,Normal
2,308,npc_1,107.89,0.354,28.48,0.798,63.39,Normal
2,308,npc_10,107.96,0.863,284.09,0.0,29.35,Conservative
2,308,npc_11,107.69,-0.495,455.27,1.088,56.76,Normal
2,308,npc_12,107.6,-0.171,112.41,1.193,58.22,Normal
2,308,npc_13,106.61,-0.406,220.8,0.0,26.88,Conservative
2,308,npc_14,99.91,0.568,312.96,1.508,64.46,Normal
2,308,npc_2,104.47,-1.019,251.69,0.0,28.33,Conservative
2,308,npc_3,99.86,-0.122,296.09,1.508,62.65,Normal
2,308,npc_4,89.45,-0.527,137.46,1.596,59.89,Normal
2,308,npc_5,107.58,-0.17,258.09,1.193,58.2,Normal
2,308,npc_6,95.4,-0.667,309.85,0.0,22.89,Conservative
2,308,npc_7,100.93,0.053,453.44,0.0,22.85,Conservative
2,308,npc_8,92.4,0.239,89.22,1.586,59.93,Normal
2,308,npc_9,108.0,0.268,202.88,1.193,58.79,Normal
2,312,npc_0,101.29,0.521,52.18,0.96,50.48,Normal
2,312,npc_1,107.87,-0.035,28.51,0.96,66.38,Normal
2,312,npc_10,107.83,-0.352,284.07,0.0,27.24,Conservative
2,312,npc_11,107.67,-0.057,455.24,1.193,57.79,Normal
2,312,npc_12,107.9,0.821,112.38,1.088,58.16,Normal
2,312,npc_13,106.73,0.333,220.67,0.0,26.65,Conservative
2,312,npc_14,99.82,-0.246,312.06,1.542,63.13,Normal
2,312,npc_2,104.36,-0.301,251.29,0.0,25.41,Conservative
2,312,npc_3,100.08,0.615,295.2,1.542,64.72,Normal
2,312,npc_4,89.39,-0.172,139.53,1.586,58.44,Normal
2,312,npc_5,107.66,0.228,258.05,1.193,58.47,Normal
2,312,npc_6,95.35,-0.138,308.45,0.0,20.76,Conservative
2,312,npc_7,101.05,0.31,452.66,0.0,23.93,Conservative
2,312,npc_8,92.39,-0.051,90.96,1.568,59.17,Normal
2,312,npc_9,107.74,-0.719,202.86,1.088,57.68,Normal
2,316,npc_0,101.05,-0.669,52.96,0.798,46.65,Normal
2,316,npc_1,107.91,0.11,28.52,1.088,70.09,Aggressive
2,316,npc_10,107.97,0.405,284.05,0.0,27.53,Conservative
2,316,npc_11,107.86,0.536,455.21,1.28,62.13,Normal
2,316,npc_12,107.74,-0.433,112.34,0.96,53.13,Normal
2,316,npc_13,106.86,0.372,220.55,0.0,26.87,Conservative
2,316,npc_14,99.75,-0.2,311.15,1.568,62.91,Normal
2,316,npc_2,103.97,-1.075,250.85,0.0,28.32,Conservative
2,316,npc_3,99.7,-1.065,294.29,1.568,66.35,Normal
2,316,npc_4,89.6,0.599,141.58,1.568,60.24,Normal
2,316,npc_5,107.69,0.071,258.02,1.193,57.86,Normal
2,316,npc_6,95.42,0.196,307.04,0.0,21.02,Conservative
2,316,npc_7,101.07,0.065,451.9,0.0,22.96,Conservative
2,316,npc_8,92.3,-0.236,92.69,1.542,59.88,Normal
2,316,npc_9,107.89,0.415,202.84,0.96,53.13,Normal
2,320,npc_0,101.06,0.029,53.72,0.574,38.13,Normal
2,320,npc_1,107.98,0.188,28.54,1.193,73.21,Aggressive
2,320,npc_10,107.92,-0.143,284.02,0.0,26.46,Conservative
2,320,npc_11,107.93,0.192,455.19,1.353,62.74,Normal
2,320,npc_12,107.66,-0.233,112.31,0.798,47.98,Normal
2,320,npc_13,106.63,-0.661,220.4,0.0,27.91,Conservative
2,320,npc_14,99.98,0.631,310.25,1.586,64.73,Normal
2,320,npc_2,103.63,-0.944,250.39,0.0,27.64,Conservative
2,320,npc_3,100.0,0.843,293.38,1.586,65.6,Normal
2,320,npc_4,89.38,-0.606,143.64,1.542,60.18,Normal
2,320,npc_5,107.9,0.585,257.99,1.193,60.01,Normal
2,320,npc_6,95.31,-0.323,305.64,0.0,21.48,Conservative
2,320,npc_7,100.91,-0.453,451.12,0.0,24.44,Conservative
2,320,npc_8,92.16,-0.392,94.43,1.508,60.44,Normal
2,320,npc_9,107.85,-0.11,202.81,0.798,47.57,Normal
2,324,npc_0,101.24,0.506,54.48,0.0,24.8,Conservative
2,324,npc_1,107.97,-0.038,28.55,1.28,74.91,Aggressive
2,324,npc_10,108.0,0.205,284.0,0.0,26.74,Conservative
2,324,npc_11,107.89,-0.112,455.16,1.415,64.05,Normal
2,324,npc_12,107.84,0.49,112.29,0.574,43.12,Normal
2,324,npc_13,106.67,0.122,220.26,0.0,25.78,Conservative
2,324,npc_14,99.77,-0.57,309.34,1.596,64.4,Normal
2,324,npc_2,103.75,0.342,249.91,0.0,25.29,Conservative
2,324,npc_3,99.69,-0.883,292.48,1.596,65.61,Normal
2,324,npc_4,89.33,-0.144,145.7,1.508,58.31,Normal
2,324,npc_5,107.28,-1.717,257.95,1.193,64.25,Normal
2,324,npc_6,95.64,0.933,304.27,0.0,24.06,Conservative
2,324,npc_7,101.05,0.407,450.35,0.0,24.32,Conservative
2,324,npc_8,92.5,0.946,96.15,1.466,61.9,Normal
2,324,npc_9,107.95,0.268,202.79,0.574,42.28,Normal
2,328,npc_0,100.91,-0.93,55.51,0.0,26.35,Conservative
2,328,npc_1,107.72,-0.699,28.57,1.28,77.4,Aggressive
2,328,npc_10,107.86,-0.37,283.93,0.0,27.33,Conservative
2,328,npc_11,107.58,-0.85,455.14,1.466,68.23,Normal
2,328,npc_12,107.64,-0.542,112.22,0.0,27.92,Conservative
2,328,npc_13,106.95,0.783,220.05,0.0,28.55,Conservative
2,328,npc_14,99.96,0.517,308.43,1.6,64.27,Normal
2,328,npc_2,103.56,-0.55,249.47,0.0,26.03,Conservative
2,328,npc_3,99.9,0.586,291.6,1.6,64.52,Normal
2,328,npc_4,89.31,-0.062,147.88,1.466,57.08,Normal
2,328,npc_5,107.19,-0.248,257.86,1.193,58.33,Normal
2,328,npc_6,95.68,0.099,302.93,0.0,20.74,Conservative
2,328,npc_7,100.9,-0.415,449.59,0.0,24.28,Conservative
2,328,npc_8,92.51,0.021,97.84,1.415,56.84,Normal
2,328,npc_9,107.58,-1.015,202.79,0.0,29.78,Conservative
2,332,npc_0,101.24,0.912,56.27,0.0,26.42,Conservative
2,332,npc_1,107.72,0.001,28.59,1.28,74.58,Aggressive
2,332,npc_10,107.69,-0.484,283.9,0.0,27.71,Conservative
2,332,npc_11,107.55,-0.081,455.12,1.508,66.03,Normal
2,332,npc_12,107.61,-0.087,112.19,0.0,26.08,Conservative
2,332,npc_13,106.78,-0.474,219.93,0.0,27.23,Conservative
2,332,npc_14,99.81,-0.408,307.52,1.596,63.77,Normal
2,332,npc_2,103.13,-1.184,248.94,0.0,28.37,Conservative
2,332,npc_3,100.02,0.348,290.69,1.596,63.62,Normal
2,332,npc_4,89.45,0.392,149.93,1.415,57.09,Normal
2,332,npc_5,106.77,-1.157,257.74,1.193,61.77,Normal
2,332,npc_6,95.46,-0.615,301.54,0.0,22.71,Conservative
2,332,npc_7,101.23,0.898,448.84,0.0,26.36,Conservative
2,332,npc_8,92.48,-0.067,99.57,1.353,55.37,Normal
2,332,npc_9,107.83,0.693,202.77,0.0,28.61,Conservative
2,336,npc_0,101.1,-0.386,56.76,0.0,24.26,Conservative
2,336,npc_1,107.9,0.498,29.15,1.28,75.91,Aggressive
2,336,npc_10,107.97,0.789,283.95,0.0,29.06,Conservative
2,336,npc_11,107.96,1.113,455.1,1.542,70.35,Aggressive
2,336,npc_12,107.92,0.863,112.21,0.0,29.34,Conservative
2,336,npc_13,107.01,0.625,219.88,0.0,27.95,Conservative
2,336,npc_14,100.0,0.535,306.64,1.586,64.36,Normal
2,336,npc_2,103.18,0.145,248.33,0.0,24.24,Conservative
2,336,npc_3,99.8,-0.602,289.77,1.586,64.55,Normal
2,336,npc_4,89.39,-0.172,151.89,1.353,54.54,Normal
2,336,npc_5,106.42,-0.978,257.6,1.193,60.88,Normal
2,336,npc_6,95.28,-0.497,300.09,0.0,22.16,Conservative
2,336,npc_7,100.95,-0.768,448.03,0.0,25.72,Conservative
2,336,npc_8,92.48,-0.016,101.36,1.28,53.2,Normal
2,336,npc_9,107.84,0.014,202.73,0.0,25.9,Conservative
2,340,npc_0,101.16,0.178,57.43,0.0,23.45,Conservative
2,340,npc_1,107.73,-0.472,30.04,1.28,74.56,Aggressive
2,340,npc_10,107.92,-0.16,284.01,0.0,26.52,Conservative
2,340,npc_11,107.99,0.089,455.09,1.568,66.27,Normal
2,340,npc_12,107.89,-0.101,112.34,0.0,26.27,Conservative
2,340,npc_13,106.9,-0.297,219.87,0.0,26.58,Conservative
2,340,npc_14,100.04,0.108,305.79,1.568,62.67,Normal
2,340,npc_2,102.74,-1.224,247.75,0.0,28.35,Conservative
2,340,npc_3,99.65,-0.438,288.88,1.568,63.82,Normal
2,340,npc_4,89.45,0.179,153.92,1.28,52.63,Normal
2,340,npc_5,105.92,-1.389,257.46,1.193,62.29,Normal
2,340,npc_6,95.58,0.84,298.69,0.0,23.66,Conservative
2,340,npc_7,101.27,0.881,447.26,0.0,26.31,Conservative
2,340,npc_8,92.12,-1.003,103.26,1.193,54.67,Normal
2,340,npc_9,107.68,-0.445,202.72,0.0,27.55,Conservative
2,344,npc_0,100.99,-0.476,58.2,0.0,24.57,Conservative
2,344,npc_1,107.68,-0.132,30.08,1.28,73.13,Aggressive
2,344,npc_10,107.77,-0.405,283.97,0.0,27.43,Conservative
2,344,npc_11,107.85,-0.392,455.07,1.586,67.42,Normal
2,344,npc_12,107.57,-0.863,112.31,0.0,29.17,Conservative
2,344,npc_13,106.82,-0.231,219.74,0.0,26.28,Conservative
2,344,npc_14,100.09,0.131,304.89,1.542,62.79,Normal
2,344,npc_2,102.71,-0.08,247.17,0.0,23.76,Conservative
2,344,npc_3,99.84,0.531,287.99,1.542,64.27,Normal
2,344,npc_4,89.66,0.589,155.96,1.193,52.02,Normal
2,344,npc_5,105.86,-0.184,257.25,1.193,57.44,Normal
2,344,npc_6,95.51,-0.196,297.29,0.0,21.06,Conservative
2,344,npc_7,100.98,-0.809,446.49,0.0,25.89,Conservative
2,344,npc_8,92.21,0.26,104.99,1.088,48.94,Normal
2,344,npc_9,107.59,-0.237,202.68,0.0,26.67,Conservative
2,348,npc_0,101.29,0.845,58.16,0.0,26.18,Conservative
2,348,npc_1,108.0,0.886,29.33,1.28,77.26,Aggressive
2,348,npc_10,107.63,-0.39,284.75,0.0,27.3,Conservative
2,348,npc_11,107.92,0.217,455.85,1.596,66.75,Normal
2,348,npc_12,107.83,0.723,113.08,0.0,28.73,Conservative
2,348,npc_13,106.88,0.165,220.4,0.0,26.04,Conservative
2,348,npc_14,100.07,-0.06,304.8,1.508,62.49,Normal
2,348,npc_2,102.57,-0.401,247.37,0.0,24.98,Conservative
2,348,npc_3,99.81,-0.069,287.89,1.508,62.41,Normal
2,348,npc_4,89.42,-0.689,157.22,1.088,49.53,Normal
2,348,npc_5,105.51,-0.974,257.8,1.193,60.43,Normal
2,348,npc_6,95.32,-0.514,296.71,0.0,22.25,Conservative
2,348,npc_7,101.02,0.13,446.51,0.0,23.2,Conservative
2,348,npc_8,92.42,0.589,105.77,1.149,51.97,Normal
2,348,npc_9,107.73,0.393,203.46,0.0,27.36,Conservative
2,352,npc_0,100.91,-1.064,58.93,0.0,26.88,Conservative
2,352,npc_1,107.84,-0.427,29.36,1.28,75.32,Aggressive
2,352,npc_10,107.96,0.916,284.73,0.0,29.56,Conservative
2,352,npc_11,107.61,-0.872,455.83,1.6,69.22,Normal
2,352,npc_12,107.62,-0.586,113.06,0.0,28.09,Conservative
2,352,npc_13,106.95,0.212,220.28,0.0,26.27,Conservative
2,352,npc_14,99.72,-0.97,303.89,1.466,65.08,Normal
2,352,npc_2,102.38,-0.536,246.76,0.0,25.44,Conservative
2,352,npc_3,100.05,0.644,287.0,1.466,63.92,Normal
2,352,npc_4,89.49,0.194,159.27,0.96,44.17,Normal
2,352,npc_5,105.51,0.0,257.51,1.193,56.54,Normal
2,352,npc_6,95.49,0.463,295.31,0.0,22.11,Conservative
2,352,npc_7,100.88,-0.393,445.74,0.0,24.19,Conservative
2,352,npc_8,92.43,0.032,107.51,1.168,50.27,Normal
2,352,npc_9,107.63,-0.276,203.43,0.0,26.85,Conservative
2,356,npc_0,101.29,1.05,59.7,0.0,27.0,Conservative
2,356,npc_1,107.92,0.207,29.38,1.28,74.45,Aggressive
2,356,npc_10,107.61,-0.977,284.71,0.0,29.64,Conservative
2,356,npc_11,107.58,-0.078,455.79,1.596,66.03,Normal
2,356,npc_12,107.68,0.144,113.03,0.0,26.34,Conservative
2,356,npc_13,106.98,0.066,220.14,0.0,25.69,Conservative
2,356,npc_14,99.96,0.674,303.01,1.415,62.64,Normal
2,356,npc_2,102.36,-0.057,246.14,0.0,23.51,Conservative
2,356,npc_3,100.08,0.097,286.1,1.415,60.38,Normal
2,356,npc_4,89.45,-0.11,161.33,0.798,39.51,Normal
2,356,npc_5,105.26,-0.679,257.2,1.193,59.14,Normal
2,356,npc_6,95.46,-0.072,293.93,0.0,20.54,Conservative
2,356,npc_7,100.9,0.045,444.96,0.0,22.8,Conservative
2,356,npc_8,92.48,0.139,109.26,1.149,50.2,Normal
2,356,npc_9,107.94,0.863,203.41,0.0,29.34,Conservative
2,360,npc_0,100.93,-0.997,59.66,0.0,26.62,Conservative
2,360,npc_1,107.59,-0.919,28.65,1.28,78.12,Aggressive
2,360,npc_10,107.73,0.343,285.48,0.0,27.16,Conservative
2,360,npc_11,107.84,0.729,456.57,1.586,68.76,Normal
2,360,npc_12,107.93,0.712,113.81,0.0,28.74,Conservative
2,360,npc_13,106.75,-0.634,220.81,0.0,27.86,Conservative
2,360,npc_14,99.95,-0.022,302.91,1.353,58.38,Normal
2,360,npc_2,101.92,-1.208,246.28,0.0,27.92,Conservative
2,360,npc_3,99.65,-1.187,286.01,1.353,62.91,Normal
2,360,npc_4,89.39,-0.151,162.58,0.574,33.68,Conservative
2,360,npc_5,104.67,-1.638,257.65,1.193,62.7,Normal
2,360,npc_6,95.4,-0.19,293.34,0.0,20.98,Conservative
2,360,npc_7,101.29,1.086,445.0,0.0,27.14,Conservative
2,360,npc_8,92.35,-0.382,110.2,1.088,49.49,Normal
2,360,npc_9,107.87,-0.201,204.19,0.0,26.66,Conservative
2,364,npc_0,101.04,0.297,58.83,0.0,23.88,Conservative
2,364,npc_1,107.59,0.007,27.18,1.28,76.55,Aggressive
2,364,npc_10,107.61,-0.342,287.04,0.0,27.1,Conservative
2,364,npc_11,107.56,-0.792,458.14,1.568,68.88,Normal
2,364,npc_12,107.89,-0.113,115.39,0.0,26.32,Conservative
2,364,npc_13,106.68,-0.182,222.26,0.0,26.02,Conservative
2,364,npc_14,99.82,-0.36,303.61,1.28,57.72,Normal
2,364,npc_2,101.76,-0.448,247.19,0.0,24.8,Conservative
2,364,npc_3,99.87,0.617,286.71,1.28,58.77,Normal
2,364,npc_4,89.64,0.675,163.03,0.0,20.55,Conservative
2,364,npc_5,104.61,-0.179,258.87,1.193,56.83,Normal
2,364,npc_6,95.42,0.056,293.55,0.0,20.45,Conservative
2,364,npc_7,101.05,-0.667,445.84,0.0,25.36,Conservative
2,364,npc_8,92.38,0.095,110.34,1.193,51.15,Normal
2,364,npc_9,107.88,0.03,205.77,0.0,25.98,Conservative
2,368,npc_0,97.01,-11.195,57.44,0.0,40.91,Normal
2,368,npc_1,107.88,0.81,24.96,1.28,83.31,Aggressive
2,368,npc_10,107.92,0.878,289.43,0.0,29.4,Conservative
2,368,npc_11,107.94,1.057,460.52,1.542,70.12,Aggressive
2,368,npc_12,107.65,-0.666,117.75,0.0,28.42,Conservative
2,368,npc_13,107.03,0.957,224.53,0.0,29.28,Conservative
2,368,npc_14,99.65,-0.496,305.09,1.193,55.85,Normal
2,368,npc_2,101.57,-0.519,248.87,0.0,25.0,Conservative
2,368,npc_3,99.99,0.312,288.2,1.193,55.26,Normal
2,368,npc_4,89.69,0.154,162.68,0.0,18.49,Conservative
2,368,npc_5,104.24,-1.019,260.85,1.193,60.03,Normal
2,368,npc_6,95.67,0.714,294.58,0.0,23.2,Conservative
2,368,npc_7,101.21,0.44,447.48,0.0,24.52,Conservative
2,368,npc_8,92.1,-0.767,109.69,1.28,56.05,Normal
2,368,npc_9,107.88,0.004,208.14,0.0,25.88,Conservative
2,372,npc_0,96.37,-1.775,56.3,0.0,27.74,Conservative
2,372,npc_1,107.66,-0.612,22.79,1.28,86.03,Aggressive
2,372,npc_10,107.57,-0.973,291.8,0.0,29.61,Conservative
2,372,npc_11,107.93,-0.015,462.88,1.508,65.95,Normal
2,372,npc_12,107.82,0.467,120.12,0.0,27.7,Conservative
2,372,npc_13,106.65,-1.054,226.8,0.0,29.49,Conservative
2,372,npc_14,99.99,0.955,306.59,1.088,55.04,Normal
2,372,npc_2,100.86,-1.974,250.5,0.0,30.5,Conservative
2,372,npc_3,99.76,-0.633,289.69,1.088,53.66,Normal
2,372,npc_4,89.61,-0.229,162.31,0.0,18.76,Conservative
2,372,npc_5,104.05,-0.535,262.8,1.193,58.0,Normal
2,372,npc_6,95.56,-0.313,295.59,0.0,21.54,Conservative
2,372,npc_7,101.26,0.154,449.11,0.0,23.4,Conservative
2,372,npc_8,92.4,0.819,109.02,1.353,58.34,Normal
2,372,npc_9,107.64,-0.679,210.51,0.0,28.46,Conservative
2,376,npc_0,96.01,-0.981,55.3,0.0,24.41,Conservative
2,376,npc_1,107.59,-0.197,19.38,1.28,90.65,Aggressive
2,376,npc_10,107.62,0.124,294.08,0.0,26.24,Conservative
2,376,npc_11,107.77,-0.465,465.25,1.466,66.77,Normal
2,376,npc_12,107.76,-0.169,122.37,0.0,26.48,Conservative
2,376,npc_13,106.6,-0.125,228.95,0.0,25.75,Conservative
2,376,npc_14,99.93,-0.16,308.05,0.96,48.43,Normal
2,376,npc_2,100.72,-0.384,252.13,0.0,24.08,Conservative
2,376,npc_3,99.87,0.32,291.18,0.96,49.04,Normal
2,376,npc_4,89.44,-0.471,162.01,0.0,19.66,Conservative
2,376,npc_5,103.92,-0.343,264.69,1.193,57.18,Normal
2,376,npc_6,95.69,0.346,296.63,0.0,21.73,Conservative
2,376,npc_7,100.87,-1.104,450.75,0.0,27.02,Conservative
2,376,npc_8,92.1,-0.826,108.33,1.415,59.89,Normal
2,376,npc_9,107.6,-0.094,212.86,0.0,26.11,Conservative
2,380,npc_0,91.01,-13.887,53.72,0.0,38.41,Normal
2,380,npc_1,107.94,0.974,16.41,1.28,100.0,Aggressive
2,380,npc_10,107.94,0.89,297.26,0.0,29.45,Conservative
2,380,npc_11,107.99,0.605,468.43,1.415,66.07,Normal
2,380,npc_12,107.95,0.542,125.55,0.0,28.07,Conservative
2,380,npc_13,106.97,1.022,232.03,0.0,29.52,Conservative
2,380,npc_14,99.69,-0.672,310.33,0.798,46.06,Normal
2,380,npc_2,100.54,-0.51,254.49,0.0,24.5,Conservative
2,380,npc_3,99.86,-0.044,293.47,0.798,43.62,Normal
2,380,npc_4,89.52,0.236,160.87,0.0,18.75,Conservative
2,380,npc_5,103.59,-0.935,267.4,1.193,59.39,Normal
2,380,npc_6,95.59,-0.252,298.43,0.0,21.32,Conservative
2,380,npc_7,101.03,0.446,453.17,0.0,24.47,Conservative
2,380,npc_8,92.55,1.233,106.88,1.466,63.07,Normal
2,380,npc_9,107.81,0.585,216.04,0.0,28.17,Conservative
2,384,npc_0,92.25,3.439,52.68,0.0,32.67,Conservative
2,384,npc_1,107.9,-0.104,12.35,1.28,100.0,Aggressive
2,384,npc_10,107.9,-0.112,300.39,0.0,26.32,Conservative
2,384,npc_12,107.93,-0.073,128.69,0.0,26.18,Conservative
2,384,npc_13,106.8,-0.472,235.03,0.0,27.23,Conservative
2,384,npc_14,99.98,0.809,312.6,0.574,40.77,Normal
2,384,npc_2,100.37,-0.475,256.89,0.0,24.28,Conservative
2,384,npc_3,99.65,-0.574,295.76,0.574,39.68,Normal
2,384,npc_4,89.42,-0.296,159.82,0.0,18.95,Conservative
2,384,npc_5,103.3,-0.788,270.04,1.193,58.67,Normal
2,384,npc_6,95.26,-0.926,300.28,0.0,23.87,Conservative
2,384,npc_7,100.93,-0.259,455.63,0.0,23.68,Conservative
2,384,npc_8,92.46,-0.233,105.46,1.508,59.93,Normal
2,384,npc_9,107.65,-0.46,219.23,0.0,27.59,Conservative
2,388,npc_0,95.13,7.993,51.53,0.0,40.11,Normal
2,388,npc_1,98.09,-27.273,9.29,1.28,100.0,Aggressive
2,388,npc_10,107.99,0.263,303.55,0.0,26.97,Conservative
2,388,npc_12,107.95,0.059,131.91,0.0,26.13,Conservative
2,388,npc_13,106.78,-0.057,238.08,0.0,25.57,Conservative
2,388,npc_14,99.69,-0.804,314.92,0.0,25.3,Conservative
2,388,npc_2,99.78,-1.636,259.28,0.0,28.67,Conservative
2,388,npc_3,100.0,0.967,298.12,0.0,26.09,Conservative
2,388,npc_4,89.68,0.736,158.83,0.0,20.82,Conservative
2,388,npc_5,103.3,-0.022,272.75,1.088,52.81,Normal
2,388,npc_6,95.43,0.469,302.17,0.0,22.11,Conservative
2,388,npc_8,92.37,-0.26,104.16,1.542,60.0,Normal
2,388,npc_9,107.79,0.398,222.47,0.0,27.41,Conservative
2,392,npc_0,98.16,8.412,49.59,0.0,41.42,Normal
2,392,npc_1,85.13,-36.0,8.09,1.28,100.0,Aggressive
2,392,npc_10,107.77,-0.63,306.73,0.0,28.33,Conservative
2,392,npc_12,107.96,0.044,135.21,0.574,41.4,Normal
2,392,npc_13,106.88,0.286,241.14,0.0,26.53,Conservative
2,392,npc_14,100.08,1.077,317.22,0.0,26.57,Conservative
2,392,npc_2,99.61,-0.474,261.57,0.0,23.94,Conservative
2,392,npc_3,99.87,-0.368,300.41,0.0,23.63,Conservative
2,392,npc_4,89.71,0.066,157.67,0.0,18.15,Conservative
2,392,npc_5,102.74,-1.541,275.39,0.96,55.22,Normal
2,392,npc_6,95.66,0.637,303.99,0.0,22.88,Conservative
2,392,npc_8,92.3,-0.193,102.7,1.568,59.7,Normal
2,392,npc_9,107.64,-0.421,225.64,0.0,27.43,Conservative
2,396,npc_0,100.88,7.557,46.79,0.0,42.94,Normal
2,396,npc_1,83.89,-3.423,8.33,1.28,100.0,Aggressive
2,396,npc_10,107.6,-0.468,309.92,0.0,27.6,Conservative
2,396,npc_12,107.81,-0.439,138.27,0.798,48.87,Normal
2,396,npc_13,106.84,-0.111,244.24,0.0,25.81,Conservative
2,396,npc_14,99.69,-1.092,319.5,0.0,26.45,Conservative
2,396,npc_2,99.51,-0.265,263.74,0.0,23.07,Conservative
2,396,npc_3,100.03,0.453,302.67,0.0,24.05,Conservative
2,396,npc_4,89.32,-1.08,156.37,0.0,22.05,Conservative
2,396,npc_5,102.98,0.666,278.02,0.798,47.52,Normal
2,396,npc_6,95.56,-0.269,305.72,0.0,21.37,Conservative
2,396,npc_8,92.49,0.523,101.08,1.586,61.1,Normal
2,396,npc_9,107.99,0.977,228.76,0.0,29.82,Conservative
2,400,npc_0,101.11,0.635,45.17,0.0,26.0,Conservative
2,400,npc_1,86.53,7.314,8.41,1.28,100.0,Aggressive
2,400,npc_10,107.93,0.926,312.31,0.0,29.59,Conservative
2,400,npc_12,107.61,-0.555,140.64,0.96,53.55,Normal
2,400,npc_13,106.7,-0.409,246.51,0.0,26.93,Conservative
2,400,npc_14,99.83,0.398,320.99,0.0,23.74,Conservative
2,400,npc_2,99.23,-0.781,265.19,0.0,25.01,Conservative
2,400,npc_3,99.69,-0.946,304.16,0.0,25.87,Conservative
2,400,npc_4,89.73,1.158,156.01,0.0,22.52,Conservative
2,400,npc_5,102.28,-1.957,279.81,0.574,46.39,Normal
2,400,npc_6,95.26,-0.829,306.71,0.0,23.48,Conservative
2,400,npc_8,92.44,-0.134,100.42,1.596,59.52,Normal
2,400,npc_9,107.62,-1.02,231.14,0.0,29.82,Conservative
2,404,npc_0,101.24,0.356,43.55,0.0,25.53,Conservative
2,404,npc_1,89.18,7.365,8.21,1.28,100.0,Aggressive
2,404,npc_10,107.63,-0.842,314.68,0.0,29.11,Conservative
2,404,npc_12,107.59,-0.031,143.02,1.088,54.86,Normal
2,404,npc_13,106.91,0.595,248.78,0.0,27.78,Conservative
2,404,npc_14,99.8,-0.072,322.48,0.0,22.42,Conservative
2,404,npc_2,99.22,-0.034,266.6,0.0,22.01,Conservative
2,404,npc_3,99.65,-0.117,305.65,0.0,22.53,Conservative
2,404,npc_4,89.33,-1.127,155.66,0.0,22.24,Conservative
2,404,npc_5,102.33,0.156,281.59,0.0,23.89,Conservative
2,404,npc_6,95.25,-0.028,307.72,0.0,20.28,Conservative
2,404,npc_8,92.37,-0.191,99.76,1.6,59.72,Normal
2,404,npc_9,107.73,0.297,233.53,0.0,26.98,Conservative
2,408,npc_0,101.09,-0.392,42.54,0.0,26.06,Conservative
2,408,npc_1,81.42,-21.551,7.67,1.28,100.0,Aggressive
2,408,npc_10,108.0,1.026,317.05,0.0,30.02,Conservative
2,408,npc_12,107.93,0.918,145.5,1.193,61.36,Normal
2,408,npc_13,106.69,-0.599,251.03,0.0,27.69,Conservative
2,408,npc_14,99.83,0.076,324.01,0.0,22.45,Conservative
2,408,npc_2,98.95,-0.738,268.07,0.0,24.71,Conservative
2,408,npc_3,99.91,0.74,307.21,0.0,25.14,Conservative
2,408,npc_4,89.32,-0.024,155.49,0.0,17.83,Conservative
2,408,npc_5,102.31,-0.059,283.39,0.0,23.5,Conservative
2,408,npc_6,95.67,1.145,308.82,0.0,24.92,Conservative
2,408,npc_8,92.22,-0.409,99.25,1.596,60.54,Normal
2,408,npc_9,107.86,0.356,235.97,0.0,27.27,Conservative
2,412,npc_0,101.16,0.189,40.95,0.0,26.12,Conservative
2,412,npc_1,74.32,-19.728,8.73,1.28,100.0,Aggressive
2,412,npc_10,107.63,-1.025,319.42,0.0,29.84,Conservative
2,412,npc_12,107.72,-0.583,147.87,1.28,62.25,Normal
2,412,npc_13,106.74,0.113,253.28,0.0,25.77,Conservative
2,412,npc_14,99.77,-0.154,325.49,0.0,22.74,Conservative
2,412,npc_2,98.58,-1.052,269.43,0.0,25.8,Conservative
2,412,npc_3,99.84,-0.215,308.69,0.0,23.01,Conservative
2,412,npc_4,89.53,0.591,155.14,0.0,20.18,Conservative
2,412,npc_5,102.09,-0.606,285.14,0.0,25.59,Conservative
2,412,npc_6,95.51,-0.432,309.83,0.0,22.0,Conservative
2,412,npc_8,92.34,0.339,98.6,1.586,60.3,Normal
2,412,npc_9,107.7,-0.436,238.33,0.0,27.52,Conservative
2,416,npc_0,100.94,-0.615,38.71,0.0,29.18,Conservative
2,416,npc_1,74.71,1.097,10.63,1.28,100.0,Aggressive
2,416,npc_10,107.87,0.667,321.82,0.0,28.53,Conservative
2,416,npc_12,107.9,0.503,150.15,1.353,63.97,Normal
2,416,npc_13,106.98,0.67,255.57,0.0,28.11,Conservative
2,416,npc_14,99.79,0.044,326.98,0.0,22.31,Conservative
2,416,npc_2,98.25,-0.903,270.69,0.0,25.06,Conservative
2,416,npc_3,99.98,0.406,310.15,0.0,23.84,Conservative
2,416,npc_4,89.44,-0.251,154.64,0.0,18.78,Conservative
2,416,npc_5,102.01,-0.234,286.88,0.0,24.06,Conservative
2,416,npc_6,95.65,0.38,310.76,0.0,21.85,Conservative
2,416,npc_8,92.3,-0.12,97.79,1.568,59.41,Normal
2,416,npc_9,107.34,-1.016,240.61,0.0,29.67,Conservative
2,420,npc_0,96.42,-12.556,36.93,0.0,46.12,Normal
2,420,npc_1,77.75,8.433,12.92,1.28,100.0,Aggressive
2,420,npc_10,107.69,-0.494,324.23,0.0,27.75,Conservative
2,420,npc_12,107.61,-0.799,152.48,1.415,66.67,Normal
2,420,npc_13,106.83,-0.417,257.9,0.0,27.03,Conservative
2,420,npc_14,99.97,0.495,328.48,0.0,24.19,Conservative
2,420,npc_2,98.26,0.029,271.97,0.0,21.57,Conservative
2,420,npc_3,99.65,-0.928,311.62,0.0,25.78,Conservative
2,420,npc_4,89.46,0.041,154.19,0.0,17.95,Conservative
2,420,npc_5,101.58,-1.188,288.63,0.0,27.68,Conservative
2,420,npc_6,95.33,-0.894,311.72,0.0,23.77,Conservative
2,420,npc_8,92.23,-0.202,97.08,1.542,59.71,Normal
2,420,npc_9,106.96,-1.035,242.88,0.0,29.56,Conservative
2,424,npc_0,89.94,-18.0,36.27,0.0,44.01,Normal
2,424,npc_1,80.54,7.745,13.6,1.193,100.0,Aggressive
2,424,npc_10,107.58,-0.316,326.6,0.0,26.98,Conservative
2,424,npc_12,107.99,1.062,154.88,1.466,69.27,Normal
2,424,npc_13,106.77,-0.151,260.18,0.0,25.94,Conservative
2,424,npc_14,99.78,-0.517,329.98,0.0,24.19,Conservative
2,424,npc_2,98.3,0.122,273.28,0.0,21.96,Conservative
2,424,npc_3,99.91,0.727,313.11,0.0,25.09,Conservative
2,424,npc_4,89.52,0.166,153.85,0.0,18.47,Conservative
2,424,npc_5,101.72,0.391,290.35,0.0,24.56,Conservative
2,424,npc_6,95.4,0.206,312.73,0.0,21.05,Conservative
2,424,npc_8,92.2,-0.075,96.43,1.508,59.19,Normal
2,424,npc_9,106.54,-1.173,245.12,0.0,29.92,Conservative
2,428,npc_0,86.88,-8.5,36.2,0.0,42.87,Normal
2,428,npc_1,83.34,7.786,14.01,1.088,100.0,Aggressive
2,428,npc_10,107.82,0.683,328.99,0.0,28.57,Conservative
2,428,npc_12,107.96,-0.084,157.25,1.508,66.24,Normal
2,428,npc_13,106.99,0.596,262.45,0.0,27.82,Conservative
2,428,npc_14,99.95,0.474,331.47,0.0,24.1,Conservative
2,428,npc_2,97.86,-1.245,274.56,0.0,26.26,Conservative
2,428,npc_3,99.88,-0.087,314.6,0.0,22.51,Conservative
2,428,npc_4,89.49,-0.083,153.51,0.0,18.13,Conservative
2,428,npc_5,101.69,-0.075,292.06,0.0,23.28,Conservative
2,428,npc_6,95.66,0.715,313.74,0.0,23.2,Conservative
2,428,npc_8,92.35,0.407,95.77,1.466,59.68,Normal
2,428,npc_9,106.29,-0.704,247.33,0.0,27.92,Conservative
2,432,npc_0,84.95,-5.367,36.17,0.0,42.16,Normal
2,432,npc_1,86.09,7.65,15.84,0.96,99.41,Aggressive
2,432,npc_10,107.76,-0.185,331.45,0.0,26.54,Conservative
2,432,npc_12,107.64,-0.884,159.64,1.542,69.28,Normal
2,432,npc_13,106.62,-1.011,264.81,0.0,29.31,Conservative
2,432,npc_14,99.82,-0.371,333.01,0.0,23.63,Conservative
2,432,npc_2,97.94,0.226,275.82,0.0,22.22,Conservative
2,432,npc_3,99.74,-0.376,316.12,0.0,23.61,Conservative
2,432,npc_4,89.57,0.23,153.13,0.0,18.75,Conservative
2,432,npc_5,101.58,-0.328,293.82,0.0,24.24,Conservative
2,432,npc_6,95.38,-0.781,314.73,0.0,23.34,Conservative
2,432,npc_8,92.37,0.052,95.17,1.415,56.9,Normal
2,432,npc_9,106.04,-0.691,249.54,0.0,27.75,Conservative
2,436,npc_0,85.37,1.178,36.29,0.0,26.92,Conservative
2,436,npc_1,88.95,7.94,15.71,0.798,96.48,Aggressive
2,436,npc_10,107.91,0.413,333.82,0.0,27.53,Conservative
2,436,npc_12,107.69,0.137,162.01,1.568,66.32,Normal
2,436,npc_13,106.66,0.097,267.08,0.0,25.67,Conservative
2,436,npc_14,100.01,0.525,334.53,0.0,24.33,Conservative
2,436,npc_2,97.63,-0.845,277.06,0.0,24.56,Conservative
2,436,npc_3,100.0,0.705,317.63,0.0,25.04,Conservative
2,436,npc_4,89.69,0.332,152.78,0.0,19.2,Conservative
2,436,npc_5,101.52,-0.16,295.52,0.0,23.54,Conservative
2,436,npc_6,95.34,-0.102,315.73,0.0,20.61,Conservative
2,436,npc_8,92.5,0.361,94.52,1.353,56.55,Normal
2,436,npc_9,105.85,-0.532,251.7,0.0,27.02,Conservative
2,440,npc_0,82.73,-7.33,35.96,0.574,56.83,Normal
2,440,npc_1,91.73,7.724,14.72,0.574,93.86,Aggressive
2,440,npc_12,107.74,0.134,165.2,1.586,66.33,Normal
2,440,npc_13,107.02,0.994,270.15,0.0,29.43,Conservative
2,440,npc_2,97.54,-0.274,279.11,0.0,22.24,Conservative
2,440,npc_3,101.35,3.754,320.0,0.0,37.84,Normal
2,440,npc_4,89.7,0.021,151.63,0.0,17.96,Conservative
2,440,npc_5,103.1,4.395,298.07,0.0,41.2,Normal
2,440,npc_6,95.57,0.635,317.56,0.0,22.84,Conservative
2,440,npc_8,92.5,-0.004,93.06,1.28,53.16,Normal
2,440,npc_9,106.0,0.415,254.63,0.0,26.63,Conservative
2,444,npc_0,85.03,6.368,35.41,1.267,76.66,Aggressive
2,444,npc_1,94.66,8.132,11.5,0.0,87.34,Aggressive
2,444,npc_12,107.85,0.3,168.35,1.596,67.05,Normal
2,444,npc_13,106.81,-0.571,273.13,0.0,27.63,Conservative
2,444,npc_2,97.43,-0.297,281.17,0.0,22.28,Conservative
2,444,npc_4,89.73,0.09,150.52,0.0,18.25,Conservative
2,444,npc_5,106.19,8.575,300.89,0.0,45.06,Normal
2,444,npc_6,95.62,0.136,319.38,0.0,20.86,Conservative
2,444,npc_8,92.4,-0.255,91.54,1.193,51.8,Normal
2,444,npc_9,107.96,5.45,257.74,0.0,45.9,Normal
2,448,npc_0,87.31,6.344,34.6,1.67,84.53,Aggressive
2,448,npc_1,97.14,6.885,10.0,0.0,92.17,Aggressive
2,448,npc_12,107.56,-0.81,171.51,1.6,68.95,Normal
2,448,npc_13,106.6,-0.579,276.19,0.0,27.57,Conservative
2,448,npc_2,99.39,5.44,283.31,0.0,41.95,Normal
2,448,npc_4,89.53,-0.559,149.36,0.0,20.05,Conservative
2,448,npc_5,107.79,4.452,304.04,0.0,43.63,Normal
2,448,npc_8,92.41,0.012,90.09,1.088,48.03,Normal
2,448,npc_9,107.6,-0.995,260.9,0.0,29.71,Conservative
2,452,npc_0,90.15,7.889,33.5,2.327,86.78,Aggressive
2,452,npc_1,99.67,7.021,6.38,0.0,100.0,Aggressive
2,452,npc_12,107.63,0.209,174.72,1.596,66.58,Normal
2,452,npc_13,106.82,0.598,279.21,0.0,27.75,Conservative
2,452,npc_2,102.44,8.47,285.83,0.0,43.32,Normal
2,452,npc_4,89.73,0.549,148.32,0.0,20.09,Conservative
2,452,npc_8,92.5,0.254,88.68,0.96,45.63,Normal
2,452,npc_9,107.96,0.996,264.1,0.0,29.89,Conservative
2,456,npc_0,92.65,6.932,32.11,2.8,89.31,Aggressive
2,456,npc_1,102.01,6.504,4.44,0.0,100.0,Aggressive
2,456,npc_12,108.0,1.015,177.89,1.586,69.98,Normal
2,456,npc_13,106.79,-0.08,282.28,0.0,25.66,Conservative
2,456,npc_2,105.25,7.818,288.59,0.0,44.62,Normal
2,456,npc_4,89.33,-1.105,147.16,0.0,22.15,Conservative
2,456,npc_8,92.14,-1.007,87.24,0.798,44.18,Normal
2,456,npc_9,107.84,-0.331,267.27,0.0,27.17,Conservative
2,460,npc_0,95.26,7.25,31.24,3.171,91.42,Aggressive
2,460,npc_1,105.16,8.749,3.39,0.0,100.0,Aggressive
2,460,npc_12,107.9,-0.263,180.28,1.568,66.92,Normal
2,460,npc_13,106.81,0.056,284.56,0.0,25.57,Conservative
2,460,npc_4,89.69,0.998,146.82,0.0,21.87,Conservative
2,460,npc_8,92.27,0.381,86.59,0.574,35.76,Normal
2,460,npc_9,107.71,-0.36,269.65,0.0,27.22,Conservative
2,464,npc_0,98.39,8.702,30.57,3.474,93.6,Aggressive
2,464,npc_1,107.52,6.558,6.5,0.0,100.0,Aggressive
2,464,npc_12,107.92,0.057,182.62,1.542,66.11,Normal
2,464,npc_4,89.72,0.081,146.36,0.0,18.21,Conservative
2,464,npc_8,92.25,-0.061,85.87,0.0,19.16,Conservative
2,464,npc_9,107.96,0.679,272.01,0.0,28.61,Conservative
2,468,npc_0,100.78,6.651,28.56,3.726,97.28,Aggressive
2,468,npc_1,107.99,1.326,4.74,0.0,96.77,Aggressive
2,468,npc_12,107.63,-0.816,185.03,1.508,69.01,Normal
2,468,npc_4,89.74,0.077,146.11,0.0,18.2,Conservative
2,468,npc_8,92.35,0.267,85.44,0.574,35.34,Normal
2,472,npc_0,101.19,1.143,27.72,3.935,83.22,Aggressive
2,472,npc_1,107.94,-0.156,6.0,0.0,88.47,Aggressive
2,472,npc_12,107.59,-0.122,186.6,1.466,65.31,Normal
2,472,npc_4,89.71,-0.084,146.56,0.0,18.22,Conservative
2,472,npc_8,92.13,-0.6,85.59,0.798,42.55,Normal
2,476,npc_0,101.06,-0.382,27.46,4.109,80.49,Aggressive
2,476,npc_1,107.82,-0.323,9.22,0.0,80.34,Aggressive
2,476,npc_12,107.68,0.266,188.14,1.415,64.57,Normal
2,476,npc_4,89.51,-0.562,146.92,0.0,20.05,Conservative
2,476,npc_8,92.18,0.147,85.56,0.96,45.07,Normal
2,480,npc_0,101.23,0.493,27.41,4.252,81.08,Aggressive
2,480,npc_1,107.93,0.293,9.8,0.0,78.78,Aggressive
2,480,npc_12,107.58,-0.273,188.91,1.353,62.91,Normal
2,480,npc_4,89.49,-0.064,148.17,0.0,18.05,Conservative
2,480,npc_8,92.28,0.276,86.49,1.088,49.04,Normal
2,484,npc_0,101.28,0.129,27.37,4.367,79.7,Aggressive
2,484,npc_1,107.79,-0.376,10.39,0.0,77.52,Aggressive
2,484,npc_12,107.87,0.809,189.69,1.28,63.23,Normal
2,484,npc_4,89.71,0.622,149.42,0.0,20.37,Conservative
2,484,npc_8,92.25,-0.098,87.43,1.193,51.11,Normal
2,488,npc_0,101.03,-0.682,26.77,4.456,82.67,Aggressive
2,488,npc_1,107.94,0.408,9.51,0.0,79.97,Aggressive
2,488,npc_12,107.65,-0.615,190.5,1.193,60.01,Normal
2,488,npc_4,89.33,-1.053,150.77,0.0,21.95,Conservative
2,488,npc_8,92.27,0.064,88.55,1.28,53.31,Normal
2,492,npc_0,96.18,-13.494,26.82,4.52,97.75,Aggressive
2,492,npc_1,107.82,-0.338,9.74,0.0,79.06,Aggressive
2,492,npc_12,107.9,0.673,191.36,1.088,57.57,Normal
2,492,npc_4,89.63,0.834,152.18,0.0,21.19,Conservative
2,492,npc_8,92.41,0.373,89.78,1.353,56.56,Normal
2,496,npc_0,96.75,1.606,28.19,4.562,82.44,Aggressive
2,496,npc_1,107.72,-0.275,9.7,0.0,78.85,Aggressive
2,496,npc_4,89.55,-0.24,154.23,0.0,18.78,Conservative
2,496,npc_8,92.37,-0.097,91.51,1.415,57.09,Normal
2,500,npc_0,98.93,6.045,29.28,4.58,95.49,Aggressive
2,500,npc_1,107.87,0.428,9.67,0.0,79.61,Aggressive
2,500,npc_4,89.69,0.391,156.28,0.0,19.44,Conservative
2,500,npc_8,92.47,0.286,93.24,1.466,59.25,Normal
2,504,npc_0,93.9,-13.973,29.78,4.577,92.68,Aggressive
2,504,npc_1,107.96,0.241,10.47,0.0,76.88,Aggressive
2,504,npc_4,89.39,-0.828,157.53,0.0,21.07,Conservative
2,504,npc_8,92.19,-0.783,94.18,1.508,62.02,Normal
2,508,npc_0,94.59,1.917,30.73,4.551,79.43,Aggressive
2,508,npc_1,107.78,-0.506,11.68,0.0,74.83,Aggressive
2,508,npc_4,89.42,0.09,158.63,0.0,18.13,Conservative
2,508,npc_8,92.23,0.106,94.85,1.542,59.33,Normal
2,512,npc_0,97.63,8.445,30.42,4.502,93.45,Aggressive
2,512,npc_1,107.82,0.127,13.2,0.0,69.68,Normal
2,512,npc_4,89.46,0.099,159.07,0.0,18.18,Conservative
2,512,npc_8,92.51,0.777,94.98,1.568,62.13,Normal
2,516,npc_0,92.94,-13.038,30.04,4.429,91.94,Aggressive
2,516,npc_1,107.78,-0.115,14.38,0.0,66.88,Normal
2,516,npc_4,89.75,0.804,159.67,0.0,21.12,Conservative
2,516,npc_8,92.32,-0.514,95.39,1.586,61.0,Normal
2,520,npc_0,93.55,1.696,30.97,4.332,77.82,Aggressive
2,520,npc_1,107.97,0.527,15.16,0.0,66.86,Normal
2,520,npc_4,89.55,-0.556,160.92,0.0,20.04,Conservative
2,520,npc_8,92.38,0.148,96.33,1.596,59.56,Normal
2,524,npc_0,94.07,1.439,31.73,4.208,76.1,Aggressive
2,524,npc_1,107.7,-0.747,16.26,0.574,80.52,Aggressive
2,524,npc_4,89.31,-0.666,162.17,0.0,20.39,Conservative
2,524,npc_8,92.27,-0.296,97.28,1.6,60.1,Normal
2,528,npc_0,89.08,-13.857,31.96,4.055,88.05,Aggressive
2,528,npc_1,107.78,0.224,17.8,0.798,81.18,Aggressive
2,528,npc_4,89.71,1.123,162.62,0.0,22.38,Conservative
2,528,npc_8,92.44,0.465,97.42,1.596,60.85,Normal
2,532,npc_0,90.59,4.199,33.22,3.87,84.04,Aggressive
2,532,npc_1,107.83,0.143,18.57,0.96,83.63,Aggressive
2,532,npc_4,89.36,-0.987,163.88,0.0,21.69,Conservative
2,532,npc_8,92.31,-0.361,98.36,1.586,60.38,Normal
2,536,npc_0,93.73,8.737,34.94,3.647,86.78,Aggressive
2,536,npc_1,107.79,-0.124,18.55,1.088,86.98,Aggressive
2,536,npc_4,89.38,0.072,165.94,0.0,18.04,Conservative
2,536,npc_8,92.12,-0.529,100.09,1.568,60.97,Normal
2,540,npc_0,96.79,8.482,36.32,3.38,86.81,Aggressive
2,540,npc_1,107.84,0.133,18.52,1.193,89.88,Aggressive
2,540,npc_4,89.73,0.975,167.98,0.0,21.79,Conservative
2,540,npc_8,92.31,0.537,101.83,1.542,61.09,Normal
2,544,npc_0,99.47,7.447,37.39,3.056,87.07,Aggressive
2,544,npc_1,107.66,-0.498,18.49,1.28,93.66,Aggressive
2,544,npc_4,89.46,-0.761,170.04,0.0,20.83,Conservative
2,544,npc_8,92.29,-0.055,103.56,1.508,59.15,Normal
2,548,npc_0,100.92,4.021,38.33,2.656,83.07,Aggressive
2,548,npc_1,107.85,0.545,18.19,1.353,96.5,Aggressive
2,548,npc_4,89.32,-0.395,171.95,0.0,19.31,Conservative
2,548,npc_8,92.47,0.506,105.04,1.466,60.13,Normal
2,552,npc_0,100.91,-0.006,39.09,2.136,66.46,Normal
2,552,npc_1,107.96,0.304,18.17,1.415,97.28,Aggressive
2,552,npc_4,89.42,0.28,174.0,0.0,18.89,Conservative
2,552,npc_8,92.11,-1.007,106.78,1.415,60.62,Normal
2,556,npc_0,101.04,0.361,39.84,1.366,63.86,Normal
2,556,npc_4,89.39,-0.074,176.05,0.0,18.05,Conservative
2,556,npc_8,92.39,0.783,108.52,1.353,58.19,Normal
2,560,npc_0,101.17,0.353,40.98,0.798,48.04,Normal
2,560,npc_4,89.45,0.165,178.02,0.0,18.44,Conservative
2,560,npc_8,92.4,0.029,110.13,1.28,53.22,Normal
3,4,npc_0,82.05,-53.127,119.35,1.798,74.96,Aggressive
3,4,npc_1,71.39,-101.603,30.65,2.104,83.3,Aggressive
3,4,npc_10,72.72,-97.729,159.72,0.574,47.07,Normal
3,4,npc_11,79.79,-78.312,280.49,1.415,71.88,Aggressive
3,4,npc_12,85.72,-61.604,69.19,1.451,75.02,Aggressive
3,4,npc_13,74.44,-89.898,60.21,0.0,32.32,Conservative
3,4,npc_14,67.27,-90.952,209.18,0.574,45.37,Normal
3,4,npc_2,85.93,-53.66,81.43,0.0,36.41,Normal
3,4,npc_3,78.08,-64.641,180.29,0.574,48.87,Normal
3,4,npc_4,63.74,-71.409,161.33,0.574,44.35,Normal
3,4,npc_5,79.66,-78.154,120.73,0.574,49.42,Normal
3,4,npc_6,76.62,-52.767,230.1,0.574,48.36,Normal
3,4,npc_7,69.26,-87.972,339.29,0.574,45.98,Normal
3,4,npc_8,74.42,-49.966,90.18,1.586,72.31,Aggressive
3,4,npc_9,76.86,-86.367,40.64,0.574,51.25,Normal
3,8,npc_0,84.74,7.481,118.05,2.395,75.96,Aggressive
3,8,npc_1,72.0,1.701,30.64,2.578,70.32,Aggressive
3,8,npc_10,75.52,7.772,159.99,0.798,53.96,Normal
3,8,npc_11,82.5,7.515,281.54,1.415,72.86,Aggressive
3,8,npc_12,88.17,6.816,67.5,1.733,77.28,Aggressive
3,8,npc_13,76.76,6.426,60.65,0.0,33.09,Conservative
3,8,npc_14,70.09,7.852,208.87,0.798,52.2,Normal
3,8,npc_2,86.01,0.205,82.95,0.0,17.26,Conservative
3,8,npc_3,80.96,8.013,181.18,0.798,55.85,Normal
3,8,npc_4,66.19,6.795,162.06,0.798,51.02,Normal
3,8,npc_5,81.28,4.516,121.68,0.798,54.03,Normal
3,8,npc_6,79.41,7.737,230.8,0.798,55.3,Normal
3,8,npc_7,72.47,8.923,339.22,0.798,52.96,Normal
3,8,npc_8,77.5,8.562,89.69,1.835,73.35,Aggressive
3,8,npc_9,76.26,-1.668,41.03,0.798,43.46,Normal
3,12,npc_0,87.89,8.761,115.61,2.88,77.17,Aggressive
3,12,npc_1,67.61,-12.196,30.06,2.943,82.88,Aggressive
3,12,npc_10,78.34,7.826,161.37,0.96,59.24,Normal
3,12,npc_11,85.72,8.947,283.73,1.415,74.06,Aggressive
3,12,npc_12,91.0,7.857,64.72,1.97,78.4,Aggressive
3,12,npc_13,79.27,6.967,62.14,0.0,33.96,Conservative
3,12,npc_14,73.05,8.203,209.65,0.96,57.46,Normal
3,12,npc_2,87.08,2.991,85.39,0.0,28.82,Conservative
3,12,npc_3,83.46,6.928,183.12,0.798,56.76,Normal
3,12,npc_4,68.97,7.723,161.71,0.96,56.17,Normal
3,12,npc_5,82.95,4.641,123.61,0.96,59.45,Normal
3,12,npc_6,81.81,6.667,232.59,0.96,60.47,Normal
3,12,npc_7,75.02,7.063,340.25,0.96,58.11,Normal
3,12,npc_8,79.74,6.24,88.12,2.049,74.13,Aggressive
3,12,npc_9,78.42,6.004,42.46,0.96,61.09,Normal
3,16,npc_0,88.45,1.544,112.86,3.034,63.56,Normal
3,16,npc_1,65.32,-6.357,29.98,3.235,82.31,Aggressive
3,16,npc_10,80.96,7.292,163.14,0.96,60.17,Normal
3,16,npc_11,88.34,7.269,286.22,1.415,75.08,Aggressive
3,16,npc_12,93.76,7.659,61.65,2.176,79.53,Aggressive
3,16,npc_13,82.02,7.636,63.93,0.0,34.95,Conservative
3,16,npc_14,75.05,5.578,210.71,1.088,61.53,Normal
3,16,npc_2,88.59,4.178,87.96,0.0,34.15,Conservative
3,16,npc_3,86.24,7.732,185.38,0.798,57.81,Normal
3,16,npc_4,71.55,7.169,161.07,1.088,60.38,Normal
3,16,npc_5,85.33,6.596,125.79,1.088,65.19,Normal
3,16,npc_6,84.52,7.543,234.66,1.088,64.88,Normal
3,16,npc_7,77.58,7.118,341.57,1.088,62.38,Normal
3,16,npc_8,82.55,7.802,86.26,2.237,75.14,Aggressive
3,16,npc_9,80.96,7.046,44.15,1.088,64.67,Normal
3,20,npc_0,84.21,-11.783,110.62,3.166,75.76,Aggressive
3,20,npc_1,65.28,-0.112,29.93,3.474,62.81,Normal
3,20,npc_10,83.43,6.863,165.12,0.96,61.07,Normal
3,20,npc_11,90.92,7.18,289.02,1.415,76.11,Aggressive
3,20,npc_12,96.64,8.004,58.24,2.385,80.75,Aggressive
3,20,npc_13,84.47,6.831,66.0,0.0,35.86,Normal
3,20,npc_14,78.12,8.514,212.07,1.193,65.36,Normal
3,20,npc_2,90.69,5.846,90.75,0.0,38.28,Normal
3,20,npc_3,88.82,7.173,187.94,0.798,58.82,Normal
3,20,npc_4,74.54,8.305,160.12,1.193,64.15,Normal
3,20,npc_5,88.05,7.558,128.26,1.193,69.03,Normal
3,20,npc_6,86.81,6.359,237.0,1.193,68.55,Normal
3,20,npc_7,80.53,8.192,343.18,1.193,66.21,Normal
3,20,npc_8,84.94,6.63,84.13,2.407,76.03,Aggressive
3,20,npc_9,83.17,6.139,46.1,1.193,67.66,Normal
3,24,npc_0,86.98,7.7,109.07,3.279,76.81,Aggressive
3,24,npc_1,67.34,5.725,30.55,3.67,82.18,Aggressive
3,24,npc_10,86.3,7.971,166.59,0.96,62.15,Normal
3,24,npc_11,93.3,6.608,291.29,1.415,77.08,Aggressive
3,24,npc_12,99.3,7.38,55.35,2.56,81.91,Aggressive
3,24,npc_13,86.81,6.5,67.54,0.0,36.75,Normal
3,24,npc_14,81.24,8.663,212.97,1.28,68.8,Normal
3,24,npc_2,92.91,6.164,92.97,0.0,39.18,Normal
3,24,npc_3,91.76,8.157,190.01,0.798,60.0,Normal
3,24,npc_4,77.31,7.687,159.64,1.28,67.41,Normal
3,24,npc_5,91.0,8.196,130.25,1.28,72.53,Aggressive
3,24,npc_6,89.44,7.31,238.83,1.28,71.91,Aggressive
3,24,npc_7,83.74,8.905,344.35,1.28,69.71,Normal
3,24,npc_8,87.84,8.053,82.49,2.56,77.15,Aggressive
3,24,npc_9,86.33,8.786,47.56,1.28,70.89,Aggressive
3,28,npc_0,89.33,6.524,107.28,3.375,77.73,Aggressive
3,28,npc_1,70.2,7.944,30.7,3.83,82.87,Aggressive
3,28,npc_10,88.9,7.223,168.5,0.96,63.16,Normal
3,28,npc_11,95.63,6.467,293.87,1.415,78.06,Aggressive
3,28,npc_12,102.06,7.677,52.65,2.707,83.15,Aggressive
3,28,npc_13,89.41,7.205,69.72,0.0,37.76,Normal
3,28,npc_14,84.44,8.906,214.34,1.353,71.94,Aggressive
3,28,npc_2,95.46,7.092,95.41,0.0,40.25,Normal
3,28,npc_3,94.43,7.409,192.43,0.798,61.1,Normal
3,28,npc_4,79.97,7.394,158.89,1.353,70.3,Aggressive
3,28,npc_5,94.24,9.012,132.63,1.353,75.83,Aggressive
3,28,npc_6,92.35,8.07,240.99,1.353,75.04,Aggressive
3,28,npc_7,86.41,7.442,345.87,1.353,72.69,Aggressive
3,28,npc_8,90.05,6.149,80.78,2.707,78.02,Aggressive
3,28,npc_9,88.48,5.95,49.61,1.353,73.49,Aggressive
3,32,npc_0,92.09,7.674,105.17,3.455,78.85,Aggressive
3,32,npc_1,71.18,2.718,30.82,3.957,73.91,Aggressive
3,32,npc_10,91.63,7.566,170.56,0.96,64.26,Normal
3,32,npc_11,98.24,7.25,296.67,1.415,79.18,Aggressive
3,32,npc_12,105.16,8.625,49.15,2.83,84.6,Aggressive
3,32,npc_13,92.48,8.522,71.86,0.0,39.0,Normal
3,32,npc_14,87.43,8.306,215.92,1.415,74.72,Aggressive
3,32,npc_2,97.66,6.101,98.17,0.0,41.19,Normal
3,32,npc_3,97.08,7.381,195.09,0.798,62.23,Normal
3,32,npc_4,82.38,6.697,157.84,1.415,72.82,Aggressive
3,32,npc_5,96.79,7.075,135.27,1.415,78.55,Aggressive
3,32,npc_6,94.94,7.201,243.44,1.415,77.77,Aggressive
3,32,npc_7,88.64,6.182,347.62,1.415,75.2,Aggressive
3,32,npc_8,92.4,6.516,78.59,2.83,78.97,Aggressive
3,32,npc_9,91.15,7.442,51.59,1.415,76.2,Aggressive
3,36,npc_0,92.3,0.595,103.7,3.52,61.31,Normal
3,36,npc_1,72.76,4.398,31.64,4.055,80.14,Aggressive
3,36,npc_10,94.46,7.861,172.12,0.96,65.43,Normal
3,36,npc_11,101.08,7.884,298.98,1.466,81.81,Aggressive
3,36,npc_12,107.71,7.082,46.16,2.933,86.26,Aggressive
3,36,npc_13,94.89,6.715,73.48,0.0,40.01,Normal
3,36,npc_14,90.32,8.022,217.03,1.466,77.23,Aggressive
3,36,npc_2,99.51,5.141,100.35,0.0,42.01,Normal
3,36,npc_3,100.01,8.129,197.28,0.798,63.51,Normal
3,36,npc_4,85.19,7.803,157.3,1.466,75.23,Aggressive
3,36,npc_5,98.94,5.984,137.38,1.466,80.86,Aggressive
3,36,npc_6,95.36,1.16,245.24,1.466,63.95,Normal
3,36,npc_7,91.21,7.136,348.83,1.466,77.59,Aggressive
3,36,npc_8,92.54,0.401,77.12,2.933,60.64,Normal
3,36,npc_9,94.01,7.92,53.12,1.466,78.74,Aggressive
3,40,npc_0,92.48,0.49,102.18,3.571,60.96,Normal
3,40,npc_1,75.84,8.539,32.31,4.126,82.8,Aggressive
3,40,npc_10,96.93,6.858,173.84,0.96,66.48,Normal
3,40,npc_11,103.54,6.846,301.52,1.508,83.82,Aggressive
3,40,npc_12,107.67,-0.115,42.46,3.017,68.04,Normal
3,40,npc_13,98.17,9.094,75.1,0.0,41.42,Normal
3,40,npc_14,93.2,8.007,218.33,1.508,79.3,Aggressive
3,40,npc_2,101.32,5.015,102.79,0.0,42.81,Normal
3,40,npc_3,102.14,5.931,199.73,0.798,64.47,Normal
3,40,npc_4,87.94,7.643,156.42,1.508,77.19,Aggressive
3,40,npc_5,101.35,6.684,139.69,1.508,82.83,Aggressive
3,40,npc_6,95.29,-0.181,247.03,1.508,60.9,Normal
3,40,npc_7,94.03,7.838,350.34,1.508,79.65,Aggressive
3,40,npc_8,92.17,-1.028,75.46,3.017,62.99,Normal
3,40,npc_9,96.65,7.348,54.66,1.508,80.76,Aggressive
3,44,npc_0,92.38,-0.279,99.91,3.609,60.08,Normal
3,44,npc_1,72.0,-10.66,32.05,4.171,81.83,Aggressive
3,44,npc_10,100.2,9.082,176.83,0.96,67.91,Normal
3,44,npc_11,106.34,7.766,305.21,1.542,85.13,Aggressive
3,44,npc_12,107.77,0.281,38.54,3.084,71.14,Aggressive
3,44,npc_13,100.92,7.649,78.19,0.0,42.63,Normal
3,44,npc_14,96.23,8.41,220.9,1.542,80.58,Aggressive
3,44,npc_2,103.81,6.913,106.21,0.0,43.95,Normal
3,44,npc_3,101.72,-1.168,203.05,0.798,48.95,Normal
3,44,npc_4,89.71,4.919,154.5,1.542,77.56,Aggressive
3,44,npc_5,104.13,7.734,143.13,1.542,84.1,Aggressive
3,44,npc_6,95.27,-0.047,249.64,1.542,60.36,Normal
3,44,npc_7,96.76,7.581,352.99,1.542,80.81,Aggressive
3,44,npc_8,92.47,0.822,73.19,3.084,62.29,Normal
3,44,npc_9,99.65,8.324,57.61,1.542,82.07,Aggressive
3,48,npc_0,92.38,0.01,96.84,3.635,59.01,Normal
3,48,npc_1,67.66,-12.057,31.47,4.191,81.16,Aggressive
3,48,npc_10,102.21,5.605,180.92,0.96,68.82,Normal
3,48,npc_11,107.71,3.821,309.97,1.568,81.06,Aggressive
3,48,npc_12,107.57,-0.568,33.84,3.135,76.34,Aggressive
3,48,npc_13,103.19,6.302,82.34,0.0,43.66,Normal
3,48,npc_14,98.43,6.113,224.55,1.568,81.53,Aggressive
3,48,npc_2,106.55,7.616,110.72,0.0,45.23,Normal
3,48,npc_3,101.3,-1.168,207.12,0.798,48.76,Normal
3,48,npc_4,89.61,-0.276,151.77,1.568,58.95,Normal
3,48,npc_5,107.02,8.02,147.69,1.568,85.45,Aggressive
3,48,npc_6,95.26,-0.04,253.04,1.568,60.33,Normal
3,48,npc_7,99.28,7.009,356.7,1.568,81.9,Aggressive
3,48,npc_8,92.37,-0.282,70.12,3.135,60.09,Normal
3,48,npc_9,102.55,8.063,61.67,1.568,83.37,Aggressive
3,52,npc_0,92.12,-0.719,92.98,3.647,61.74,Normal
3,52,npc_1,61.53,-17.037,30.76,4.187,80.25,Aggressive
3,52,npc_10,103.83,4.5,185.98,0.96,67.56,Normal
3,52,npc_11,107.88,0.472,315.55,1.586,67.75,Normal
3,52,npc_12,107.74,0.485,28.39,3.171,82.68,Aggressive
3,52,npc_13,105.99,7.781,87.6,0.0,44.96,Normal
3,52,npc_14,99.96,4.234,229.23,1.586,79.14,Aggressive
3,52,npc_2,107.61,2.963,116.27,0.0,37.59,Normal
3,52,npc_3,101.09,-0.591,211.96,0.798,46.36,Normal
3,52,npc_4,89.6,-0.026,148.22,1.586,57.95,Normal
3,52,npc_5,107.76,2.066,153.25,1.586,74.07,Aggressive
3,52,npc_6,95.52,0.708,257.24,1.586,63.1,Normal
3,52,npc_7,100.95,4.632,361.47,1.586,81.18,Aggressive
3,52,npc_8,92.26,-0.31,66.27,3.171,60.15,Normal
3,52,npc_9,105.36,7.796,66.84,1.586,84.67,Aggressive
3,56,npc_0,92.42,0.822,88.32,3.647,62.27,Normal
3,56,npc_1,60.29,-3.428,29.7,4.159,74.98,Aggressive
3,56,npc_10,103.46,-1.048,191.89,0.96,53.58,Normal
3,56,npc_11,107.63,-0.71,321.92,1.596,68.58,Normal
3,56,npc_12,107.68,-0.178,22.21,3.193,91.18,Aggressive
3,56,npc_13,106.64,1.803,93.84,0.0,32.49,Conservative
3,56,npc_14,99.65,-0.846,234.72,1.596,65.45,Normal
3,56,npc_2,107.78,0.467,122.63,0.0,27.69,Conservative
3,56,npc_3,100.73,-1.009,217.56,0.798,47.87,Normal
3,56,npc_4,89.74,0.366,143.88,1.596,59.36,Normal
3,56,npc_5,107.88,0.309,159.63,1.596,67.1,Normal
3,56,npc_6,95.55,0.093,262.25,1.596,60.66,Normal
3,56,npc_7,101.16,0.582,367.11,1.596,65.07,Normal
3,56,npc_8,92.1,-0.424,61.62,3.193,60.55,Normal
3,56,npc_9,106.96,4.466,73.08,1.596,83.29,Aggressive
3,60,npc_0,91.38,-2.88,83.71,3.635,70.08,Aggressive
3,60,npc_1,58.64,-4.589,28.72,4.105,80.49,Aggressive
3,60,npc_10,103.29,-0.477,197.76,0.96,51.22,Normal
3,60,npc_11,107.72,0.248,328.29,1.6,66.78,Normal
3,60,npc_12,107.71,0.079,16.21,3.2,100.0,Aggressive
3,60,npc_13,106.93,0.802,100.11,0.0,28.62,Conservative
3,60,npc_14,99.65,0.008,240.2,1.6,62.1,Normal
3,60,npc_2,107.7,-0.22,129.01,0.0,26.66,Conservative
3,60,npc_3,100.2,-1.472,223.16,1.006,55.03,Normal
3,60,npc_4,89.4,-0.941,139.53,1.6,61.52,Normal
3,60,npc_5,107.77,-0.28,166.01,1.6,66.93,Normal
3,60,npc_6,95.45,-0.272,267.26,1.6,61.33,Normal
3,60,npc_7,101.03,-0.371,372.73,1.6,64.16,Normal
3,60,npc_8,92.4,0.83,56.96,3.2,62.29,Normal
3,60,npc_9,107.02,0.154,79.34,1.6,66.07,Normal
3,64,npc_0,89.09,-6.362,79.31,3.609,77.64,Aggressive
3,64,npc_1,59.14,1.385,27.75,4.025,69.16,Normal
3,64,npc_10,103.47,0.506,203.63,0.96,51.41,Normal
3,64,npc_11,107.91,0.544,334.67,1.596,68.06,Normal
3,64,npc_12,107.84,0.361,10.65,3.193,100.0,Aggressive
3,64,npc_13,106.75,-0.49,106.37,0.0,27.28,Conservative
3,64,npc_14,99.66,0.026,245.7,1.596,62.18,Normal
3,64,npc_2,107.63,-0.201,135.38,0.0,26.55,Conservative
3,64,npc_3,100.06,-0.384,228.69,1.168,54.94,Normal
3,64,npc_4,89.39,-0.008,135.19,1.596,57.79,Normal
3,64,npc_5,107.96,0.526,172.38,1.596,68.01,Normal
3,64,npc_6,95.55,0.269,272.27,1.596,61.36,Normal
3,64,npc_7,101.05,0.074,378.36,1.596,62.99,Normal
3,64,npc_8,92.42,0.045,52.31,3.193,59.16,Normal
3,64,npc_9,106.86,-0.455,85.61,1.596,67.2,Normal
3,68,npc_0,86.84,-6.246,75.24,3.571,76.76,Aggressive
3,68,npc_1,61.69,7.097,27.18,3.918,85.12,Aggressive
3,68,npc_10,102.93,-1.504,209.39,0.96,55.16,Normal
3,68,npc_11,108.0,0.237,341.03,1.586,66.87,Normal
3,68,npc_12,107.63,-0.564,3.85,3.171,100.0,Aggressive
3,68,npc_13,106.94,0.527,112.5,0.0,27.53,Conservative
3,68,npc_14,99.75,0.237,251.13,1.586,63.06,Normal
3,68,npc_2,107.56,-0.206,141.85,0.0,26.53,Conservative
3,68,npc_3,99.95,-0.306,234.16,1.302,58.15,Normal
3,68,npc_4,89.61,0.591,130.89,1.586,60.21,Normal
3,68,npc_5,107.77,-0.534,178.78,1.586,67.95,Normal
3,68,npc_6,95.43,-0.334,277.29,1.586,61.57,Normal
3,68,npc_7,100.98,-0.191,384.0,1.586,63.42,Normal
3,68,npc_8,92.22,-0.539,47.67,3.314,61.23,Normal
3,68,npc_9,106.94,0.23,91.83,1.586,66.33,Normal
3,72,npc_0,81.41,-15.107,70.66,3.499,74.73,Aggressive
3,72,npc_1,64.53,7.883,25.01,3.78,89.25,Aggressive
3,72,npc_10,102.92,-0.027,216.02,0.96,49.25,Normal
3,72,npc_11,107.94,-0.164,348.21,1.568,66.55,Normal
3,72,npc_12,107.94,0.85,5.98,3.135,100.0,Aggressive
3,72,npc_13,106.89,-0.148,119.58,0.0,25.98,Conservative
3,72,npc_14,99.9,0.415,257.43,1.568,63.84,Normal
3,72,npc_2,107.64,0.228,149.01,0.0,26.66,Conservative
3,72,npc_3,100.01,0.156,240.46,1.415,60.58,Normal
3,72,npc_4,89.51,-0.27,125.7,1.749,58.89,Normal
3,72,npc_5,107.84,0.191,185.95,1.568,66.61,Normal
3,72,npc_6,95.27,-0.442,283.08,1.568,61.94,Normal
3,72,npc_7,100.87,-0.331,390.43,1.568,63.93,Normal
3,72,npc_8,92.52,0.828,42.23,3.4,64.27,Normal
3,72,npc_9,106.91,-0.086,98.91,1.568,65.74,Normal
3,76,npc_0,82.83,3.97,66.46,3.422,71.13,Aggressive
3,76,npc_1,67.83,9.168,23.61,3.609,92.51,Aggressive
3,76,npc_10,102.72,-0.537,222.61,0.96,51.2,Normal
3,76,npc_11,107.63,-0.849,355.39,1.542,69.14,Normal
3,76,npc_12,108.0,0.156,12.24,3.084,100.0,Aggressive
3,76,npc_13,106.65,-0.675,126.61,0.0,27.97,Conservative
3,76,npc_14,99.7,-0.55,263.71,1.542,64.29,Normal
3,76,npc_2,107.84,0.549,156.34,0.0,28.04,Conservative
3,76,npc_3,100.02,0.037,246.79,1.512,62.38,Normal
3,76,npc_4,89.41,-0.284,120.59,1.875,58.9,Normal
3,76,npc_5,107.86,0.053,193.2,1.542,66.06,Normal
3,76,npc_6,95.28,0.043,288.94,1.542,60.35,Normal
3,76,npc_7,101.21,0.949,396.9,1.542,66.56,Normal
3,76,npc_8,83.07,-26.268,37.16,3.455,80.61,Aggressive
3,76,npc_9,106.73,-0.481,106.04,1.542,67.24,Normal
3,80,npc_0,78.21,-12.857,63.11,3.339,73.59,Aggressive
3,80,npc_1,70.4,7.121,21.69,3.4,96.66,Aggressive
3,80,npc_10,102.38,-0.944,228.39,0.96,52.67,Normal
3,80,npc_11,107.66,0.068,361.76,1.508,66.03,Normal
3,80,npc_12,107.87,-0.345,18.61,3.017,98.77,Aggressive
3,80,npc_13,106.94,0.82,132.88,0.0,28.69,Conservative
3,80,npc_14,99.99,0.797,269.22,1.508,65.41,Normal
3,80,npc_2,107.89,0.155,162.7,0.0,26.49,Conservative
3,80,npc_3,99.96,-0.17,252.28,1.596,62.88,Normal
3,80,npc_4,89.4,-0.02,116.24,1.97,57.84,Normal
3,80,npc_5,107.61,-0.692,199.57,1.508,68.5,Normal
3,80,npc_6,95.34,0.166,293.94,1.508,60.86,Normal
3,80,npc_7,100.93,-0.766,402.53,1.508,65.7,Normal
3,80,npc_8,73.81,-25.698,34.21,3.479,80.09,Aggressive
3,80,npc_9,106.68,-0.162,112.3,1.508,65.94,Normal
3,84,npc_0,71.73,-18.0,60.47,3.251,71.43,Aggressive
3,84,npc_1,73.17,7.712,19.57,3.144,100.0,Aggressive
3,84,npc_10,102.09,-0.822,234.17,0.96,52.05,Normal
3,84,npc_11,107.7,0.12,368.13,1.466,65.36,Normal
3,84,npc_12,107.89,0.053,24.99,2.933,86.1,Aggressive
3,84,npc_13,106.86,-0.229,139.16,0.0,26.29,Conservative
3,84,npc_14,99.73,-0.719,274.7,1.466,64.08,Normal
3,84,npc_2,107.74,-0.414,169.06,0.0,27.45,Conservative
3,84,npc_3,99.7,-0.721,257.78,1.67,64.97,Normal
3,84,npc_4,87.73,-4.633,111.95,2.038,75.64,Aggressive
3,84,npc_5,107.55,-0.16,205.94,1.466,65.45,Normal
3,84,npc_6,95.26,-0.243,298.95,1.466,60.24,Normal
3,84,npc_7,100.85,-0.224,408.16,1.466,62.6,Normal
3,84,npc_8,66.43,-20.511,32.13,3.474,80.03,Aggressive
3,84,npc_9,106.88,0.566,118.58,1.466,66.76,Normal
3,88,npc_0,65.25,-18.0,58.56,3.157,69.46,Normal
3,88,npc_1,76.34,8.809,17.24,2.83,100.0,Aggressive
3,88,npc_10,102.24,0.429,239.93,0.96,50.54,Normal
3,88,npc_11,107.81,0.312,374.51,1.415,64.82,Normal
3,88,npc_12,107.75,-0.387,31.36,2.83,78.47,Aggressive
3,88,npc_13,106.77,-0.26,145.43,0.0,26.37,Conservative
3,88,npc_14,99.84,0.299,280.21,1.415,61.08,Normal
3,88,npc_2,107.67,-0.215,175.42,0.0,26.62,Conservative
3,88,npc_3,99.94,0.67,263.27,1.733,64.87,Normal
3,88,npc_4,84.46,-9.08,108.08,2.327,75.85,Aggressive
3,88,npc_5,107.76,0.585,212.31,1.415,65.88,Normal
3,88,npc_6,95.62,1.019,303.96,1.415,62.13,Normal
3,88,npc_7,101.14,0.812,413.79,1.415,63.72,Normal
3,88,npc_8,59.91,-18.12,30.8,3.44,79.77,Aggressive
3,88,npc_9,107.0,0.329,124.85,1.415,64.49,Normal
3,92,npc_0,59.29,-16.557,57.34,3.056,67.81,Normal
3,92,npc_1,78.82,6.888,14.81,2.707,100.0,Aggressive
3,92,npc_10,102.2,-0.112,245.68,0.96,49.26,Normal
3,92,npc_11,107.74,-0.203,380.89,1.353,62.7,Normal
3,92,npc_12,107.68,-0.199,37.74,2.707,71.37,Aggressive
3,92,npc_13,107.04,0.763,151.72,0.0,28.51,Conservative
3,92,npc_14,100.07,0.646,285.71,1.353,60.93,Normal
3,92,npc_2,107.23,-1.215,181.76,0.0,30.41,Conservative
3,92,npc_3,99.89,-0.148,268.77,1.788,62.76,Normal
3,92,npc_4,87.37,8.063,104.09,2.544,76.96,Aggressive
3,92,npc_5,107.37,-1.091,218.65,1.353,66.07,Normal
3,92,npc_6,95.37,-0.704,308.97,1.353,59.12,Normal
3,92,npc_7,101.21,0.193,419.42,1.353,59.63,Normal
3,92,npc_8,55.82,-11.347,30.1,3.375,79.59,Aggressive
3,92,npc_9,106.86,-0.394,131.13,1.353,63.04,Normal
3,96,npc_0,60.26,2.7,55.51,2.948,58.87,Normal
3,96,npc_1,81.79,8.243,11.94,2.56,100.0,Aggressive
3,96,npc_10,102.04,-0.449,252.22,0.96,50.54,Normal
3,96,npc_11,107.88,0.389,388.06,1.28,61.55,Normal
3,96,npc_12,107.99,0.85,44.91,2.56,70.14,Aggressive
3,96,npc_13,106.95,-0.249,158.79,0.0,26.41,Conservative
3,96,npc_14,99.8,-0.761,292.0,1.28,59.31,Normal
3,96,npc_2,107.03,-0.56,188.89,0.0,27.7,Conservative
3,96,npc_3,99.88,-0.015,275.07,1.835,62.23,Normal
3,96,npc_4,86.2,-3.227,99.16,2.707,69.42,Normal
3,96,npc_5,106.85,-1.453,225.74,1.28,65.32,Normal
3,96,npc_6,95.52,0.421,314.78,1.28,56.09,Normal
3,96,npc_7,101.02,-0.547,425.84,1.28,59.0,Normal
3,96,npc_8,50.96,-13.504,28.97,3.277,79.92,Aggressive
3,96,npc_9,106.79,-0.179,138.2,1.28,60.19,Normal
3,100,npc_0,60.26,0.001,53.71,2.832,48.07,Normal
3,100,npc_1,84.59,7.768,9.95,2.385,100.0,Aggressive
3,100,npc_10,101.89,-0.425,258.75,0.96,50.37,Normal
3,100,npc_11,107.89,0.028,395.25,1.193,57.78,Normal
3,100,npc_12,107.65,-0.947,52.09,2.385,69.54,Normal
3,100,npc_13,106.71,-0.68,165.86,0.0,28.02,Conservative
3,100,npc_14,100.05,0.694,298.3,1.193,56.82,Normal
3,100,npc_2,107.43,1.129,195.96,0.0,30.16,Conservative
3,100,npc_3,99.68,-0.564,281.36,1.875,64.33,Normal
3,100,npc_4,82.83,-9.362,94.66,2.824,75.25,Aggressive
3,100,npc_5,106.66,-0.529,232.8,1.193,59.2,Normal
3,100,npc_6,95.43,-0.254,320.59,1.193,53.06,Normal
3,100,npc_7,100.91,-0.289,432.27,1.193,55.59,Normal
3,100,npc_8,49.6,-3.771,28.2,3.144,75.76,Aggressive
3,100,npc_9,107.01,0.615,145.28,1.193,59.71,Normal
3,104,npc_0,60.56,0.828,51.89,2.707,51.46,Normal
3,104,npc_1,87.77,8.83,9.85,2.176,100.0,Aggressive
3,104,npc_10,101.71,-0.478,265.27,0.96,50.5,Normal
3,104,npc_11,107.97,0.218,402.43,1.088,55.78,Normal
3,104,npc_12,108.0,0.975,59.27,2.176,69.82,Normal
3,104,npc_13,106.9,0.547,172.94,0.0,27.58,Conservative
3,104,npc_14,99.66,-1.08,304.6,1.088,55.4,Normal
3,104,npc_2,106.41,-2.846,203.0,0.0,36.54,Normal
3,104,npc_3,99.94,0.734,287.67,1.908,65.13,Normal
3,104,npc_4,80.29,-7.078,90.46,2.902,74.32,Aggressive
3,104,npc_5,106.13,-1.466,239.75,1.193,62.7,Normal
3,104,npc_6,95.38,-0.139,326.38,1.088,49.78,Normal
3,104,npc_7,101.08,0.48,438.69,1.088,53.63,Normal
3,104,npc_8,49.08,-1.465,27.52,2.971,67.38,Normal
3,104,npc_9,106.65,-1.016,152.34,1.088,58.35,Normal
3,108,npc_0,58.73,-5.07,50.1,2.571,67.67,Normal
3,108,npc_1,90.77,8.359,12.11,1.92,100.0,Aggressive
3,108,npc_10,101.47,-0.664,271.75,0.96,51.14,Normal
3,108,npc_11,107.61,-0.992,409.6,0.96,55.3,Normal
3,108,npc_12,107.74,-0.712,66.45,1.92,68.64,Normal
3,108,npc_13,106.64,-0.742,180.0,0.0,28.24,Conservative
3,108,npc_14,100.07,1.159,310.9,0.96,52.49,Normal
3,108,npc_2,107.98,4.371,210.16,0.0,43.4,Normal
3,108,npc_3,99.75,-0.522,293.96,1.935,64.2,Normal
3,108,npc_4,77.61,-7.422,86.53,2.943,73.39,Aggressive
3,108,npc_5,101.62,-12.513,246.46,1.193,74.75,Aggressive
3,108,npc_6,95.54,0.442,332.19,0.96,47.65,Normal
3,108,npc_7,101.15,0.182,445.12,0.96,49.06,Normal
3,108,npc_8,48.5,-1.59,26.9,2.751,68.67,Normal
3,108,npc_9,106.63,-0.057,159.42,0.96,51.09,Normal
3,112,npc_0,59.4,1.847,49.09,2.423,55.26,Normal
3,112,npc_1,93.37,7.198,15.4,1.596,100.0,Aggressive
3,112,npc_10,101.41,-0.188,277.45,0.96,49.21,Normal
3,112,npc_11,107.93,0.881,415.99,0.798,50.7,Normal
3,112,npc_12,107.72,-0.064,72.81,1.596,66.04,Normal
3,112,npc_13,106.73,0.269,186.27,0.0,26.39,Conservative
3,112,npc_14,100.03,-0.113,316.4,0.798,43.97,Normal
3,112,npc_2,107.78,-0.549,216.52,0.0,28.01,Conservative
3,112,npc_3,99.77,0.036,299.46,1.955,62.26,Normal
3,112,npc_4,76.21,-3.889,83.62,2.948,68.47,Normal
3,112,npc_5,102.3,1.871,252.17,1.193,62.54,Normal
3,112,npc_6,95.6,0.171,337.28,0.96,46.59,Normal
3,112,npc_7,101.21,0.157,450.76,0.798,44.68,Normal
3,112,npc_8,50.13,4.518,27.03,2.47,80.55,Aggressive
3,112,npc_9,106.93,0.836,165.68,0.798,50.04,Normal
3,116,npc_0,59.98,1.623,48.88,2.26,54.53,Normal
3,116,npc_1,96.22,7.93,18.85,1.149,100.0,Aggressive
3,116,npc_10,101.55,0.383,282.34,0.96,50.05,Normal
3,116,npc_11,107.58,-0.971,421.56,0.574,44.92,Normal
3,116,npc_12,107.66,-0.172,78.38,1.149,57.08,Normal
3,116,npc_13,106.82,0.238,191.74,0.0,26.31,Conservative
3,116,npc_14,99.73,-0.832,321.1,0.574,40.75,Normal
3,116,npc_2,107.71,-0.221,222.09,0.0,26.66,Conservative
3,116,npc_3,99.87,0.282,304.17,1.97,63.29,Normal
3,116,npc_4,76.03,-0.518,81.57,2.919,54.92,Normal
3,116,npc_5,101.48,-2.266,257.07,1.193,63.75,Normal
3,116,npc_6,95.29,-0.874,341.49,0.96,49.27,Normal
3,116,npc_7,100.95,-0.723,455.59,0.574,40.85,Normal
3,116,npc_8,53.07,8.176,27.65,2.104,82.24,Aggressive
3,116,npc_9,107.01,0.233,171.15,0.574,41.7,Normal
3,120,npc_0,60.25,0.759,48.51,2.079,51.17,Normal
3,120,npc_1,99.46,9.002,20.98,0.574,84.26,Aggressive
3,120,npc_10,101.57,0.074,287.21,0.96,48.82,Normal
3,120,npc_11,107.62,0.103,427.13,0.0,26.15,Conservative
3,120,npc_12,107.96,0.836,84.02,0.0,29.24,Conservative
3,120,npc_13,106.93,0.312,197.25,0.0,26.66,Conservative
3,120,npc_14,99.82,0.234,325.81,0.0,23.08,Conservative
3,120,npc_2,107.99,0.786,227.54,0.0,29.06,Conservative
3,120,npc_3,99.9,0.077,308.84,1.978,62.49,Normal
3,120,npc_4,75.85,-0.497,79.59,2.854,54.77,Normal
3,120,npc_5,101.19,-0.799,261.94,1.193,57.75,Normal
3,120,npc_6,95.33,0.119,345.61,0.96,46.27,Normal
3,120,npc_7,100.91,-0.11,460.38,0.0,23.07,Conservative
3,120,npc_8,55.92,7.914,28.13,1.596,82.25,Aggressive
3,120,npc_9,106.8,-0.6,176.59,0.0,27.75,Conservative
3,124,npc_0,60.39,0.376,48.41,1.955,49.69,Normal
3,124,npc_1,101.74,6.325,25.54,0.798,83.43,Aggressive
3,124,npc_10,101.13,-1.234,292.12,0.798,48.95,Normal
3,124,npc_11,107.77,0.44,432.72,0.0,27.57,Conservative
3,124,npc_12,107.99,0.078,89.78,0.0,26.22,Conservative
3,124,npc_13,106.79,-0.398,202.78,0.0,26.93,Conservative
3,124,npc_14,99.97,0.43,330.55,0.0,23.93,Conservative
3,124,npc_2,107.58,-1.124,233.05,0.0,30.22,Conservative
3,124,npc_3,99.83,-0.171,313.55,1.798,62.83,Normal
3,124,npc_4,76.32,1.325,77.74,2.909,58.25,Normal
3,124,npc_5,101.28,0.233,266.83,1.28,57.86,Normal
3,124,npc_6,95.4,0.185,349.77,1.088,49.97,Normal
3,124,npc_7,101.03,0.336,465.2,0.0,24.03,Conservative
3,124,npc_8,58.25,6.462,28.7,1.6,82.05,Aggressive
3,124,npc_9,106.63,-0.468,182.09,0.0,27.14,Conservative
3,128,npc_0,60.38,-0.035,48.49,1.798,48.31,Normal
3,128,npc_1,104.96,8.938,30.84,0.96,81.83,Aggressive
3,128,npc_10,101.17,0.128,297.07,0.574,38.58,Normal
3,128,npc_11,107.9,0.342,438.33,0.0,27.24,Conservative
3,128,npc_12,107.57,-1.153,95.6,0.0,30.32,Conservative
3,128,npc_13,106.86,0.206,208.38,0.0,26.2,Conservative
3,128,npc_14,99.86,-0.322,335.33,0.0,23.45,Conservative
3,128,npc_2,107.56,-0.061,238.58,0.0,25.95,Conservative
3,128,npc_3,99.83,-0.011,318.3,1.568,62.19,Normal
3,128,npc_4,76.89,1.558,75.98,2.948,59.37,Normal
3,128,npc_5,101.28,0.003,271.76,1.353,58.9,Normal
3,128,npc_6,95.54,0.403,353.96,1.193,53.7,Normal
3,128,npc_7,101.04,0.024,470.01,0.574,38.1,Normal
3,128,npc_8,61.2,8.185,29.33,1.596,81.99,Aggressive
3,128,npc_9,107.01,1.073,187.64,0.0,29.74,Conservative
3,132,npc_0,62.9,7.003,48.01,1.596,68.92,Normal
3,132,npc_1,107.56,7.231,36.27,1.088,80.75,Aggressive
3,132,npc_10,101.16,-0.027,301.91,0.0,22.85,Conservative
3,132,npc_11,107.77,-0.343,443.9,0.0,27.18,Conservative
3,132,npc_12,107.73,0.447,101.15,0.0,27.58,Conservative
3,132,npc_13,106.72,-0.406,213.84,0.0,26.93,Conservative
3,132,npc_14,99.87,0.024,340.04,0.0,22.26,Conservative
3,132,npc_2,107.97,1.147,244.18,0.0,30.5,Conservative
3,132,npc_3,100.02,0.52,323.01,1.542,64.31,Normal
3,132,npc_4,77.52,1.75,73.82,2.971,60.35,Normal
3,132,npc_5,101.53,0.696,276.62,1.415,63.43,Normal
3,132,npc_6,95.62,0.23,358.17,1.28,55.37,Normal
3,132,npc_7,100.91,-0.356,474.83,0.798,45.34,Normal
3,132,npc_8,63.73,7.033,28.8,1.586,83.41,Aggressive
3,132,npc_9,106.84,-0.482,193.11,0.0,27.29,Conservative
3,136,npc_0,65.49,7.214,47.24,1.586,69.78,Normal
3,136,npc_1,107.7,0.385,41.83,1.193,61.25,Normal
3,136,npc_10,100.95,-0.581,306.74,0.0,24.97,Conservative
3,136,npc_11,107.7,-0.19,449.48,0.0,26.54,Conservative
3,136,npc_12,107.8,0.191,106.7,0.0,26.59,Conservative
3,136,npc_13,106.64,-0.221,219.31,0.0,26.15,Conservative
3,136,npc_14,99.65,-0.607,344.73,0.0,24.49,Conservative
3,136,npc_2,107.93,-0.116,249.76,0.0,26.35,Conservative
3,136,npc_3,99.7,-0.89,327.71,1.508,65.65,Normal
3,136,npc_4,78.58,2.946,71.57,2.979,65.5,Normal
3,136,npc_5,101.3,-0.651,281.47,1.466,64.51,Normal
3,136,npc_6,95.32,-0.84,362.37,1.353,59.64,Normal
3,136,npc_7,101.12,0.593,479.65,0.96,50.7,Normal
3,136,npc_8,66.68,8.198,27.97,1.568,85.41,Aggressive
3,136,npc_9,106.93,0.234,198.58,0.0,26.34,Conservative
3,140,npc_0,67.93,6.758,46.21,1.568,70.71,Aggressive
3,140,npc_1,107.92,0.615,47.38,1.28,62.69,Normal
3,140,npc_10,100.88,-0.202,311.55,0.0,23.42,Conservative
3,140,npc_11,107.97,0.733,455.06,0.0,28.84,Conservative
3,140,npc_12,107.94,0.4,112.25,0.0,27.49,Conservative
3,140,npc_13,107.01,1.028,224.77,0.0,29.56,Conservative
3,140,npc_14,100.01,1.019,349.44,0.0,26.3,Conservative
3,140,npc_2,107.84,-0.262,255.34,0.0,26.89,Conservative
3,140,npc_3,99.75,0.144,332.41,1.466,61.79,Normal
3,140,npc_4,79.89,3.639,69.19,2.971,68.74,Normal
3,140,npc_5,101.15,-0.401,286.3,1.508,64.34,Normal
3,140,npc_6,95.45,0.369,366.58,1.415,59.46,Normal
3,140,npc_7,101.24,0.326,484.48,1.088,53.09,Normal
3,140,npc_8,69.5,7.832,26.85,1.542,87.89,Aggressive
3,140,npc_9,106.65,-0.754,204.04,0.0,28.29,Conservative
3,144,npc_0,70.88,8.21,45.68,1.542,71.76,Aggressive
3,144,npc_1,107.82,-0.266,52.15,1.353,62.99,Normal
3,144,npc_10,100.72,-0.463,315.56,0.0,24.39,Conservative
3,144,npc_11,107.62,-0.962,459.82,0.0,29.59,Conservative
3,144,npc_12,107.7,-0.666,117.01,0.0,28.44,Conservative
3,144,npc_13,107.05,0.116,229.45,0.0,25.93,Conservative
3,144,npc_14,99.69,-0.891,353.32,0.0,25.65,Conservative
3,144,npc_2,107.61,-0.64,260.11,0.0,28.29,Conservative
3,144,npc_3,99.75,-0.001,336.3,1.415,59.85,Normal
3,144,npc_4,80.91,2.837,67.47,2.948,65.9,Normal
3,144,npc_5,101.29,0.385,290.33,1.542,64.34,Normal
3,144,npc_6,95.44,-0.025,369.98,1.466,59.45,Normal
3,144,npc_7,101.29,0.143,488.51,1.193,55.17,Normal
3,144,npc_8,72.15,7.358,26.18,1.508,89.73,Aggressive
3,144,npc_9,106.67,0.058,208.71,0.0,25.52,Conservative
3,148,npc_0,73.33,6.805,44.05,1.508,73.08,Aggressive
3,148,npc_1,107.76,-0.165,57.72,1.415,64.2,Normal
3,148,npc_10,100.74,0.064,320.37,0.0,22.81,Conservative
3,148,npc_11,107.97,0.978,465.4,0.0,29.82,Conservative
3,148,npc_12,107.7,-0.001,122.56,0.0,25.78,Conservative
3,148,npc_13,106.91,-0.385,234.91,0.0,26.94,Conservative
3,148,npc_14,99.94,0.695,358.01,0.0,24.98,Conservative
3,148,npc_2,107.7,0.247,265.69,0.0,26.76,Conservative
3,148,npc_3,99.67,-0.209,340.99,1.353,59.01,Normal
3,148,npc_4,82.29,3.844,64.81,2.909,70.43,Aggressive
3,148,npc_5,101.04,-0.687,295.16,1.568,65.44,Normal
3,148,npc_6,95.4,-0.13,374.19,1.508,60.74,Normal
3,148,npc_7,100.87,-1.182,493.35,1.28,61.47,Normal
3,148,npc_8,74.68,7.041,24.53,1.466,92.26,Aggressive
3,148,npc_9,106.84,0.469,214.19,0.0,27.24,Conservative
3,152,npc_0,75.79,6.814,42.15,1.466,73.84,Aggressive
3,152,npc_1,107.83,0.184,63.29,1.466,65.68,Normal
3,152,npc_10,101.05,0.863,325.18,0.0,26.14,Conservative
3,152,npc_11,107.83,-0.402,470.97,0.0,27.45,Conservative
3,152,npc_12,107.87,0.467,128.13,0.0,27.73,Conservative
3,152,npc_13,106.91,-0.001,240.38,0.0,25.4,Conservative
3,152,npc_14,99.97,0.082,362.71,0.0,22.54,Conservative
3,152,npc_2,107.88,0.519,271.27,0.0,27.94,Conservative
3,152,npc_3,99.9,0.632,345.69,1.28,58.84,Normal
3,152,npc_4,84.13,5.099,61.98,2.854,75.73,Aggressive
3,152,npc_5,100.7,-0.954,299.98,1.586,66.35,Normal
3,152,npc_6,95.65,0.702,378.41,1.542,63.14,Normal
3,152,npc_7,100.85,-0.052,498.17,1.353,58.9,Normal
3,152,npc_8,77.4,7.546,22.61,1.415,95.05,Aggressive
3,152,npc_9,106.75,-0.248,219.66,0.0,26.32,Conservative
3,156,npc_0,78.76,8.271,40.74,1.415,74.26,Aggressive
3,156,npc_1,107.83,-0.002,68.06,1.508,65.85,Normal
3,156,npc_10,100.65,-1.114,329.18,0.0,26.97,Conservative
3,156,npc_11,107.67,-0.432,475.74,0.0,27.49,Conservative
3,156,npc_12,107.98,0.305,132.9,0.0,27.13,Conservative
3,156,npc_13,106.79,-0.33,245.05,0.0,26.66,Conservative
3,156,npc_14,100.07,0.266,366.61,0.0,23.32,Conservative
3,156,npc_2,107.61,-0.76,276.05,0.0,28.77,Conservative
3,156,npc_3,99.81,-0.248,349.59,1.193,54.93,Normal
3,156,npc_4,85.47,3.742,59.75,2.782,71.2,Aggressive
3,156,npc_5,101.29,1.634,304.01,1.596,69.33,Normal
3,156,npc_6,95.26,-1.091,381.81,1.568,64.53,Normal
3,156,npc_7,101.18,0.932,502.21,1.415,64.21,Normal
3,156,npc_8,79.94,7.069,21.18,1.353,96.88,Aggressive
3,156,npc_9,106.84,0.246,224.33,0.0,26.35,Conservative
3,160,npc_0,81.33,7.133,38.25,1.353,75.21,Aggressive
3,160,npc_1,107.81,-0.056,73.64,1.542,66.05,Normal
3,160,npc_10,100.6,-0.147,333.97,0.0,23.07,Conservative
3,160,npc_11,107.87,0.534,481.32,0.0,27.99,Conservative
3,160,npc_12,107.98,-0.011,138.46,0.0,25.95,Conservative
3,160,npc_13,106.73,-0.171,250.53,0.0,26.0,Conservative
3,160,npc_14,99.96,-0.313,371.31,0.0,23.45,Conservative
3,160,npc_2,107.81,0.555,281.63,0.0,28.05,Conservative
3,160,npc_3,99.67,-0.406,354.29,1.088,52.71,Normal
3,160,npc_4,87.69,6.166,56.56,2.69,77.09,Aggressive
3,160,npc_5,101.21,-0.214,308.82,1.6,63.62,Normal
3,160,npc_6,95.34,0.219,386.0,1.586,61.07,Normal
3,160,npc_7,101.16,-0.055,507.04,1.466,62.07,Normal
3,160,npc_8,82.98,8.431,18.81,1.28,100.0,Aggressive
3,160,npc_9,106.89,0.13,229.81,0.0,25.91,Conservative
3,164,npc_0,83.99,7.379,35.46,1.28,76.57,Aggressive
3,164,npc_1,107.79,-0.064,79.22,1.568,66.07,Normal
3,164,npc_10,100.87,0.765,338.76,0.0,25.67,Conservative
3,164,npc_11,108.0,0.361,486.9,0.0,27.36,Conservative
3,164,npc_12,107.82,-0.426,144.03,0.0,27.54,Conservative
3,164,npc_13,106.99,0.729,256.0,0.0,28.35,Conservative
3,164,npc_14,99.84,-0.309,376.01,0.0,23.39,Conservative
3,164,npc_2,107.67,-0.388,287.21,0.0,27.31,Conservative
3,164,npc_3,99.93,0.741,358.99,0.96,50.76,Normal
3,164,npc_4,89.04,3.746,53.18,2.578,72.6,Aggressive
3,164,npc_5,101.3,0.257,313.64,1.596,63.83,Normal
3,164,npc_6,95.54,0.552,390.22,1.596,62.49,Normal
3,164,npc_7,100.9,-0.723,511.87,1.508,65.52,Normal
3,164,npc_8,85.49,6.983,16.31,1.193,100.0,Aggressive
3,164,npc_9,106.86,-0.082,235.28,0.0,25.7,Conservative
3,168,npc_0,86.64,7.361,31.93,1.193,78.93,Aggressive
3,168,npc_1,107.7,-0.246,84.73,1.586,66.76,Normal
3,168,npc_10,100.65,-0.599,343.47,0.0,24.91,Conservative
3,168,npc_11,107.95,-0.134,492.46,0.0,26.43,Conservative
3,168,npc_12,107.58,-0.684,149.41,0.0,28.46,Conservative
3,168,npc_13,107.03,0.1,261.37,0.0,25.86,Conservative
3,168,npc_14,99.75,-0.275,380.63,0.0,23.21,Conservative
3,168,npc_2,107.69,0.053,292.79,0.0,25.98,Conservative
3,168,npc_3,100.04,0.297,363.64,0.798,44.71,Normal
3,168,npc_4,89.6,1.541,49.17,2.442,64.02,Normal
3,168,npc_5,100.59,-1.98,318.39,1.586,70.41,Aggressive
3,168,npc_6,95.53,-0.02,394.45,1.6,60.36,Normal
3,168,npc_7,101.01,0.286,516.71,1.542,63.81,Normal
3,168,npc_8,88.28,7.729,11.79,1.088,100.0,Aggressive
3,168,npc_9,106.62,-0.67,240.69,0.0,27.94,Conservative
3,172,npc_0,89.24,7.228,28.55,1.088,81.43,Aggressive
3,172,npc_1,107.56,-0.396,90.31,1.596,67.29,Normal
3,172,npc_10,100.41,-0.691,348.25,0.0,25.17,Conservative
3,172,npc_11,107.92,-0.093,498.02,0.0,26.25,Conservative
3,172,npc_12,107.66,0.237,154.99,0.0,26.71,Conservative
3,172,npc_13,107.04,0.04,266.84,0.0,25.62,Conservative
3,172,npc_14,99.95,0.573,385.33,0.0,24.49,Conservative
3,172,npc_2,107.57,-0.336,298.36,0.0,27.06,Conservative
3,172,npc_3,99.81,-0.644,368.34,0.574,40.03,Normal
3,172,npc_4,89.71,0.319,45.65,2.278,59.76,Normal
3,172,npc_5,101.22,1.737,323.2,1.568,69.71,Normal
3,172,npc_6,95.28,-0.7,398.66,1.596,62.97,Normal
3,172,npc_7,100.99,-0.041,521.54,1.568,62.83,Normal
3,172,npc_8,90.78,6.947,8.99,0.96,100.0,Aggressive
3,172,npc_9,106.78,0.443,246.16,0.0,27.11,Conservative
3,176,npc_0,91.75,6.969,25.68,0.96,83.24,Aggressive
3,176,npc_1,107.55,-0.007,95.07,1.6,65.73,Normal
3,176,npc_10,100.47,0.169,352.22,0.0,23.1,Conservative
3,176,npc_11,107.71,-0.571,502.79,0.0,28.07,Conservative
3,176,npc_12,107.92,0.725,159.75,0.0,28.78,Conservative
3,176,npc_13,106.65,-1.086,271.5,0.0,29.62,Conservative
3,176,npc_14,99.89,-0.179,389.21,0.0,22.89,Conservative
3,176,npc_2,107.99,1.162,303.13,0.0,30.56,Conservative
3,176,npc_3,99.73,-0.212,372.22,0.0,22.95,Conservative
3,176,npc_4,89.37,-0.945,42.93,2.079,63.13,Normal
3,176,npc_5,100.48,-2.049,327.18,1.542,70.63,Aggressive
3,176,npc_6,95.28,0.008,402.05,1.586,60.2,Normal
3,176,npc_7,101.12,0.37,525.57,1.586,64.21,Normal
3,176,npc_8,92.39,4.493,7.2,0.798,100.0,Aggressive
3,176,npc_9,106.68,-0.279,250.83,0.0,26.4,Conservative
3,180,npc_0,92.23,1.33,21.86,0.798,70.84,Aggressive
3,180,npc_1,107.81,0.703,100.66,1.596,68.64,Normal
3,180,npc_10,100.66,0.539,356.98,0.0,24.67,Conservative
3,180,npc_11,108.0,0.801,508.36,0.0,29.12,Conservative
3,180,npc_12,107.82,-0.279,165.32,0.0,26.95,Conservative
3,180,npc_13,106.67,0.053,276.95,0.0,25.5,Conservative
3,180,npc_14,100.03,0.404,393.92,0.0,23.85,Conservative
3,180,npc_2,107.6,-1.077,308.69,0.0,30.04,Conservative
3,180,npc_3,99.91,0.507,376.92,0.0,24.21,Conservative
3,180,npc_4,89.7,0.914,39.42,1.835,65.12,Normal
3,180,npc_5,100.2,-0.772,331.95,1.508,65.4,Normal
3,180,npc_6,95.4,0.325,406.26,1.568,61.52,Normal
3,180,npc_7,101.11,-0.027,530.39,1.596,62.83,Normal
3,180,npc_8,92.39,-0.007,6.42,0.574,95.08,Aggressive
3,180,npc_9,106.69,0.043,256.28,0.0,25.47,Conservative
3,184,npc_0,92.34,0.314,18.85,0.574,66.57,Normal
3,184,npc_1,107.82,0.03,105.44,1.586,65.95,Normal
3,184,npc_10,100.63,-0.095,360.96,0.0,22.88,Conservative
3,184,npc_11,107.74,-0.714,513.14,0.0,28.65,Conservative
3,184,npc_12,107.72,-0.301,170.1,0.0,26.99,Conservative
3,184,npc_13,106.6,-0.187,281.6,0.0,26.0,Conservative
3,184,npc_14,100.03,-0.005,397.81,0.0,22.26,Conservative
3,184,npc_2,107.83,0.65,313.47,0.0,28.44,Conservative
3,184,npc_3,99.86,-0.139,380.82,0.0,22.72,Conservative
3,184,npc_4,89.49,-0.577,36.72,1.524,65.75,Normal
3,184,npc_5,101.2,2.779,335.95,1.466,72.98,Aggressive
3,184,npc_6,95.64,0.675,409.67,1.542,63.03,Normal
3,184,npc_7,101.02,-0.271,534.43,1.6,63.76,Normal
3,184,npc_8,92.11,-0.768,7.34,0.0,80.17,Aggressive
3,184,npc_9,106.73,0.101,260.93,0.0,25.72,Conservative
3,188,npc_0,82.39,-27.626,16.08,0.0,71.9,Aggressive
3,188,npc_1,107.73,-0.234,110.26,1.568,66.73,Normal
3,188,npc_10,100.44,-0.521,364.89,0.0,24.5,Conservative
3,188,npc_11,107.97,0.623,517.92,0.0,28.4,Conservative
3,188,npc_12,107.8,0.233,174.77,0.0,26.76,Conservative
3,188,npc_13,107.0,1.115,286.22,0.0,29.9,Conservative
3,188,npc_14,99.75,-0.788,401.65,0.0,25.26,Conservative
3,188,npc_2,107.73,-0.29,318.29,0.0,26.95,Conservative
3,188,npc_3,99.65,-0.591,384.69,0.0,24.43,Conservative
3,188,npc_4,89.58,0.233,33.56,1.088,56.42,Normal
3,188,npc_5,100.42,-2.154,339.92,1.415,68.76,Normal
3,188,npc_6,95.48,-0.431,413.12,1.508,61.98,Normal
3,188,npc_7,101.23,0.59,538.49,1.596,65.13,Normal
3,188,npc_8,92.16,0.117,7.38,0.0,77.47,Aggressive
3,188,npc_9,106.61,-0.343,265.57,0.0,26.63,Conservative
3,192,npc_0,76.63,-16.025,15.69,0.574,86.03,Aggressive
3,192,npc_1,107.79,0.151,114.24,1.542,66.42,Normal
3,192,npc_10,100.13,-0.87,368.04,0.0,25.76,Conservative
3,192,npc_11,107.9,-0.169,521.89,0.0,26.55,Conservative
3,192,npc_12,107.65,-0.419,178.74,0.0,27.43,Conservative
3,192,npc_13,106.87,-0.359,290.08,0.0,26.82,Conservative
3,192,npc_14,99.84,0.244,404.75,0.0,23.12,Conservative
3,192,npc_2,107.56,-0.472,322.26,0.0,27.6,Conservative
3,192,npc_3,99.79,0.391,387.79,0.0,23.69,Conservative
3,192,npc_4,89.45,-0.363,31.62,0.96,55.64,Normal
3,192,npc_5,100.19,-0.652,343.11,1.353,61.01,Normal
3,192,npc_6,95.47,-0.04,415.74,1.466,59.52,Normal
3,192,npc_7,101.2,-0.086,541.71,1.586,63.1,Normal
3,192,npc_8,92.47,0.859,8.91,0.574,91.78,Aggressive
3,192,npc_9,106.66,0.147,269.44,0.0,25.87,Conservative
3,196,npc_0,77.16,1.47,16.22,0.798,76.91,Aggressive
3,196,npc_1,107.94,0.424,118.36,1.508,67.59,Normal
3,196,npc_10,100.39,0.747,371.19,0.0,25.39,Conservative
3,196,npc_11,107.62,-0.801,525.87,0.0,28.94,Conservative
3,196,npc_12,107.62,-0.083,182.69,0.0,26.07,Conservative
3,196,npc_13,106.72,-0.417,293.93,0.0,26.98,Conservative
3,196,npc_14,99.98,0.395,407.84,0.0,23.79,Conservative
3,196,npc_2,107.74,0.504,326.31,0.0,27.81,Conservative
3,196,npc_3,99.86,0.197,390.9,0.0,22.95,Conservative
3,196,npc_4,83.51,-16.479,29.85,0.798,69.78,Normal
3,196,npc_5,100.42,0.646,346.31,1.28,59.13,Normal
3,196,npc_6,95.5,0.08,418.41,1.415,58.32,Normal
3,196,npc_7,101.26,0.166,545.0,1.568,63.45,Normal
3,196,npc_8,92.25,-0.59,11.61,0.798,89.72,Aggressive
3,196,npc_9,106.87,0.593,273.33,0.0,27.75,Conservative
3,200,npc_0,79.93,7.709,14.79,0.96,99.46,Aggressive
3,200,npc_1,107.98,0.114,123.14,1.466,65.47,Normal
3,200,npc_10,100.0,-1.087,375.13,0.0,26.57,Conservative
3,200,npc_11,107.82,0.554,530.65,0.0,28.05,Conservative
3,200,npc_12,107.7,0.225,187.48,0.0,26.68,Conservative
3,200,npc_13,106.9,0.476,298.61,0.0,27.3,Conservative
3,200,npc_14,100.04,0.184,411.74,0.0,22.98,Conservative
3,200,npc_2,107.59,-0.415,331.07,0.0,27.39,Conservative
3,200,npc_3,99.72,-0.41,394.8,0.0,23.74,Conservative
3,200,npc_4,75.76,-21.527,28.31,0.574,63.13,Normal
3,200,npc_5,100.49,0.19,350.28,1.193,55.0,Normal
3,200,npc_6,95.35,-0.4,421.82,1.353,57.9,Normal
3,200,npc_7,101.11,-0.405,549.02,1.542,64.34,Normal
3,200,npc_8,92.41,0.443,14.58,0.96,86.5,Aggressive
3,200,npc_9,106.82,-0.15,278.0,0.0,25.96,Conservative
3,204,npc_0,82.77,7.881,12.44,1.088,100.0,Aggressive
3,204,npc_1,107.81,-0.484,128.7,1.415,65.5,Normal
3,204,npc_10,100.34,0.943,379.88,0.0,26.15,Conservative
3,204,npc_11,107.91,0.274,536.23,0.0,26.98,Conservative
3,204,npc_12,107.84,0.392,193.06,0.0,27.41,Conservative
3,204,npc_13,107.03,0.376,304.09,0.0,26.96,Conservative
3,204,npc_14,99.71,-0.917,416.43,0.0,25.76,Conservative
3,204,npc_2,107.83,0.667,336.65,0.0,28.5,Conservative
3,204,npc_3,99.97,0.698,399.5,0.0,25.0,Conservative
3,204,npc_4,68.28,-20.804,26.81,0.0,47.57,Normal
3,204,npc_5,100.32,-0.477,355.03,1.088,53.28,Normal
3,204,npc_6,95.43,0.223,426.03,1.28,55.26,Normal
3,204,npc_7,100.86,-0.698,553.85,1.508,65.4,Normal
3,204,npc_8,92.49,0.204,18.37,1.088,80.85,Aggressive
3,204,npc_9,106.77,-0.128,283.48,0.0,25.85,Conservative
3,208,npc_0,78.78,-11.071,8.65,1.193,100.0,Aggressive
3,208,npc_1,107.67,-0.382,134.15,1.353,63.38,Normal
3,208,npc_10,100.29,-0.144,384.64,0.0,22.93,Conservative
3,208,npc_11,107.97,0.169,541.79,0.0,26.58,Conservative
3,208,npc_12,107.97,0.367,198.67,0.0,27.38,Conservative
3,208,npc_13,106.96,-0.183,309.59,0.0,26.16,Conservative
3,208,npc_14,99.99,0.756,421.15,0.0,25.24,Conservative
3,208,npc_2,107.87,0.125,342.15,0.0,26.36,Conservative
3,208,npc_3,100.03,0.176,404.18,0.0,22.94,Conservative
3,208,npc_4,68.43,0.43,25.91,0.0,30.7,Conservative
3,208,npc_5,100.24,-0.216,359.78,0.96,48.79,Normal
3,208,npc_6,95.33,-0.291,430.17,1.193,53.16,Normal
3,208,npc_7,101.1,0.678,558.62,1.466,64.53,Normal
3,208,npc_8,92.54,0.159,21.95,1.193,76.64,Aggressive
3,208,npc_9,106.88,0.302,288.94,0.0,26.59,Conservative
3,212,npc_0,72.3,-18.0,6.22,1.28,100.0,Aggressive
3,212,npc_1,107.81,0.402,140.53,1.28,61.57,Normal
3,212,npc_10,100.37,0.224,390.17,0.0,23.28,Conservative
3,212,npc_11,107.87,-0.281,548.18,0.0,26.98,Conservative
3,212,npc_12,107.95,-0.08,205.05,0.0,26.21,Conservative
3,212,npc_13,106.91,-0.156,315.86,0.0,26.02,Conservative
3,212,npc_14,99.66,-0.901,426.65,0.0,25.68,Conservative
3,212,npc_2,107.85,-0.073,348.51,0.0,26.14,Conservative
3,212,npc_3,100.09,0.162,409.69,0.0,22.91,Conservative
3,212,npc_4,71.4,8.245,23.72,0.0,53.43,Normal
3,212,npc_5,100.72,1.319,365.34,0.798,49.1,Normal
3,212,npc_6,95.44,0.295,435.17,1.088,50.43,Normal
3,212,npc_7,100.93,-0.475,564.24,1.415,62.28,Normal
3,212,npc_8,92.19,-0.99,26.62,1.28,74.48,Aggressive
3,212,npc_9,107.88,2.779,295.31,0.574,52.3,Normal
3,216,npc_0,65.82,-18.0,5.24,1.353,100.0,Aggressive
3,216,npc_1,107.98,0.474,146.11,1.193,59.61,Normal
3,216,npc_10,100.27,-0.272,394.91,0.0,23.43,Conservative
3,216,npc_11,107.9,0.085,553.75,0.0,26.21,Conservative
3,216,npc_12,107.79,-0.419,210.63,0.0,27.5,Conservative
3,216,npc_13,106.76,-0.424,321.33,0.0,27.02,Conservative
3,216,npc_14,99.98,0.891,431.34,0.0,25.78,Conservative
3,216,npc_2,107.74,-0.292,354.08,0.0,26.97,Conservative
3,216,npc_3,99.78,-0.855,414.37,0.0,25.55,Conservative
3,216,npc_4,73.67,6.296,22.04,0.0,57.07,Normal
3,216,npc_5,100.41,-0.854,370.09,0.574,41.14,Normal
3,216,npc_6,95.64,0.575,439.38,0.96,48.23,Normal
3,216,npc_7,101.2,0.729,569.08,1.353,61.77,Normal
3,216,npc_8,92.47,0.791,30.48,1.353,70.45,Aggressive
3,216,npc_9,107.64,-0.67,300.88,0.798,49.71,Normal
3,220,npc_0,65.54,-0.78,5.24,1.415,100.0,Aggressive
3,220,npc_1,107.61,-1.045,150.88,1.088,58.92,Normal
3,220,npc_10,100.22,-0.138,398.86,0.0,22.87,Conservative
3,220,npc_11,107.77,-0.377,558.52,0.0,27.32,Conservative
3,220,npc_12,107.83,0.102,215.38,0.574,41.57,Normal
3,220,npc_13,106.66,-0.275,325.99,0.0,26.38,Conservative
3,220,npc_14,99.66,-0.886,435.23,0.0,25.62,Conservative
3,220,npc_2,107.98,0.644,358.86,0.0,28.48,Conservative
3,220,npc_3,99.67,-0.312,418.27,0.0,23.32,Conservative
3,220,npc_4,76.24,7.147,20.89,0.0,60.03,Normal
3,220,npc_5,100.48,0.183,374.06,0.0,23.17,Conservative
3,220,npc_6,95.38,-0.728,442.79,0.798,44.42,Normal
3,220,npc_7,101.2,0.003,573.11,1.28,56.9,Normal
3,220,npc_8,92.4,-0.189,33.55,1.415,66.13,Normal
3,220,npc_9,107.91,0.753,305.65,0.96,54.49,Normal
3,224,npc_0,67.03,4.144,5.79,1.466,100.0,Aggressive
3,224,npc_1,107.89,0.782,154.85,0.96,54.6,Normal
3,224,npc_10,100.04,-0.519,401.98,0.0,24.32,Conservative
3,224,npc_11,107.95,0.502,562.51,0.0,27.9,Conservative
3,224,npc_12,107.89,0.173,219.36,0.798,47.85,Normal
3,224,npc_13,106.63,-0.081,329.85,0.0,25.59,Conservative
3,224,npc_14,100.09,1.195,438.33,0.0,27.04,Conservative
3,224,npc_2,107.9,-0.203,362.83,0.0,26.69,Conservative
3,224,npc_3,99.83,0.435,421.36,0.0,23.89,Conservative
3,224,npc_4,79.23,8.323,20.23,0.0,62.31,Normal
3,224,npc_5,100.36,-0.328,377.2,0.0,23.69,Conservative
3,224,npc_6,95.29,-0.24,445.39,0.574,36.46,Normal
3,224,npc_7,100.85,-0.956,576.34,1.193,58.23,Normal
3,224,npc_8,92.51,0.293,35.8,1.466,65.74,Normal
3,224,npc_9,107.66,-0.707,309.62,1.088,57.59,Normal
3,228,npc_0,69.84,7.806,8.22,1.508,100.0,Aggressive
3,228,npc_1,107.85,-0.119,158.93,0.798,47.61,Normal
3,228,npc_10,100.27,0.649,405.1,0.0,24.94,Conservative
3,228,npc_11,107.74,-0.588,566.49,0.0,28.15,Conservative
3,228,npc_12,107.81,-0.241,223.36,0.96,52.39,Normal
3,228,npc_13,106.61,-0.048,333.7,0.0,25.45,Conservative
3,228,npc_14,99.65,-1.229,441.42,0.0,26.98,Conservative
3,228,npc_2,107.93,0.066,366.89,0.0,26.15,Conservative
3,228,npc_3,100.02,0.539,424.49,0.0,24.39,Conservative
3,228,npc_4,74.05,-14.409,19.43,0.0,62.09,Normal
3,228,npc_5,100.81,1.265,380.37,0.0,27.65,Conservative
3,228,npc_6,95.52,0.631,448.04,0.0,22.8,Conservative
3,228,npc_7,100.97,0.315,579.6,1.088,52.92,Normal
3,228,npc_8,92.16,-0.972,38.19,1.508,67.23,Normal
3,228,npc_9,107.94,0.772,313.65,1.193,60.78,Normal
3,232,npc_0,72.7,7.943,8.25,1.542,100.0,Aggressive
3,232,npc_1,107.83,-0.04,162.9,0.574,41.32,Normal
3,232,npc_10,100.2,-0.197,408.23,0.0,23.1,Conservative
3,232,npc_11,107.64,-0.269,570.47,0.0,26.82,Conservative
3,232,npc_12,107.64,-0.45,227.35,1.088,56.56,Normal
3,232,npc_13,107.01,1.119,337.57,0.0,29.92,Conservative
3,232,npc_14,99.85,0.562,444.51,0.0,24.4,Conservative
3,232,npc_2,107.63,-0.827,370.85,0.0,29.05,Conservative
3,232,npc_3,99.89,-0.369,427.57,0.0,23.65,Conservative
3,232,npc_4,67.37,-18.547,19.67,0.0,59.52,Normal
3,232,npc_5,99.92,-2.478,383.5,0.0,32.1,Conservative
3,232,npc_6,95.53,0.032,450.65,0.0,20.41,Conservative
3,232,npc_7,101.03,0.166,582.82,0.96,48.95,Normal
3,232,npc_8,92.27,0.3,40.44,1.542,63.04,Normal
3,232,npc_9,107.85,-0.227,317.63,1.28,60.89,Normal
3,236,npc_0,75.51,7.788,5.22,1.542,100.0,Aggressive
3,236,npc_1,107.77,-0.182,167.67,0.0,26.54,Conservative
3,236,npc_10,99.83,-1.038,412.14,0.0,26.3,Conservative
3,236,npc_11,107.93,0.815,575.25,0.0,29.15,Conservative
3,236,npc_12,108.0,0.988,232.12,1.193,61.67,Normal
3,236,npc_13,106.85,-0.458,342.25,0.0,27.2,Conservative
3,236,npc_14,99.75,-0.286,448.4,0.0,23.26,Conservative
3,236,npc_2,107.62,-0.022,375.63,0.0,25.82,Conservative
3,236,npc_3,99.73,-0.439,431.46,0.0,23.86,Conservative
3,236,npc_4,60.89,-18.0,19.84,0.0,57.35,Normal
3,236,npc_5,100.31,1.089,387.46,0.0,26.72,Conservative
3,236,npc_6,95.66,0.355,454.07,0.0,21.76,Conservative
3,236,npc_7,100.9,-0.339,586.85,0.798,45.27,Normal
3,236,npc_8,92.4,0.361,43.49,1.568,61.77,Normal
3,236,npc_9,107.6,-0.715,322.4,1.353,64.68,Normal
3,240,npc_0,72.66,-7.916,5.16,1.542,100.0,Aggressive
3,240,npc_1,107.89,0.348,171.64,0.0,27.26,Conservative
3,240,npc_10,100.1,0.766,415.26,0.0,25.33,Conservative
3,240,npc_11,107.91,-0.08,579.22,0.0,26.19,Conservative
3,240,npc_12,107.99,-0.034,236.11,1.28,60.18,Normal
3,240,npc_13,106.93,0.233,346.12,0.0,26.34,Conservative
3,240,npc_14,99.91,0.446,451.5,0.0,23.97,Conservative
3,240,npc_2,107.72,0.279,379.61,0.0,26.9,Conservative
3,240,npc_3,99.73,0.001,434.56,0.0,22.1,Conservative
3,240,npc_4,61.36,1.31,21.13,0.0,40.28,Normal
3,240,npc_5,100.11,-0.556,390.58,0.0,24.5,Conservative
3,240,npc_6,95.65,-0.02,456.68,0.0,20.41,Conservative
3,240,npc_7,101.14,0.65,590.06,0.574,40.65,Normal
3,240,npc_8,92.52,0.344,45.74,1.586,60.98,Normal
3,240,npc_9,107.77,0.483,326.38,1.415,65.48,Normal
3,244,npc_0,73.88,3.394,5.71,1.542,100.0,Aggressive
3,244,npc_1,107.61,-0.783,174.81,0.0,28.87,Conservative
3,244,npc_10,100.11,0.028,417.6,0.0,22.38,Conservative
3,244,npc_11,107.83,-0.199,582.4,0.0,26.64,Conservative
3,244,npc_12,107.67,-0.876,239.27,1.353,65.36,Normal
3,244,npc_13,106.66,-0.77,349.18,0.0,28.36,Conservative
3,244,npc_14,99.99,0.233,453.82,0.0,23.15,Conservative
3,244,npc_2,107.65,-0.207,382.77,0.0,26.58,Conservative
3,244,npc_3,100.08,0.988,436.87,0.0,26.21,Conservative
3,244,npc_4,63.8,6.777,22.94,0.0,52.47,Normal
3,244,npc_5,100.2,0.245,392.93,0.0,23.29,Conservative
3,244,npc_6,95.63,-0.057,458.5,0.0,20.55,Conservative
3,244,npc_7,101.06,-0.206,592.5,0.0,23.52,Conservative
3,244,npc_8,92.28,-0.677,47.19,1.596,61.88,Normal
3,244,npc_9,107.7,-0.188,329.56,1.466,65.64,Normal
3,248,npc_0,77.06,8.846,6.03,1.542,100.0,Aggressive
3,248,npc_1,107.77,0.448,177.98,0.0,27.6,Conservative
3,248,npc_10,100.3,0.521,419.94,0.0,24.44,Conservative
3,248,npc_11,107.64,-0.547,585.57,0.0,27.93,Conservative
3,248,npc_12,107.99,0.885,242.46,1.415,67.19,Normal
3,248,npc_13,106.8,0.402,352.24,0.0,26.96,Conservative
3,248,npc_14,99.99,-0.021,456.11,0.0,22.3,Conservative
3,248,npc_2,107.71,0.191,385.95,0.0,26.55,Conservative
3,248,npc_3,99.84,-0.679,439.17,0.0,24.87,Conservative
3,248,npc_4,66.25,6.796,24.48,0.0,50.59,Normal
3,248,npc_5,100.22,0.055,395.28,0.0,22.54,Conservative
3,248,npc_6,95.35,-0.79,460.29,0.0,23.36,Conservative
3,248,npc_7,101.07,0.019,594.93,0.0,22.78,Conservative
3,248,npc_8,92.21,-0.182,48.64,1.6,59.68,Normal
3,248,npc_9,107.96,0.714,332.74,1.508,68.76,Normal
3,252,npc_0,79.37,6.421,6.1,1.568,100.0,Aggressive
3,252,npc_1,107.71,-0.179,181.07,0.0,26.49,Conservative
3,252,npc_10,100.09,-0.573,422.28,0.0,24.56,Conservative
3,252,npc_11,107.9,0.739,588.74,0.0,28.83,Conservative
3,252,npc_12,107.59,-1.114,245.6,1.466,69.29,Normal
3,252,npc_13,107.02,0.62,355.33,0.0,27.93,Conservative
3,252,npc_14,100.04,0.157,458.43,0.0,22.87,Conservative
3,252,npc_2,107.62,-0.251,389.04,0.0,26.74,Conservative
3,252,npc_3,99.99,0.402,441.46,0.0,23.82,Conservative
3,252,npc_4,69.05,7.771,25.92,0.0,49.15,Normal
3,252,npc_5,100.69,1.296,397.64,0.0,27.71,Conservative
3,252,npc_6,95.61,0.727,462.05,0.0,23.22,Conservative
3,252,npc_7,101.13,0.171,597.32,0.0,23.41,Conservative
3,252,npc_8,92.17,-0.118,49.99,1.596,59.35,Normal
3,252,npc_9,107.65,-0.867,335.86,1.542,69.22,Normal
3,256,npc_0,80.88,4.186,8.18,1.586,100.0,Aggressive
3,256,npc_1,107.84,0.357,184.32,0.0,27.27,Conservative
3,256,npc_10,100.33,0.651,424.59,0.0,24.97,Conservative
3,256,npc_11,107.93,0.083,591.92,0.0,26.22,Conservative
3,256,npc_12,107.76,0.476,248.81,1.508,67.71,Normal
3,256,npc_13,106.69,-0.926,358.38,0.0,29.0,Conservative
3,256,npc_14,99.79,-0.702,460.72,0.0,24.94,Conservative
3,256,npc_2,107.65,0.075,392.28,0.0,26.05,Conservative
3,256,npc_3,99.97,-0.034,443.78,0.0,22.35,Conservative
3,256,npc_4,71.9,7.933,26.64,0.0,48.96,Normal
3,256,npc_5,100.37,-0.878,400.0,0.0,25.9,Conservative
3,256,npc_6,95.49,-0.345,463.91,0.0,21.64,Conservative
3,256,npc_7,101.26,0.365,599.8,0.0,24.25,Conservative
3,256,npc_8,92.25,0.224,51.54,1.586,59.81,Normal
3,256,npc_9,107.83,0.507,339.09,1.568,67.86,Normal
3,260,npc_0,83.33,6.795,8.46,1.596,100.0,Aggressive
3,260,npc_1,107.58,-0.722,186.69,0.0,28.6,Conservative
3,260,npc_10,99.95,-1.049,426.1,0.0,26.4,Conservative
3,260,npc_11,107.75,-0.511,594.3,0.0,27.84,Conservative
3,260,npc_12,107.6,-0.446,251.18,1.542,67.51,Normal
3,260,npc_13,106.7,0.034,360.65,0.0,25.44,Conservative
3,260,npc_14,99.7,-0.261,462.2,0.0,23.13,Conservative
3,260,npc_2,107.82,0.457,394.64,0.0,27.66,Conservative
3,260,npc_3,99.8,-0.473,445.27,0.0,24.03,Conservative
3,260,npc_4,74.73,7.864,28.05,0.0,47.83,Normal
3,260,npc_5,99.85,-1.442,401.53,0.0,27.92,Conservative
3,260,npc_6,95.58,0.26,464.93,0.0,21.34,Conservative
3,260,npc_7,101.26,-0.002,601.44,0.0,22.79,Conservative
3,260,npc_8,92.44,0.525,52.21,1.568,61.09,Normal
3,260,npc_9,107.6,-0.625,341.45,1.586,68.23,Normal
3,264,npc_0,85.82,6.913,8.56,1.6,100.0,Aggressive
3,264,npc_1,107.91,0.925,189.09,0.0,29.58,Conservative
3,264,npc_10,99.84,-0.298,427.6,0.0,23.34,Conservative
3,264,npc_11,107.78,0.085,596.68,0.0,26.16,Conservative
3,264,npc_12,107.81,0.571,253.55,1.568,68.11,Normal
3,264,npc_13,106.74,0.091,362.93,0.0,25.68,Conservative
3,264,npc_14,99.7,0.005,463.69,0.0,22.11,Conservative
3,264,npc_2,107.98,0.447,397.02,0.0,27.7,Conservative
3,264,npc_3,99.85,0.143,446.75,0.0,22.73,Conservative
3,264,npc_4,77.44,7.533,29.15,0.0,47.24,Normal
3,264,npc_5,100.58,2.027,403.07,0.0,30.59,Conservative
3,264,npc_6,95.5,-0.235,465.94,0.0,21.2,Conservative
3,264,npc_7,101.07,-0.522,603.08,0.0,24.79,Conservative
3,264,npc_8,92.24,-0.555,52.86,1.542,61.13,Normal
3,264,npc_9,107.85,0.677,343.84,1.596,68.56,Normal
3,268,npc_0,88.33,6.984,8.48,1.596,100.0,Aggressive
3,268,npc_1,107.83,-0.22,191.46,0.0,26.72,Conservative
3,268,npc_10,99.8,-0.126,429.1,0.0,22.64,Conservative
3,268,npc_11,107.95,0.461,599.05,0.0,27.74,Conservative
3,268,npc_12,107.71,-0.276,255.92,1.586,66.88,Normal
3,268,npc_13,106.82,0.248,365.19,0.0,26.35,Conservative
3,268,npc_14,100.06,1.004,465.19,0.0,26.27,Conservative
3,268,npc_2,106.01,-5.466,399.34,0.0,44.97,Normal
3,268,npc_3,99.67,-0.518,448.24,0.0,24.15,Conservative
3,268,npc_4,79.62,6.03,29.99,0.0,46.9,Normal
3,268,npc_5,101.08,1.395,404.66,0.574,43.61,Normal
3,268,npc_6,95.51,0.049,466.94,0.0,20.47,Conservative
3,268,npc_7,100.9,-0.478,604.71,0.0,24.54,Conservative
3,268,npc_8,92.2,-0.118,53.51,1.508,59.36,Normal
3,268,npc_9,107.56,-0.796,346.21,1.6,68.89,Normal
3,272,npc_0,86.86,-4.089,6.32,1.586,100.0,Aggressive
3,272,npc_1,107.69,-0.379,193.75,0.0,27.29,Conservative
3,272,npc_10,100.7,2.514,430.65,0.0,32.59,Conservative
3,272,npc_11,107.6,-0.971,601.42,0.0,29.61,Conservative
3,272,npc_12,107.65,-0.145,258.27,1.596,66.34,Normal
3,272,npc_13,106.65,-0.493,367.47,0.0,27.25,Conservative
3,272,npc_14,99.97,-0.261,466.68,0.574,38.57,Normal
3,272,npc_2,103.62,-6.649,401.16,0.0,43.86,Normal
3,272,npc_3,99.96,0.799,449.76,0.574,40.72,Normal
3,272,npc_4,82.19,7.144,30.73,0.0,46.89,Normal
3,272,npc_5,104.05,8.245,406.47,0.798,65.35,Normal
3,272,npc_6,95.27,-0.667,467.9,0.0,22.84,Conservative
3,272,npc_7,100.98,0.207,606.29,0.0,23.49,Conservative
3,272,npc_8,92.27,0.192,54.06,1.466,58.79,Normal
3,272,npc_9,107.71,0.405,348.54,1.596,67.4,Normal
3,276,npc_0,88.63,4.922,6.92,1.568,100.0,Aggressive
3,276,npc_1,107.67,-0.068,195.33,0.0,26.03,Conservative
3,276,npc_10,103.59,8.034,431.64,0.0,43.85,Normal
3,276,npc_11,107.74,0.408,602.99,0.0,27.43,Conservative
3,276,npc_12,107.76,0.28,259.85,1.6,66.92,Normal
3,276,npc_13,107.01,0.996,368.94,0.0,29.43,Conservative
3,276,npc_14,99.8,-0.467,467.38,0.798,45.29,Normal
3,276,npc_2,103.63,0.044,402.31,0.0,24.04,Conservative
3,276,npc_3,99.84,-0.313,450.46,0.798,44.69,Normal
3,276,npc_4,84.3,5.882,31.84,0.0,46.35,Normal
3,276,npc_5,103.35,-1.946,407.59,0.96,57.12,Normal
3,276,npc_6,95.34,0.178,468.1,0.0,20.91,Conservative
3,276,npc_7,101.02,0.122,607.11,0.0,23.17,Conservative
3,276,npc_8,92.22,-0.12,53.92,1.415,57.11,Normal
3,276,npc_9,107.56,-0.399,350.11,1.586,67.31,Normal
3,280,npc_0,91.54,8.09,7.23,1.542,100.0,Aggressive
3,280,npc_1,107.88,0.591,196.9,0.0,28.23,Conservative
3,280,npc_10,106.45,7.942,432.94,0.0,45.18,Normal
3,280,npc_11,107.69,-0.143,604.58,0.0,26.35,Conservative
3,280,npc_12,107.73,-0.084,261.43,1.596,66.12,Normal
3,280,npc_13,106.96,-0.137,370.41,0.0,25.97,Conservative
3,280,npc_14,99.73,-0.202,468.07,0.96,48.51,Normal
3,280,npc_2,103.26,-1.026,403.41,0.0,27.8,Conservative
3,280,npc_3,99.71,-0.365,451.15,0.96,49.15,Normal
3,280,npc_4,86.6,6.371,32.7,0.0,46.24,Normal
3,280,npc_5,103.64,0.805,408.67,1.088,56.1,Normal
3,280,npc_6,95.34,0.013,468.32,0.0,20.25,Conservative
3,280,npc_7,101.25,0.624,607.95,0.0,25.28,Conservative
3,280,npc_8,92.19,-0.092,53.79,1.353,55.34,Normal
3,280,npc_9,107.92,0.981,351.69,1.568,69.81,Normal
3,284,npc_0,87.16,-12.178,6.91,1.508,100.0,Aggressive
3,284,npc_1,107.75,-0.371,199.28,0.0,27.28,Conservative
3,284,npc_10,107.95,4.143,435.3,0.0,42.47,Normal
3,284,npc_11,107.81,0.333,606.95,0.0,27.16,Conservative
3,284,npc_12,107.93,0.573,263.81,1.586,68.18,Normal
3,284,npc_13,106.97,0.048,372.68,0.0,25.62,Conservative
3,284,npc_14,99.78,0.157,469.57,1.088,51.76,Normal
3,284,npc_2,103.7,1.229,405.3,0.0,28.81,Conservative
3,284,npc_3,99.97,0.732,452.65,1.088,54.15,Normal
3,284,npc_4,89.19,7.199,32.49,0.0,47.49,Normal
3,284,npc_5,103.05,-1.653,410.55,1.193,62.01,Normal
3,284,npc_6,95.38,0.109,469.33,0.0,20.65,Conservative
3,284,npc_7,101.08,-0.457,609.58,0.0,24.53,Conservative
3,284,npc_8,92.48,0.819,54.45,1.28,56.42,Normal
3,284,npc_9,107.68,-0.653,354.06,1.542,68.38,Normal
3,288,npc_0,87.25,0.241,6.87,1.466,100.0,Aggressive
3,288,npc_1,108.0,0.688,201.73,0.574,43.99,Normal
3,288,npc_10,107.75,-0.541,437.68,0.0,27.96,Conservative
3,288,npc_11,107.9,0.244,609.33,0.0,26.85,Conservative
3,288,npc_12,107.99,0.161,266.19,1.568,66.56,Normal
3,288,npc_13,106.99,0.047,374.95,0.0,25.63,Conservative
3,288,npc_14,99.7,-0.229,471.05,1.193,54.81,Normal
3,288,npc_2,103.72,0.041,407.19,0.0,24.07,Conservative
3,288,npc_3,99.68,-0.807,454.13,1.193,57.11,Normal
3,288,npc_4,89.4,0.579,32.16,0.0,30.26,Conservative
3,288,npc_5,103.42,1.027,412.39,1.193,59.68,Normal
3,288,npc_6,95.42,0.106,470.34,0.0,20.66,Conservative
3,288,npc_7,101.16,0.214,611.21,0.0,23.6,Conservative
3,288,npc_8,92.36,-0.342,55.11,1.193,52.13,Normal
3,288,npc_9,107.7,0.058,356.42,1.508,66.01,Normal
3,292,npc_0,81.54,-15.851,6.41,1.415,100.0,Aggressive
3,292,npc_1,108.0,0.005,204.9,0.798,47.22,Normal
3,292,npc_10,107.96,0.583,440.87,0.0,28.23,Conservative
3,292,npc_11,107.73,-0.477,612.49,0.0,27.7,Conservative
3,292,npc_12,107.87,-0.319,269.36,1.542,67.14,Normal
3,292,npc_13,106.86,-0.358,378.02,0.0,26.81,Conservative
3,292,npc_14,99.76,0.161,473.36,1.28,56.89,Normal
3,292,npc_2,105.61,5.265,410.08,0.0,44.79,Normal
3,292,npc_3,100.08,1.108,456.44,1.28,60.82,Normal
3,292,npc_4,89.68,0.783,31.02,0.0,32.54,Conservative
3,292,npc_5,106.45,8.424,415.29,1.193,76.98,Aggressive
3,292,npc_6,95.39,-0.086,472.14,0.0,20.56,Conservative
3,292,npc_7,101.04,-0.323,613.64,0.0,23.98,Conservative
3,292,npc_8,92.39,0.066,56.56,1.088,48.24,Normal
3,292,npc_9,107.95,0.676,359.61,1.466,67.7,Normal
3,296,npc_0,79.97,-4.364,6.34,1.524,100.0,Aggressive
3,296,npc_1,107.81,-0.521,208.0,0.96,53.51,Normal
3,296,npc_10,107.94,-0.052,444.08,0.0,26.1,Conservative
3,296,npc_11,107.98,0.692,615.67,0.574,44.0,Normal
3,296,npc_12,107.91,0.11,272.55,1.508,66.32,Normal
3,296,npc_13,106.97,0.31,381.13,0.0,26.67,Conservative
3,296,npc_14,99.78,0.071,475.67,1.353,58.5,Normal
3,296,npc_2,105.23,-1.081,412.94,0.0,28.93,Conservative
3,296,npc_3,100.08,0.0,458.73,1.353,58.35,Normal
3,296,npc_4,89.63,-0.146,30.38,0.0,30.76,Conservative
3,296,npc_5,107.72,3.524,418.46,1.193,71.68,Aggressive
3,296,npc_6,95.55,0.445,473.91,0.0,22.07,Conservative
3,296,npc_7,101.03,-0.036,616.04,0.0,22.83,Conservative
3,296,npc_8,92.28,-0.286,58.02,1.149,50.7,Normal
3,296,npc_9,107.61,-0.938,362.76,1.415,67.22,Normal
3,300,npc_0,81.18,3.369,8.35,1.596,100.0,Aggressive
3,300,npc_1,107.56,-0.692,211.24,1.088,57.49,Normal
3,300,npc_10,107.98,0.095,447.22,0.0,26.29,Conservative
3,300,npc_11,107.58,-1.103,618.85,0.798,51.42,Normal
3,300,npc_12,107.62,-0.813,275.7,1.466,68.1,Normal
3,300,npc_13,106.71,-0.733,384.16,0.0,28.23,Conservative
3,300,npc_14,100.0,0.613,477.96,1.415,62.41,Normal
3,300,npc_2,104.98,-0.69,415.84,0.0,27.25,Conservative
3,300,npc_3,99.79,-0.816,461.03,1.415,63.13,Normal
3,300,npc_4,89.59,-0.09,28.72,0.0,32.69,Conservative
3,300,npc_5,107.64,-0.2,421.62,1.193,58.35,Normal
3,300,npc_6,95.4,-0.422,475.75,0.0,21.91,Conservative
3,300,npc_7,101.22,0.539,618.49,0.0,24.92,Conservative
3,300,npc_8,92.15,-0.357,59.55,1.168,51.46,Normal
3,300,npc_9,107.98,1.034,365.95,1.353,66.14,Normal
3,304,npc_0,83.81,7.312,8.1,1.639,100.0,Aggressive
3,304,npc_1,107.82,0.72,214.41,1.193,60.52,Normal
3,304,npc_10,107.58,-1.095,450.38,0.0,30.1,Conservative
3,304,npc_11,107.84,0.717,622.03,0.96,54.31,Normal
3,304,npc_12,107.65,0.067,278.88,1.415,63.75,Normal
3,304,npc_13,106.64,-0.192,387.23,0.0,26.04,Conservative
3,304,npc_14,99.69,-0.867,480.26,1.466,64.66,Normal
3,304,npc_2,104.79,-0.512,418.69,0.0,26.45,Conservative
3,304,npc_3,99.82,0.098,463.34,1.466,61.64,Normal
3,304,npc_4,89.48,-0.325,27.57,0.0,35.18,Normal
3,304,npc_5,107.89,0.672,424.79,1.193,60.36,Normal
3,304,npc_6,95.39,-0.011,477.57,0.0,20.27,Conservative
3,304,npc_7,101.05,-0.477,620.91,0.0,24.6,Conservative
3,304,npc_8,92.17,0.04,61.0,1.149,49.67,Normal
3,304,npc_9,107.93,-0.134,369.12,1.28,60.56,Normal
3,308,npc_0,79.68,-11.478,5.64,1.652,100.0,Aggressive
3,308,npc_1,107.87,0.145,217.52,1.28,60.57,Normal
3,308,npc_10,107.89,0.85,453.59,0.0,29.27,Conservative
3,308,npc_11,107.6,-0.65,625.19,1.088,57.34,Normal
3,308,npc_12,107.62,-0.063,282.07,1.353,62.08,Normal
3,308,npc_13,106.88,0.662,390.34,0.0,28.03,Conservative
3,308,npc_14,99.84,0.425,482.56,1.508,63.85,Normal
3,308,npc_2,104.49,-0.839,421.45,0.0,27.62,Conservative
3,308,npc_3,99.93,0.297,465.62,1.508,63.38,Normal
3,308,npc_4,89.51,0.086,27.02,0.0,35.05,Normal
3,308,npc_5,107.68,-0.579,427.97,1.193,59.88,Normal
3,308,npc_6,95.32,-0.188,479.34,0.0,20.95,Conservative
3,308,npc_7,101.11,0.151,623.32,0.0,23.32,Conservative
3,308,npc_8,92.23,0.161,62.38,1.088,48.56,Normal
3,308,npc_9,107.73,-0.573,372.28,1.193,59.88,Normal
3,312,npc_0,74.34,-14.839,5.21,1.749,100.0,Aggressive
3,312,npc_1,107.82,-0.139,221.5,1.353,62.48,Normal
3,312,npc_10,107.73,-0.425,457.57,0.0,27.49,Conservative
3,312,npc_11,107.84,0.668,629.18,1.193,60.32,Normal
3,312,npc_12,107.79,0.45,286.05,1.28,61.75,Normal
3,312,npc_13,106.68,-0.542,394.2,0.0,27.46,Conservative
3,312,npc_14,100.04,0.539,485.66,1.542,64.39,Normal
3,312,npc_2,104.03,-1.279,425.03,0.0,29.17,Conservative
3,312,npc_3,99.94,0.019,468.72,1.542,62.27,Normal
3,312,npc_4,89.6,0.258,25.13,0.0,38.67,Normal
3,312,npc_5,107.78,0.293,431.94,1.193,58.79,Normal
3,312,npc_6,95.31,-0.043,481.96,0.0,20.36,Conservative
3,312,npc_7,100.97,-0.37,626.56,0.0,24.14,Conservative
3,312,npc_8,92.48,0.695,64.64,1.193,53.59,Normal
3,312,npc_9,107.94,0.598,376.26,1.088,57.29,Normal
3,316,npc_0,72.0,-6.5,5.18,1.835,100.0,Aggressive
3,316,npc_1,107.72,-0.298,225.47,1.415,64.71,Normal
3,316,npc_10,107.62,-0.311,461.54,0.0,26.98,Conservative
3,316,npc_11,107.88,0.103,633.16,1.28,60.41,Normal
3,316,npc_12,107.97,0.504,290.02,1.193,59.72,Normal
3,316,npc_13,106.93,0.691,398.08,0.0,28.18,Conservative
3,316,npc_14,99.85,-0.532,488.76,1.568,64.28,Normal
3,316,npc_2,103.87,-0.442,428.59,0.0,25.74,Conservative
3,316,npc_3,99.92,-0.038,471.82,1.568,62.34,Normal
3,316,npc_4,89.31,-0.823,23.26,0.0,43.9,Normal
3,316,npc_5,107.7,-0.234,435.91,1.193,58.52,Normal
3,316,npc_6,95.25,-0.173,484.56,0.0,20.85,Conservative
3,316,npc_7,101.28,0.863,629.8,0.0,26.25,Conservative
3,316,npc_8,92.44,-0.093,66.91,1.28,53.5,Normal
3,316,npc_9,107.9,-0.119,380.24,0.96,51.95,Normal
3,320,npc_0,66.82,-14.399,5.47,1.835,100.0,Aggressive
3,320,npc_1,107.58,-0.362,229.42,1.466,66.27,Normal
3,320,npc_10,107.9,0.774,465.58,0.0,28.97,Conservative
3,320,npc_11,107.8,-0.225,637.14,1.353,62.82,Normal
3,320,npc_12,107.89,-0.212,294.05,1.088,55.72,Normal
3,320,npc_13,107.04,0.313,402.02,0.0,26.72,Conservative
3,320,npc_14,99.65,-0.548,491.9,1.586,64.26,Normal
3,320,npc_2,103.82,-0.147,432.12,0.0,24.54,Conservative
3,320,npc_3,100.05,0.339,474.94,1.586,63.6,Normal
3,320,npc_4,89.43,0.334,22.56,0.0,43.2,Normal
3,320,npc_5,107.61,-0.247,439.91,1.193,58.52,Normal
3,320,npc_6,95.67,1.17,487.16,0.0,25.02,Conservative
3,320,npc_7,101.02,-0.725,633.02,0.0,25.58,Conservative
3,320,npc_8,92.44,-0.004,69.23,1.353,55.1,Normal
3,320,npc_9,107.94,0.107,384.23,0.798,47.6,Normal
3,324,npc_0,69.39,7.139,5.15,1.835,100.0,Aggressive
3,324,npc_1,107.92,0.934,234.21,1.508,69.62,Normal
3,324,npc_10,107.68,-0.608,470.35,0.0,28.2,Conservative
3,324,npc_11,107.97,0.47,641.91,1.415,65.52,Normal
3,324,npc_12,107.75,-0.392,298.82,0.96,52.97,Normal
3,324,npc_13,106.95,-0.262,406.68,0.0,26.46,Conservative
3,324,npc_14,99.92,0.755,495.8,1.596,65.21,Normal
3,324,npc_2,103.4,-1.172,436.42,0.0,28.44,Conservative
3,324,npc_3,100.07,0.053,478.84,1.596,62.46,Normal
3,324,npc_4,89.42,-0.022,20.12,0.0,46.43,Normal
3,324,npc_5,107.62,0.034,444.66,1.193,57.68,Normal
3,324,npc_6,95.51,-0.447,490.56,0.0,22.06,Conservative
3,324,npc_7,101.24,0.607,637.06,0.0,25.2,Conservative
3,324,npc_8,92.41,-0.098,72.28,1.415,57.1,Normal
3,324,npc_9,107.68,-0.709,388.99,0.574,43.92,Normal
3,328,npc_0,71.93,7.059,4.64,1.835,100.0,Aggressive
3,328,npc_1,107.65,-0.752,238.98,1.542,68.76,Normal
3,328,npc_10,107.99,0.862,475.12,0.0,29.37,Conservative
3,328,npc_11,107.97,0.003,646.69,1.466,65.02,Normal
3,328,npc_12,107.81,0.181,303.61,0.798,47.84,Normal
3,328,npc_13,106.98,0.095,411.34,0.0,25.82,Conservative
3,328,npc_14,100.07,0.423,499.7,1.6,63.95,Normal
3,328,npc_2,103.26,-0.384,440.71,0.0,25.23,Conservative
3,328,npc_3,99.98,-0.238,482.73,1.6,63.17,Normal
3,328,npc_4,89.62,0.572,17.75,0.0,53.41,Normal
3,328,npc_5,107.1,-1.449,449.37,1.193,63.09,Normal
3,328,npc_6,95.56,0.158,493.96,0.0,20.93,Conservative
3,328,npc_7,101.22,-0.051,641.1,0.0,22.97,Conservative
3,328,npc_8,92.1,-0.846,75.32,1.466,61.34,Normal
3,328,npc_9,107.61,-0.201,393.77,0.0,26.54,Conservative
3,332,npc_0,74.6,7.412,3.57,1.835,100.0,Aggressive
3,332,npc_1,107.6,-0.134,244.56,1.568,66.26,Normal
3,332,npc_10,107.66,-0.914,480.7,0.0,29.42,Conservative
3,332,npc_11,107.66,-0.852,652.27,1.508,69.17,Normal
3,332,npc_12,107.67,-0.404,309.17,0.574,42.7,Normal
3,332,npc_13,107.01,0.06,416.82,0.0,25.69,Conservative
3,332,npc_14,99.66,-1.134,504.4,1.596,66.61,Normal
3,332,npc_2,103.12,-0.375,445.78,0.0,25.13,Conservative
3,332,npc_3,100.04,0.172,487.44,1.596,62.93,Normal
3,332,npc_4,89.71,0.251,14.89,0.0,58.34,Normal
3,332,npc_5,106.99,-0.321,454.86,1.193,58.52,Normal
3,332,npc_6,95.6,0.089,498.17,0.0,20.66,Conservative
3,332,npc_7,101.27,0.122,645.93,0.0,23.28,Conservative
3,332,npc_8,92.3,0.546,79.18,1.508,61.11,Normal
3,332,npc_9,107.84,0.65,399.35,0.0,28.44,Conservative
3,336,npc_0,77.41,7.823,3.24,1.935,100.0,Aggressive
3,336,npc_1,107.96,0.983,250.16,1.586,69.83,Normal
3,336,npc_10,107.91,0.676,486.22,0.0,28.58,Conservative
3,336,npc_11,107.88,0.596,657.84,1.542,68.25,Normal
3,336,npc_12,107.66,-0.013,314.7,0.0,25.81,Conservative
3,336,npc_13,106.95,-0.147,422.22,0.0,26.01,Conservative
3,336,npc_14,99.91,0.689,509.08,1.586,64.94,Normal
3,336,npc_2,103.07,-0.144,450.84,0.0,24.18,Conservative
3,336,npc_3,100.06,0.037,492.13,1.586,62.39,Normal
3,336,npc_4,89.56,-0.436,10.11,0.0,70.47,Aggressive
3,336,npc_5,106.35,-1.76,460.27,1.193,63.98,Normal
3,336,npc_6,95.3,-0.818,502.38,0.0,23.46,Conservative
3,336,npc_7,100.99,-0.77,650.76,0.0,25.75,Conservative
3,336,npc_8,92.38,0.214,82.97,1.542,59.82,Normal
3,336,npc_9,107.78,-0.181,404.92,0.0,26.54,Conservative
3,340,npc_0,80.11,7.508,7.02,2.024,100.0,Aggressive
3,340,npc_1,107.99,0.088,255.71,1.596,66.27,Normal
3,340,npc_10,107.96,0.153,491.85,0.0,26.51,Conservative
3,340,npc_11,107.6,-0.783,663.42,1.568,68.86,Normal
3,340,npc_12,107.78,0.328,320.34,0.0,27.13,Conservative
3,340,npc_13,106.67,-0.786,427.74,0.0,28.43,Conservative
3,340,npc_14,99.9,-0.043,513.81,1.568,62.35,Normal
3,340,npc_2,102.69,-1.052,455.86,0.0,27.64,Conservative
3,340,npc_3,99.98,-0.203,496.85,1.568,63.03,Normal
3,340,npc_4,89.49,-0.178,10.51,0.0,68.4,Normal
3,340,npc_5,106.21,-0.381,465.71,1.193,58.4,Normal
3,340,npc_6,95.29,-0.027,506.58,0.0,20.29,Conservative
3,340,npc_7,101.29,0.844,655.59,0.0,26.18,Conservative
3,340,npc_8,92.18,-0.534,86.89,1.568,61.02,Normal
3,340,npc_9,107.86,0.226,410.52,0.0,26.76,Conservative
3,344,npc_0,82.78,7.397,8.48,2.104,100.0,Aggressive
3,344,npc_1,107.77,-0.593,261.29,1.6,68.18,Normal
3,344,npc_10,107.61,-0.98,497.42,0.0,29.65,Conservative
3,344,npc_11,107.72,0.343,668.99,1.586,67.16,Normal
3,344,npc_12,107.73,-0.153,325.92,0.0,26.4,Conservative
3,344,npc_13,106.99,0.899,433.22,0.0,29.04,Conservative
3,344,npc_14,99.8,-0.281,518.51,1.542,63.26,Normal
3,344,npc_2,102.77,0.2,460.88,0.0,24.27,Conservative
3,344,npc_3,100.0,0.045,501.55,1.542,62.4,Normal
3,344,npc_4,89.7,0.57,9.63,0.0,72.32,Aggressive
3,344,npc_5,105.96,-0.71,471.07,1.193,59.59,Normal
3,344,npc_6,95.55,0.71,510.78,0.0,23.13,Conservative
3,344,npc_7,100.91,-1.075,660.42,0.0,26.93,Conservative
3,344,npc_8,92.34,0.425,90.76,1.586,60.65,Normal
3,344,npc_9,107.62,-0.669,416.09,0.0,28.41,Conservative
3,348,npc_0,85.93,8.756,11.36,2.176,100.0,Aggressive
3,348,npc_1,107.69,-0.234,267.65,1.596,66.71,Normal
3,348,npc_10,107.81,0.544,503.8,0.0,28.0,Conservative
3,348,npc_11,107.77,0.147,675.35,1.596,66.4,Normal
3,348,npc_12,107.81,0.225,332.31,0.0,26.73,Conservative
3,348,npc_13,106.67,-0.897,439.49,0.0,28.88,Conservative
3,348,npc_14,99.65,-0.398,524.0,1.508,63.66,Normal
3,348,npc_2,102.59,-0.493,466.68,0.0,25.36,Conservative
3,348,npc_3,99.67,-0.9,507.05,1.508,65.68,Normal
3,348,npc_4,89.49,-0.581,10.26,0.0,70.67,Aggressive
3,348,npc_5,105.12,-2.334,477.2,1.193,65.69,Normal
3,348,npc_6,95.27,-0.763,515.78,0.0,23.22,Conservative
3,348,npc_7,101.15,0.692,666.05,0.0,25.51,Conservative
3,348,npc_8,92.47,0.37,95.41,1.596,60.48,Normal
3,348,npc_9,107.91,0.806,422.47,0.0,29.1,Conservative
3,352,npc_0,88.74,7.814,15.69,2.24,100.0,Aggressive
3,352,npc_1,107.68,-0.025,274.82,1.586,65.87,Normal
3,352,npc_10,107.76,-0.132,510.99,0.0,26.33,Conservative
3,352,npc_11,107.67,-0.282,682.52,1.6,66.89,Normal
3,352,npc_12,107.75,-0.15,339.47,0.0,26.4,Conservative
3,352,npc_13,106.94,0.758,446.55,0.0,28.45,Conservative
3,352,npc_14,100.05,1.104,530.31,1.466,65.77,Normal
3,352,npc_2,102.46,-0.364,473.25,0.0,24.78,Conservative
3,352,npc_3,99.87,0.557,513.35,1.466,63.5,Normal
3,352,npc_4,89.62,0.373,12.98,0.0,63.19,Normal
3,352,npc_5,105.26,0.393,484.1,1.193,57.99,Normal
3,352,npc_6,95.58,0.858,521.6,0.0,23.73,Conservative
3,352,npc_7,100.89,-0.739,672.47,0.0,25.58,Conservative
3,352,npc_8,92.16,-0.872,100.87,1.6,62.36,Normal
3,352,npc_9,107.62,-0.808,429.65,0.0,28.97,Conservative
3,356,npc_0,90.96,6.164,19.8,2.24,100.0,Aggressive
3,356,npc_1,107.88,0.559,281.19,1.568,68.1,Normal
3,356,npc_10,107.99,0.633,517.37,0.0,28.44,Conservative
3,356,npc_11,107.92,0.704,688.9,1.596,68.7,Normal
3,356,npc_12,107.89,0.382,345.84,0.0,27.4,Conservative
3,356,npc_13,106.82,-0.355,452.82,0.0,26.78,Conservative
3,356,npc_14,99.95,-0.27,535.81,1.415,61.02,Normal
3,356,npc_2,102.09,-1.012,479.01,0.0,27.21,Conservative
3,356,npc_3,99.83,-0.12,518.85,1.415,60.36,Normal
3,356,npc_4,89.58,-0.118,16.23,0.0,54.8,Normal
3,356,npc_5,105.04,-0.606,490.16,1.193,58.74,Normal
3,356,npc_6,95.46,-0.346,526.61,0.0,21.63,Conservative
3,356,npc_7,101.08,0.529,678.11,0.0,24.82,Conservative
3,356,npc_8,92.13,-0.078,105.51,1.596,59.17,Normal
3,356,npc_9,107.69,0.2,436.02,0.0,26.57,Conservative
3,360,npc_0,94.07,8.628,23.55,2.24,100.0,Aggressive
3,360,npc_1,107.92,0.092,286.78,1.542,66.25,Normal
3,360,npc_10,107.85,-0.379,522.95,0.0,27.36,Conservative
3,360,npc_11,107.69,-0.651,694.47,1.586,68.38,Normal
3,360,npc_12,107.95,0.152,351.42,0.0,26.5,Conservative
3,360,npc_13,106.88,0.184,458.3,0.0,26.12,Conservative
3,360,npc_14,99.87,-0.22,540.51,1.353,59.14,Normal
3,360,npc_2,101.91,-0.495,483.94,0.0,25.06,Conservative
3,360,npc_3,99.84,0.024,523.55,1.353,58.34,Normal
3,360,npc_4,89.51,-0.191,19.21,0.0,48.91,Normal
3,360,npc_5,104.63,-1.138,495.4,1.193,60.68,Normal
3,360,npc_6,95.53,0.196,530.82,0.0,21.06,Conservative
3,360,npc_7,101.16,0.228,682.93,0.0,23.65,Conservative
3,360,npc_8,92.39,0.729,109.38,1.586,61.88,Normal
3,360,npc_9,107.69,-0.012,441.6,0.0,25.82,Conservative
3,364,npc_0,96.67,7.234,27.67,2.24,96.73,Aggressive
3,364,npc_1,107.58,-0.932,292.35,1.508,69.45,Normal
3,364,npc_10,107.91,0.156,528.53,0.0,26.5,Conservative
3,364,npc_11,107.75,0.164,700.04,1.568,66.46,Normal
3,364,npc_12,107.55,-1.098,356.97,0.0,30.1,Conservative
3,364,npc_13,106.8,-0.221,463.77,0.0,26.23,Conservative
3,364,npc_14,99.94,0.179,545.21,1.28,57.04,Normal
3,364,npc_2,101.49,-1.168,488.83,0.0,27.56,Conservative
3,364,npc_3,99.86,0.05,528.25,1.28,56.49,Normal
3,364,npc_4,89.53,0.051,22.35,0.0,42.48,Normal
3,364,npc_5,104.52,-0.317,500.61,1.193,57.35,Normal
3,364,npc_6,95.32,-0.572,535.03,0.0,22.48,Conservative
3,364,npc_7,101.08,-0.215,687.75,0.0,23.57,Conservative
3,364,npc_8,92.1,-0.792,113.22,1.568,62.02,Normal
3,364,npc_9,107.77,0.221,447.17,0.0,26.69,Conservative
3,368,npc_0,99.7,8.4,32.11,2.24,92.33,Aggressive
3,368,npc_1,107.72,0.39,297.93,1.466,66.45,Normal
3,368,npc_10,107.73,-0.499,534.11,0.0,27.78,Conservative
3,368,npc_11,107.57,-0.505,705.61,1.542,67.73,Normal
3,368,npc_12,107.81,0.732,362.55,0.0,28.76,Conservative
3,368,npc_13,106.98,0.496,469.24,0.0,27.42,Conservative
3,368,npc_14,99.72,-0.601,549.9,1.193,56.3,Normal
3,368,npc_2,101.44,-0.162,493.7,0.0,23.51,Conservative
3,368,npc_3,99.99,0.353,532.94,1.193,55.43,Normal
3,368,npc_4,89.33,-0.553,25.6,0.0,38.99,Normal
3,368,npc_5,104.4,-0.317,505.78,1.193,57.29,Normal
3,368,npc_6,95.35,0.083,539.23,0.0,20.54,Conservative
3,368,npc_7,101.0,-0.238,692.59,0.0,23.62,Conservative
3,368,npc_8,92.49,1.057,117.08,1.542,63.23,Normal
3,368,npc_9,107.56,-0.569,452.74,0.0,27.99,Conservative
3,372,npc_0,101.22,4.231,36.82,2.298,85.25,Aggressive
3,372,npc_1,107.65,-0.189,303.51,1.415,64.24,Normal
3,372,npc_10,107.72,-0.003,539.67,0.0,25.8,Conservative
3,372,npc_11,107.62,0.152,711.19,1.508,66.35,Normal
3,372,npc_12,107.92,0.285,368.13,0.0,27.02,Conservative
3,372,npc_13,106.98,-0.006,474.71,0.0,25.46,Conservative
3,372,npc_14,99.97,0.699,554.6,1.088,54.01,Normal
3,372,npc_2,100.84,-1.657,498.52,0.0,29.22,Conservative
3,372,npc_3,99.91,-0.21,537.63,1.088,52.03,Normal
3,372,npc_4,89.65,0.879,28.92,0.0,35.59,Normal
3,372,npc_5,104.08,-0.895,510.94,1.193,59.45,Normal
3,372,npc_6,95.42,0.187,543.43,0.0,20.98,Conservative
3,372,npc_7,101.11,0.322,697.42,0.0,24.01,Conservative
3,372,npc_8,92.48,-0.015,120.93,1.508,59.06,Normal
3,372,npc_9,107.92,0.987,458.32,0.0,29.83,Conservative
3,376,npc_0,100.94,-0.79,42.39,2.349,67.65,Normal
3,376,npc_1,107.73,0.216,309.9,1.353,62.75,Normal
3,376,npc_10,107.79,0.19,546.05,0.0,26.58,Conservative
3,376,npc_11,107.74,0.337,717.56,1.466,66.25,Normal
3,376,npc_12,107.82,-0.282,374.51,0.0,26.96,Conservative
3,376,npc_13,106.78,-0.549,480.97,0.0,27.53,Conservative
3,376,npc_14,99.66,-0.882,560.08,0.96,51.2,Normal
3,376,npc_2,100.56,-0.773,504.1,0.0,25.56,Conservative
3,376,npc_3,99.71,-0.564,543.12,0.96,49.95,Normal
3,376,npc_4,89.3,-0.955,33.05,0.0,30.74,Conservative
3,376,npc_5,103.34,-2.057,516.87,1.193,63.76,Normal
3,376,npc_6,95.42,-0.009,548.44,0.0,20.27,Conservative
3,376,npc_7,100.9,-0.595,703.04,0.0,25.0,Conservative
3,376,npc_8,92.47,-0.031,125.59,1.466,58.23,Normal
3,376,npc_9,107.72,-0.549,464.7,0.0,27.98,Conservative
3,380,npc_0,101.23,0.831,47.18,2.395,66.35,Normal
3,380,npc_1,107.99,0.735,315.48,1.28,62.99,Normal
3,380,npc_10,107.61,-0.522,551.61,0.0,27.82,Conservative
3,380,npc_11,107.94,0.551,723.15,1.415,65.83,Normal
3,380,npc_12,107.89,0.22,380.07,0.0,26.75,Conservative
3,380,npc_13,107.02,0.674,486.44,0.0,28.15,Conservative
3,380,npc_14,99.78,0.331,564.77,0.798,44.73,Normal
3,380,npc_2,100.5,-0.165,508.87,0.0,23.11,Conservative
3,380,npc_3,100.08,1.042,547.82,0.798,47.71,Normal
3,380,npc_4,89.62,0.88,36.45,0.0,27.24,Conservative
3,380,npc_5,103.67,0.918,521.96,1.193,59.36,Normal
3,380,npc_6,95.36,-0.163,552.65,0.0,20.86,Conservative
3,380,npc_7,101.21,0.87,707.87,0.0,26.25,Conservative
3,380,npc_8,92.23,-0.655,129.44,1.415,59.26,Normal
3,380,npc_9,107.81,0.254,470.27,0.0,26.85,Conservative
3,384,npc_0,101.07,-0.45,52.77,2.435,64.5,Normal
3,384,npc_1,107.69,-0.838,321.85,1.193,60.93,Normal
3,384,npc_10,107.93,0.894,557.99,0.0,29.46,Conservative
3,384,npc_12,107.77,-0.338,386.44,0.0,27.16,Conservative
3,384,npc_13,106.66,-1.019,492.72,0.0,29.36,Conservative
3,384,npc_14,99.74,-0.111,570.27,0.574,37.87,Normal
3,384,npc_2,99.87,-1.745,514.38,0.0,29.15,Conservative
3,384,npc_3,99.97,-0.31,553.32,0.574,38.77,Normal
3,384,npc_4,89.47,-0.426,40.66,0.0,22.28,Conservative
3,384,npc_5,103.4,-0.742,527.85,1.193,58.53,Normal
3,384,npc_6,95.61,0.714,557.65,0.0,23.17,Conservative
3,384,npc_7,101.18,-0.082,713.5,0.0,23.08,Conservative
3,384,npc_8,92.38,0.395,134.1,1.353,56.63,Normal
3,384,npc_9,107.81,-0.007,476.65,0.0,25.86,Conservative
3,388,npc_0,101.24,0.477,58.37,2.47,64.69,Normal
3,388,npc_1,107.72,0.073,328.23,1.088,55.09,Normal
3,388,npc_10,107.69,-0.654,564.36,0.0,28.39,Conservative
3,388,npc_12,107.69,-0.221,392.81,0.0,26.66,Conservative
3,388,npc_13,106.83,0.468,498.99,0.0,27.23,Conservative
3,388,npc_14,99.93,0.548,575.76,0.0,24.39,Conservative
3,388,npc_2,99.98,0.285,519.88,0.0,23.35,Conservative
3,388,npc_3,99.76,-0.596,558.8,0.0,24.5,Conservative
3,388,npc_4,89.44,-0.067,44.31,0.574,34.4,Conservative
3,388,npc_5,103.11,-0.825,533.7,1.088,55.93,Normal
3,388,npc_6,95.36,-0.718,562.65,0.0,23.08,Conservative
3,388,npc_8,92.52,0.389,138.77,1.28,54.71,Normal
3,388,npc_9,107.92,0.302,483.03,0.0,27.09,Conservative
3,392,npc_0,100.93,-0.883,63.17,2.499,66.17,Normal
3,392,npc_1,107.75,0.078,333.81,0.96,51.71,Normal
3,392,npc_10,107.57,-0.349,569.94,0.0,27.11,Conservative
3,392,npc_12,107.69,-0.015,398.38,0.0,25.83,Conservative
3,392,npc_13,106.86,0.093,504.46,0.0,25.75,Conservative
3,392,npc_14,99.91,-0.062,580.45,0.0,22.43,Conservative
3,392,npc_2,99.39,-1.641,524.54,0.0,28.51,Conservative
3,392,npc_3,99.65,-0.285,563.49,0.0,23.21,Conservative
3,392,npc_4,89.34,-0.278,47.81,0.798,40.29,Normal
3,392,npc_5,102.82,-0.79,538.75,0.96,52.26,Normal
3,392,npc_6,95.68,0.912,566.86,0.0,23.99,Conservative
3,392,npc_8,92.43,-0.231,142.63,1.193,51.71,Normal
3,392,npc_9,107.82,-0.26,488.6,0.0,26.87,Conservative
3,396,npc_0,101.29,1.003,67.98,2.524,66.81,Normal
3,396,npc_1,107.97,0.609,339.39,0.798,49.62,Normal
3,396,npc_10,107.55,-0.033,575.51,0.0,25.84,Conservative
3,396,npc_12,107.92,0.654,403.97,0.0,28.5,Conservative
3,396,npc_13,106.83,-0.081,509.94,0.0,25.69,Conservative
3,396,npc_14,100.05,0.375,585.15,0.0,23.74,Conservative
3,396,npc_2,99.43,0.128,529.19,0.0,22.48,Conservative
3,396,npc_3,100.0,0.949,568.19,0.0,26.02,Conservative
3,396,npc_4,89.65,0.853,51.33,0.96,46.87,Normal
3,396,npc_5,102.85,0.085,543.77,0.798,45.13,Normal
3,396,npc_6,95.46,-0.616,571.06,0.0,22.72,Conservative
3,396,npc_8,92.3,-0.373,146.49,1.088,49.43,Normal
3,396,npc_9,107.96,0.393,494.19,0.0,27.48,Conservative
3,400,npc_0,100.9,-1.07,72.8,2.544,66.9,Normal
3,400,npc_1,107.89,-0.219,344.97,0.574,42.06,Normal
3,400,npc_10,107.82,0.749,581.09,0.0,28.83,Conservative
3,400,npc_12,107.9,-0.061,409.51,0.574,41.44,Normal
3,400,npc_13,106.99,0.433,515.4,0.0,27.17,Conservative
3,400,npc_14,99.73,-0.877,589.85,0.0,25.61,Conservative
3,400,npc_2,99.16,-0.756,533.82,0.0,24.87,Conservative
3,400,npc_3,99.91,-0.243,572.9,0.0,23.15,Conservative
3,400,npc_4,89.71,0.159,54.87,1.088,47.53,Normal
3,400,npc_5,102.8,-0.164,548.79,0.574,39.45,Normal
3,400,npc_6,95.37,-0.267,575.27,0.0,21.28,Conservative
3,400,npc_8,92.49,0.521,150.32,1.149,51.73,Normal
3,400,npc_9,107.87,-0.256,499.76,0.0,26.88,Conservative
3,404,npc_0,101.34,1.206,78.41,2.56,67.65,Normal
3,404,npc_1,107.61,-0.774,351.33,0.0,28.83,Conservative
3,404,npc_10,107.83,0.01,587.48,0.0,25.88,Conservative
3,404,npc_12,107.8,-0.274,415.9,0.798,48.21,Normal
3,404,npc_13,106.96,-0.08,521.69,0.0,25.74,Conservative
3,404,npc_14,100.07,0.954,595.35,0.0,26.07,Conservative
3,404,npc_2,99.17,0.044,539.24,0.0,22.03,Conservative
3,404,npc_3,99.99,0.236,578.39,0.0,23.16,Conservative
3,404,npc_4,89.53,-0.489,59.18,1.193,51.57,Normal
3,404,npc_5,102.71,-0.226,554.58,0.0,24.35,Conservative
3,404,npc_6,95.63,0.737,580.29,0.0,23.27,Conservative
3,404,npc_8,92.31,-0.495,154.97,1.168,52.07,Normal
3,404,npc_9,107.72,-0.431,506.13,0.0,27.51,Conservative
3,408,npc_0,101.31,-0.078,83.85,2.571,63.12,Normal
3,408,npc_1,107.87,0.731,357.73,0.0,28.78,Conservative
3,408,npc_10,107.89,0.178,593.81,0.0,26.58,Conservative
3,408,npc_12,107.97,0.452,422.26,0.96,53.31,Normal
3,408,npc_13,106.73,-0.621,527.89,0.0,27.8,Conservative
3,408,npc_14,99.69,-1.055,600.81,0.0,26.31,Conservative
3,408,npc_2,98.94,-0.642,544.64,0.0,24.32,Conservative
3,408,npc_3,99.68,-0.862,583.87,0.0,25.53,Conservative
3,408,npc_4,89.35,-0.507,63.27,1.28,53.9,Normal
3,408,npc_5,102.03,-1.894,560.32,0.0,30.71,Conservative
3,408,npc_6,95.68,0.123,585.31,0.0,20.83,Conservative
3,408,npc_8,92.17,-0.369,159.66,1.149,50.99,Normal
3,408,npc_9,107.91,0.546,512.5,0.0,28.06,Conservative
3,412,npc_0,101.06,-0.684,89.65,2.578,65.43,Normal
3,412,npc_1,107.9,0.067,364.1,0.0,26.14,Conservative
3,412,npc_10,107.91,0.04,600.23,0.0,26.04,Conservative
3,412,npc_12,107.57,-1.095,428.64,1.088,59.1,Normal
3,412,npc_13,106.66,-0.212,534.2,0.0,26.13,Conservative
3,412,npc_14,99.79,0.267,606.34,0.0,23.2,Conservative
3,412,npc_2,98.77,-0.487,550.01,0.0,23.63,Conservative
3,412,npc_3,100.02,0.938,589.39,0.0,25.98,Conservative
3,412,npc_4,89.46,0.317,67.84,1.353,55.15,Normal
3,412,npc_5,102.23,0.559,566.11,0.0,25.46,Conservative
3,412,npc_6,95.42,-0.705,590.32,0.0,23.05,Conservative
3,412,npc_8,92.21,0.093,164.29,1.088,48.27,Normal
3,412,npc_9,107.93,0.034,518.89,0.0,26.02,Conservative
3,416,npc_0,100.93,-0.363,95.28,2.442,64.09,Normal
3,416,npc_1,107.69,-0.574,370.46,0.0,28.07,Conservative
3,416,npc_10,107.85,-0.164,606.61,0.0,26.5,Conservative
3,416,npc_12,107.62,0.147,435.02,1.193,58.13,Normal
3,416,npc_13,106.84,0.515,540.47,0.0,27.43,Conservative
3,416,npc_14,99.83,0.098,611.83,0.0,22.54,Conservative
3,416,npc_2,98.66,-0.306,555.35,0.0,22.85,Conservative
3,416,npc_3,99.74,-0.782,594.87,0.0,25.23,Conservative
3,416,npc_4,89.65,0.517,72.18,1.415,57.66,Normal
3,416,npc_5,102.01,-0.633,571.85,0.0,25.66,Conservative
3,416,npc_6,95.27,-0.435,595.32,0.0,21.91,Conservative
3,416,npc_8,92.1,-0.31,168.95,1.193,51.89,Normal
3,416,npc_9,107.29,-1.778,525.23,0.0,32.69,Conservative
3,420,npc_0,101.09,0.437,100.91,2.278,64.46,Normal
3,420,npc_1,107.58,-0.3,376.84,0.0,26.92,Conservative
3,420,npc_10,107.98,0.365,612.98,0.0,27.37,Conservative
3,420,npc_12,107.57,-0.152,441.38,1.28,60.45,Normal
3,420,npc_13,106.77,-0.199,546.75,0.0,26.13,Conservative
3,420,npc_14,99.69,-0.387,617.31,0.0,23.63,Conservative
3,420,npc_2,98.44,-0.6,560.66,0.0,23.94,Conservative
3,420,npc_3,99.68,-0.164,600.36,0.0,22.74,Conservative
3,420,npc_4,89.71,0.172,76.52,1.466,57.68,Normal
3,420,npc_5,101.66,-0.959,577.57,0.0,26.8,Conservative
3,420,npc_6,95.63,1.012,600.33,0.0,24.37,Conservative
3,420,npc_8,92.44,0.941,173.61,1.28,56.89,Normal
3,420,npc_9,107.14,-0.403,531.53,0.0,27.12,Conservative
3,424,npc_0,101.05,-0.11,107.33,2.079,63.13,Normal
3,424,npc_1,107.88,0.831,384.01,0.0,29.19,Conservative
3,424,npc_10,107.59,-1.065,620.15,0.0,29.99,Conservative
3,424,npc_12,107.76,0.538,448.55,1.353,64.05,Normal
3,424,npc_13,106.67,-0.292,553.82,0.0,26.45,Conservative
3,424,npc_14,100.08,1.104,623.61,0.0,26.68,Conservative
3,424,npc_2,98.23,-0.594,566.75,0.0,23.82,Conservative
3,424,npc_3,99.65,-0.071,606.65,0.0,22.35,Conservative
3,424,npc_4,89.56,-0.43,81.64,1.508,59.54,Normal
3,424,npc_5,101.74,0.223,584.08,0.0,23.89,Conservative
3,424,npc_6,95.58,-0.133,606.14,0.0,20.83,Conservative
3,424,npc_8,92.18,-0.702,179.07,1.353,57.79,Normal
3,424,npc_9,106.74,-1.126,538.59,0.0,29.82,Conservative
3,428,npc_0,100.9,-0.421,112.96,1.835,64.31,Normal
3,428,npc_1,107.9,0.055,390.4,0.0,26.09,Conservative
3,428,npc_10,107.76,0.458,626.52,0.0,27.64,Conservative
3,428,npc_12,107.76,-0.003,454.92,1.415,63.55,Normal
3,428,npc_13,107.03,1.009,560.09,0.0,29.49,Conservative
3,428,npc_14,99.65,-1.202,629.09,0.0,26.87,Conservative
3,428,npc_2,98.19,-0.114,572.04,0.0,21.88,Conservative
3,428,npc_3,99.76,0.301,612.14,0.0,23.32,Conservative
3,428,npc_4,89.6,0.126,85.97,1.542,58.34,Normal
3,428,npc_5,101.49,-0.688,589.77,0.0,25.64,Conservative
3,428,npc_6,95.66,0.216,611.15,0.0,21.2,Conservative
3,428,npc_8,92.5,0.892,183.74,1.415,60.32,Normal
3,428,npc_9,106.11,-1.736,544.81,0.0,31.96,Conservative
3,432,npc_0,100.91,0.034,117.78,1.524,62.77,Normal
3,432,npc_1,107.72,-0.499,395.98,0.0,27.78,Conservative
3,432,npc_10,107.88,0.337,632.09,0.0,27.21,Conservative
3,432,npc_12,107.61,-0.426,460.49,1.466,66.54,Normal
3,432,npc_13,106.77,-0.729,565.56,0.0,28.25,Conservative
3,432,npc_14,99.84,0.519,633.78,0.0,24.23,Conservative
3,432,npc_2,97.9,-0.784,576.52,0.0,24.44,Conservative
3,432,npc_3,99.87,0.302,616.83,0.0,23.37,Conservative
3,432,npc_4,89.73,0.351,89.51,1.568,59.29,Normal
3,432,npc_5,101.61,0.319,594.66,0.0,24.22,Conservative
3,432,npc_6,95.32,-0.948,615.35,0.0,23.98,Conservative
3,432,npc_8,92.48,-0.061,187.6,1.466,58.35,Normal
3,432,npc_9,105.99,-0.322,550.18,0.0,26.25,Conservative
3,436,npc_0,100.97,0.163,123.4,1.088,52.31,Normal
3,436,npc_1,107.57,-0.412,402.34,0.0,27.36,Conservative
3,436,npc_10,107.65,-0.629,638.45,0.0,28.27,Conservative
3,436,npc_12,107.65,0.104,466.86,1.508,66.17,Normal
3,436,npc_13,106.79,0.059,571.83,0.0,25.58,Conservative
3,436,npc_14,99.76,-0.224,639.28,0.0,23.01,Conservative
3,436,npc_2,97.6,-0.855,581.78,0.0,24.59,Conservative
3,436,npc_3,100.05,0.508,622.32,0.0,24.28,Conservative
3,436,npc_4,89.35,-1.054,93.84,1.586,61.96,Normal
3,436,npc_5,101.51,-0.263,600.35,0.0,23.95,Conservative
3,436,npc_6,95.28,-0.1,620.36,0.0,20.57,Conservative
3,436,npc_8,92.5,0.054,192.26,1.508,59.23,Normal
3,436,npc_9,105.44,-1.547,556.34,0.0,30.89,Conservative
3,440,npc_0,100.92,-0.145,129.02,0.96,48.81,Normal
3,440,npc_1,107.64,0.178,408.72,0.0,26.46,Conservative
3,440,npc_12,107.61,-0.092,473.22,1.542,66.1,Normal
3,440,npc_13,106.96,0.486,578.11,0.0,27.37,Conservative
3,440,npc_2,97.59,-0.031,587.02,0.0,21.29,Conservative
3,440,npc_3,101.15,3.047,627.88,0.0,34.93,Conservative
3,440,npc_4,89.7,0.963,98.18,1.596,61.73,Normal
3,440,npc_5,103.18,4.641,606.1,0.0,42.22,Normal
3,440,npc_6,95.67,1.079,625.38,0.0,24.65,Conservative
3,440,npc_8,92.17,-0.932,196.91,1.542,62.6,Normal
3,440,npc_9,106.21,2.138,562.48,0.0,33.62,Conservative
3,444,npc_0,101.27,0.977,134.65,0.798,47.98,Normal
3,444,npc_1,107.83,0.523,415.09,0.0,27.93,Conservative
3,444,npc_12,107.9,0.799,479.59,1.568,69.07,Normal
3,444,npc_13,106.97,0.028,584.38,0.0,25.54,Conservative
3,444,npc_2,97.34,-0.682,592.25,0.0,23.78,Conservative
3,444,npc_4,89.64,-0.163,102.53,1.6,58.51,Normal
3,444,npc_5,106.28,8.615,612.18,0.0,45.1,Normal
3,444,npc_6,95.51,-0.445,630.39,0.0,22.05,Conservative
3,444,npc_8,92.33,0.455,201.57,1.568,60.76,Normal
3,444,npc_9,107.58,3.822,568.81,0.0,41.01,Normal
3,448,npc_0,100.92,-0.954,139.48,0.574,41.77,Normal
3,448,npc_1,107.69,-0.365,420.65,0.0,27.23,Conservative
3,448,npc_12,107.7,-0.56,485.16,1.586,68.01,Normal
3,448,npc_13,106.78,-0.54,589.85,0.0,27.5,Conservative
3,448,npc_2,99.28,5.396,596.78,0.0,41.9,Normal
3,448,npc_4,89.62,-0.038,106.07,1.596,58.0,Normal
3,448,npc_5,107.69,3.893,617.72,0.0,41.34,Normal
3,448,npc_8,92.47,0.398,205.43,1.586,60.6,Normal
3,448,npc_9,107.64,0.156,574.39,0.0,26.37,Conservative
3,452,npc_0,101.24,0.873,144.32,0.0,26.27,Conservative
3,452,npc_1,107.71,0.041,426.23,0.0,25.95,Conservative
3,452,npc_12,107.83,0.358,490.75,1.596,67.27,Normal
3,452,npc_13,106.69,-0.252,595.32,0.0,26.3,Conservative
3,452,npc_2,102.08,7.772,601.62,0.0,43.16,Normal
3,452,npc_4,89.39,-0.644,109.6,1.586,60.33,Normal
3,452,npc_8,92.45,-0.066,209.29,1.596,59.26,Normal
3,452,npc_9,107.6,-0.108,579.95,0.0,26.16,Conservative
3,456,npc_0,101.25,0.029,149.05,0.0,22.9,Conservative
3,456,npc_1,107.82,0.31,431.81,0.0,27.07,Conservative
3,456,npc_12,107.95,0.33,496.32,1.6,67.21,Normal
3,456,npc_13,106.85,0.448,600.75,0.0,27.16,Conservative
3,456,npc_2,104.5,6.712,606.74,0.0,44.27,Normal
3,456,npc_4,89.35,-0.124,113.01,1.568,58.24,Normal
3,456,npc_8,92.1,-0.968,213.17,1.6,62.72,Normal
3,456,npc_9,107.9,0.841,585.52,0.0,29.24,Conservative
3,460,npc_0,101.31,0.164,153.08,0.0,23.46,Conservative
3,460,npc_1,107.74,-0.231,436.59,0.0,26.72,Conservative
3,460,npc_12,107.69,-0.708,501.09,1.596,68.6,Normal
3,460,npc_13,106.93,0.21,605.42,0.0,26.25,Conservative
3,460,npc_4,89.46,0.31,115.75,1.542,59.03,Normal
3,460,npc_8,92.17,0.187,216.21,1.596,59.63,Normal
3,460,npc_9,107.91,0.021,590.29,0.0,25.96,Conservative
3,464,npc_0,101.18,-0.353,156.31,0.0,24.16,Conservative
3,464,npc_1,107.72,-0.041,440.56,0.0,25.95,Conservative
3,464,npc_12,107.85,0.446,505.07,1.586,67.63,Normal
3,464,npc_4,89.32,-0.387,117.68,1.508,59.28,Normal
3,464,npc_8,92.49,0.899,218.47,1.586,62.61,Normal
3,464,npc_9,107.7,-0.585,594.28,0.0,28.12,Conservative
3,468,npc_0,101.12,-0.162,158.75,0.0,23.37,Conservative
3,468,npc_1,107.67,-0.142,443.73,0.0,26.33,Conservative
3,468,npc_12,107.69,-0.452,508.25,1.568,67.58,Normal
3,468,npc_4,89.5,0.503,118.81,1.466,58.92,Normal
3,468,npc_8,92.48,-0.033,219.92,1.568,59.14,Normal
3,472,npc_0,101.2,0.206,160.39,0.0,23.58,Conservative
3,472,npc_1,107.86,0.525,446.1,0.0,27.95,Conservative
3,472,npc_12,107.99,0.838,510.62,1.542,69.27,Normal
3,472,npc_4,89.48,-0.063,119.15,1.415,55.78,Normal
3,472,npc_8,92.12,-1.011,220.58,1.542,62.9,Normal
3,476,npc_0,101.3,0.276,161.23,0.0,23.91,Conservative
3,476,npc_1,107.66,-0.567,447.68,0.0,28.02,Conservative
3,476,npc_12,107.86,-0.37,512.19,1.508,67.33,Normal
3,476,npc_4,89.59,0.32,118.7,1.353,55.21,Normal
3,476,npc_8,92.19,0.217,220.43,1.508,59.76,Normal
3,480,npc_0,100.9,-1.093,162.86,0.0,27.0,Conservative
3,480,npc_1,107.89,0.655,450.06,0.0,28.49,Conservative
3,480,npc_12,107.63,-0.639,514.57,1.466,67.4,Normal
3,480,npc_4,89.59,-0.004,119.05,1.28,51.99,Normal
3,480,npc_8,92.33,0.379,221.1,1.466,59.56,Normal
3,484,npc_0,101.26,0.984,164.51,0.0,26.72,Conservative
3,484,npc_1,107.75,-0.395,452.43,0.0,27.38,Conservative
3,484,npc_12,107.63,0.004,516.94,1.415,63.49,Normal
3,484,npc_4,89.46,-0.357,119.35,1.366,55.64,Normal
3,484,npc_8,92.12,-0.589,221.75,1.415,58.95,Normal
3,488,npc_0,100.93,-0.901,166.93,0.0,26.24,Conservative
3,488,npc_1,107.61,-0.381,455.6,0.0,27.26,Conservative
3,488,npc_12,107.91,0.771,520.12,1.353,65.05,Normal
3,488,npc_4,89.35,-0.307,120.5,1.415,56.71,Normal
3,488,npc_8,92.46,0.936,223.21,1.353,58.83,Normal
3,492,npc_0,100.94,0.026,169.35,0.0,22.75,Conservative
3,492,npc_1,107.63,0.055,458.77,0.0,25.96,Conservative
3,492,npc_12,107.72,-0.531,523.29,1.28,62.04,Normal
3,492,npc_4,89.72,1.014,121.65,1.431,60.11,Normal
3,492,npc_8,92.49,0.106,224.68,1.28,53.57,Normal
3,496,npc_0,101.04,0.263,170.99,0.0,23.74,Conservative
3,496,npc_1,107.56,-0.197,461.15,0.0,26.5,Conservative
3,496,npc_4,89.65,-0.189,122.01,1.415,56.35,Normal
3,496,npc_8,92.38,-0.317,225.35,1.193,52.04,Normal
3,500,npc_0,101.0,-0.099,173.42,0.0,23.07,Conservative
3,500,npc_1,107.68,0.323,464.33,0.0,27.06,Conservative
3,500,npc_4,89.49,-0.437,123.15,1.366,55.97,Normal
3,500,npc_8,92.53,0.405,226.81,1.088,49.65,Normal
3,504,npc_0,101.1,0.285,175.83,0.0,23.85,Conservative
3,504,npc_1,107.93,0.705,467.54,0.0,28.71,Conservative
3,504,npc_4,89.45,-0.106,124.34,1.28,52.34,Normal
3,504,npc_8,92.25,-0.765,228.33,0.96,47.57,Normal
3,508,npc_0,101.19,0.246,179.07,0.0,23.74,Conservative
3,508,npc_1,107.62,-0.875,471.52,0.0,29.23,Conservative
3,508,npc_4,89.55,0.279,126.29,1.353,55.03,Normal
3,508,npc_8,92.41,0.453,230.6,0.798,42.08,Normal
3,512,npc_0,101.07,-0.329,182.34,0.0,24.02,Conservative
3,512,npc_1,107.72,0.291,475.55,0.0,26.95,Conservative
3,512,npc_4,89.37,-0.507,128.36,1.415,57.51,Normal
3,512,npc_8,92.33,-0.233,232.97,0.574,35.2,Normal
3,516,npc_0,100.98,-0.272,185.54,0.0,23.75,Conservative
3,516,npc_1,107.88,0.449,479.48,0.0,27.66,Conservative
3,516,npc_4,89.55,0.506,130.18,1.466,58.95,Normal
3,516,npc_8,92.53,0.561,235.11,0.0,21.27,Conservative
3,520,npc_0,101.28,0.837,188.81,0.0,26.14,Conservative
3,520,npc_4,89.58,0.068,132.24,1.508,58.11,Normal
3,520,npc_8,92.54,0.028,237.48,0.0,19.14,Conservative
3,524,npc_0,101.25,-0.071,192.12,0.574,38.38,Normal
3,524,npc_4,89.43,-0.407,134.18,1.542,59.4,Normal
3,524,npc_8,92.2,-0.936,239.72,0.0,22.64,Conservative
3,528,npc_0,101.3,0.146,195.35,0.798,44.68,Normal
3,528,npc_4,89.7,0.745,136.13,1.568,60.86,Normal
3,528,npc_8,92.51,0.852,241.99,0.0,22.43,Conservative
3,532,npc_0,101.01,-0.807,197.78,0.96,51.5,Normal
3,532,npc_4,89.6,-0.273,137.28,1.586,58.93,Normal
3,532,npc_8,92.39,-0.329,243.45,0.0,20.29,Conservative
3,536,npc_0,101.28,0.751,199.42,1.088,54.81,Normal
3,536,npc_4,89.64,0.114,137.62,1.596,58.31,Normal
3,536,npc_8,92.31,-0.233,244.09,0.0,19.87,Conservative
3,540,npc_0,101.02,-0.722,201.05,1.193,57.37,Normal
3,540,npc_4,89.54,-0.285,137.97,1.6,58.96,Normal
3,540,npc_8,92.48,0.465,244.75,0.0,20.87,Conservative
3,544,npc_0,101.09,0.181,203.48,1.28,57.57,Normal
3,544,npc_4,89.43,-0.309,139.12,1.596,59.01,Normal
3,544,npc_8,92.29,-0.529,246.21,0.0,21.04,Conservative
3,548,npc_0,101.26,0.481,205.92,1.353,60.8,Normal
3,548,npc_4,89.39,-0.123,140.26,1.586,58.25,Normal
3,548,npc_8,92.54,0.703,247.67,0.0,21.84,Conservative
3,552,npc_0,100.96,-0.843,208.35,1.415,63.76,Normal
3,552,npc_4,89.44,0.141,141.4,1.568,58.34,Normal
3,552,npc_8,92.51,-0.081,249.13,0.0,19.34,Conservative
3,556,npc_0,101.2,0.672,210.78,1.466,64.55,Normal
3,556,npc_4,89.74,0.842,142.55,1.542,61.27,Normal
3,556,npc_8,92.13,-1.059,250.59,0.0,23.1,Conservative
3,560,npc_0,101.24,0.115,213.23,1.508,63.24,Normal
3,560,npc_4,89.47,-0.745,143.7,1.508,60.77,Normal
3,560,npc_8,92.13,0.006,252.04,0.0,18.89,Conservative
3,564,npc_0,101.02,-0.624,214.87,1.542,65.17,Normal
3,564,npc_4,89.36,-0.309,144.04,1.466,58.09,Normal
3,564,npc_8,92.42,0.801,252.7,0.0,22.18,Conservative
3,568,npc_0,101.32,0.847,217.31,1.568,66.2,Normal
3,568,npc_4,89.65,0.799,145.2,1.415,58.79,Normal
3,568,npc_8,92.43,0.033,254.17,0.0,19.12,Conservative
3,572,npc_0,101.19,-0.374,218.93,1.586,64.25,Normal
3,572,npc_4,89.67,0.072,145.55,1.353,54.25,Normal
3,572,npc_8,92.37,-0.173,254.82,0.0,19.65,Conservative
3,576,npc_0,101.2,0.047,220.49,1.596,62.95,Normal
3,576,npc_4,89.66,-0.023,145.9,1.451,56.65,Normal
3,576,npc_8,92.34,-0.067,255.38,0.0,19.22,Conservative
3,580,npc_0,101.17,-0.086,222.94,1.6,63.09,Normal
3,580,npc_4,89.69,0.065,147.06,1.512,58.14,Normal
3,580,npc_8,92.47,0.359,256.84,0.0,20.44,Conservative
3,584,npc_0,101.27,0.259,225.44,1.596,63.82,Normal
3,584,npc_4,89.39,-0.828,148.37,1.542,61.07,Normal
3,584,npc_8,92.19,-0.783,258.39,0.0,22.02,Conservative
3,588,npc_0,100.96,-0.846,228.68,1.586,66.03,Normal
3,588,npc_4,89.42,0.09,150.31,1.542,58.13,Normal
3,588,npc_8,92.23,0.106,260.65,0.0,19.33,Conservative
3,592,npc_0,100.97,0.019,231.85,1.568,62.73,Normal
3,592,npc_4,89.46,0.099,152.09,1.512,58.18,Normal
3,592,npc_8,92.51,0.777,262.81,0.0,22.13,Conservative
3,596,npc_0,101.13,0.458,234.3,1.542,64.56,Normal
3,596,npc_4,89.75,0.804,153.25,1.451,59.81,Normal
3,596,npc_8,92.32,-0.514,264.28,0.0,21.0,Conservative
3,600,npc_0,101.33,0.534,236.7,1.508,64.95,Normal
3,600,npc_4,89.55,-0.556,154.3,1.353,56.14,Normal
3,600,npc_8,92.38,0.148,265.67,0.0,19.56,Conservative
3,604,npc_0,101.32,-0.023,239.17,1.466,62.01,Normal
3,604,npc_4,89.41,-0.39,155.41,1.415,57.06,Normal
3,604,npc_8,92.22,-0.433,267.1,0.0,20.63,Conservative
3,608,npc_0,101.08,-0.667,242.4,1.415,63.11,Normal
3,608,npc_4,89.42,0.034,157.36,1.466,57.01,Normal
3,608,npc_8,92.43,0.579,269.37,0.0,21.3,Conservative
3,612,npc_0,101.33,0.693,245.64,1.353,61.68,Normal
3,612,npc_4,89.6,0.509,159.3,1.508,59.88,Normal
3,616,npc_0,100.95,-1.04,248.85,1.28,60.94,Normal
3,616,npc_4,89.73,0.363,161.28,1.542,59.34,Normal
3,620,npc_0,101.21,0.708,252.88,1.193,57.4,Normal
3,620,npc_4,89.3,-1.21,164.03,1.568,62.56,Normal
3,624,npc_4,89.7,1.126,166.74,1.586,62.39,Normal
3,628,npc_4,89.52,-0.514,169.48,1.596,59.87,Normal
3,632,npc_4,89.42,-0.278,172.25,1.6,58.88,Normal
3,636,npc_4,89.74,0.882,175.08,1.596,61.42,Normal
3,640,npc_4,89.39,-0.956,177.98,1.586,61.58,Normal
3,644,npc_4,89.35,-0.123,180.56,1.568,58.23,Normal
3,648,npc_4,89.45,0.288,183.3,1.542,58.93,Normal
3,652,npc_4,89.62,0.466,186.85,1.508,59.71,Normal
3,656,npc_4,89.74,0.336,190.4,1.466,58.35,Normal
4,4,npc_0,82.05,-53.229,119.35,1.267,68.73,Normal
4,4,npc_1,71.39,-101.377,30.65,0.0,43.3,Normal
4,4,npc_10,72.72,-97.031,159.72,0.574,47.07,Normal
4,4,npc_11,79.79,-78.192,280.49,1.415,71.88,Aggressive
4,4,npc_12,85.72,-61.105,69.19,1.586,76.33,Aggressive
4,4,npc_13,74.44,-90.223,60.21,0.0,32.32,Conservative
4,4,npc_14,67.27,-90.255,209.18,0.574,45.37,Normal
4,4,npc_2,85.93,-51.567,81.43,0.0,36.41,Normal
4,4,npc_3,78.08,-64.089,180.29,0.574,48.87,Normal
4,4,npc_4,63.74,-72.211,161.33,1.466,68.13,Normal
4,4,npc_5,79.66,-77.862,120.73,0.574,49.42,Normal
4,4,npc_6,76.62,-52.472,230.1,0.574,48.36,Normal
4,4,npc_7,69.26,-88.67,339.29,0.574,45.98,Normal
4,4,npc_8,74.42,-50.04,90.18,1.149,62.94,Normal
4,4,npc_9,76.86,-85.657,40.64,0.574,51.25,Normal
4,8,npc_0,84.74,7.481,117.25,1.302,70.68,Aggressive
4,8,npc_1,67.28,-11.402,30.11,0.0,42.72,Normal
4,8,npc_10,75.52,7.772,160.79,0.798,53.96,Normal
4,8,npc_11,82.5,7.515,282.34,1.415,72.86,Aggressive
4,8,npc_12,88.17,6.816,66.71,1.835,77.28,Aggressive
4,8,npc_13,76.76,6.426,61.45,0.0,33.09,Conservative
4,8,npc_14,70.09,7.852,209.67,0.798,52.2,Normal
4,8,npc_2,86.01,0.205,83.75,0.0,17.26,Conservative
4,8,npc_3,80.96,8.013,181.98,0.798,55.85,Normal
4,8,npc_4,66.19,6.795,161.26,1.466,68.84,Normal
4,8,npc_5,81.28,4.516,122.48,0.798,54.03,Normal
4,8,npc_6,79.41,7.737,231.6,0.798,55.3,Normal
4,8,npc_7,72.47,8.923,340.02,0.798,52.96,Normal
4,8,npc_8,77.5,8.562,88.89,1.596,73.35,Aggressive
4,8,npc_9,76.26,-1.668,41.83,0.798,43.02,Normal
4,12,npc_0,87.89,8.761,114.94,1.302,71.89,Aggressive
4,12,npc_1,67.79,1.423,30.41,0.0,28.19,Conservative
4,12,npc_10,78.06,7.065,162.13,0.96,59.14,Normal
4,12,npc_11,85.73,8.978,284.52,1.415,74.07,Aggressive
4,12,npc_12,91.0,7.857,63.68,2.049,78.4,Aggressive
4,12,npc_13,79.27,6.967,62.69,0.0,33.96,Conservative
4,12,npc_14,73.05,8.203,210.38,0.96,57.46,Normal
4,12,npc_2,87.08,2.991,86.36,0.0,28.82,Conservative
4,12,npc_3,83.55,7.191,183.95,0.798,56.8,Normal
4,12,npc_4,69.2,8.352,160.92,1.466,69.75,Normal
4,12,npc_5,82.93,4.566,124.45,0.96,59.15,Normal
4,12,npc_6,81.77,6.562,233.4,0.96,60.46,Normal
4,12,npc_7,74.89,6.698,341.06,0.96,58.06,Normal
4,12,npc_8,80.21,7.523,87.23,1.92,74.3,Aggressive
4,12,npc_9,78.42,6.004,43.14,0.96,60.78,Normal
4,16,npc_0,90.49,7.218,112.99,1.267,71.97,Aggressive
4,16,npc_1,70.07,6.306,30.72,0.0,42.81,Normal
4,16,npc_10,80.56,6.939,163.0,0.96,60.02,Normal
4,16,npc_11,88.44,7.538,286.23,1.415,75.12,Aggressive
4,16,npc_12,93.76,7.659,61.4,2.237,79.53,Aggressive
4,16,npc_13,82.02,7.636,63.69,0.0,34.95,Conservative
4,16,npc_14,75.05,5.578,210.64,1.088,61.53,Normal
4,16,npc_2,88.43,3.742,88.13,0.0,32.35,Conservative
4,16,npc_3,86.09,7.061,185.41,0.798,57.76,Normal
4,16,npc_4,71.63,6.77,161.08,1.466,70.51,Aggressive
4,16,npc_5,85.02,5.826,125.8,1.088,65.07,Normal
4,16,npc_6,84.65,8.009,234.7,1.088,64.93,Normal
4,16,npc_7,77.83,8.175,341.6,1.088,62.47,Normal
4,16,npc_8,82.69,6.906,86.14,2.176,75.2,Aggressive
4,16,npc_9,81.14,7.535,44.06,1.088,64.77,Normal
4,20,npc_0,93.43,8.17,110.54,1.088,68.41,Normal
4,20,npc_1,72.0,5.375,30.27,0.0,43.98,Normal
4,20,npc_10,83.03,6.863,164.22,0.96,60.92,Normal
4,20,npc_11,91.14,7.479,288.25,1.415,76.19,Aggressive
4,20,npc_12,96.64,8.004,59.03,2.407,80.75,Aggressive
4,20,npc_13,84.47,6.831,65.2,0.0,35.86,Normal
4,20,npc_14,78.12,8.514,211.27,1.193,65.36,Normal
4,20,npc_2,90.45,5.596,89.91,0.0,38.18,Normal
4,20,npc_3,88.89,7.766,187.13,0.798,58.84,Normal
4,20,npc_4,74.07,6.765,160.92,1.466,71.3,Aggressive
4,20,npc_5,87.95,8.129,127.41,1.193,68.99,Normal
4,20,npc_6,87.31,7.376,236.26,1.193,68.74,Normal
4,20,npc_7,80.34,6.971,342.41,1.193,66.14,Normal
4,20,npc_8,85.52,7.848,84.83,2.385,76.25,Aggressive
4,20,npc_9,83.52,6.63,45.36,1.193,67.99,Normal
4,24,npc_0,87.52,-16.424,109.39,1.088,66.03,Normal
4,24,npc_1,75.31,9.183,30.84,0.0,44.35,Normal
4,24,npc_10,85.9,7.971,164.85,0.96,62.0,Normal
4,24,npc_11,93.57,6.751,289.76,1.415,77.19,Aggressive
4,24,npc_12,99.3,7.38,56.94,2.56,81.91,Aggressive
4,24,npc_13,86.81,6.5,65.95,0.0,36.75,Normal
4,24,npc_14,81.24,8.663,211.37,1.28,68.8,Normal
4,24,npc_2,93.01,7.137,91.33,0.0,39.23,Normal
4,24,npc_3,91.6,7.526,188.39,0.798,59.93,Normal
4,24,npc_4,77.41,9.273,161.26,1.466,72.42,Aggressive
4,24,npc_5,90.89,8.159,128.6,1.28,72.49,Aggressive
4,24,npc_6,90.2,8.038,237.35,1.28,72.21,Aggressive
4,24,npc_7,82.91,7.147,342.71,1.28,69.41,Normal
4,24,npc_8,88.01,6.921,83.95,2.56,77.21,Aggressive
4,24,npc_9,85.69,6.016,45.99,1.28,70.96,Aggressive
4,28,npc_0,89.6,5.789,108.33,1.088,66.85,Normal
4,28,npc_1,77.87,7.118,31.09,0.0,44.91,Normal
4,28,npc_10,88.5,7.223,165.76,0.96,63.01,Normal
4,28,npc_11,96.31,7.622,291.54,1.415,78.35,Aggressive
4,28,npc_12,102.06,7.677,54.54,2.707,83.15,Aggressive
4,28,npc_13,89.41,7.205,66.96,0.0,37.76,Normal
4,28,npc_14,84.44,8.906,211.82,1.353,71.94,Aggressive
4,28,npc_2,95.02,5.576,92.99,0.0,40.06,Normal
4,28,npc_3,94.74,8.721,189.98,0.798,61.23,Normal
4,28,npc_4,80.24,7.869,161.26,1.466,73.41,Aggressive
4,28,npc_5,93.57,7.468,130.08,1.353,75.55,Aggressive
4,28,npc_6,92.88,7.443,238.76,1.353,75.26,Aggressive
4,28,npc_7,85.75,7.887,343.31,1.353,72.43,Aggressive
4,28,npc_8,90.47,6.823,82.81,2.707,78.19,Aggressive
4,28,npc_9,88.19,6.948,46.9,1.353,73.68,Aggressive
4,32,npc_0,92.22,7.274,107.03,1.088,67.91,Normal
4,32,npc_1,76.43,-3.999,31.15,0.0,40.34,Normal
4,32,npc_10,91.23,7.566,167.13,0.96,64.09,Normal
4,32,npc_11,99.51,8.886,293.71,1.415,79.74,Aggressive
4,32,npc_12,105.16,8.625,52.29,2.83,84.58,Aggressive
4,32,npc_13,92.48,8.522,68.69,0.0,39.0,Normal
4,32,npc_14,87.43,8.306,212.72,1.415,74.72,Aggressive
4,32,npc_2,96.89,5.186,94.83,0.0,40.86,Normal
4,32,npc_3,96.96,6.158,191.88,0.798,62.18,Normal
4,32,npc_4,82.47,6.193,161.03,1.466,74.22,Aggressive
4,32,npc_5,95.84,6.281,131.88,1.415,78.15,Aggressive
4,32,npc_6,95.41,7.035,240.49,1.415,77.97,Aggressive
4,32,npc_7,88.6,7.92,344.26,1.415,75.18,Aggressive
4,32,npc_8,92.52,5.697,81.58,2.83,79.02,Aggressive
4,32,npc_9,91.05,7.934,48.42,1.415,76.24,Aggressive
4,36,npc_0,92.42,0.559,105.51,1.088,50.23,Normal
4,36,npc_1,78.2,4.919,31.51,0.0,44.2,Normal
4,36,npc_10,94.06,7.861,168.5,0.96,65.26,Normal
4,36,npc_11,102.5,8.305,296.12,1.466,82.45,Aggressive
4,36,npc_12,107.71,7.082,48.77,2.933,85.83,Aggressive
4,36,npc_13,94.89,6.715,69.94,0.0,40.01,Normal
4,36,npc_14,90.32,8.022,213.71,1.466,77.23,Aggressive
4,36,npc_2,98.84,5.406,96.98,0.0,41.71,Normal
4,36,npc_3,99.29,6.482,194.0,0.798,63.19,Normal
4,36,npc_4,85.21,7.597,160.44,1.466,75.24,Aggressive
4,36,npc_5,98.51,7.436,133.86,1.466,80.67,Aggressive
4,36,npc_6,95.46,0.127,242.28,1.466,59.86,Normal
4,36,npc_7,91.06,6.825,345.47,1.466,77.53,Aggressive
4,36,npc_8,92.29,-0.639,79.94,2.933,61.48,Normal
4,36,npc_9,93.56,6.99,49.61,1.466,78.56,Aggressive
4,40,npc_0,92.31,-0.303,104.11,1.088,49.16,Normal
4,40,npc_1,80.74,7.053,31.93,0.0,44.94,Normal
4,40,npc_10,96.53,6.858,170.23,0.96,66.31,Normal
4,40,npc_11,105.11,7.244,298.88,1.508,84.55,Aggressive
4,40,npc_12,107.67,-0.115,45.29,3.017,66.93,Normal
4,40,npc_13,98.17,9.094,71.69,0.0,41.42,Normal
4,40,npc_14,93.2,8.007,215.06,1.508,79.3,Aggressive
4,40,npc_2,100.97,5.928,99.47,0.0,42.66,Normal
4,40,npc_3,101.68,6.655,196.42,0.798,64.26,Normal
4,40,npc_4,87.82,7.256,159.61,1.508,77.14,Aggressive
4,40,npc_5,100.69,6.056,136.2,1.508,82.53,Aggressive
4,40,npc_6,95.4,-0.172,244.1,1.508,60.91,Normal
4,40,npc_7,94.02,8.238,347.02,1.508,79.65,Aggressive
4,40,npc_8,92.5,0.588,78.41,3.017,61.37,Normal
4,40,npc_9,96.35,7.742,51.3,1.508,80.63,Aggressive
4,44,npc_0,92.28,-0.105,102.64,1.088,48.35,Normal
4,44,npc_1,83.08,6.516,31.6,0.0,46.17,Normal
4,44,npc_10,99.8,9.082,172.38,0.96,67.73,Normal
4,44,npc_11,107.82,7.542,301.98,1.542,85.83,Aggressive
4,44,npc_12,107.77,0.281,42.12,3.084,68.92,Normal
4,44,npc_13,100.92,7.649,73.99,0.0,42.63,Normal
4,44,npc_14,96.23,8.41,216.83,1.542,80.58,Aggressive
4,44,npc_2,103.41,6.778,102.06,0.0,43.76,Normal
4,44,npc_3,102.15,1.298,198.97,0.798,49.67,Normal
4,44,npc_4,89.54,4.777,158.5,1.542,76.92,Aggressive
4,44,npc_5,103.91,8.929,138.8,1.542,83.99,Aggressive
4,44,npc_6,95.49,0.262,245.92,1.542,61.31,Normal
4,44,npc_7,96.76,7.594,348.87,1.542,80.8,Aggressive
4,44,npc_8,92.39,-0.308,76.95,3.084,60.2,Normal
4,44,npc_9,99.36,8.374,53.43,1.542,81.94,Aggressive
4,48,npc_0,92.25,-0.075,101.98,1.088,48.22,Normal
4,48,npc_1,85.84,7.666,31.78,0.0,47.0,Normal
4,48,npc_10,102.4,7.244,174.05,0.96,68.9,Normal
4,48,npc_11,107.9,0.221,304.35,1.568,66.76,Normal
4,48,npc_12,107.57,-0.568,39.76,3.135,71.34,Aggressive
4,48,npc_13,103.19,6.302,75.76,0.0,43.66,Normal
4,48,npc_14,98.43,6.113,218.08,1.568,81.53,Aggressive
4,48,npc_2,105.9,6.915,104.13,0.0,44.92,Normal
4,48,npc_3,101.61,-1.514,200.68,0.798,50.29,Normal
4,48,npc_4,89.51,-0.068,158.15,1.568,58.08,Normal
4,48,npc_5,106.74,7.859,140.94,1.568,85.32,Aggressive
4,48,npc_6,95.33,-0.454,246.92,1.568,62.01,Normal
4,48,npc_7,98.75,5.522,350.16,1.568,81.67,Aggressive
4,48,npc_8,92.15,-0.672,76.29,3.135,61.56,Normal
4,48,npc_9,101.97,7.231,55.03,1.568,83.11,Aggressive
4,52,npc_0,92.39,0.402,102.12,1.088,49.59,Normal
4,52,npc_1,88.56,7.547,32.44,0.0,47.3,Normal
4,52,npc_10,104.01,4.465,175.14,0.96,67.5,Normal
4,52,npc_11,107.73,-0.491,305.93,1.586,67.75,Normal
4,52,npc_12,107.74,0.485,38.19,3.171,72.2,Aggressive
4,52,npc_13,105.99,7.781,77.03,0.0,44.96,Normal
4,52,npc_14,99.96,4.234,218.76,1.586,79.14,Aggressive
4,52,npc_2,107.73,5.096,105.65,0.0,45.79,Normal
4,52,npc_3,101.58,-0.076,201.54,0.798,44.52,Normal
4,52,npc_4,89.44,-0.213,158.61,1.586,58.63,Normal
4,52,npc_5,107.86,3.109,142.51,1.586,78.29,Aggressive
4,52,npc_6,95.27,-0.149,247.12,1.586,60.77,Normal
4,52,npc_7,101.02,6.327,350.92,1.586,82.68,Aggressive
4,52,npc_8,92.54,1.092,76.42,3.171,63.4,Normal
4,52,npc_9,104.77,7.789,56.15,1.586,84.39,Aggressive
4,56,npc_0,92.33,-0.183,103.06,1.088,48.68,Normal
4,56,npc_1,90.72,5.99,33.62,0.0,46.87,Normal
4,56,npc_10,103.62,-1.074,175.48,0.96,53.76,Normal
4,56,npc_11,107.58,-0.414,306.7,1.596,67.37,Normal
4,56,npc_12,107.68,-0.178,37.41,3.193,71.55,Aggressive
4,56,npc_13,106.64,1.803,77.69,0.0,32.49,Conservative
4,56,npc_14,99.65,-0.846,218.65,1.596,65.45,Normal
4,56,npc_2,107.99,0.723,106.43,0.0,28.81,Conservative
4,56,npc_3,100.79,-2.198,201.55,0.798,52.65,Normal
4,56,npc_4,89.49,0.147,159.86,1.596,58.38,Normal
4,56,npc_5,107.62,-0.644,143.27,1.596,68.32,Normal
4,56,npc_6,95.54,0.748,246.52,1.596,63.28,Normal
4,56,npc_7,101.28,0.72,350.95,1.596,65.68,Normal
4,56,npc_8,92.24,-0.836,77.37,3.193,62.25,Normal
4,56,npc_9,106.96,6.09,56.75,1.596,85.43,Aggressive
4,60,npc_0,92.44,0.304,104.0,1.088,49.21,Normal
4,60,npc_1,93.51,7.766,34.53,0.0,47.09,Normal
4,60,npc_10,103.45,-0.496,175.77,0.96,51.36,Normal
4,60,npc_11,107.65,0.21,307.47,1.6,66.59,Normal
4,60,npc_12,107.71,0.079,36.64,3.2,71.81,Aggressive
4,60,npc_13,106.93,0.802,78.37,0.0,28.62,Conservative
4,60,npc_14,99.65,0.008,218.54,1.6,62.1,Normal
4,60,npc_2,107.79,-0.57,107.19,0.0,28.1,Conservative
4,60,npc_3,100.8,0.032,201.54,0.798,43.99,Normal
4,60,npc_4,89.74,0.685,161.1,1.6,60.63,Normal
4,60,npc_5,107.93,0.847,144.05,1.6,69.27,Normal
4,60,npc_6,95.27,-0.751,245.92,1.6,63.17,Normal
4,60,npc_7,101.15,-0.361,350.99,1.6,64.18,Normal
4,60,npc_8,92.44,0.567,78.3,3.2,61.26,Normal
4,60,npc_9,107.02,0.154,57.43,1.6,66.07,Normal
4,64,npc_0,92.41,-0.082,105.73,1.088,48.31,Normal
4,64,npc_1,96.35,7.883,35.92,0.0,46.97,Normal
4,64,npc_10,103.62,0.482,175.25,0.96,51.39,Normal
4,64,npc_11,107.84,0.513,307.43,1.596,67.89,Normal
4,64,npc_12,107.84,0.361,36.66,3.193,72.98,Aggressive
4,64,npc_13,106.75,-0.49,78.24,0.0,27.28,Conservative
4,64,npc_14,99.66,0.026,217.64,1.596,62.18,Normal
4,64,npc_2,107.64,-0.4,107.17,0.0,27.35,Conservative
4,64,npc_3,100.06,-2.054,200.7,1.006,57.3,Normal
4,64,npc_4,89.48,-0.705,163.15,1.596,60.61,Normal
4,64,npc_5,107.55,-1.05,144.02,1.596,69.9,Normal
4,64,npc_6,95.56,0.785,244.53,1.596,63.43,Normal
4,64,npc_7,101.05,-0.282,350.22,1.596,63.82,Normal
4,64,npc_8,92.24,-0.57,80.04,3.193,61.19,Normal
4,64,npc_9,106.86,-0.455,57.3,1.596,67.2,Normal
4,68,npc_0,92.25,-0.434,107.43,1.088,49.66,Normal
4,68,npc_1,98.5,5.981,36.64,0.0,47.27,Normal
4,68,npc_10,102.99,-1.749,174.79,0.96,56.17,Normal
4,68,npc_11,107.77,-0.197,307.42,1.586,66.59,Normal
4,68,npc_12,107.7,-0.374,37.1,3.171,72.6,Aggressive
4,68,npc_13,106.7,-0.135,78.31,0.0,25.84,Conservative
4,68,npc_14,99.92,0.711,216.81,1.586,65.03,Normal
4,68,npc_2,107.65,0.008,106.99,0.0,25.78,Conservative
4,68,npc_3,99.94,-0.338,199.81,1.168,54.71,Normal
4,68,npc_4,89.47,-0.043,165.17,1.586,57.96,Normal
4,68,npc_5,107.67,0.32,143.96,1.586,67.04,Normal
4,68,npc_6,95.3,-0.698,243.1,1.586,62.98,Normal
4,68,npc_7,100.86,-0.537,349.43,1.586,64.75,Normal
4,68,npc_8,92.34,0.297,81.85,3.171,60.14,Normal
4,68,npc_9,106.94,0.231,57.27,1.586,66.34,Normal
4,72,npc_0,92.23,-0.075,109.18,1.088,48.21,Normal
4,72,npc_1,101.54,8.432,37.48,0.0,47.93,Normal
4,72,npc_10,103.18,0.528,174.24,0.96,51.37,Normal
4,72,npc_11,107.75,-0.042,307.39,1.568,65.97,Normal
4,72,npc_12,107.86,0.431,37.12,3.135,72.89,Aggressive
4,72,npc_13,106.93,0.617,78.19,0.0,27.88,Conservative
4,72,npc_14,99.95,0.084,215.91,1.568,62.54,Normal
4,72,npc_2,107.67,0.076,106.95,0.0,26.07,Conservative
4,72,npc_3,100.03,0.26,198.91,1.302,58.0,Normal
4,72,npc_4,89.44,-0.074,167.22,1.568,58.07,Normal
4,72,npc_5,107.56,-0.302,143.92,1.568,66.92,Normal
4,72,npc_6,95.61,0.853,241.71,1.568,63.73,Normal
4,72,npc_7,101.18,0.889,348.65,1.568,66.31,Normal
4,72,npc_8,92.27,-0.196,83.6,3.135,59.7,Normal
4,72,npc_9,107.05,0.304,57.14,1.568,66.68,Normal
4,76,npc_0,92.32,0.275,110.97,1.088,49.05,Normal
4,76,npc_1,104.12,7.164,38.43,0.0,48.37,Normal
4,76,npc_10,102.55,-1.746,173.57,0.96,55.96,Normal
4,76,npc_11,107.89,0.389,307.36,1.542,67.42,Normal
4,76,npc_12,107.99,0.378,36.71,3.084,73.08,Aggressive
4,76,npc_13,106.99,0.17,77.87,0.0,26.12,Conservative
4,76,npc_14,99.84,-0.292,214.93,1.542,63.32,Normal
4,76,npc_2,107.95,0.761,107.08,0.0,28.94,Conservative
4,76,npc_3,99.65,-1.069,197.99,1.415,64.08,Normal
4,76,npc_4,89.43,-0.031,169.31,1.542,57.9,Normal
4,76,npc_5,107.84,0.787,143.94,1.542,68.99,Normal
4,76,npc_6,95.27,-0.955,240.34,1.542,63.99,Normal
4,76,npc_7,100.87,-0.871,347.88,1.542,66.09,Normal
4,76,npc_8,92.49,0.616,85.27,3.084,61.48,Normal
4,76,npc_9,106.77,-0.769,56.93,1.542,68.41,Normal
4,80,npc_0,92.4,0.207,112.7,1.088,48.81,Normal
4,80,npc_1,106.88,7.67,38.67,0.0,49.5,Normal
4,80,npc_10,102.63,0.226,172.99,0.96,49.91,Normal
4,80,npc_11,107.89,0.008,307.34,1.508,65.9,Normal
4,80,npc_12,107.68,-0.869,36.72,3.017,74.88,Aggressive
4,80,npc_13,106.89,-0.262,77.75,0.0,26.44,Conservative
4,80,npc_14,99.65,-0.545,214.02,1.508,64.24,Normal
4,80,npc_2,107.62,-0.92,107.06,0.0,29.42,Conservative
4,80,npc_3,99.7,0.15,197.08,1.512,62.69,Normal
4,80,npc_4,89.39,-0.117,171.37,1.508,58.22,Normal
4,80,npc_5,107.56,-0.785,143.91,1.508,68.85,Normal
4,80,npc_6,95.51,0.674,238.95,1.508,62.97,Normal
4,80,npc_7,100.94,0.214,347.11,1.508,63.5,Normal
4,80,npc_8,92.32,-0.496,87.01,3.017,60.92,Normal
4,80,npc_9,106.65,-0.347,56.81,1.508,66.66,Normal
4,84,npc_0,92.2,-0.565,114.45,1.088,50.16,Normal
4,84,npc_1,107.82,2.606,38.69,0.0,40.35,Normal
4,84,npc_10,102.12,-1.435,172.37,0.96,54.51,Normal
4,84,npc_11,107.7,-0.53,307.32,1.466,67.0,Normal
4,84,npc_12,107.81,0.358,36.76,2.933,72.88,Aggressive
4,84,npc_13,106.92,0.07,77.63,0.0,25.69,Conservative
4,84,npc_14,99.72,0.202,213.11,1.466,62.01,Normal
4,84,npc_2,107.57,-0.136,107.01,0.0,26.26,Conservative
4,84,npc_3,99.76,0.159,196.17,1.596,62.75,Normal
4,84,npc_4,89.47,0.228,173.41,1.466,57.8,Normal
4,84,npc_5,107.84,0.785,143.89,1.466,68.09,Normal
4,84,npc_6,95.63,0.337,237.56,1.466,60.78,Normal
4,84,npc_7,101.08,0.388,346.35,1.466,63.36,Normal
4,84,npc_8,92.43,0.311,88.76,2.933,60.23,Normal
4,84,npc_9,106.91,0.74,56.69,1.466,67.47,Normal
4,88,npc_0,92.49,0.826,116.32,1.088,51.32,Normal
4,88,npc_1,107.79,-0.065,39.37,0.0,29.7,Conservative
4,88,npc_10,102.17,0.161,171.7,0.96,49.44,Normal
4,88,npc_11,107.73,0.09,307.3,1.415,63.89,Normal
4,88,npc_12,103.01,-13.349,36.9,2.83,89.07,Aggressive
4,88,npc_13,106.67,-0.687,77.44,0.0,28.04,Conservative
4,88,npc_14,99.99,0.76,212.18,1.415,62.99,Normal
4,88,npc_2,107.95,1.051,107.23,0.0,30.1,Conservative
4,88,npc_3,99.71,-0.131,195.28,1.67,62.62,Normal
4,88,npc_4,89.68,0.581,175.54,1.415,57.93,Normal
4,88,npc_5,107.78,-0.169,143.97,1.415,64.23,Normal
4,88,npc_6,95.37,-0.729,236.21,1.415,60.86,Normal
4,88,npc_7,101.21,0.362,345.63,1.415,61.95,Normal
4,88,npc_8,92.23,-0.545,90.56,2.83,61.08,Normal
4,88,npc_9,106.94,0.06,56.66,1.415,63.39,Normal
4,92,npc_0,92.45,-0.13,118.05,1.088,48.52,Normal
4,92,npc_1,107.91,0.331,39.4,0.0,30.8,Conservative
4,92,npc_10,101.87,-0.837,171.06,0.96,52.01,Normal
4,92,npc_11,107.65,-0.227,307.27,1.353,62.75,Normal
4,92,npc_12,103.09,0.224,37.48,2.707,69.53,Normal
4,92,npc_13,106.9,0.627,77.31,0.0,27.9,Conservative
4,92,npc_14,100.07,0.203,211.28,1.353,59.16,Normal
4,92,npc_2,107.73,-0.606,107.2,0.0,28.22,Conservative
4,92,npc_3,99.7,-0.019,194.38,1.733,62.17,Normal
4,92,npc_4,89.37,-0.863,177.6,1.353,57.29,Normal
4,92,npc_5,107.37,-1.15,143.93,1.353,66.31,Normal
4,92,npc_6,95.6,0.65,234.82,1.353,59.0,Normal
4,92,npc_7,101.16,-0.149,344.86,1.353,59.43,Normal
4,92,npc_8,92.47,0.665,92.28,2.707,61.66,Normal
4,92,npc_9,106.68,-0.707,56.52,1.353,64.21,Normal
4,96,npc_0,92.42,-0.084,118.99,1.088,48.32,Normal
4,96,npc_1,107.75,-0.444,38.65,0.0,31.7,Conservative
4,96,npc_10,101.82,-0.153,171.2,0.96,49.25,Normal
4,96,npc_11,107.96,0.846,308.03,1.28,63.42,Normal
4,96,npc_12,98.03,-14.032,37.51,2.56,86.35,Aggressive
4,96,npc_13,106.98,0.239,77.99,0.0,26.39,Conservative
4,96,npc_14,100.09,0.073,211.18,1.28,56.69,Normal
4,96,npc_2,107.07,-1.835,107.93,0.0,32.81,Conservative
4,96,npc_3,99.85,0.415,194.28,1.788,63.82,Normal
4,96,npc_4,89.71,0.948,178.85,1.28,55.81,Normal
4,96,npc_5,107.23,-0.379,144.65,1.28,61.2,Normal
4,96,npc_6,95.63,0.08,234.24,1.28,54.78,Normal
4,96,npc_7,101.12,-0.112,344.89,1.28,57.3,Normal
4,96,npc_8,92.4,-0.205,93.22,2.56,59.79,Normal
4,96,npc_9,106.8,0.338,57.2,1.28,60.83,Normal
4,100,npc_0,92.27,-0.397,119.79,1.088,49.52,Normal
4,100,npc_1,107.88,0.352,37.22,0.0,32.5,Conservative
4,100,npc_10,101.98,0.45,171.39,0.96,50.51,Normal
4,100,npc_11,107.91,-0.124,308.79,1.193,58.18,Normal
4,100,npc_12,99.35,3.646,37.94,2.385,81.17,Aggressive
4,100,npc_13,106.86,-0.351,78.73,0.0,26.78,Conservative
4,100,npc_14,100.04,-0.155,211.12,1.193,54.66,Normal
4,100,npc_2,106.94,-0.36,108.41,0.0,26.85,Conservative
4,100,npc_3,99.88,0.074,194.16,1.835,62.47,Normal
4,100,npc_4,89.36,-0.962,180.02,1.193,53.39,Normal
4,100,npc_5,106.81,-1.155,145.22,1.193,61.78,Normal
4,100,npc_6,95.37,-0.742,233.58,1.193,54.98,Normal
4,100,npc_7,101.11,-0.027,344.88,1.193,54.63,Normal
4,100,npc_8,92.21,-0.514,94.1,2.385,60.95,Normal
4,100,npc_9,107.0,0.553,57.79,1.193,59.46,Normal
4,104,npc_0,92.14,-0.37,121.54,1.088,49.36,Normal
4,104,npc_1,107.99,0.314,37.24,0.0,32.38,Conservative
4,104,npc_10,101.63,-0.977,170.71,0.96,52.46,Normal
4,104,npc_11,107.68,-0.644,308.77,1.088,57.35,Normal
4,104,npc_12,102.06,7.526,38.71,2.176,87.22,Aggressive
4,104,npc_13,106.74,-0.323,78.6,0.0,26.61,Conservative
4,104,npc_14,100.05,0.04,210.22,1.088,51.41,Normal
4,104,npc_2,106.61,-0.914,108.29,0.0,28.91,Conservative
4,104,npc_3,99.8,-0.21,193.27,1.875,62.98,Normal
4,104,npc_4,89.6,0.654,182.08,1.088,49.46,Normal
4,104,npc_5,106.31,-1.407,145.06,1.088,59.75,Normal
4,104,npc_6,95.67,0.842,232.19,1.088,52.71,Normal
4,104,npc_7,100.9,-0.594,344.11,1.088,54.01,Normal
4,104,npc_8,92.52,0.869,95.85,2.176,62.5,Normal
4,104,npc_9,106.7,-0.842,57.66,1.088,57.67,Normal
4,108,npc_0,92.38,0.675,122.48,1.088,50.67,Normal
4,108,npc_1,107.85,-0.412,36.48,0.0,33.34,Conservative
4,108,npc_10,101.69,0.17,170.83,0.96,49.26,Normal
4,108,npc_11,107.83,0.422,309.55,0.96,53.13,Normal
4,108,npc_12,105.06,8.336,38.37,1.92,88.86,Aggressive
4,108,npc_13,106.95,0.585,79.28,0.0,27.76,Conservative
4,108,npc_14,99.8,-0.715,210.11,0.96,50.59,Normal
4,108,npc_2,106.06,-1.519,108.91,0.0,31.07,Conservative
4,108,npc_3,99.76,-0.121,193.17,1.908,62.6,Normal
4,108,npc_4,89.51,-0.235,183.33,0.96,44.35,Normal
4,108,npc_5,106.03,-0.767,145.66,0.96,53.65,Normal
4,108,npc_6,95.43,-0.652,231.61,0.96,48.45,Normal
4,108,npc_7,101.12,0.616,344.14,0.96,50.79,Normal
4,108,npc_8,92.4,-0.359,96.79,1.92,60.41,Normal
4,108,npc_9,106.97,0.757,58.34,0.96,54.06,Normal
4,112,npc_0,92.14,-0.671,124.23,1.088,50.56,Normal
4,112,npc_1,107.68,-0.452,36.5,0.0,33.4,Conservative
4,112,npc_10,101.86,0.486,170.13,0.96,50.6,Normal
4,112,npc_11,107.67,-0.442,309.52,0.798,48.82,Normal
4,112,npc_12,107.8,7.616,38.48,1.596,90.07,Aggressive
4,112,npc_13,106.76,-0.543,79.16,0.0,27.5,Conservative
4,112,npc_14,100.01,0.584,209.22,0.798,45.85,Normal
4,112,npc_2,107.17,3.074,108.73,0.0,37.82,Normal
4,112,npc_3,100.05,0.804,192.27,1.935,65.46,Normal
4,112,npc_4,89.53,0.048,185.37,0.798,39.29,Normal
4,112,npc_5,104.12,-5.309,145.33,0.96,69.69,Normal
4,112,npc_6,95.47,0.113,230.29,0.96,46.31,Normal
4,112,npc_7,101.21,0.269,343.38,0.798,45.13,Normal
4,112,npc_8,92.41,0.029,98.54,1.596,59.09,Normal
4,112,npc_9,106.96,-0.043,58.22,0.798,46.88,Normal
4,116,npc_0,92.47,0.917,125.17,1.088,51.68,Normal
4,116,npc_1,107.55,-0.363,35.74,0.0,33.67,Conservative
4,116,npc_10,101.44,-1.17,170.22,0.96,53.15,Normal
4,116,npc_11,107.95,0.768,310.3,0.574,44.29,Normal
4,116,npc_12,107.92,0.348,37.7,1.149,62.76,Normal
4,116,npc_13,106.98,0.629,79.83,0.0,27.95,Conservative
4,116,npc_14,99.91,-0.268,209.12,0.574,38.57,Normal
4,116,npc_2,107.89,2.008,109.51,0.0,33.9,Conservative
4,116,npc_3,100.05,-0.014,192.18,1.955,62.3,Normal
4,116,npc_4,89.3,-0.627,186.62,0.574,35.55,Normal
4,116,npc_5,101.93,-6.076,145.46,0.96,68.69,Normal
4,116,npc_6,95.39,-0.223,229.69,0.96,46.72,Normal
4,116,npc_7,101.16,-0.161,343.41,0.574,38.7,Normal
4,116,npc_8,92.1,-0.858,99.49,1.149,52.92,Normal
4,116,npc_9,106.71,-0.693,58.89,0.574,43.39,Normal
4,120,npc_0,92.54,0.181,126.91,1.088,48.76,Normal
4,120,npc_1,107.99,1.21,35.75,0.0,37.25,Normal
4,120,npc_10,101.61,0.464,169.5,0.96,50.4,Normal
4,120,npc_11,107.62,-0.91,310.28,0.0,29.38,Conservative
4,120,npc_12,107.6,-0.904,37.73,0.0,34.16,Conservative
4,120,npc_13,106.91,-0.192,79.7,0.0,26.17,Conservative
4,120,npc_14,99.79,-0.322,208.22,0.0,23.42,Conservative
4,120,npc_2,107.64,-0.696,109.47,0.0,28.53,Conservative
4,120,npc_3,100.01,-0.096,191.28,1.97,62.61,Normal
4,120,npc_4,89.73,1.189,188.67,0.0,22.65,Conservative
4,120,npc_5,101.33,-1.672,144.75,0.96,55.1,Normal
4,120,npc_6,95.35,-0.109,228.29,0.96,46.24,Normal
4,120,npc_7,101.11,-0.138,342.64,0.0,23.27,Conservative
4,120,npc_8,92.52,1.174,101.22,0.0,23.72,Conservative
4,120,npc_9,106.79,0.237,58.76,0.0,26.29,Conservative
4,124,npc_0,92.32,-0.606,128.64,0.96,46.96,Normal
4,124,npc_1,107.82,-0.475,35.77,0.0,34.21,Conservative
4,124,npc_10,101.6,-0.023,168.76,0.798,44.32,Normal
4,124,npc_11,107.55,-0.201,310.24,0.0,26.51,Conservative
4,124,npc_12,107.88,0.781,37.74,0.0,33.8,Conservative
4,124,npc_13,107.03,0.338,79.59,0.0,26.81,Conservative
4,124,npc_14,99.73,-0.168,207.31,0.0,22.78,Conservative
4,124,npc_2,107.77,0.365,109.44,0.0,27.27,Conservative
4,124,npc_3,100.04,0.08,190.37,1.801,62.56,Normal
4,124,npc_4,89.61,-0.333,190.8,0.574,34.5,Conservative
4,124,npc_5,101.05,-0.772,144.02,1.088,54.79,Normal
4,124,npc_6,95.28,-0.195,226.89,1.088,49.96,Normal
4,124,npc_7,100.94,-0.471,341.88,0.0,24.53,Conservative
4,124,npc_8,92.16,-1.005,102.97,0.0,22.89,Conservative
4,124,npc_9,106.97,0.498,58.64,0.0,27.42,Conservative
4,128,npc_0,92.39,0.208,130.35,0.798,41.09,Normal
4,128,npc_1,107.62,-0.557,35.38,0.0,34.81,Conservative
4,128,npc_10,101.03,-1.58,168.1,0.574,44.32,Normal
4,128,npc_11,107.72,0.477,310.24,0.0,27.7,Conservative
4,128,npc_12,107.86,-0.053,38.16,0.0,30.55,Conservative
4,128,npc_13,106.65,-1.072,79.64,0.0,29.56,Conservative
4,128,npc_14,99.79,0.15,206.48,0.0,22.73,Conservative
4,128,npc_2,107.96,0.535,109.27,0.0,28.04,Conservative
4,128,npc_3,99.75,-0.812,189.49,1.586,65.36,Normal
4,128,npc_4,89.59,-0.057,192.78,0.798,39.35,Normal
4,128,npc_5,101.33,0.774,143.34,1.193,57.72,Normal
4,128,npc_6,95.54,0.718,225.43,1.193,54.96,Normal
4,128,npc_7,100.89,-0.123,341.1,0.574,38.43,Normal
4,128,npc_8,92.41,0.711,104.75,0.0,21.82,Conservative
4,128,npc_9,106.72,-0.704,58.6,0.0,28.12,Conservative
4,132,npc_0,92.21,-0.514,132.13,0.574,36.27,Normal
4,132,npc_1,103.05,-12.696,35.51,0.0,50.31,Normal
4,132,npc_10,101.38,0.974,167.5,0.0,26.74,Conservative
4,132,npc_11,107.71,-0.021,310.26,0.0,25.87,Conservative
4,132,npc_12,107.63,-0.636,38.85,0.0,32.26,Conservative
4,132,npc_13,106.83,0.505,79.82,0.0,27.38,Conservative
4,132,npc_14,99.75,-0.099,205.71,0.0,22.51,Conservative
4,132,npc_2,107.63,-0.922,109.19,0.0,29.43,Conservative
4,132,npc_3,100.03,0.789,188.68,1.568,65.39,Normal
4,132,npc_4,89.52,-0.205,194.8,0.96,44.23,Normal
4,132,npc_5,100.97,-1.008,142.7,1.28,60.82,Normal
4,132,npc_6,95.52,-0.074,224.02,1.28,54.7,Normal
4,132,npc_7,100.99,0.265,340.32,0.798,45.01,Normal
4,132,npc_8,92.14,-0.75,106.65,0.0,21.87,Conservative
4,132,npc_9,106.61,-0.309,58.71,0.0,26.49,Conservative
4,136,npc_0,92.21,-0.008,133.85,0.0,18.92,Conservative
4,136,npc_1,103.32,0.753,36.26,0.0,32.78,Conservative
4,136,npc_10,100.97,-1.143,166.58,0.0,27.23,Conservative
4,136,npc_11,107.98,0.728,310.19,0.0,28.82,Conservative
4,136,npc_12,107.72,0.24,38.22,0.0,31.19,Conservative
4,136,npc_13,106.73,-0.272,79.38,0.0,26.4,Conservative
4,136,npc_14,100.03,0.783,204.69,0.0,25.37,Conservative
4,136,npc_2,107.9,0.735,109.23,0.0,28.81,Conservative
4,136,npc_3,99.74,-0.803,187.69,1.542,65.32,Normal
4,136,npc_4,89.31,-0.573,196.88,1.088,49.02,Normal
4,136,npc_5,101.2,0.653,141.85,1.353,61.46,Normal
4,136,npc_6,95.58,0.179,222.65,1.353,57.11,Normal
4,136,npc_7,101.1,0.312,339.57,0.96,49.56,Normal
4,136,npc_8,92.11,-0.086,108.26,0.0,19.2,Conservative
4,136,npc_9,106.97,1.004,58.33,0.0,29.44,Conservative
4,140,npc_0,92.43,0.621,135.59,0.0,21.47,Conservative
4,140,npc_1,105.96,7.354,36.6,0.0,50.69,Normal
4,140,npc_10,101.21,0.653,165.81,0.0,25.38,Conservative
4,140,npc_11,107.96,-0.036,310.17,0.0,26.05,Conservative
4,140,npc_12,107.85,0.358,38.24,0.0,31.7,Conservative
4,140,npc_13,106.82,0.233,79.24,0.0,26.29,Conservative
4,140,npc_14,99.82,-0.599,203.79,0.0,24.54,Conservative
4,140,npc_2,107.63,-0.73,109.2,0.0,28.67,Conservative
4,140,npc_3,100.01,0.742,186.8,1.508,65.19,Normal
4,140,npc_4,89.69,1.039,198.93,1.193,53.83,Normal
4,140,npc_5,101.38,0.489,141.09,1.415,62.53,Normal
4,140,npc_6,95.35,-0.655,221.25,1.415,60.56,Normal
4,140,npc_7,101.24,0.388,338.81,1.088,53.34,Normal
4,140,npc_8,92.44,0.92,109.99,0.0,22.67,Conservative
4,140,npc_9,106.78,-0.512,58.19,0.0,27.39,Conservative
4,144,npc_0,92.27,-0.45,137.37,0.0,20.72,Conservative
4,144,npc_1,107.55,4.414,37.1,0.0,48.68,Normal
4,144,npc_10,101.06,-0.421,164.95,0.0,24.38,Conservative
4,144,npc_11,107.57,-1.101,310.12,0.0,30.12,Conservative
4,144,npc_12,107.65,-0.539,37.87,0.0,32.62,Conservative
4,144,npc_13,106.99,0.49,78.92,0.0,27.4,Conservative
4,144,npc_14,100.0,0.503,202.82,0.0,24.24,Conservative
4,144,npc_2,107.75,0.321,109.31,0.0,27.08,Conservative
4,144,npc_3,99.73,-0.765,185.87,1.466,64.27,Normal
4,144,npc_4,89.71,0.072,201.06,1.28,52.3,Normal
4,144,npc_5,101.11,-0.752,140.3,1.466,64.83,Normal
4,144,npc_6,95.5,0.42,219.92,1.466,61.05,Normal
4,144,npc_7,101.23,-0.039,338.09,1.193,54.73,Normal
4,144,npc_8,92.34,-0.295,111.68,0.0,20.13,Conservative
4,144,npc_9,106.82,0.097,57.97,0.0,25.75,Conservative
4,148,npc_0,92.54,0.755,139.21,0.0,22.05,Conservative
4,148,npc_1,107.83,0.754,37.81,0.0,33.61,Conservative
4,148,npc_10,101.1,0.124,164.14,0.0,23.21,Conservative
4,148,npc_11,107.71,0.39,310.12,0.0,27.34,Conservative
4,148,npc_12,103.1,-12.657,38.03,0.0,48.2,Normal
4,148,npc_13,106.64,-0.986,78.72,0.0,29.22,Conservative
4,148,npc_14,99.84,-0.439,201.88,0.0,23.91,Conservative
4,148,npc_2,107.58,-0.472,109.52,0.0,27.61,Conservative
4,148,npc_3,99.82,0.233,184.99,1.415,60.81,Normal
4,148,npc_4,89.43,-0.79,203.23,1.353,57.02,Normal
4,148,npc_5,101.17,0.178,139.58,1.508,63.46,Normal
4,148,npc_6,95.3,-0.552,218.65,1.508,62.39,Normal
4,148,npc_7,100.86,-1.007,337.4,1.28,60.77,Normal
4,148,npc_8,92.4,0.168,113.46,0.0,19.64,Conservative
4,148,npc_9,107.0,0.501,57.94,0.0,27.45,Conservative
4,152,npc_0,92.51,-0.074,140.94,0.0,19.32,Conservative
4,152,npc_1,107.86,0.1,37.83,0.0,30.99,Conservative
4,152,npc_10,100.68,-1.169,163.35,0.0,27.2,Conservative
4,152,npc_11,107.77,0.176,310.09,0.0,26.51,Conservative
4,152,npc_12,103.22,0.334,38.57,0.0,29.19,Conservative
4,152,npc_13,106.79,0.422,78.59,0.0,27.03,Conservative
4,152,npc_14,99.7,-0.396,200.98,0.0,23.67,Conservative
4,152,npc_2,107.74,0.432,109.48,0.0,27.52,Conservative
4,152,npc_3,99.69,-0.351,184.09,1.353,59.58,Normal
4,152,npc_4,89.53,0.284,205.28,1.415,56.68,Normal
4,152,npc_5,100.75,-1.174,138.81,1.542,67.25,Normal
4,152,npc_6,95.49,0.529,217.25,1.542,62.38,Normal
4,152,npc_7,101.22,0.992,336.63,1.353,62.83,Normal
4,152,npc_8,92.25,-0.397,115.2,0.0,20.5,Conservative
4,152,npc_9,106.72,-0.765,57.8,0.0,28.37,Conservative
4,156,npc_0,92.24,-0.747,141.88,0.0,21.9,Conservative
4,156,npc_1,107.92,0.151,37.08,0.0,31.82,Conservative
4,156,npc_10,101.06,1.057,163.36,0.0,26.92,Conservative
4,156,npc_11,107.75,-0.057,310.87,0.0,26.03,Conservative
4,156,npc_12,98.5,-13.099,38.56,0.0,45.75,Normal
4,156,npc_13,106.68,-0.308,79.26,0.0,26.52,Conservative
4,156,npc_14,99.97,0.761,200.88,0.0,25.25,Conservative
4,156,npc_2,107.88,0.394,110.26,0.0,27.44,Conservative
4,156,npc_3,99.92,0.638,183.99,1.28,58.87,Normal
4,156,npc_4,89.5,-0.091,206.53,1.466,57.27,Normal
4,156,npc_5,100.94,0.527,138.82,1.568,64.75,Normal
4,156,npc_6,95.31,-0.498,216.65,1.568,62.18,Normal
4,156,npc_7,101.09,-0.365,336.66,1.415,61.9,Normal
4,156,npc_8,92.12,-0.385,116.14,0.0,20.39,Conservative
4,156,npc_9,106.88,0.425,58.47,0.0,27.08,Conservative
4,160,npc_0,92.12,-0.35,142.03,0.0,20.26,Conservative
4,160,npc_1,107.99,0.212,35.56,0.0,33.43,Conservative
4,160,npc_10,100.65,-1.146,164.17,0.0,27.1,Conservative
4,160,npc_11,107.68,-0.202,312.44,0.0,26.57,Conservative
4,160,npc_12,92.64,-16.275,38.39,0.0,43.38,Normal
4,160,npc_13,106.74,0.168,80.73,0.0,25.99,Conservative
4,160,npc_14,99.94,-0.089,201.58,0.0,22.55,Conservative
4,160,npc_2,107.57,-0.842,111.82,0.0,29.08,Conservative
4,160,npc_3,99.66,-0.712,184.68,1.193,56.72,Normal
4,160,npc_4,89.47,-0.071,206.99,1.508,58.07,Normal
4,160,npc_5,101.35,1.13,139.66,1.586,67.34,Normal
4,160,npc_6,95.37,0.174,216.86,1.586,60.91,Normal
4,160,npc_7,100.93,-0.454,337.49,1.466,63.56,Normal
4,160,npc_8,92.33,0.604,116.29,0.0,21.36,Conservative
4,160,npc_9,107.03,0.425,59.94,0.0,27.15,Conservative
4,164,npc_0,92.11,-0.014,142.98,0.0,18.91,Conservative
4,164,npc_1,107.6,-1.093,34.82,0.0,37.47,Normal
4,164,npc_10,100.92,0.745,164.16,0.0,25.61,Conservative
4,164,npc_11,107.6,-0.228,313.2,0.0,26.64,Conservative
4,164,npc_12,94.19,4.309,39.25,0.0,40.65,Normal
4,164,npc_13,107.04,0.843,81.41,0.0,28.84,Conservative
4,164,npc_14,99.97,0.086,201.48,0.0,22.56,Conservative
4,164,npc_2,107.71,0.371,112.58,0.0,27.26,Conservative
4,164,npc_3,99.9,0.642,184.58,1.088,53.75,Normal
4,164,npc_4,89.73,0.732,208.24,1.542,60.82,Normal
4,164,npc_5,101.05,-0.815,139.66,1.596,65.95,Normal
4,164,npc_6,95.51,0.381,216.26,1.596,61.8,Normal
4,164,npc_7,101.06,0.383,337.52,1.508,64.23,Normal
4,164,npc_8,92.16,-0.48,117.24,0.0,20.79,Conservative
4,164,npc_9,106.74,-0.806,60.61,0.0,28.54,Conservative
4,168,npc_0,92.36,0.692,143.93,0.0,21.72,Conservative
4,168,npc_1,107.65,0.156,34.08,0.0,34.49,Conservative
4,168,npc_10,100.8,-0.313,164.16,0.0,23.83,Conservative
4,168,npc_11,107.94,0.953,313.98,0.0,29.7,Conservative
4,168,npc_12,97.03,7.868,39.78,0.0,44.26,Normal
4,168,npc_13,106.64,-1.131,82.07,0.0,29.79,Conservative
4,168,npc_14,99.65,-0.902,201.37,0.0,25.67,Conservative
4,168,npc_2,107.8,0.249,113.36,0.0,26.82,Conservative
4,168,npc_3,99.99,0.255,184.48,0.96,48.84,Normal
4,168,npc_4,89.57,-0.463,209.49,1.568,59.68,Normal
4,168,npc_5,100.66,-1.084,139.66,1.6,66.85,Normal
4,168,npc_6,95.37,-0.382,215.67,1.6,61.74,Normal
4,168,npc_7,101.29,0.623,337.55,1.542,65.29,Normal
4,168,npc_8,92.12,-0.107,118.19,0.0,19.29,Conservative
4,168,npc_9,106.69,-0.127,61.28,0.0,25.81,Conservative
4,172,npc_0,92.45,0.236,144.87,0.0,19.94,Conservative
4,172,npc_1,107.66,0.022,33.34,0.0,34.73,Conservative
4,172,npc_10,100.44,-1.01,164.14,0.0,26.46,Conservative
4,172,npc_11,107.84,-0.274,314.75,0.0,26.94,Conservative
4,172,npc_12,98.59,4.339,40.07,0.0,42.11,Normal
4,172,npc_13,106.9,0.721,82.74,0.0,28.28,Conservative
4,172,npc_14,99.7,0.143,201.26,0.0,22.66,Conservative
4,172,npc_2,107.75,-0.12,114.14,0.0,26.28,Conservative
4,172,npc_3,99.87,-0.324,184.37,0.798,44.75,Normal
4,172,npc_4,89.67,0.286,210.75,1.586,59.01,Normal
4,172,npc_5,100.63,-0.088,139.67,1.596,62.86,Normal
4,172,npc_6,95.45,0.221,215.07,1.596,61.13,Normal
4,172,npc_7,101.19,-0.281,337.59,1.568,63.88,Normal
4,172,npc_8,92.22,0.273,119.13,0.0,19.99,Conservative
4,172,npc_9,106.77,0.221,61.95,0.0,26.22,Conservative
4,176,npc_0,92.41,-0.11,145.02,0.0,19.42,Conservative
4,176,npc_1,107.59,-0.201,31.84,0.0,37.08,Normal
4,176,npc_10,100.5,0.163,164.91,0.0,23.1,Conservative
4,176,npc_11,107.69,-0.43,316.34,0.0,27.49,Conservative
4,176,npc_12,93.81,-13.262,39.77,0.0,42.9,Normal
4,176,npc_13,106.7,-0.53,84.21,0.0,27.42,Conservative
4,176,npc_14,99.67,-0.085,201.95,0.0,22.41,Conservative
4,176,npc_2,107.67,-0.243,115.71,0.0,26.73,Conservative
4,176,npc_3,99.96,0.244,185.06,0.574,38.5,Normal
4,176,npc_4,89.52,-0.416,211.19,1.596,59.47,Normal
4,176,npc_5,100.39,-0.672,140.46,1.586,65.08,Normal
4,176,npc_6,95.51,0.154,215.27,1.586,60.89,Normal
4,176,npc_7,100.87,-0.87,338.41,1.586,66.09,Normal
4,176,npc_8,92.19,-0.088,119.28,0.0,19.24,Conservative
4,176,npc_9,106.75,-0.071,63.42,0.0,25.6,Conservative
4,180,npc_0,92.37,-0.096,145.96,0.0,19.35,Conservative
4,180,npc_1,107.87,0.765,31.1,0.0,40.35,Normal
4,180,npc_10,100.68,0.508,164.89,0.0,24.56,Conservative
4,180,npc_11,107.72,0.1,317.11,0.0,26.19,Conservative
4,180,npc_12,94.76,2.621,40.56,0.0,33.29,Conservative
4,180,npc_13,107.03,0.912,84.88,0.0,29.11,Conservative
4,180,npc_14,99.82,0.413,201.85,0.0,23.79,Conservative
4,180,npc_2,107.65,-0.032,116.48,0.0,25.88,Conservative
4,180,npc_3,99.86,-0.267,184.96,0.0,23.23,Conservative
4,180,npc_4,89.62,0.269,212.44,1.6,58.92,Normal
4,180,npc_5,100.54,0.432,140.46,1.568,64.19,Normal
4,180,npc_6,95.3,-0.579,214.68,1.568,62.5,Normal
4,180,npc_7,101.06,0.53,338.44,1.596,64.82,Normal
4,180,npc_8,92.35,0.443,120.22,0.0,20.72,Conservative
4,180,npc_9,106.68,-0.184,64.08,0.0,26.03,Conservative
4,184,npc_0,92.39,0.043,146.79,0.0,19.14,Conservative
4,184,npc_1,107.99,0.344,29.5,0.0,40.74,Normal
4,184,npc_10,100.58,-0.271,164.88,0.0,23.56,Conservative
4,184,npc_11,107.92,0.553,317.87,0.0,28.1,Conservative
4,184,npc_12,97.74,8.273,41.16,0.0,43.73,Normal
4,184,npc_13,106.94,-0.267,85.61,0.0,26.48,Conservative
4,184,npc_14,99.99,0.48,201.79,0.0,24.14,Conservative
4,184,npc_2,107.57,-0.244,117.02,0.0,26.69,Conservative
4,184,npc_3,99.95,0.253,184.84,0.0,23.21,Conservative
4,184,npc_4,89.36,-0.712,213.58,1.596,60.59,Normal
4,184,npc_5,100.52,-0.054,140.42,1.542,62.67,Normal
4,184,npc_6,95.46,0.46,213.95,1.542,62.09,Normal
4,184,npc_7,100.87,-0.547,338.38,1.6,64.8,Normal
4,184,npc_8,92.23,-0.336,121.11,0.0,20.24,Conservative
4,184,npc_9,106.73,0.138,64.68,0.0,25.87,Conservative
4,188,npc_0,92.4,0.051,147.84,0.0,19.18,Conservative
4,188,npc_1,107.98,-0.038,29.62,0.0,39.35,Normal
4,188,npc_10,100.61,0.066,164.82,0.0,22.76,Conservative
4,188,npc_11,107.71,-0.59,318.65,0.0,28.14,Conservative
4,188,npc_12,98.87,3.152,41.25,0.0,36.78,Normal
4,188,npc_13,106.91,-0.078,86.23,0.0,25.71,Conservative
4,188,npc_14,99.97,-0.047,201.66,0.0,22.4,Conservative
4,188,npc_2,107.69,0.35,118.01,0.0,27.17,Conservative
4,188,npc_3,99.8,-0.43,184.77,0.0,23.85,Conservative
4,188,npc_4,89.64,0.773,214.95,1.586,60.95,Normal
4,188,npc_5,100.46,-0.184,140.45,1.508,63.16,Normal
4,188,npc_6,95.59,0.356,213.49,1.508,61.73,Normal
4,188,npc_7,100.94,0.196,338.5,1.596,63.42,Normal
4,188,npc_8,92.19,-0.102,122.1,0.0,19.3,Conservative
4,188,npc_9,106.97,0.672,65.43,0.0,28.12,Conservative
4,192,npc_0,92.23,-0.483,148.78,0.574,36.15,Normal
4,192,npc_1,107.9,-0.205,27.99,0.0,42.2,Normal
4,192,npc_10,100.56,-0.138,164.82,0.0,23.02,Conservative
4,192,npc_11,107.73,0.051,319.41,0.0,25.99,Conservative
4,192,npc_12,101.21,6.507,41.47,0.0,45.1,Normal
4,192,npc_13,106.84,-0.184,86.96,0.0,26.1,Conservative
4,192,npc_14,99.81,-0.445,201.59,0.0,23.92,Conservative
4,192,npc_2,107.58,-0.305,118.57,0.0,26.94,Conservative
4,192,npc_3,99.87,0.208,184.65,0.0,23.0,Conservative
4,192,npc_4,89.58,-0.158,216.09,1.568,58.46,Normal
4,192,npc_5,100.5,0.131,140.41,1.466,62.08,Normal
4,192,npc_6,95.29,-0.831,212.77,1.466,62.61,Normal
4,192,npc_7,101.02,0.236,338.44,1.586,63.62,Normal
4,192,npc_8,92.33,0.382,123.04,0.574,35.79,Normal
4,192,npc_9,106.78,-0.532,66.02,0.0,27.47,Conservative
4,196,npc_0,92.23,-0.004,149.72,0.798,40.2,Normal
4,196,npc_1,107.76,-0.395,27.23,0.0,43.97,Normal
4,196,npc_10,100.39,-0.466,164.78,0.0,24.26,Conservative
4,196,npc_11,107.96,0.638,320.19,0.0,28.45,Conservative
4,196,npc_12,103.61,6.658,41.25,0.0,46.3,Normal
4,196,npc_13,107.02,0.502,87.64,0.0,27.46,Conservative
4,196,npc_14,100.04,0.631,201.49,0.0,24.77,Conservative
4,196,npc_2,107.82,0.645,119.35,0.0,28.41,Conservative
4,196,npc_3,99.96,0.239,184.54,0.0,23.16,Conservative
4,196,npc_4,89.72,0.387,217.34,1.542,59.44,Normal
4,196,npc_5,100.17,-0.92,140.39,1.415,63.72,Normal
4,196,npc_6,95.24,-0.132,212.17,1.415,58.42,Normal
4,196,npc_7,101.28,0.703,338.48,1.568,65.6,Normal
4,196,npc_8,92.14,-0.533,123.99,0.798,42.28,Normal
4,196,npc_9,106.99,0.583,66.7,0.0,27.77,Conservative
4,200,npc_0,92.2,-0.076,150.57,0.96,44.8,Normal
4,200,npc_1,102.96,-13.342,26.16,0.0,61.75,Normal
4,200,npc_10,100.7,0.865,164.83,0.0,25.99,Conservative
4,200,npc_11,107.88,-0.215,320.98,0.0,26.72,Conservative
4,200,npc_12,106.19,7.168,41.15,0.0,47.56,Normal
4,200,npc_13,106.74,-0.783,88.48,0.0,28.45,Conservative
4,200,npc_14,99.77,-0.741,201.46,0.0,25.09,Conservative
4,200,npc_2,107.84,0.064,120.0,0.0,26.1,Conservative
4,200,npc_3,100.02,0.163,184.47,0.0,22.88,Conservative
4,200,npc_4,89.69,-0.077,218.51,1.508,58.19,Normal
4,200,npc_5,100.31,0.384,140.42,1.353,59.99,Normal
4,200,npc_6,95.59,0.962,211.5,1.353,60.24,Normal
4,200,npc_7,100.96,-0.875,338.46,1.542,66.15,Normal
4,200,npc_8,92.34,0.565,124.9,0.96,46.81,Normal
4,200,npc_9,106.91,-0.222,67.46,0.0,26.29,Conservative
4,204,npc_0,92.47,0.734,151.51,1.088,50.94,Normal
4,204,npc_1,100.8,-5.988,26.13,0.0,60.81,Normal
4,204,npc_10,100.72,0.049,164.77,0.0,22.74,Conservative
4,204,npc_11,107.61,-0.753,321.76,0.0,28.75,Conservative
4,204,npc_12,107.72,4.261,40.41,0.0,45.78,Normal
4,204,npc_13,106.86,0.329,89.16,0.0,26.69,Conservative
4,204,npc_14,99.93,0.445,201.36,0.0,23.97,Conservative
4,204,npc_2,107.72,-0.321,120.76,0.0,27.07,Conservative
4,204,npc_3,100.07,0.131,184.36,0.0,22.78,Conservative
4,204,npc_4,89.67,-0.063,219.75,1.466,57.22,Normal
4,204,npc_5,100.78,1.299,140.38,1.28,61.9,Normal
4,204,npc_6,95.47,-0.33,210.91,1.28,55.71,Normal
4,204,npc_7,100.94,-0.046,338.48,1.508,62.83,Normal
4,204,npc_8,92.51,0.476,125.84,1.088,49.93,Normal
4,204,npc_9,106.93,0.048,68.13,0.0,25.6,Conservative
4,208,npc_0,92.28,-0.528,152.41,1.193,52.84,Normal
4,208,npc_1,96.51,-11.921,26.13,0.0,58.94,Normal
4,208,npc_10,100.45,-0.743,164.88,0.0,25.4,Conservative
4,208,npc_11,107.98,1.03,322.6,0.0,30.03,Conservative
4,208,npc_12,107.89,0.453,40.28,0.0,30.7,Conservative
4,208,npc_13,106.65,-0.576,90.11,0.0,27.58,Conservative
4,208,npc_14,99.91,-0.059,201.38,0.0,22.42,Conservative
4,208,npc_2,107.97,0.685,121.49,0.0,28.65,Conservative
4,208,npc_3,99.78,-0.793,184.34,0.0,25.3,Conservative
4,208,npc_4,89.67,-0.0,220.99,1.415,55.61,Normal
4,208,npc_5,100.98,0.547,140.47,1.193,56.65,Normal
4,208,npc_6,95.53,0.159,210.29,1.193,52.72,Normal
4,208,npc_7,101.08,0.377,338.49,1.466,63.32,Normal
4,208,npc_8,92.4,-0.306,126.81,1.193,52.0,Normal
4,208,npc_9,107.72,2.208,68.83,0.574,49.94,Normal
4,212,npc_0,92.4,0.34,153.39,1.28,54.46,Normal
4,212,npc_1,97.16,1.807,26.85,0.0,45.36,Normal
4,212,npc_10,100.09,-1.006,164.67,0.0,26.29,Conservative
4,212,npc_11,107.95,-0.082,323.33,0.0,26.22,Conservative
4,212,npc_12,107.85,-0.104,38.87,0.0,30.23,Conservative
4,212,npc_13,106.98,0.903,90.49,0.0,29.04,Conservative
4,212,npc_14,100.07,0.443,201.16,0.0,24.02,Conservative
4,212,npc_2,107.77,-0.557,122.31,0.0,28.04,Conservative
4,212,npc_3,99.87,0.24,184.16,0.0,23.12,Conservative
4,212,npc_4,89.61,-0.162,222.26,1.353,54.59,Normal
4,212,npc_5,100.59,-1.068,140.33,1.088,55.76,Normal
4,212,npc_6,95.51,-0.045,209.73,1.088,49.46,Normal
4,212,npc_7,100.9,-0.491,338.52,1.415,62.33,Normal
4,212,npc_8,92.26,-0.395,127.72,1.28,54.63,Normal
4,212,npc_9,107.83,0.304,69.53,0.798,48.34,Normal
4,216,npc_0,92.14,-0.715,155.12,1.353,57.82,Normal
4,216,npc_1,99.95,7.741,27.85,0.0,57.9,Normal
4,216,npc_10,100.26,0.475,163.82,0.0,24.24,Conservative
4,216,npc_11,107.75,-0.545,323.3,0.0,27.98,Conservative
4,216,npc_12,107.87,0.049,38.89,0.0,30.0,Conservative
4,216,npc_13,106.78,-0.555,90.36,0.0,27.56,Conservative
4,216,npc_14,99.81,-0.731,200.25,0.0,25.06,Conservative
4,216,npc_2,107.92,0.425,122.28,0.0,27.58,Conservative
4,216,npc_3,99.81,-0.153,183.26,0.0,22.75,Conservative
4,216,npc_4,89.49,-0.351,224.32,1.28,53.33,Normal
4,216,npc_5,100.76,0.47,139.5,0.96,50.04,Normal
4,216,npc_6,95.34,-0.489,208.33,0.96,47.75,Normal
4,216,npc_7,101.02,0.329,337.74,1.353,60.09,Normal
4,216,npc_8,92.24,-0.04,129.46,1.353,55.16,Normal
4,216,npc_9,107.77,-0.182,69.5,0.96,52.14,Normal
4,220,npc_0,92.53,1.089,156.96,1.415,61.12,Normal
4,220,npc_1,102.78,7.879,29.07,0.0,57.5,Normal
4,220,npc_10,100.17,-0.248,162.87,0.0,23.29,Conservative
4,220,npc_11,107.81,0.145,323.27,0.0,26.41,Conservative
4,220,npc_12,107.85,-0.043,38.51,0.0,30.24,Conservative
4,220,npc_13,106.63,-0.404,90.06,0.0,26.89,Conservative
4,220,npc_14,99.69,-0.326,199.26,0.0,23.39,Conservative
4,220,npc_2,107.61,-0.855,122.38,0.0,29.15,Conservative
4,220,npc_3,99.7,-0.305,182.32,0.0,23.31,Conservative
4,220,npc_4,89.53,0.128,226.44,1.193,50.13,Normal
4,220,npc_5,100.85,0.244,138.63,0.798,44.86,Normal
4,220,npc_6,95.38,0.122,207.02,0.798,41.99,Normal
4,220,npc_7,101.08,0.167,337.02,1.28,57.51,Normal
4,220,npc_8,92.47,0.633,131.23,1.415,59.27,Normal
4,220,npc_9,107.63,-0.394,69.55,1.088,56.33,Normal
4,224,npc_0,92.34,-0.531,158.7,1.466,60.18,Normal
4,224,npc_1,105.45,7.4,29.44,0.0,58.23,Normal
4,224,npc_10,100.19,0.061,161.99,0.0,22.55,Conservative
4,224,npc_11,107.82,0.047,323.26,0.0,26.02,Conservative
4,224,npc_12,107.62,-0.633,38.55,0.0,32.47,Conservative
4,224,npc_13,106.9,0.739,89.93,0.0,28.35,Conservative
4,224,npc_14,99.69,0.011,198.34,0.0,22.13,Conservative
4,224,npc_2,108.0,1.066,122.36,0.0,30.18,Conservative
4,224,npc_3,99.67,-0.092,181.4,0.0,22.44,Conservative
4,224,npc_4,89.48,-0.143,228.49,1.088,47.37,Normal
4,224,npc_5,100.24,-1.688,137.76,0.574,44.4,Normal
4,224,npc_6,95.28,-0.284,205.62,0.574,36.63,Normal
4,224,npc_7,101.09,0.01,336.26,1.193,54.55,Normal
4,224,npc_8,92.33,-0.403,132.98,1.466,59.66,Normal
4,224,npc_9,107.75,0.335,69.52,1.193,58.94,Normal
4,228,npc_0,92.17,-0.483,160.35,1.508,60.81,Normal
4,228,npc_1,107.81,6.565,29.0,0.0,59.94,Normal
4,228,npc_10,99.91,-0.77,161.2,0.0,25.26,Conservative
4,228,npc_11,107.84,0.056,323.25,0.0,26.07,Conservative
4,228,npc_12,107.59,-0.108,38.98,0.0,30.04,Conservative
4,228,npc_13,106.69,-0.57,89.95,0.0,27.58,Conservative
4,228,npc_14,99.91,0.611,197.51,0.0,24.63,Conservative
4,228,npc_2,107.81,-0.525,122.2,0.0,27.93,Conservative
4,228,npc_3,99.75,0.236,180.52,0.0,23.06,Conservative
4,228,npc_4,89.48,-0.009,230.47,0.96,43.43,Normal
4,228,npc_5,100.09,-0.411,136.93,0.0,23.91,Conservative
4,228,npc_6,95.55,0.749,204.15,0.0,23.29,Conservative
4,228,npc_7,101.03,-0.154,335.44,1.088,52.31,Normal
4,228,npc_8,92.46,0.371,134.68,1.508,60.48,Normal
4,228,npc_9,107.7,-0.13,69.42,1.28,60.43,Normal
4,232,npc_0,92.33,0.447,161.29,1.542,60.73,Normal
4,232,npc_1,102.97,-13.445,28.5,0.0,58.36,Normal
4,232,npc_10,100.19,0.766,161.14,0.0,25.37,Conservative
4,232,npc_11,107.94,0.263,324.04,0.0,26.94,Conservative
4,232,npc_12,107.87,0.804,38.2,0.0,33.53,Conservative
4,232,npc_13,106.83,0.387,90.62,0.0,26.91,Conservative
4,232,npc_14,99.68,-0.665,197.39,0.0,24.74,Conservative
4,232,npc_2,107.97,0.45,122.99,0.0,27.7,Conservative
4,232,npc_3,99.67,-0.24,180.4,0.0,23.03,Conservative
4,232,npc_4,89.47,-0.01,231.73,0.798,39.11,Normal
4,232,npc_5,101.03,2.61,136.89,0.0,33.12,Conservative
4,232,npc_6,95.28,-0.759,203.55,0.0,23.21,Conservative
4,232,npc_7,101.15,0.334,335.47,0.96,49.67,Normal
4,232,npc_8,92.43,-0.073,135.62,1.542,59.28,Normal
4,232,npc_9,107.6,-0.266,70.18,1.353,62.89,Normal
4,236,npc_0,92.45,0.348,163.03,1.568,60.39,Normal
4,236,npc_1,103.3,0.916,29.13,0.0,41.32,Normal
4,236,npc_10,100.11,-0.212,160.27,0.0,23.12,Conservative
4,236,npc_11,107.55,-1.068,324.01,0.0,29.98,Conservative
4,236,npc_12,107.75,-0.358,38.22,0.0,31.67,Conservative
4,236,npc_13,106.62,-0.592,90.48,0.0,27.63,Conservative
4,236,npc_14,99.65,-0.079,196.48,0.0,22.38,Conservative
4,236,npc_2,107.91,-0.177,122.97,0.0,26.58,Conservative
4,236,npc_3,99.89,0.618,179.49,0.0,24.65,Conservative
4,236,npc_4,89.73,0.701,233.79,0.574,36.01,Normal
4,236,npc_5,100.06,-2.689,136.04,0.0,33.01,Conservative
4,236,npc_6,95.52,0.667,202.17,0.0,22.94,Conservative
4,236,npc_7,101.24,0.248,334.71,0.798,45.05,Normal
4,236,npc_8,92.27,-0.466,137.36,1.568,60.78,Normal
4,236,npc_9,107.99,1.06,70.16,1.415,67.89,Normal
4,240,npc_0,92.53,0.215,164.87,1.586,59.89,Normal
4,240,npc_1,105.84,7.061,30.0,0.0,57.7,Normal
4,240,npc_10,100.4,0.8,159.3,0.0,25.6,Conservative
4,240,npc_11,107.62,0.178,323.95,0.0,26.45,Conservative
4,240,npc_12,107.62,-0.362,37.85,0.0,31.91,Conservative
4,240,npc_13,106.61,-0.036,90.17,0.0,25.4,Conservative
4,240,npc_14,99.65,0.015,195.5,0.0,22.13,Conservative
4,240,npc_2,107.64,-0.731,123.06,0.0,28.67,Conservative
4,240,npc_3,100.01,0.335,178.56,0.0,23.57,Conservative
4,240,npc_4,89.6,-0.34,235.9,0.0,19.2,Conservative
4,240,npc_5,100.1,0.104,135.16,0.0,22.68,Conservative
4,240,npc_6,95.65,0.375,200.85,0.0,21.83,Conservative
4,240,npc_7,101.26,0.059,333.99,0.574,38.34,Normal
4,240,npc_8,92.49,0.611,139.14,1.586,61.45,Normal
4,240,npc_9,107.89,-0.269,70.21,1.466,66.05,Normal
4,244,npc_0,92.39,-0.384,166.75,1.596,60.51,Normal
4,244,npc_1,107.67,5.078,30.92,0.0,57.41,Normal
4,244,npc_10,100.29,-0.298,158.4,0.0,23.54,Conservative
4,244,npc_11,107.66,0.111,323.95,0.0,26.2,Conservative
4,244,npc_12,103.22,-12.2,37.98,0.0,48.3,Normal
4,244,npc_13,106.74,0.381,89.97,0.0,26.84,Conservative
4,244,npc_14,99.83,0.497,194.58,0.0,24.13,Conservative
4,244,npc_2,107.8,0.419,123.24,0.0,27.5,Conservative
4,244,npc_3,100.03,0.058,177.69,0.0,22.47,Conservative
4,244,npc_4,89.31,-0.825,238.07,0.0,21.02,Conservative
4,244,npc_5,100.75,1.8,134.36,0.0,29.76,Conservative
4,244,npc_6,95.6,-0.148,199.59,0.0,20.9,Conservative
4,244,npc_7,100.99,-0.764,333.3,0.0,25.72,Conservative
4,244,npc_8,92.12,-1.033,140.99,1.596,62.99,Normal
4,244,npc_9,107.91,0.06,70.42,1.508,66.11,Normal
4,248,npc_0,92.19,-0.58,168.5,1.6,61.21,Normal
4,248,npc_1,107.98,0.862,30.94,0.0,40.98,Normal
4,248,npc_10,99.93,-1.025,157.52,0.0,26.29,Conservative
4,248,npc_11,107.71,0.159,323.93,0.0,26.42,Conservative
4,248,npc_12,103.39,0.455,38.5,0.0,29.8,Conservative
4,248,npc_13,107.01,0.727,89.84,0.0,28.35,Conservative
4,248,npc_14,99.93,0.286,193.68,0.0,23.34,Conservative
4,248,npc_2,107.73,-0.183,123.21,0.0,26.52,Conservative
4,248,npc_3,99.79,-0.66,176.78,0.0,24.77,Conservative
4,248,npc_4,89.33,0.072,240.13,0.0,18.02,Conservative
4,248,npc_5,100.21,-1.489,133.5,0.0,28.27,Conservative
4,248,npc_6,95.31,-0.792,198.2,0.0,23.35,Conservative
4,248,npc_7,100.99,0.009,332.52,0.0,22.7,Conservative
4,248,npc_8,92.22,0.284,142.74,1.6,60.04,Normal
4,248,npc_9,107.67,-0.675,70.39,1.542,68.46,Normal
4,252,npc_0,92.43,0.686,170.24,1.596,61.73,Normal
4,252,npc_1,107.92,-0.166,30.97,0.0,38.14,Normal
4,252,npc_10,100.17,0.693,156.64,0.0,25.07,Conservative
4,252,npc_11,107.76,0.118,323.91,0.0,26.28,Conservative
4,252,npc_12,103.63,0.681,39.0,0.0,30.46,Conservative
4,252,npc_13,107.03,0.077,89.72,0.0,25.76,Conservative
4,252,npc_14,99.71,-0.613,192.77,0.0,24.55,Conservative
4,252,npc_2,107.66,-0.19,123.19,0.0,26.52,Conservative
4,252,npc_3,99.77,-0.068,175.89,0.0,22.39,Conservative
4,252,npc_4,89.6,0.74,242.19,0.0,20.8,Conservative
4,252,npc_5,100.13,-0.232,132.63,0.0,23.21,Conservative
4,252,npc_6,95.61,0.823,196.82,0.0,23.6,Conservative
4,252,npc_7,100.99,0.005,331.75,0.0,22.68,Conservative
4,252,npc_8,92.45,0.633,144.48,1.596,61.52,Normal
4,252,npc_9,107.9,0.657,70.36,1.568,68.5,Normal
4,256,npc_0,92.46,0.074,171.17,1.586,59.29,Normal
4,256,npc_1,107.75,-0.476,30.24,0.0,40.21,Normal
4,256,npc_10,100.29,0.332,156.58,0.0,23.68,Conservative
4,256,npc_11,107.93,0.49,324.68,0.0,27.85,Conservative
4,256,npc_12,98.75,-13.55,38.95,0.0,45.58,Normal
4,256,npc_13,106.61,-1.178,90.39,0.0,29.97,Conservative
4,256,npc_14,99.79,0.227,192.68,0.0,23.04,Conservative
4,256,npc_2,107.95,0.811,123.97,0.0,29.14,Conservative
4,256,npc_3,99.88,0.318,175.79,0.0,23.44,Conservative
4,256,npc_4,89.48,-0.335,243.44,0.0,19.13,Conservative
4,256,npc_5,100.42,0.799,132.6,0.0,25.61,Conservative
4,256,npc_6,95.31,-0.83,196.23,0.0,23.51,Conservative
4,256,npc_7,100.86,-0.36,331.78,0.0,24.04,Conservative
4,256,npc_8,92.36,-0.234,145.4,1.586,59.89,Normal
4,256,npc_9,107.91,0.024,71.13,1.586,65.97,Normal
4,260,npc_0,92.24,-0.61,172.91,1.568,61.35,Normal
4,260,npc_1,107.7,-0.137,30.25,0.0,38.81,Normal
4,260,npc_10,100.0,-0.818,155.7,0.0,25.49,Conservative
4,260,npc_11,107.58,-0.987,324.66,0.0,29.67,Conservative
4,260,npc_12,99.94,3.294,39.97,0.0,38.59,Normal
4,260,npc_13,106.77,0.449,90.26,0.0,27.13,Conservative
4,260,npc_14,99.7,-0.263,191.78,0.0,23.14,Conservative
4,260,npc_2,107.77,-0.52,123.96,0.0,27.89,Conservative
4,260,npc_3,99.97,0.233,174.89,0.0,23.14,Conservative
4,260,npc_4,89.53,0.131,245.5,0.0,18.34,Conservative
4,260,npc_5,100.22,-0.552,131.74,0.0,24.53,Conservative
4,260,npc_6,95.37,0.166,194.83,0.0,20.87,Conservative
4,260,npc_7,101.01,0.404,331.01,0.0,24.29,Conservative
4,260,npc_8,92.15,-0.592,147.15,1.568,61.24,Normal
4,260,npc_9,107.56,-0.979,71.1,1.596,69.62,Normal
4,264,npc_0,92.41,0.489,174.65,1.542,60.94,Normal
4,264,npc_1,107.6,-0.265,30.29,0.0,39.23,Normal
4,264,npc_10,100.16,0.455,154.82,0.0,24.11,Conservative
4,264,npc_11,107.93,0.984,324.63,0.0,29.82,Conservative
4,264,npc_12,102.98,8.432,40.77,0.574,61.61,Normal
4,264,npc_13,106.8,0.084,90.13,0.0,25.69,Conservative
4,264,npc_14,99.93,0.627,190.88,0.0,24.7,Conservative
4,264,npc_2,108.0,0.649,123.93,0.0,28.52,Conservative
4,264,npc_3,99.99,0.061,173.99,0.0,22.46,Conservative
4,264,npc_4,89.74,0.582,247.54,0.0,20.22,Conservative
4,264,npc_5,100.71,1.366,130.89,0.0,28.0,Conservative
4,264,npc_6,95.26,-0.304,193.42,0.0,21.38,Conservative
4,264,npc_7,100.97,-0.092,330.23,0.0,23.02,Conservative
4,264,npc_8,92.12,-0.086,148.89,1.542,59.2,Normal
4,264,npc_9,107.81,0.699,71.09,1.6,68.63,Normal
4,268,npc_0,92.41,-0.007,176.25,1.508,59.01,Normal
4,268,npc_1,107.81,0.585,29.45,0.0,41.68,Normal
4,268,npc_10,100.0,-0.455,153.97,0.0,24.04,Conservative
4,268,npc_11,107.57,-1.004,324.58,0.0,29.73,Conservative
4,268,npc_12,104.48,4.192,41.06,0.798,64.87,Normal
4,268,npc_13,106.86,0.156,90.06,0.0,26.0,Conservative
4,268,npc_14,99.69,-0.644,190.0,0.0,24.66,Conservative
4,268,npc_2,107.66,-0.957,123.7,0.0,29.58,Conservative
4,268,npc_3,99.88,-0.311,173.05,0.0,23.41,Conservative
4,268,npc_4,89.3,-1.212,249.5,0.0,22.57,Conservative
4,268,npc_5,100.25,-1.276,130.0,0.0,27.44,Conservative
4,268,npc_6,95.46,0.561,191.9,0.0,22.49,Conservative
4,268,npc_7,101.06,0.243,329.39,0.0,23.67,Conservative
4,268,npc_8,92.16,0.106,150.54,1.508,59.3,Normal
4,268,npc_9,107.61,-0.552,70.84,1.596,67.94,Normal
4,272,npc_0,92.5,0.232,178.0,1.466,59.05,Normal
4,272,npc_1,107.96,0.41,29.47,0.0,41.03,Normal
4,272,npc_10,101.23,3.428,153.13,0.0,36.49,Normal
4,272,npc_11,107.7,0.37,324.56,0.0,27.26,Conservative
4,272,npc_12,104.7,0.607,41.41,0.96,54.75,Normal
4,272,npc_13,106.99,0.382,89.94,0.0,26.97,Conservative
4,272,npc_14,100.05,0.983,189.08,0.574,41.49,Normal
4,272,npc_2,106.78,-2.429,123.6,0.0,35.05,Normal
4,272,npc_3,99.88,0.011,172.2,0.574,37.53,Normal
4,272,npc_4,89.64,0.945,251.55,0.0,21.64,Conservative
4,272,npc_5,100.5,0.687,129.14,0.0,25.19,Conservative
4,272,npc_6,95.42,-0.116,190.49,0.0,20.7,Conservative
4,272,npc_7,101.2,0.381,328.61,0.0,24.28,Conservative
4,272,npc_8,92.21,0.144,152.29,1.466,58.57,Normal
4,272,npc_9,107.78,0.46,70.81,1.586,67.65,Normal
4,276,npc_0,92.49,-0.023,179.74,1.415,56.83,Normal
4,276,npc_1,107.61,-0.976,29.5,0.0,43.08,Normal
4,276,npc_10,104.08,7.9,152.58,0.0,44.07,Normal
4,276,npc_11,107.71,0.003,324.53,0.0,25.79,Conservative
4,276,npc_12,105.07,1.012,41.75,1.088,59.76,Normal
4,276,npc_13,106.81,-0.506,89.79,0.0,27.38,Conservative
4,276,npc_14,100.01,-0.106,188.19,0.798,43.93,Normal
4,276,npc_2,106.08,-1.936,123.42,0.0,32.75,Conservative
4,276,npc_3,100.03,0.406,171.31,0.798,45.14,Normal
4,276,npc_4,89.43,-0.594,253.61,0.0,20.15,Conservative
4,276,npc_5,103.14,7.34,128.49,0.0,43.64,Normal
4,276,npc_6,95.61,0.538,189.11,0.0,22.47,Conservative
4,276,npc_7,101.24,0.111,327.84,0.0,23.22,Conservative
4,276,npc_8,92.23,0.061,154.03,1.415,56.88,Normal
4,276,npc_9,107.88,0.29,70.79,1.568,67.02,Normal
4,280,npc_0,92.49,0.017,181.62,1.353,55.17,Normal
4,280,npc_1,107.7,0.255,30.4,0.0,39.09,Normal
4,280,npc_10,106.95,7.985,152.3,0.0,45.42,Normal
4,280,npc_11,107.78,0.203,324.52,0.0,26.63,Conservative
4,280,npc_12,107.24,6.022,42.07,1.193,79.37,Aggressive
4,280,npc_13,106.92,0.305,89.61,0.0,26.63,Conservative
4,280,npc_14,99.7,-0.874,187.31,0.96,51.18,Normal
4,280,npc_2,105.9,-0.519,123.42,0.0,27.0,Conservative
4,280,npc_3,100.05,0.076,170.51,0.96,48.15,Normal
4,280,npc_4,89.69,0.729,255.75,0.0,20.79,Conservative
4,280,npc_5,106.07,8.142,128.19,0.0,45.0,Normal
4,280,npc_6,95.43,-0.513,187.85,0.0,22.29,Conservative
4,280,npc_7,101.06,-0.491,327.15,0.0,24.66,Conservative
4,280,npc_8,92.48,0.703,155.86,1.353,57.91,Normal
4,280,npc_9,107.58,-0.841,70.97,1.542,69.08,Normal
4,284,npc_0,92.46,-0.101,183.35,1.28,53.53,Normal
4,284,npc_1,107.63,-0.19,30.42,0.0,38.77,Normal
4,284,npc_10,107.84,2.477,152.28,0.0,35.75,Normal
4,284,npc_11,107.76,-0.037,324.49,0.0,25.95,Conservative
4,284,npc_12,107.63,1.11,42.09,1.28,66.32,Normal
4,284,npc_13,106.91,-0.032,89.48,0.0,25.53,Conservative
4,284,npc_14,99.84,0.398,186.41,1.088,52.75,Normal
4,284,npc_2,105.45,-1.239,123.17,0.0,29.67,Conservative
4,284,npc_3,99.75,-0.846,169.6,1.088,54.5,Normal
4,284,npc_4,89.33,-1.002,257.81,0.0,21.74,Conservative
4,284,npc_5,107.78,4.742,128.11,0.0,44.78,Normal
4,284,npc_6,95.61,0.515,186.46,0.0,22.37,Conservative
4,284,npc_7,101.29,0.635,326.38,0.0,25.34,Conservative
4,284,npc_8,92.17,-0.868,157.6,1.28,56.48,Normal
4,284,npc_9,107.85,0.743,70.95,1.508,68.82,Normal
4,288,npc_0,92.46,0.015,184.29,1.193,50.86,Normal
4,288,npc_1,107.84,0.564,29.67,0.0,41.32,Normal
4,288,npc_10,107.68,-0.454,153.03,0.0,27.58,Conservative
4,288,npc_11,107.63,-0.379,325.26,0.0,27.26,Conservative
4,288,npc_12,102.73,-13.634,41.61,1.353,81.79,Aggressive
4,288,npc_13,106.76,-0.408,90.15,0.0,26.96,Conservative
4,288,npc_14,99.93,0.247,186.3,1.193,54.98,Normal
4,288,npc_2,105.31,-0.392,123.68,0.0,26.21,Conservative
4,288,npc_3,99.69,-0.164,169.49,1.193,54.54,Normal
4,288,npc_4,89.58,0.708,259.06,0.0,20.67,Conservative
4,288,npc_5,107.74,-0.104,128.87,0.0,26.21,Conservative
4,288,npc_6,95.41,-0.573,185.88,0.0,22.52,Conservative
4,288,npc_7,101.19,-0.284,326.42,0.0,23.89,Conservative
4,288,npc_8,92.49,0.894,158.53,1.193,54.39,Normal
4,288,npc_9,107.7,-0.4,71.71,1.466,66.48,Normal
4,292,npc_0,92.48,0.058,184.41,1.088,48.25,Normal
4,292,npc_1,107.81,-0.074,28.2,0.0,41.34,Normal
4,292,npc_10,107.64,-0.107,154.6,0.0,26.18,Conservative
4,292,npc_11,107.89,0.722,326.83,0.0,28.76,Conservative
4,292,npc_12,96.25,-18.0,41.05,1.415,80.89,Aggressive
4,292,npc_13,106.63,-0.376,91.61,0.0,26.77,Conservative
4,292,npc_14,99.97,0.123,186.99,1.28,56.84,Normal
4,292,npc_2,104.91,-1.12,124.95,0.0,28.94,Conservative
4,292,npc_3,99.85,0.447,170.18,1.28,58.08,Normal
4,292,npc_4,89.44,-0.408,259.51,0.0,19.41,Conservative
4,292,npc_5,107.6,-0.408,130.44,0.0,27.36,Conservative
4,292,npc_6,95.26,-0.417,186.08,0.0,21.83,Conservative
4,292,npc_7,101.22,0.089,327.25,0.0,23.13,Conservative
4,292,npc_8,92.38,-0.298,158.65,1.088,49.17,Normal
4,292,npc_9,107.95,0.676,73.3,1.415,66.34,Normal
4,296,npc_0,92.31,-0.483,185.34,0.96,46.47,Normal
4,296,npc_1,107.92,0.311,27.46,0.0,43.38,Normal
4,296,npc_10,107.93,0.787,155.37,0.0,29.03,Conservative
4,296,npc_11,107.85,-0.113,327.65,0.574,41.62,Normal
4,296,npc_12,96.86,1.715,41.61,1.466,69.07,Normal
4,296,npc_13,106.81,0.5,92.29,0.0,27.35,Conservative
4,296,npc_14,99.94,-0.089,186.88,1.353,58.64,Normal
4,296,npc_2,104.64,-0.75,125.39,0.0,27.33,Conservative
4,296,npc_3,99.84,-0.042,170.07,1.353,58.41,Normal
4,296,npc_4,89.71,0.771,260.76,0.0,20.97,Conservative
4,296,npc_5,107.57,-0.068,131.21,0.0,25.98,Conservative
4,296,npc_6,95.51,0.701,185.48,0.0,23.07,Conservative
4,296,npc_7,100.88,-0.932,327.28,0.0,26.34,Conservative
4,296,npc_8,92.15,-0.64,159.59,0.96,47.03,Normal
4,296,npc_9,107.79,-0.431,74.06,1.353,63.63,Normal
4,300,npc_0,92.1,-0.592,186.15,0.798,42.5,Normal
4,300,npc_1,107.59,-0.92,25.77,0.0,48.19,Normal
4,300,npc_10,107.55,-1.04,156.18,0.0,29.87,Conservative
4,300,npc_11,107.97,0.328,328.38,0.798,48.5,Normal
4,300,npc_12,99.32,6.819,41.75,1.508,84.1,Aggressive
4,300,npc_13,107.04,0.649,93.01,0.0,28.06,Conservative
4,300,npc_14,99.77,-0.467,186.75,1.415,61.73,Normal
4,300,npc_2,104.53,-0.309,125.61,0.0,25.51,Conservative
4,300,npc_3,99.78,-0.161,169.88,1.415,60.5,Normal
4,300,npc_4,89.35,-1.016,261.93,0.0,21.8,Conservative
4,300,npc_5,107.92,0.961,131.95,0.0,29.72,Conservative
4,300,npc_6,95.47,-0.118,184.75,0.0,20.73,Conservative
4,300,npc_7,101.17,0.803,327.24,0.0,25.96,Conservative
4,300,npc_8,92.12,-0.081,160.45,0.798,40.47,Normal
4,300,npc_9,107.77,-0.047,74.63,1.28,60.13,Normal
4,304,npc_0,92.4,0.834,187.89,0.574,37.62,Normal
4,304,npc_1,107.72,0.358,25.8,0.0,45.96,Normal
4,304,npc_10,107.89,0.93,156.16,0.0,29.58,Conservative
4,304,npc_11,107.55,-1.145,328.35,0.96,55.89,Normal
4,304,npc_12,101.48,6.017,42.58,1.542,84.65,Aggressive
4,304,npc_13,106.75,-0.822,92.87,0.0,28.61,Conservative
4,304,npc_14,99.67,-0.28,185.86,1.466,62.3,Normal
4,304,npc_2,104.4,-0.338,125.2,0.0,25.58,Conservative
4,304,npc_3,100.07,0.806,168.99,1.466,64.58,Normal
4,304,npc_4,89.33,-0.037,263.99,0.0,17.88,Conservative
4,304,npc_5,107.69,-0.626,131.91,0.0,28.28,Conservative
4,304,npc_6,95.36,-0.313,183.37,0.0,21.46,Conservative
4,304,npc_7,101.22,0.124,326.48,0.0,23.26,Conservative
4,304,npc_8,92.38,0.717,162.18,0.574,37.15,Normal
4,304,npc_9,107.69,-0.245,74.6,1.193,58.55,Normal
4,308,npc_0,92.24,-0.426,189.64,0.0,20.61,Conservative
4,308,npc_1,107.64,-0.216,25.82,0.0,45.32,Normal
4,308,npc_10,107.79,-0.276,156.13,0.0,26.92,Conservative
4,308,npc_11,107.88,0.916,328.34,1.088,58.53,Normal
4,308,npc_12,104.48,8.333,43.09,1.568,85.79,Aggressive
4,308,npc_13,107.01,0.744,92.74,0.0,28.42,Conservative
4,308,npc_14,99.87,0.562,184.95,1.508,64.42,Normal
4,308,npc_2,104.09,-0.876,124.77,0.0,27.58,Conservative
4,308,npc_3,99.86,-0.581,168.08,1.508,64.48,Normal
4,308,npc_4,89.68,0.952,266.03,0.0,21.68,Conservative
4,308,npc_5,107.65,-0.121,131.88,0.0,26.23,Conservative
4,308,npc_6,95.29,-0.196,181.97,0.0,20.96,Conservative
4,308,npc_7,101.07,-0.42,325.7,0.0,24.38,Conservative
4,308,npc_8,92.41,0.076,163.92,0.0,19.28,Conservative
4,308,npc_9,107.64,-0.134,74.57,1.088,55.29,Normal
4,312,npc_0,92.36,0.323,191.3,0.0,20.25,Conservative
4,312,npc_1,107.86,0.619,25.24,0.0,47.94,Normal
4,312,npc_10,107.88,0.264,156.21,0.0,26.92,Conservative
4,312,npc_11,107.98,0.262,328.29,1.193,58.76,Normal
4,312,npc_12,107.23,7.612,43.39,1.586,86.95,Aggressive
4,312,npc_13,106.92,-0.268,92.77,0.0,26.47,Conservative
4,312,npc_14,99.78,-0.265,184.07,1.542,63.18,Normal
4,312,npc_2,103.92,-0.46,124.19,0.0,25.84,Conservative
4,312,npc_3,99.76,-0.275,167.14,1.542,63.21,Normal
4,312,npc_4,89.69,0.032,268.01,0.0,18.0,Conservative
4,312,npc_5,107.73,0.224,131.89,0.0,26.68,Conservative
4,312,npc_6,95.52,0.66,180.49,0.0,22.92,Conservative
4,312,npc_7,101.14,0.194,324.9,0.0,23.5,Conservative
4,312,npc_8,92.29,-0.332,165.64,0.0,20.26,Conservative
4,312,npc_9,108.0,0.999,74.48,0.96,55.51,Normal
4,316,npc_0,92.17,-0.529,192.24,0.0,21.0,Conservative
4,316,npc_1,102.83,-13.997,24.75,0.0,63.89,Normal
4,316,npc_10,107.84,-0.123,156.98,0.0,26.33,Conservative
4,316,npc_11,107.97,-0.022,329.07,1.28,60.13,Normal
4,316,npc_12,107.99,2.123,42.61,1.596,76.16,Aggressive
4,316,npc_13,106.88,-0.092,93.45,0.0,25.75,Conservative
4,316,npc_14,99.7,-0.219,183.97,1.568,62.96,Normal
4,316,npc_2,103.7,-0.623,124.5,0.0,26.39,Conservative
4,316,npc_3,99.96,0.559,167.05,1.568,64.44,Normal
4,316,npc_4,89.33,-0.983,269.26,0.0,21.67,Conservative
4,316,npc_5,107.63,-0.261,132.66,0.0,26.79,Conservative
4,316,npc_6,95.45,-0.201,179.9,0.0,21.05,Conservative
4,316,npc_7,100.9,-0.649,324.94,0.0,25.22,Conservative
4,316,npc_8,92.45,0.436,166.57,0.0,20.74,Conservative
4,316,npc_9,107.87,-0.363,75.26,0.798,48.59,Normal
4,320,npc_0,92.26,0.255,193.15,0.0,19.94,Conservative
4,320,npc_1,96.03,-18.885,24.79,0.0,60.83,Normal
4,320,npc_10,107.99,0.417,157.92,0.0,27.58,Conservative
4,320,npc_11,108.0,0.081,329.87,1.353,62.34,Normal
4,320,npc_12,107.76,-0.651,42.22,1.6,70.35,Aggressive
4,320,npc_13,106.64,-0.683,94.38,0.0,28.0,Conservative
4,320,npc_14,100.06,1.0,183.96,1.586,66.25,Normal
4,320,npc_2,103.47,-0.627,124.76,0.0,26.3,Conservative
4,320,npc_3,99.72,-0.675,166.97,1.586,64.8,Normal
4,320,npc_4,89.64,0.842,270.49,0.0,21.22,Conservative
4,320,npc_5,107.23,-1.117,133.51,0.0,30.02,Conservative
4,320,npc_6,95.63,0.507,179.28,0.0,22.35,Conservative
4,320,npc_7,101.29,1.062,324.96,0.0,27.05,Conservative
4,320,npc_8,92.52,0.201,167.54,0.0,19.83,Conservative
4,320,npc_9,107.63,-0.655,76.09,0.574,43.68,Normal
4,324,npc_0,92.45,0.516,194.09,0.0,21.06,Conservative
4,324,npc_1,90.73,-14.721,25.74,0.0,57.13,Normal
4,324,npc_10,107.64,-0.97,158.68,0.0,29.63,Conservative
4,324,npc_11,107.74,-0.719,330.65,1.415,66.41,Normal
4,324,npc_12,107.87,0.332,41.46,1.596,69.52,Normal
4,324,npc_13,106.94,0.843,95.06,0.0,28.78,Conservative
4,324,npc_14,99.76,-0.838,183.85,1.596,65.47,Normal
4,324,npc_2,103.37,-0.284,125.04,0.0,24.88,Conservative
4,324,npc_3,99.83,0.316,166.87,1.596,63.41,Normal
4,324,npc_4,89.65,0.047,271.74,0.0,18.05,Conservative
4,324,npc_5,106.93,-0.84,134.2,0.0,28.77,Conservative
4,324,npc_6,95.6,-0.088,178.69,0.0,20.66,Conservative
4,324,npc_7,100.87,-1.153,324.99,0.0,27.22,Conservative
4,324,npc_8,92.18,-0.934,168.49,0.0,22.62,Conservative
4,324,npc_9,107.82,0.515,76.86,0.0,27.89,Conservative
4,328,npc_0,92.51,0.161,195.02,0.0,19.66,Conservative
4,328,npc_1,91.12,1.1,26.82,0.0,40.04,Normal
4,328,npc_10,107.84,0.572,159.45,0.0,28.13,Conservative
4,328,npc_11,107.89,0.415,331.43,1.466,66.63,Normal
4,328,npc_12,107.61,-0.748,40.69,1.586,71.5,Aggressive
4,328,npc_13,106.93,-0.025,95.72,0.0,25.51,Conservative
4,328,npc_14,99.94,0.515,183.75,1.6,64.26,Normal
4,328,npc_2,102.86,-1.409,125.28,0.0,29.15,Conservative
4,328,npc_3,99.82,-0.031,166.76,1.6,62.27,Normal
4,328,npc_4,89.69,0.094,272.98,0.0,18.25,Conservative
4,328,npc_5,106.49,-1.235,134.84,0.0,30.14,Conservative
4,328,npc_6,95.36,-0.677,178.09,0.0,22.92,Conservative
4,328,npc_7,100.97,0.283,325.02,0.0,23.79,Conservative
4,328,npc_8,92.1,-0.241,169.42,0.0,19.81,Conservative
4,328,npc_9,107.96,0.385,77.64,0.0,27.44,Conservative
4,332,npc_0,92.4,-0.306,195.96,0.0,20.19,Conservative
4,332,npc_1,93.14,5.608,27.97,0.574,70.13,Aggressive
4,332,npc_10,107.69,-0.426,160.23,0.0,27.47,Conservative
4,332,npc_11,107.61,-0.778,332.19,1.508,68.84,Normal
4,332,npc_12,107.89,0.779,39.92,1.568,72.23,Aggressive
4,332,npc_13,106.89,-0.114,96.39,0.0,25.85,Conservative
4,332,npc_14,99.97,0.079,183.65,1.596,62.52,Normal
4,332,npc_2,103.03,0.456,125.52,0.0,25.41,Conservative
4,332,npc_3,99.84,0.047,166.67,1.596,62.34,Normal
4,332,npc_4,89.72,0.086,274.22,0.0,18.23,Conservative
4,332,npc_5,106.14,-0.967,135.45,0.0,28.9,Conservative
4,332,npc_6,95.29,-0.187,177.49,0.0,20.93,Conservative
4,332,npc_7,101.25,0.774,325.07,0.0,25.88,Conservative
4,332,npc_8,92.3,0.57,170.36,0.0,21.21,Conservative
4,332,npc_9,107.68,-0.772,78.41,0.0,28.86,Conservative
4,336,npc_0,92.39,-0.022,196.11,0.0,19.06,Conservative
4,336,npc_1,95.92,7.722,27.83,0.798,77.47,Aggressive
4,336,npc_10,107.72,0.081,161.81,0.0,26.11,Conservative
4,336,npc_11,107.84,0.65,333.77,1.542,68.44,Normal
4,336,npc_12,107.9,0.029,38.37,1.542,70.31,Aggressive
4,336,npc_13,107.02,0.369,97.86,0.0,26.93,Conservative
4,336,npc_14,99.72,-0.709,184.34,1.586,64.93,Normal
4,336,npc_2,102.62,-1.144,126.54,0.0,27.98,Conservative
4,336,npc_3,99.9,0.168,167.36,1.586,62.85,Normal
4,336,npc_4,89.67,-0.143,274.67,0.0,18.44,Conservative
4,336,npc_5,105.89,-0.685,136.82,0.0,27.66,Conservative
4,336,npc_6,95.32,0.077,177.7,0.0,20.5,Conservative
4,336,npc_7,100.86,-1.077,325.89,0.0,26.92,Conservative
4,336,npc_8,92.51,0.582,170.5,0.0,21.35,Conservative
4,336,npc_9,107.87,0.542,79.98,0.0,28.03,Conservative
4,340,npc_0,92.38,-0.033,196.27,0.0,19.1,Conservative
4,340,npc_1,91.31,-12.815,27.61,0.96,80.16,Aggressive
4,340,npc_10,107.82,0.287,163.22,0.0,26.98,Conservative
4,340,npc_11,107.62,-0.622,335.33,1.568,68.23,Normal
4,340,npc_12,107.6,-0.832,36.4,1.508,74.97,Aggressive
4,340,npc_13,106.7,-0.892,99.05,0.0,28.87,Conservative
4,340,npc_14,99.99,0.748,184.97,1.568,65.21,Normal
4,340,npc_2,102.71,0.256,127.58,0.0,24.47,Conservative
4,340,npc_3,99.89,-0.037,168.04,1.568,62.32,Normal
4,340,npc_4,89.74,0.201,275.13,0.0,18.7,Conservative
4,340,npc_5,105.71,-0.509,138.05,0.0,26.87,Conservative
4,340,npc_6,95.26,-0.158,177.93,0.0,20.8,Conservative
4,340,npc_7,100.84,-0.05,326.74,0.0,22.8,Conservative
4,340,npc_8,92.46,-0.153,170.61,0.0,19.61,Conservative
4,340,npc_9,107.87,0.001,81.49,0.0,25.86,Conservative
4,344,npc_0,92.21,-0.454,196.38,0.0,20.71,Conservative
4,344,npc_1,91.85,1.497,28.12,1.088,69.06,Normal
4,344,npc_10,107.7,-0.335,164.94,0.0,27.12,Conservative
4,344,npc_11,107.98,1.006,336.92,1.586,69.93,Normal
4,344,npc_12,107.97,1.032,35.26,1.466,76.09,Aggressive
4,344,npc_13,106.97,0.754,100.79,0.0,28.45,Conservative
4,344,npc_14,99.65,-0.93,185.74,1.542,65.79,Normal
4,344,npc_2,102.23,-1.317,128.53,0.0,28.49,Conservative
4,344,npc_3,99.84,-0.134,168.76,1.542,62.69,Normal
4,344,npc_4,89.54,-0.552,275.57,0.0,20.03,Conservative
4,344,npc_5,105.23,-1.325,139.46,0.0,29.91,Conservative
4,344,npc_6,95.67,1.125,178.12,0.0,24.84,Conservative
4,344,npc_7,100.91,0.192,327.54,0.0,23.4,Conservative
4,344,npc_8,92.18,-0.774,170.78,0.0,21.98,Conservative
4,344,npc_9,107.69,-0.514,83.12,0.0,27.83,Conservative
4,348,npc_0,92.25,0.112,195.73,0.0,19.36,Conservative
4,348,npc_1,94.32,6.861,27.35,1.193,87.99,Aggressive
4,348,npc_10,107.98,0.761,167.31,0.0,28.95,Conservative
4,348,npc_11,107.81,-0.479,339.29,1.596,67.75,Normal
4,348,npc_12,107.8,-0.462,32.93,1.415,74.74,Aggressive
4,348,npc_13,106.8,-0.485,103.06,0.0,27.29,Conservative
4,348,npc_14,99.84,0.535,187.24,1.508,64.29,Normal
4,348,npc_2,102.13,-0.302,130.29,0.0,24.38,Conservative
4,348,npc_3,100.07,0.656,170.26,1.508,64.88,Normal
4,348,npc_4,89.3,-0.668,275.22,0.0,20.39,Conservative
4,348,npc_5,105.16,-0.209,141.53,0.0,25.41,Conservative
4,348,npc_6,95.64,-0.077,179.13,0.0,20.64,Conservative
4,348,npc_7,100.87,-0.115,329.16,0.0,23.07,Conservative
4,348,npc_8,92.32,0.387,170.12,0.0,20.49,Conservative
4,348,npc_9,107.86,0.478,85.49,0.0,27.76,Conservative
4,352,npc_0,92.41,0.446,195.07,0.0,20.76,Conservative
4,352,npc_1,96.7,6.615,26.31,1.28,92.86,Aggressive
4,352,npc_10,107.93,-0.119,169.69,0.0,26.37,Conservative
4,352,npc_11,107.67,-0.384,341.66,1.6,67.3,Normal
4,352,npc_12,107.6,-0.568,30.6,1.353,76.13,Aggressive
4,352,npc_13,106.94,0.376,105.31,0.0,26.91,Conservative
4,352,npc_14,99.66,-0.521,188.72,1.466,63.26,Normal
4,352,npc_2,102.13,0.026,132.04,0.0,23.29,Conservative
4,352,npc_3,99.74,-0.938,171.75,1.466,64.96,Normal
4,352,npc_4,89.65,0.976,274.87,0.0,21.77,Conservative
4,352,npc_5,104.59,-1.576,143.56,0.0,30.61,Conservative
4,352,npc_6,95.33,-0.869,180.14,0.0,23.67,Conservative
4,352,npc_7,100.87,0.005,330.79,0.0,22.63,Conservative
4,352,npc_8,92.52,0.564,169.46,0.0,21.28,Conservative
4,352,npc_9,107.62,-0.673,87.87,0.0,28.43,Conservative
4,356,npc_0,92.49,0.206,194.43,0.0,19.83,Conservative
4,356,npc_1,91.25,-15.148,25.25,1.353,94.19,Aggressive
4,356,npc_10,107.94,0.028,171.91,0.0,26.01,Conservative
4,356,npc_11,107.94,0.741,344.03,1.596,68.85,Normal
4,356,npc_12,107.84,0.685,27.74,1.28,78.58,Aggressive
4,356,npc_13,107.0,0.176,107.34,0.0,26.14,Conservative
4,356,npc_14,100.07,1.154,190.15,1.415,64.6,Normal
4,356,npc_2,102.17,0.09,133.82,0.0,23.55,Conservative
4,356,npc_3,99.96,0.624,173.22,1.415,62.44,Normal
4,356,npc_4,89.56,-0.262,274.55,0.0,18.87,Conservative
4,356,npc_5,104.64,0.144,145.48,0.0,24.91,Conservative
4,356,npc_6,95.39,0.191,181.18,0.0,20.99,Conservative
4,356,npc_7,100.93,0.147,332.42,0.0,23.22,Conservative
4,356,npc_8,92.41,-0.318,168.76,0.0,20.25,Conservative
4,356,npc_9,107.83,0.577,90.18,0.0,28.15,Conservative
4,360,npc_0,92.45,-0.103,193.76,0.0,19.41,Conservative
4,360,npc_1,84.3,-19.301,25.21,1.415,93.2,Aggressive
4,360,npc_10,107.95,0.02,174.28,0.0,25.98,Conservative
4,360,npc_11,107.81,-0.363,346.4,1.586,67.28,Normal
4,360,npc_12,107.57,-0.748,25.39,1.193,79.89,Aggressive
4,360,npc_13,106.9,-0.284,109.61,0.0,26.53,Conservative
4,360,npc_14,99.82,-0.686,191.64,1.353,60.98,Normal
4,360,npc_2,101.9,-0.752,135.54,0.0,26.08,Conservative
4,360,npc_3,99.67,-0.821,174.71,1.353,61.45,Normal
4,360,npc_4,89.68,0.347,274.21,0.0,19.26,Conservative
4,360,npc_5,104.17,-1.298,147.46,0.0,29.31,Conservative
4,360,npc_6,95.54,0.398,182.2,0.0,21.88,Conservative
4,360,npc_7,100.9,-0.068,334.05,0.0,22.9,Conservative
4,360,npc_8,92.1,-0.837,168.11,0.0,22.2,Conservative
4,360,npc_9,107.75,-0.213,92.55,0.0,26.65,Conservative
4,364,npc_0,92.49,0.097,193.19,0.0,19.4,Conservative
4,364,npc_1,84.16,-0.388,25.74,1.466,75.23,Aggressive
4,364,npc_10,107.68,-0.75,176.56,0.0,28.77,Conservative
4,364,npc_11,107.88,0.194,348.8,1.568,66.64,Normal
4,364,npc_12,107.91,0.943,23.03,1.193,84.73,Aggressive
4,364,npc_13,106.75,-0.418,111.74,0.0,27.0,Conservative
4,364,npc_14,100.03,0.563,193.13,1.28,58.62,Normal
4,364,npc_2,101.42,-1.311,137.34,0.0,28.1,Conservative
4,364,npc_3,100.0,0.938,176.25,1.28,60.11,Normal
4,364,npc_4,89.69,0.029,273.92,0.0,17.99,Conservative
4,364,npc_5,104.14,-0.083,149.39,0.0,24.43,Conservative
4,364,npc_6,95.51,-0.07,183.29,0.0,20.55,Conservative
4,364,npc_7,100.94,0.111,335.72,0.0,23.09,Conservative
4,364,npc_8,92.53,1.191,167.48,0.0,23.79,Conservative
4,364,npc_9,107.56,-0.53,94.98,0.0,27.83,Conservative
4,368,npc_0,92.25,-0.665,192.66,0.0,21.57,Conservative
4,368,npc_1,86.92,7.683,26.39,1.508,94.62,Aggressive
4,368,npc_10,107.58,-0.291,178.9,0.0,26.88,Conservative
4,368,npc_11,107.78,-0.28,351.22,1.542,66.93,Normal
4,368,npc_12,97.95,-27.674,20.99,1.193,100.0,Aggressive
4,368,npc_13,106.67,-0.21,113.95,0.0,26.13,Conservative
4,368,npc_14,99.89,-0.388,194.65,1.193,55.53,Normal
4,368,npc_2,100.78,-1.796,139.17,0.0,29.75,Conservative
4,368,npc_3,99.82,-0.51,177.84,1.193,55.98,Normal
4,368,npc_4,89.66,-0.095,273.65,0.0,18.25,Conservative
4,368,npc_5,103.78,-0.995,151.36,0.0,27.92,Conservative
4,368,npc_6,95.35,-0.439,184.44,0.0,21.96,Conservative
4,368,npc_7,101.1,0.436,337.42,0.0,24.46,Conservative
4,368,npc_8,92.35,-0.5,166.9,0.0,20.96,Conservative
4,368,npc_9,107.69,0.355,97.5,0.0,27.19,Conservative
4,372,npc_0,92.27,0.08,191.99,0.0,19.24,Conservative
4,372,npc_1,89.66,7.61,26.15,1.542,96.07,Aggressive
4,372,npc_10,107.79,0.594,181.28,0.0,28.2,Conservative
4,372,npc_11,107.86,0.231,353.6,1.508,66.78,Normal
4,372,npc_12,89.17,-24.391,20.34,1.193,97.62,Aggressive
4,372,npc_13,106.64,-0.092,116.21,0.0,25.64,Conservative
4,372,npc_14,99.76,-0.342,196.13,1.088,52.49,Normal
4,372,npc_2,100.8,0.068,140.79,0.0,22.85,Conservative
4,372,npc_3,99.66,-0.43,179.32,1.088,52.8,Normal
4,372,npc_4,89.45,-0.576,273.31,0.0,20.08,Conservative
4,372,npc_5,103.46,-0.892,153.27,0.0,27.36,Conservative
4,372,npc_6,95.5,0.399,185.45,0.0,21.86,Conservative
4,372,npc_7,101.13,0.079,339.04,0.0,23.04,Conservative
4,372,npc_8,92.49,0.371,166.24,0.0,20.49,Conservative
4,372,npc_9,107.63,-0.144,99.85,0.0,26.32,Conservative
4,376,npc_0,92.35,0.216,190.54,0.0,19.82,Conservative
4,376,npc_1,92.75,8.581,24.82,1.568,99.41,Aggressive
4,376,npc_10,107.95,0.454,184.46,0.0,27.71,Conservative
4,376,npc_11,107.83,-0.081,356.77,1.466,65.27,Normal
4,376,npc_12,81.32,-21.81,19.78,1.193,95.72,Aggressive
4,376,npc_13,106.71,0.206,119.28,0.0,26.13,Conservative
4,376,npc_14,100.06,0.811,198.45,0.96,51.09,Normal
4,376,npc_2,100.67,-0.374,143.17,0.0,24.02,Conservative
4,376,npc_3,99.98,0.878,181.63,0.96,51.33,Normal
4,376,npc_4,89.62,0.457,272.15,0.0,19.68,Conservative
4,376,npc_5,103.42,-0.115,155.97,0.0,24.23,Conservative
4,376,npc_6,95.39,-0.307,187.25,0.0,21.45,Conservative
4,376,npc_7,101.16,0.081,341.49,0.0,23.06,Conservative
4,376,npc_8,92.23,-0.703,164.79,0.0,21.72,Conservative
4,376,npc_9,107.93,0.834,103.02,0.0,29.22,Conservative
4,380,npc_0,92.36,0.028,188.94,0.0,19.07,Conservative
4,380,npc_1,88.37,-12.188,22.91,1.586,100.0,Aggressive
4,380,npc_10,107.63,-0.899,187.66,0.0,29.34,Conservative
4,380,npc_11,107.78,-0.139,359.9,1.415,64.11,Normal
4,380,npc_12,81.15,-0.462,19.91,1.193,77.25,Aggressive
4,380,npc_13,107.02,0.844,122.39,0.0,28.82,Conservative
4,380,npc_14,100.09,0.09,200.73,0.798,43.91,Normal
4,380,npc_2,99.85,-2.283,145.34,0.0,31.29,Conservative
4,380,npc_3,99.99,0.019,183.85,0.798,43.58,Normal
4,380,npc_4,89.53,-0.226,270.91,0.0,18.72,Conservative
4,380,npc_5,103.25,-0.476,158.62,0.0,25.59,Conservative
4,380,npc_6,95.66,0.748,188.92,0.0,23.32,Conservative
4,380,npc_7,101.28,0.34,343.84,0.0,24.15,Conservative
4,380,npc_8,92.43,0.551,163.23,0.0,21.19,Conservative
4,380,npc_9,107.79,-0.397,106.05,0.0,27.41,Conservative
4,384,npc_0,92.19,-0.478,187.48,0.0,20.8,Conservative
4,384,npc_1,81.89,-18.0,22.35,1.596,99.37,Aggressive
4,384,npc_10,107.59,-0.12,190.83,0.0,26.2,Conservative
4,384,npc_12,83.36,6.127,19.56,1.28,99.23,Aggressive
4,384,npc_13,106.64,-1.05,125.46,0.0,29.47,Conservative
4,384,npc_14,99.88,-0.587,203.03,0.574,39.83,Normal
4,384,npc_2,100.25,1.12,147.66,0.0,26.81,Conservative
4,384,npc_3,100.07,0.221,186.16,0.574,38.45,Normal
4,384,npc_4,89.5,-0.1,269.77,0.0,18.2,Conservative
4,384,npc_5,102.93,-0.895,161.27,0.0,27.12,Conservative
4,384,npc_6,95.45,-0.569,190.73,0.0,22.52,Conservative
4,384,npc_7,100.93,-0.963,346.27,0.0,26.49,Conservative
4,384,npc_8,92.17,-0.728,161.78,0.0,21.79,Conservative
4,384,npc_9,107.82,0.084,109.23,0.0,26.17,Conservative
4,388,npc_0,92.21,0.054,185.24,0.0,19.11,Conservative
4,388,npc_1,75.41,-18.0,21.71,1.6,98.25,Aggressive
4,388,npc_10,107.65,0.161,194.8,0.0,26.4,Conservative
4,388,npc_12,86.0,7.351,18.13,1.353,100.0,Aggressive
4,388,npc_13,106.76,0.33,129.33,0.0,26.65,Conservative
4,388,npc_14,100.09,0.58,206.14,0.0,24.58,Conservative
4,388,npc_2,99.71,-1.495,150.75,0.0,28.07,Conservative
4,388,npc_3,99.72,-0.97,189.25,0.0,25.98,Conservative
4,388,npc_4,89.3,-0.553,267.82,0.0,19.93,Conservative
4,388,npc_5,102.82,-0.304,164.7,0.0,24.71,Conservative
4,388,npc_6,95.67,0.593,193.34,0.0,22.71,Conservative
4,388,npc_8,92.46,0.791,159.52,0.0,22.16,Conservative
4,388,npc_9,107.91,0.245,113.21,0.0,26.86,Conservative
4,392,npc_0,92.53,0.885,182.17,0.0,22.56,Conservative
4,392,npc_1,68.93,-18.0,20.99,1.596,97.49,Aggressive
4,392,npc_10,107.75,0.298,199.56,0.0,26.99,Conservative
4,392,npc_12,88.84,7.866,15.63,1.415,100.0,Aggressive
4,392,npc_13,107.03,0.76,134.0,0.0,28.5,Conservative
4,392,npc_14,100.08,-0.02,210.05,0.0,22.34,Conservative
4,392,npc_2,99.78,0.186,154.63,0.0,22.87,Conservative
4,392,npc_3,99.96,0.674,193.17,0.0,24.9,Conservative
4,392,npc_4,89.43,0.366,265.08,0.0,19.24,Conservative
4,392,npc_5,102.75,-0.196,168.93,0.0,24.25,Conservative
4,392,npc_6,95.4,-0.728,196.76,0.0,23.14,Conservative
4,392,npc_8,92.19,-0.731,156.46,0.0,21.81,Conservative
4,392,npc_9,107.82,-0.249,117.98,0.0,26.83,Conservative
4,396,npc_0,92.48,-0.127,178.32,0.0,19.51,Conservative
4,396,npc_1,62.45,-18.0,20.19,1.586,97.1,Aggressive
4,396,npc_10,107.97,0.619,205.13,0.0,28.38,Conservative
4,396,npc_12,91.6,7.672,12.07,1.466,100.0,Aggressive
4,396,npc_13,106.86,-0.461,139.48,0.0,27.22,Conservative
4,396,npc_14,99.83,-0.687,214.75,0.0,24.9,Conservative
4,396,npc_2,99.51,-0.734,159.28,0.0,24.94,Conservative
4,396,npc_3,99.95,-0.022,197.87,0.0,22.29,Conservative
4,396,npc_4,89.55,0.335,261.54,0.0,19.16,Conservative
4,396,npc_5,102.61,-0.396,173.93,0.0,24.98,Conservative
4,396,npc_6,95.36,-0.121,200.96,0.0,20.69,Conservative
4,396,npc_8,92.12,-0.209,152.61,0.0,19.69,Conservative
4,396,npc_9,107.62,-0.548,123.55,0.0,27.93,Conservative
4,400,npc_0,93.41,2.572,174.43,0.0,29.68,Conservative
4,400,npc_1,60.56,-5.231,19.92,1.568,97.11,Aggressive
4,400,npc_10,107.67,-0.844,210.69,0.0,29.14,Conservative
4,400,npc_12,94.16,7.129,8.32,1.508,100.0,Aggressive
4,400,npc_13,106.85,-0.045,144.94,0.0,25.55,Conservative
4,400,npc_14,99.88,0.148,219.44,0.0,22.76,Conservative
4,400,npc_2,99.24,-0.769,163.89,0.0,24.96,Conservative
4,400,npc_3,99.82,-0.36,202.56,0.0,23.58,Conservative
4,400,npc_4,89.3,-0.692,258.01,0.0,20.49,Conservative
4,400,npc_5,102.13,-1.336,178.9,0.0,28.52,Conservative
4,400,npc_6,95.61,0.688,205.17,0.0,23.07,Conservative
4,400,npc_8,92.26,0.395,148.72,0.574,35.81,Normal
4,400,npc_9,107.65,0.073,129.12,0.0,26.04,Conservative
4,404,npc_0,93.4,-0.036,169.47,0.574,34.84,Conservative
4,404,npc_1,58.62,-5.399,18.94,1.542,98.52,Aggressive
4,404,npc_10,107.62,-0.14,217.05,0.0,26.3,Conservative
4,404,npc_12,96.94,7.721,4.15,1.542,100.0,Aggressive
4,404,npc_13,107.02,0.469,151.22,0.0,27.33,Conservative
4,404,npc_14,99.75,-0.384,224.93,0.0,23.65,Conservative
4,404,npc_2,99.22,-0.053,169.31,0.0,22.09,Conservative
4,404,npc_3,99.83,0.012,208.05,0.0,22.19,Conservative
4,404,npc_4,89.53,0.645,253.65,0.0,20.4,Conservative
4,404,npc_5,102.05,-0.214,184.66,0.0,24.0,Conservative
4,404,npc_6,95.45,-0.426,210.19,0.0,21.95,Conservative
4,404,npc_8,92.18,-0.222,144.08,0.798,41.06,Normal
4,404,npc_9,107.72,0.184,135.49,0.0,26.52,Conservative
4,408,npc_0,92.49,-2.51,164.02,0.798,50.34,Normal
4,408,npc_1,58.88,0.715,17.13,1.508,85.13,Aggressive
4,408,npc_10,107.84,0.62,224.23,0.0,28.33,Conservative
4,408,npc_12,99.45,6.961,4.75,1.568,100.0,Aggressive
4,408,npc_13,106.87,-0.411,158.3,0.0,27.02,Conservative
4,408,npc_14,99.93,0.516,231.23,0.0,24.26,Conservative
4,408,npc_2,98.66,-1.555,175.46,0.0,27.85,Conservative
4,408,npc_3,100.07,0.659,214.35,0.0,24.89,Conservative
4,408,npc_4,89.47,-0.169,248.51,0.0,18.47,Conservative
4,408,npc_5,102.42,1.033,191.22,0.0,27.44,Conservative
4,408,npc_6,95.24,-0.596,215.99,0.0,22.54,Conservative
4,408,npc_8,92.13,-0.128,138.62,0.96,44.97,Normal
4,408,npc_9,107.9,0.503,142.67,0.0,27.88,Conservative
4,412,npc_0,92.1,-1.098,158.58,0.96,48.84,Normal
4,412,npc_1,58.89,0.042,15.39,1.466,85.32,Aggressive
4,412,npc_10,107.69,-0.426,231.41,0.0,27.47,Conservative
4,412,npc_12,102.86,9.459,10.5,1.586,100.0,Aggressive
4,412,npc_13,106.69,-0.508,165.36,0.0,27.32,Conservative
4,412,npc_14,99.67,-0.737,237.53,0.0,25.02,Conservative
4,412,npc_2,98.48,-0.502,181.61,0.0,23.56,Conservative
4,412,npc_3,99.69,-1.044,220.65,0.0,26.26,Conservative
4,412,npc_4,89.49,0.038,243.36,0.0,17.95,Conservative
4,412,npc_5,101.7,-1.99,197.75,0.0,30.95,Conservative
4,412,npc_6,95.37,0.352,221.78,0.0,21.62,Conservative
4,412,npc_8,92.38,0.697,133.17,1.088,50.76,Normal
4,412,npc_9,107.77,-0.359,149.84,0.0,27.25,Conservative
4,416,npc_0,92.36,0.732,152.32,1.088,50.89,Normal
4,416,npc_1,59.34,1.25,12.86,1.415,94.7,Aggressive
4,416,npc_10,107.9,0.585,239.4,0.0,28.21,Conservative
4,416,npc_12,105.37,6.975,17.88,1.596,100.0,Aggressive
4,416,npc_13,106.66,-0.066,173.23,0.0,25.54,Conservative
4,416,npc_14,99.97,0.857,244.63,0.0,25.64,Conservative
4,416,npc_2,98.14,-0.946,188.53,0.0,25.19,Conservative
4,416,npc_3,100.02,0.922,227.75,0.0,25.92,Conservative
4,416,npc_4,89.32,-0.462,237.43,0.0,19.58,Conservative
4,416,npc_5,101.78,0.214,205.06,0.0,23.88,Conservative
4,416,npc_6,95.65,0.794,228.39,0.0,23.51,Conservative
4,416,npc_8,92.46,0.219,126.91,1.193,51.68,Normal
4,416,npc_9,107.42,-0.96,157.79,0.0,29.48,Conservative
4,420,npc_0,92.46,0.285,145.26,1.193,51.94,Normal
4,420,npc_1,59.96,1.724,9.54,1.353,100.0,Aggressive
4,420,npc_10,107.56,-0.951,248.17,0.0,29.51,Conservative
4,420,npc_12,107.77,6.678,26.46,1.6,100.0,Aggressive
4,420,npc_13,106.89,0.638,181.89,0.0,27.94,Conservative
4,420,npc_14,99.98,0.008,252.52,0.0,22.25,Conservative
4,420,npc_2,98.17,0.09,196.23,0.0,21.77,Conservative
4,420,npc_3,99.65,-1.021,235.64,0.0,26.15,Conservative
4,420,npc_4,89.57,0.679,230.67,0.0,20.54,Conservative
4,420,npc_5,101.54,-0.657,213.17,0.0,25.54,Conservative
4,420,npc_6,95.54,-0.313,235.79,0.0,21.53,Conservative
4,420,npc_8,92.18,-0.797,119.85,1.28,56.2,Normal
4,420,npc_9,107.11,-0.862,166.51,0.0,28.94,Conservative
4,424,npc_0,92.11,-0.988,138.16,1.28,56.94,Normal
4,424,npc_1,60.33,1.034,6.34,1.353,100.0,Aggressive
4,424,npc_10,107.65,0.264,257.0,0.0,26.81,Conservative
4,424,npc_12,107.63,-0.39,35.62,1.596,73.92,Aggressive
4,424,npc_13,106.76,-0.368,190.64,0.0,26.8,Conservative
4,424,npc_14,99.69,-0.811,260.45,0.0,25.33,Conservative
4,424,npc_2,97.79,-1.065,203.84,0.0,25.51,Conservative
4,424,npc_3,100.03,1.047,243.53,0.0,26.42,Conservative
4,424,npc_4,89.52,-0.13,223.87,0.0,18.33,Conservative
4,424,npc_5,101.82,0.751,221.3,0.0,26.04,Conservative
4,424,npc_6,95.62,0.214,243.13,0.0,21.17,Conservative
4,424,npc_8,92.14,-0.088,112.84,1.353,55.31,Normal
4,424,npc_9,106.99,-0.34,175.16,0.0,26.8,Conservative
4,428,npc_0,92.53,1.183,131.91,1.353,59.85,Normal
4,428,npc_1,58.48,-5.142,4.32,1.353,100.0,Aggressive
4,428,npc_10,107.67,0.044,264.98,0.0,25.94,Conservative
4,428,npc_12,107.96,0.916,43.49,1.586,70.92,Aggressive
4,428,npc_13,106.73,-0.092,198.51,0.0,25.68,Conservative
4,428,npc_14,99.83,0.398,267.54,0.0,23.74,Conservative
4,428,npc_2,97.64,-0.401,210.71,0.0,22.79,Conservative
4,428,npc_3,99.69,-0.946,250.62,0.0,25.87,Conservative
4,428,npc_4,89.45,-0.196,217.91,0.0,18.56,Conservative
4,428,npc_5,101.17,-1.798,228.56,0.0,29.94,Conservative
4,428,npc_6,95.54,-0.224,249.73,0.0,21.18,Conservative
4,428,npc_8,92.33,0.519,106.59,1.415,58.76,Normal
4,428,npc_9,106.51,-1.323,182.99,0.0,30.5,Conservative
4,432,npc_0,92.52,-0.025,126.44,1.415,56.86,Normal
4,432,npc_1,58.7,0.611,3.38,1.353,100.0,Aggressive
4,432,npc_10,107.71,0.1,272.14,0.0,26.18,Conservative
4,432,npc_12,107.61,-0.977,50.61,1.568,69.64,Normal
4,432,npc_13,107.03,0.833,205.57,0.0,28.79,Conservative
4,432,npc_14,99.8,-0.072,273.83,0.0,22.42,Conservative
4,432,npc_2,97.85,0.587,216.77,0.0,23.62,Conservative
4,432,npc_3,99.65,-0.117,256.91,0.0,22.53,Conservative
4,432,npc_4,89.64,0.528,212.76,0.0,19.97,Conservative
4,432,npc_5,101.28,0.316,235.03,0.0,24.06,Conservative
4,432,npc_6,95.47,-0.175,255.53,0.0,20.96,Conservative
4,432,npc_8,92.16,-0.473,101.12,1.466,59.87,Normal
4,432,npc_9,106.01,-1.386,189.98,0.0,30.52,Conservative
4,436,npc_0,92.23,-0.828,121.03,1.466,61.32,Normal
4,436,npc_1,57.5,-3.33,3.24,1.28,100.0,Aggressive
4,436,npc_10,107.83,0.35,279.41,0.0,27.24,Conservative
4,436,npc_12,107.73,0.343,58.17,1.542,67.16,Normal
4,436,npc_13,106.8,-0.639,212.77,0.0,27.9,Conservative
4,436,npc_14,99.69,-0.303,280.18,0.0,23.3,Conservative
4,436,npc_2,97.59,-0.723,222.8,0.0,24.06,Conservative
4,436,npc_3,99.87,0.609,263.23,0.0,24.6,Conservative
4,436,npc_4,89.68,0.121,207.59,0.0,18.36,Conservative
4,436,npc_5,101.25,-0.083,241.55,0.0,23.12,Conservative
4,436,npc_6,95.53,0.154,261.32,0.0,20.9,Conservative
4,436,npc_8,92.22,0.154,95.84,1.508,59.51,Normal
4,436,npc_9,105.92,-0.265,196.97,0.0,25.99,Conservative
4,440,npc_0,92.51,0.791,114.77,1.508,62.18,Normal
4,440,npc_1,59.89,6.62,4.42,1.193,100.0,Aggressive
4,440,npc_12,107.76,0.089,66.05,1.508,66.16,Normal
4,440,npc_13,106.62,-0.479,220.61,0.0,27.18,Conservative
4,440,npc_2,97.71,0.336,229.64,0.0,22.56,Conservative
4,440,npc_3,101.5,4.545,270.39,0.0,41.08,Normal
4,440,npc_4,89.33,-0.969,201.64,0.0,21.61,Conservative
4,440,npc_5,102.74,4.133,248.86,0.0,39.99,Normal
4,440,npc_6,95.41,-0.337,267.92,0.0,21.58,Conservative
4,440,npc_8,92.38,0.465,89.58,1.542,60.83,Normal
4,440,npc_9,106.08,0.442,204.71,0.0,26.77,Conservative
4,444,npc_0,92.34,-0.465,109.31,1.542,60.81,Normal
4,444,npc_1,62.28,6.654,6.0,1.088,100.0,Aggressive
4,444,npc_12,107.94,0.477,73.15,1.466,66.9,Normal
4,444,npc_13,107.04,1.163,227.67,0.0,30.11,Conservative
4,444,npc_2,97.31,-1.125,235.65,0.0,25.54,Conservative
4,444,npc_4,89.32,-0.035,196.5,0.0,17.87,Conservative
4,444,npc_5,105.28,7.065,255.61,0.574,59.95,Normal
4,444,npc_6,95.38,-0.075,273.72,0.0,20.52,Conservative
4,444,npc_8,92.37,-0.042,84.14,1.568,59.13,Normal
4,444,npc_9,107.6,4.234,211.83,0.0,42.67,Normal
4,448,npc_0,92.5,0.431,103.86,1.568,60.74,Normal
4,448,npc_1,65.14,7.93,8.05,0.96,100.0,Aggressive
4,448,npc_12,107.88,-0.148,80.28,1.415,64.19,Normal
4,448,npc_13,107.03,-0.044,234.75,0.0,25.63,Conservative
4,448,npc_2,99.21,5.277,241.77,0.0,41.87,Normal
4,448,npc_4,89.38,0.178,191.36,0.0,18.47,Conservative
4,448,npc_5,107.63,6.525,262.69,0.798,67.03,Normal
4,448,npc_8,92.1,-0.746,78.7,1.586,61.83,Normal
4,448,npc_9,107.95,0.979,219.01,0.0,29.81,Conservative
4,452,npc_0,92.1,-1.095,98.36,1.586,63.23,Normal
4,452,npc_1,68.08,8.167,10.02,0.96,100.0,Aggressive
4,452,npc_12,107.9,0.058,87.11,1.353,62.2,Normal
4,452,npc_13,106.91,-0.336,241.71,0.0,26.74,Conservative
4,452,npc_2,102.17,8.221,248.24,0.0,43.2,Normal
4,452,npc_4,89.63,0.678,186.23,0.0,20.56,Conservative
4,452,npc_8,92.34,0.661,73.05,1.596,61.59,Normal
4,452,npc_9,107.97,0.037,226.16,0.0,26.05,Conservative
4,456,npc_0,92.45,0.958,92.84,1.801,62.82,Normal
4,456,npc_1,70.85,7.701,13.36,0.96,99.71,Aggressive
4,456,npc_12,107.79,-0.303,94.1,1.28,61.16,Normal
4,456,npc_13,106.86,-0.13,248.71,0.0,25.89,Conservative
4,456,npc_2,105.28,8.631,255.06,0.0,44.63,Normal
4,456,npc_4,89.37,-0.711,181.17,0.0,20.6,Conservative
4,456,npc_8,92.39,0.155,67.59,1.798,59.59,Normal
4,456,npc_9,107.66,-0.842,233.35,0.0,29.13,Conservative
4,460,npc_0,92.17,-0.786,88.19,1.97,62.02,Normal
4,460,npc_1,73.6,7.63,15.76,0.96,95.15,Aggressive
4,460,npc_12,107.64,-0.433,100.47,1.193,59.28,Normal
4,460,npc_13,106.8,-0.178,254.98,0.0,26.06,Conservative
4,460,npc_4,89.61,0.672,176.82,0.0,20.54,Conservative
4,460,npc_8,92.35,-0.11,62.95,1.955,59.39,Normal
4,460,npc_9,107.85,0.515,239.73,0.0,27.91,Conservative
4,464,npc_0,92.21,0.11,84.33,2.104,59.33,Normal
4,464,npc_1,76.44,7.906,17.7,0.96,91.96,Aggressive
4,464,npc_12,107.61,-0.079,106.05,1.088,55.06,Normal
4,464,npc_4,89.54,-0.2,173.28,0.0,18.62,Conservative
4,464,npc_8,92.49,0.378,59.09,2.079,60.52,Normal
4,464,npc_9,107.95,0.288,245.3,0.0,27.05,Conservative
4,468,npc_0,89.03,-8.818,80.67,2.209,77.61,Aggressive
4,468,npc_1,79.26,7.818,20.71,0.96,87.02,Aggressive
4,468,npc_12,107.96,0.962,111.59,0.96,55.35,Normal
4,468,npc_4,89.4,-0.387,169.89,0.0,19.31,Conservative
4,468,npc_8,86.84,-15.701,55.45,2.176,76.76,Aggressive
4,472,npc_0,86.11,-8.12,77.42,2.29,76.48,Aggressive
4,472,npc_1,81.82,7.115,22.49,0.96,84.7,Aggressive
4,472,npc_12,107.6,-1.001,117.2,0.798,51.02,Normal
4,472,npc_4,89.35,-0.154,166.2,0.0,18.36,Conservative
4,472,npc_8,87.0,0.456,52.4,2.248,58.65,Normal
4,476,npc_0,88.82,7.534,74.05,2.349,77.53,Aggressive
4,476,npc_1,84.31,6.929,25.32,0.96,80.89,Aggressive
4,476,npc_12,107.82,0.621,122.77,0.574,43.63,Normal
4,476,npc_4,89.67,0.901,162.65,0.0,21.47,Conservative
4,476,npc_8,89.55,7.09,48.96,2.298,77.86,Aggressive
4,480,npc_0,90.22,3.896,71.32,2.388,73.68,Aggressive
4,480,npc_1,86.67,6.558,27.64,0.96,78.3,Aggressive
4,480,npc_12,107.99,0.462,127.54,0.0,27.76,Conservative
4,480,npc_4,89.34,-0.915,159.91,0.0,21.4,Conservative
4,480,npc_8,92.31,7.66,46.01,2.327,79.45,Aggressive
4,484,npc_0,92.44,6.162,69.12,2.407,78.99,Aggressive
4,484,npc_1,89.57,8.034,29.46,0.96,76.93,Aggressive
4,484,npc_12,107.81,-0.487,131.52,0.0,27.78,Conservative
4,484,npc_4,89.73,1.065,157.96,0.0,22.15,Conservative
4,484,npc_8,92.31,-0.008,43.75,2.337,60.22,Normal
4,488,npc_0,92.14,-0.828,67.67,2.407,62.18,Normal
4,488,npc_1,92.21,7.356,30.79,0.96,76.31,Aggressive
4,488,npc_12,107.79,-0.046,134.7,0.0,26.0,Conservative
4,488,npc_4,89.33,-1.102,156.81,0.0,22.14,Conservative
4,488,npc_8,92.37,0.172,42.3,2.327,61.54,Normal
4,492,npc_0,92.48,0.938,67.0,2.388,62.76,Normal
4,492,npc_1,94.89,7.426,31.62,0.96,76.42,Aggressive
4,492,npc_12,107.91,0.31,137.08,0.0,27.12,Conservative
4,492,npc_4,89.6,0.756,156.45,0.0,20.87,Conservative
4,492,npc_8,92.3,-0.201,41.63,2.298,61.97,Normal
4,496,npc_0,92.29,-0.519,66.34,2.349,61.01,Normal
4,496,npc_1,97.82,8.14,32.76,0.96,76.38,Aggressive
4,496,npc_12,107.9,-0.015,139.46,0.0,25.93,Conservative
4,496,npc_4,89.52,-0.22,156.11,0.0,18.69,Conservative
4,496,npc_8,92.32,0.051,40.98,2.248,61.75,Normal
4,500,npc_0,92.17,-0.335,65.76,2.29,60.22,Normal
4,500,npc_1,100.57,7.658,34.06,0.96,76.21,Aggressive
4,500,npc_12,107.86,-0.109,141.93,0.0,26.29,Conservative
4,500,npc_4,89.46,-0.166,155.66,0.0,18.45,Conservative
4,500,npc_8,92.14,-0.489,40.7,2.176,63.59,Normal
4,504,npc_0,92.33,0.434,65.91,2.209,60.68,Normal
4,504,npc_1,103.14,7.123,35.02,0.96,76.42,Aggressive
4,504,npc_12,107.72,-0.377,143.5,0.0,27.3,Conservative
4,504,npc_4,89.68,0.594,156.11,0.0,20.25,Conservative
4,504,npc_8,92.47,0.928,40.84,2.079,65.4,Normal
4,508,npc_0,92.23,-0.285,65.96,2.104,60.04,Normal
4,508,npc_1,105.87,7.59,36.41,0.96,76.42,Aggressive
4,508,npc_12,107.73,0.014,144.97,0.0,25.84,Conservative
4,508,npc_4,89.39,-0.784,156.67,0.0,20.9,Conservative
4,508,npc_8,92.51,0.098,40.59,1.955,62.24,Normal
4,512,npc_0,92.35,0.331,66.1,1.97,60.28,Normal
4,512,npc_1,107.92,5.701,37.93,0.96,76.15,Aggressive
4,512,npc_4,89.69,0.815,157.1,0.0,21.14,Conservative
4,512,npc_8,92.36,-0.42,40.74,1.798,63.38,Normal
4,516,npc_0,92.23,-0.322,66.33,1.801,60.19,Normal
4,516,npc_1,107.93,0.008,39.88,0.96,54.79,Normal
4,516,npc_4,89.61,-0.221,157.71,0.0,18.73,Conservative
4,516,npc_8,92.15,-0.58,40.77,1.596,63.92,Normal
4,520,npc_0,92.11,-0.345,66.47,1.586,60.23,Normal
4,520,npc_1,107.71,-0.601,41.42,0.96,56.14,Normal
4,520,npc_4,89.55,-0.16,158.16,0.0,18.46,Conservative
4,520,npc_8,92.16,0.015,40.91,1.586,61.58,Normal
4,524,npc_0,89.29,-7.816,65.94,1.568,77.72,Aggressive
4,524,npc_1,107.62,-0.241,43.76,0.96,53.55,Normal
4,524,npc_4,89.33,-0.621,157.81,0.0,20.21,Conservative
4,524,npc_8,87.8,-12.105,40.5,1.568,80.02,Aggressive
4,528,npc_0,88.69,-1.687,66.55,1.542,64.22,Normal
4,528,npc_1,107.83,0.571,45.31,0.96,54.43,Normal
4,528,npc_4,89.5,0.483,158.26,0.0,19.73,Conservative
4,528,npc_8,89.48,4.686,41.06,1.542,79.09,Aggressive
4,532,npc_0,91.35,7.39,66.92,1.508,78.54,Aggressive
4,532,npc_1,107.86,0.1,46.88,0.96,52.17,Normal
4,532,npc_4,89.59,0.257,158.71,0.0,18.86,Conservative
4,532,npc_8,92.23,7.628,41.34,1.508,81.3,Aggressive
4,536,npc_0,92.4,2.933,67.87,1.466,69.81,Normal
4,536,npc_1,108.0,0.375,47.66,0.96,53.19,Normal
4,536,npc_4,89.72,0.363,159.95,0.0,19.34,Conservative
4,536,npc_8,92.33,0.265,42.28,1.466,61.01,Normal
4,540,npc_0,92.15,-0.71,69.61,1.415,59.45,Normal
4,540,npc_1,107.91,-0.26,47.65,0.96,52.69,Normal
4,540,npc_4,89.49,-0.654,162.01,0.0,20.41,Conservative
4,540,npc_8,92.48,0.433,44.02,1.415,59.62,Normal
4,544,npc_0,92.48,0.927,71.27,1.353,58.81,Normal
4,544,npc_1,107.62,-0.791,47.3,0.798,50.42,Normal
4,544,npc_4,89.65,0.461,163.9,0.0,19.71,Conservative
4,544,npc_8,92.44,-0.111,45.86,1.353,56.08,Normal
4,548,npc_0,92.45,-0.074,73.07,1.28,53.43,Normal
4,548,npc_1,107.94,0.882,47.17,0.574,44.99,Normal
4,548,npc_4,89.63,-0.067,165.86,0.0,18.12,Conservative
4,548,npc_8,92.3,-0.402,47.91,1.28,54.81,Normal
4,552,npc_0,92.12,-0.931,74.75,1.193,54.38,Normal
4,552,npc_4,89.51,-0.32,168.0,0.0,19.09,Conservative
4,552,npc_8,92.3,0.009,49.34,1.193,50.78,Normal
4,556,npc_0,92.23,0.31,75.7,1.088,49.15,Normal
4,556,npc_4,89.65,0.37,169.25,0.0,19.34,Conservative
4,556,npc_8,92.19,-0.304,50.28,1.088,49.11,Normal
4,560,npc_0,92.11,-0.344,75.84,0.96,45.83,Normal
4,560,npc_4,89.44,-0.576,169.71,0.0,20.08,Conservative
4,560,npc_8,92.29,0.261,50.42,0.96,45.57,Normal
4,564,npc_0,92.15,0.132,76.78,0.798,40.68,Normal
4,564,npc_4,89.64,0.542,170.96,0.0,20.02,Conservative
4,564,npc_8,92.44,0.44,51.36,0.798,42.04,Normal
5,4,npc_0,82.05,-28.077,119.35,1.267,68.73,Normal
5,4,npc_1,71.39,-101.529,30.65,0.574,58.62,Normal
5,4,npc_10,72.72,-97.523,159.72,0.574,47.07,Normal
5,4,npc_11,79.79,-77.742,280.49,1.415,71.88,Aggressive
5,4,npc_12,85.72,-61.144,69.19,0.0,36.33,Normal
5,4,npc_13,74.44,-89.862,60.21,0.0,32.32,Conservative
5,4,npc_14,67.27,-90.077,209.18,0.574,45.37,Normal
5,4,npc_2,85.93,-53.729,81.43,0.0,36.41,Normal
5,4,npc_3,78.08,-65.07,180.29,0.574,48.87,Normal
5,4,npc_4,63.74,-71.921,161.33,0.574,44.35,Normal
5,4,npc_5,79.66,-77.712,120.73,0.96,59.7,Normal
5,4,npc_6,76.62,-52.109,230.1,0.574,48.36,Normal
5,4,npc_7,69.26,-87.973,339.29,0.574,45.98,Normal
5,4,npc_8,74.42,-50.077,90.18,0.798,53.59,Normal
5,4,npc_9,76.86,-86.361,40.64,0.574,51.25,Normal
5,8,npc_0,84.74,7.481,117.25,1.596,75.96,Aggressive
5,8,npc_1,67.28,-11.402,30.11,0.798,64.0,Normal
5,8,npc_10,75.52,7.772,160.79,0.798,53.96,Normal
5,8,npc_11,82.5,7.515,282.34,1.415,72.86,Aggressive
5,8,npc_12,88.17,6.816,66.71,0.0,37.28,Normal
5,8,npc_13,76.76,6.426,61.45,0.0,33.09,Conservative
5,8,npc_14,70.09,7.852,209.67,0.798,52.2,Normal
5,8,npc_2,86.01,0.205,83.75,0.0,17.26,Conservative
5,8,npc_3,80.96,8.013,181.98,0.798,55.85,Normal
5,8,npc_4,66.19,6.795,161.26,0.798,51.02,Normal
5,8,npc_5,81.28,4.516,122.48,1.088,61.75,Normal
5,8,npc_6,79.41,7.737,231.6,0.798,55.3,Normal
5,8,npc_7,72.47,8.923,340.02,0.798,52.96,Normal
5,8,npc_8,77.5,8.562,88.89,0.798,54.63,Normal
5,8,npc_9,76.26,-1.668,41.83,0.798,43.02,Normal
5,12,npc_0,87.89,8.761,114.94,1.92,77.17,Aggressive
5,12,npc_1,67.79,1.423,30.41,0.96,53.79,Normal
5,12,npc_10,78.06,7.065,162.13,0.96,59.14,Normal
5,12,npc_11,85.73,8.978,284.52,1.415,74.07,Aggressive
5,12,npc_12,91.0,7.857,63.68,0.0,38.4,Normal
5,12,npc_13,79.27,6.967,62.69,0.0,33.96,Conservative
5,12,npc_14,73.05,8.203,210.38,0.96,57.46,Normal
5,12,npc_2,87.08,2.991,86.36,0.0,28.82,Conservative
5,12,npc_3,83.55,7.191,183.95,0.798,56.8,Normal
5,12,npc_4,69.2,8.352,160.92,0.96,56.24,Normal
5,12,npc_5,82.93,4.566,124.45,1.193,65.35,Normal
5,12,npc_6,81.77,6.562,233.4,0.96,60.46,Normal
5,12,npc_7,74.89,6.698,341.06,0.96,58.06,Normal
5,12,npc_8,80.21,7.523,87.23,0.96,59.9,Normal
5,12,npc_9,78.42,6.004,43.14,0.96,60.78,Normal
5,16,npc_0,90.49,7.218,112.42,2.176,78.2,Aggressive
5,16,npc_1,70.07,6.306,30.78,1.088,71.74,Aggressive
5,16,npc_10,80.43,6.569,163.76,0.96,59.98,Normal
5,16,npc_11,88.22,6.923,287.04,1.415,75.03,Aggressive
5,16,npc_12,86.65,-12.093,60.9,0.0,36.68,Normal
5,16,npc_13,82.15,7.997,64.42,0.0,35.0,Conservative
5,16,npc_14,75.61,7.111,211.43,1.088,61.71,Normal
5,16,npc_2,88.43,3.742,89.21,0.0,32.35,Conservative
5,16,npc_3,86.09,7.061,186.29,0.798,57.76,Normal
5,16,npc_4,71.63,6.77,160.37,1.088,60.41,Normal
5,16,npc_5,85.02,5.826,126.73,1.28,70.2,Aggressive
5,16,npc_6,84.65,8.009,235.56,1.088,64.93,Normal
5,16,npc_7,77.83,8.175,342.44,1.088,62.47,Normal
5,16,npc_8,83.18,8.251,85.37,1.088,64.38,Normal
5,16,npc_9,81.14,7.533,44.97,1.088,64.45,Normal
5,20,npc_0,93.13,7.336,109.37,2.385,79.27,Aggressive
5,20,npc_1,72.84,7.709,30.05,1.193,76.33,Aggressive
5,20,npc_10,83.06,7.3,165.69,0.96,60.93,Normal
5,20,npc_11,90.7,6.884,289.81,1.415,76.02,Aggressive
5,20,npc_12,83.98,-7.405,58.7,0.0,35.67,Normal
5,20,npc_13,84.96,7.815,66.53,0.0,36.04,Normal
5,20,npc_14,78.46,7.937,212.85,1.193,65.48,Normal
5,20,npc_2,90.54,5.872,91.96,0.0,38.22,Normal
5,20,npc_3,88.49,6.643,188.82,0.798,58.69,Normal
5,20,npc_4,74.53,8.057,159.42,1.193,64.15,Normal
5,20,npc_5,87.99,8.232,129.17,1.353,73.3,Aggressive
5,20,npc_6,86.92,6.289,237.93,1.193,68.59,Normal
5,20,npc_7,80.3,6.853,344.07,1.193,66.13,Normal
5,20,npc_8,84.5,3.67,83.19,1.193,62.35,Normal
5,20,npc_9,83.75,7.255,46.95,1.193,67.69,Normal
5,24,npc_0,94.01,2.441,105.83,2.407,69.4,Normal
5,24,npc_1,76.0,8.777,29.0,1.28,81.08,Aggressive
5,24,npc_10,85.6,7.074,167.9,0.96,61.88,Normal
5,24,npc_11,93.55,7.924,292.89,1.415,77.19,Aggressive
5,24,npc_12,82.8,-3.283,56.64,0.0,28.37,Conservative
5,24,npc_13,87.57,7.262,68.95,0.0,37.04,Normal
5,24,npc_14,80.79,6.466,214.53,1.28,68.64,Normal
5,24,npc_2,92.68,5.931,94.96,0.0,39.09,Normal
5,24,npc_3,91.46,8.275,191.66,0.798,59.88,Normal
5,24,npc_4,77.52,8.284,158.14,1.28,67.49,Normal
5,24,npc_5,90.77,7.735,131.94,1.415,76.05,Aggressive
5,24,npc_6,89.77,7.922,240.58,1.28,72.04,Aggressive
5,24,npc_7,83.37,8.543,346.0,1.28,69.58,Normal
5,24,npc_8,83.06,-3.987,81.1,1.28,65.41,Normal
5,24,npc_9,86.4,7.365,49.24,1.28,70.74,Aggressive
5,28,npc_0,87.53,-18.0,103.84,2.423,77.03,Aggressive
5,28,npc_1,78.77,7.686,28.39,1.353,84.83,Aggressive
5,28,npc_10,88.68,8.534,169.62,0.96,63.07,Normal
5,28,npc_11,95.7,5.951,295.44,1.415,78.09,Aggressive
5,28,npc_12,84.82,5.629,55.33,0.0,35.99,Normal
5,28,npc_13,90.93,9.319,70.92,0.0,38.37,Normal
5,28,npc_14,83.55,7.678,215.7,1.353,71.61,Aggressive
5,28,npc_2,95.0,6.45,97.4,0.0,40.06,Normal
5,28,npc_3,94.04,7.149,194.01,0.798,60.94,Normal
5,28,npc_4,80.23,7.532,157.35,1.353,70.4,Aggressive
5,28,npc_5,93.81,8.439,134.23,1.466,78.66,Aggressive
5,28,npc_6,92.56,7.751,242.75,1.353,75.13,Aggressive
5,28,npc_7,86.31,8.169,347.47,1.353,72.65,Aggressive
5,28,npc_8,83.93,2.42,79.86,1.353,61.43,Normal
5,28,npc_9,88.99,7.189,51.0,1.353,73.69,Aggressive
5,32,npc_0,83.71,-10.6,101.62,2.435,75.57,Aggressive
5,32,npc_1,81.21,6.785,26.77,1.415,89.66,Aggressive
5,32,npc_10,91.25,7.162,172.46,0.96,64.11,Normal
5,32,npc_11,98.75,8.489,299.08,1.415,79.41,Aggressive
5,32,npc_12,81.07,-10.434,53.3,0.0,34.6,Conservative
5,32,npc_13,93.45,7.007,73.99,0.0,39.41,Normal
5,32,npc_14,86.3,7.62,217.96,1.415,74.29,Aggressive
5,32,npc_2,97.78,7.706,100.93,0.0,41.24,Normal
5,32,npc_3,96.75,7.544,197.46,0.798,62.09,Normal
5,32,npc_4,82.89,7.394,155.45,1.415,73.0,Aggressive
5,32,npc_5,97.08,9.085,137.68,1.508,80.94,Aggressive
5,32,npc_6,95.51,8.214,246.05,1.415,78.01,Aggressive
5,32,npc_7,88.89,7.17,350.04,1.415,75.3,Aggressive
5,32,npc_8,82.09,-5.109,77.74,1.415,72.71,Aggressive
5,32,npc_9,92.0,8.369,53.88,1.415,76.54,Aggressive
5,36,npc_0,80.42,-9.144,99.82,2.442,74.37,Aggressive
5,36,npc_1,83.74,7.026,24.92,1.466,94.82,Aggressive
5,36,npc_10,93.88,7.278,175.57,0.96,65.18,Normal
5,36,npc_11,101.52,7.7,303.04,1.466,82.01,Aggressive
5,36,npc_12,79.9,-3.247,51.58,0.0,27.18,Conservative
5,36,npc_13,96.34,8.016,77.38,0.0,40.62,Normal
5,36,npc_14,89.08,7.734,220.54,1.466,76.74,Aggressive
5,36,npc_2,99.9,5.91,104.73,0.0,42.18,Normal
5,36,npc_3,99.41,7.381,201.17,0.798,63.25,Normal
5,36,npc_4,85.3,6.697,153.28,1.466,75.27,Aggressive
5,36,npc_5,99.63,7.075,141.43,1.542,82.06,Aggressive
5,36,npc_6,95.33,-0.521,249.45,1.466,61.38,Normal
5,36,npc_7,91.12,6.182,352.87,1.466,77.56,Aggressive
5,36,npc_8,80.17,-5.336,75.99,1.466,73.39,Aggressive
5,36,npc_9,95.05,8.477,57.11,1.466,79.18,Aggressive
5,40,npc_0,80.09,-0.917,98.94,2.444,57.92,Normal
5,40,npc_1,86.71,8.247,23.53,1.508,99.13,Aggressive
5,40,npc_10,96.85,8.265,178.21,0.96,66.44,Normal
5,40,npc_11,104.29,7.681,306.51,1.508,84.17,Aggressive
5,40,npc_12,81.18,3.551,50.65,0.0,28.85,Conservative
5,40,npc_13,99.28,8.184,80.29,0.0,41.9,Normal
5,40,npc_14,91.48,6.651,222.62,1.508,78.6,Aggressive
5,40,npc_2,101.94,5.655,107.96,0.0,43.09,Normal
5,40,npc_3,102.04,7.315,204.42,0.798,64.43,Normal
5,40,npc_4,88.11,7.803,151.62,1.508,77.25,Aggressive
5,40,npc_5,101.78,5.984,144.65,1.568,83.02,Aggressive
5,40,npc_6,95.36,0.083,252.05,1.508,60.54,Normal
5,40,npc_7,93.69,7.136,355.15,1.508,79.51,Aggressive
5,40,npc_8,80.78,1.677,75.09,1.508,61.21,Normal
5,40,npc_9,98.03,8.276,59.88,1.508,81.36,Aggressive
5,44,npc_0,82.21,5.874,97.89,2.442,75.02,Aggressive
5,44,npc_1,89.89,8.852,21.85,1.542,100.0,Aggressive
5,44,npc_10,98.76,5.301,181.1,0.96,67.27,Normal
5,44,npc_11,106.92,7.304,310.28,1.542,85.4,Aggressive
5,44,npc_12,82.76,4.393,49.5,0.0,32.8,Conservative
5,44,npc_13,101.88,7.208,83.5,0.0,43.06,Normal
5,44,npc_14,94.34,7.949,224.98,1.542,79.78,Aggressive
5,44,npc_2,103.83,5.24,111.4,0.0,43.96,Normal
5,44,npc_3,101.89,-0.432,207.75,0.798,46.09,Normal
5,44,npc_4,89.64,4.246,149.69,1.542,74.84,Aggressive
5,44,npc_5,104.07,6.368,148.12,1.586,84.07,Aggressive
5,44,npc_6,95.61,0.703,254.67,1.542,63.13,Normal
5,44,npc_7,96.3,7.256,357.75,1.542,80.61,Aggressive
5,44,npc_8,83.06,6.327,73.95,1.542,75.33,Aggressive
5,44,npc_9,101.12,8.567,62.99,1.542,82.72,Aggressive
5,48,npc_0,83.95,4.84,97.44,2.435,75.02,Aggressive
5,48,npc_1,92.38,6.915,20.62,1.568,100.0,Aggressive
5,48,npc_10,100.85,5.804,183.43,0.96,68.2,Normal
5,48,npc_11,107.87,2.647,313.47,1.568,76.45,Aggressive
5,48,npc_12,85.09,6.465,48.97,0.0,36.12,Normal
5,48,npc_13,104.7,7.847,86.22,0.0,44.36,Normal
5,48,npc_14,96.95,7.252,226.85,1.568,80.89,Aggressive
5,48,npc_2,106.52,7.497,114.31,0.0,45.22,Normal
5,48,npc_3,101.65,-0.676,210.26,0.798,46.95,Normal
5,48,npc_4,89.46,-0.507,148.55,1.568,59.81,Normal
5,48,npc_5,106.88,7.809,151.07,1.596,85.39,Aggressive
5,48,npc_6,95.36,-0.689,256.47,1.568,62.96,Normal
5,48,npc_7,99.03,7.595,359.85,1.568,81.8,Aggressive
5,48,npc_8,84.52,4.073,73.45,1.568,72.17,Aggressive
5,48,npc_9,103.94,7.833,65.62,1.568,84.01,Aggressive
5,52,npc_0,86.53,7.172,96.74,2.423,76.64,Aggressive
5,52,npc_1,94.98,7.219,19.18,1.586,100.0,Aggressive
5,52,npc_10,102.8,5.428,185.97,0.96,69.09,Normal
5,52,npc_11,107.69,-0.501,316.64,1.586,67.78,Normal
5,52,npc_12,87.06,5.471,48.16,0.0,36.95,Normal
5,52,npc_13,106.9,6.109,89.23,0.0,45.4,Normal
5,52,npc_14,99.77,7.838,229.02,1.586,82.12,Aggressive
5,52,npc_2,107.69,3.247,117.46,0.0,38.76,Normal
5,52,npc_3,100.85,-2.209,212.7,0.798,52.72,Normal
5,52,npc_4,89.34,-0.329,147.4,1.586,59.05,Normal
5,52,npc_5,107.82,2.605,154.25,1.6,76.25,Aggressive
5,52,npc_6,95.58,0.608,258.26,1.586,62.73,Normal
5,52,npc_7,101.06,5.62,362.22,1.586,82.69,Aggressive
5,52,npc_8,86.84,6.453,72.67,1.586,76.76,Aggressive
5,52,npc_9,106.4,6.836,68.54,1.586,85.16,Aggressive
5,56,npc_0,86.59,0.168,95.88,2.407,57.34,Normal
5,56,npc_1,97.82,7.871,17.52,1.596,100.0,Aggressive
5,56,npc_10,103.39,1.641,188.68,0.96,55.92,Normal
5,56,npc_11,107.64,-0.13,319.82,1.596,66.27,Normal
5,56,npc_12,86.59,-1.292,47.33,0.0,22.06,Conservative
5,56,npc_13,106.89,-0.023,92.31,0.0,25.48,Conservative
5,56,npc_14,99.96,0.513,231.31,1.596,64.25,Normal
5,56,npc_2,107.75,0.165,120.62,0.0,26.46,Conservative
5,56,npc_3,100.78,-0.194,215.12,0.798,44.63,Normal
5,56,npc_4,89.71,1.042,146.26,1.596,62.06,Normal
5,56,npc_5,107.61,-0.598,157.42,1.596,68.12,Normal
5,56,npc_6,95.45,-0.369,260.07,1.596,61.72,Normal
5,56,npc_7,100.98,-0.213,364.64,1.596,63.51,Normal
5,56,npc_8,87.43,1.628,71.79,1.596,63.5,Normal
5,56,npc_9,106.74,0.942,71.61,1.596,69.08,Normal
5,60,npc_0,86.78,0.521,95.85,2.385,58.82,Normal
5,60,npc_1,100.24,6.742,16.34,1.6,100.0,Aggressive
5,60,npc_10,103.32,-0.205,190.56,0.96,50.14,Normal
5,60,npc_11,107.63,-0.038,322.19,1.6,65.89,Normal
5,60,npc_12,88.14,4.292,47.25,0.0,34.67,Conservative
5,60,npc_13,106.91,0.034,94.57,0.0,25.53,Conservative
5,60,npc_14,100.09,0.384,232.82,1.6,63.8,Normal
5,60,npc_2,107.64,-0.311,122.98,0.0,26.99,Conservative
5,60,npc_3,100.64,-0.403,216.71,0.798,45.41,Normal
5,60,npc_4,89.54,-0.485,145.91,1.6,59.75,Normal
5,60,npc_5,107.61,0.017,159.78,1.586,65.8,Normal
5,60,npc_6,95.46,0.034,261.08,1.6,60.39,Normal
5,60,npc_7,101.03,0.147,366.27,1.6,63.27,Normal
5,60,npc_8,87.62,0.513,71.75,1.6,59.11,Normal
5,60,npc_9,106.77,0.091,73.87,1.6,65.7,Normal
5,64,npc_0,89.68,8.069,96.41,2.359,77.87,Aggressive
5,64,npc_1,103.03,7.728,15.59,1.596,100.0,Aggressive
5,64,npc_10,103.26,-0.174,191.64,0.96,49.99,Normal
5,64,npc_11,107.85,0.622,323.77,1.596,68.34,Normal
5,64,npc_12,90.79,7.381,47.68,0.0,38.49,Normal
5,64,npc_13,107.01,0.284,96.05,0.0,26.58,Conservative
5,64,npc_14,100.03,-0.169,233.53,1.596,62.91,Normal
5,64,npc_2,107.59,-0.139,124.54,0.0,26.28,Conservative
5,64,npc_3,100.82,0.524,217.41,1.006,51.52,Normal
5,64,npc_4,89.57,0.078,146.37,1.596,58.14,Normal
5,64,npc_5,107.86,0.678,161.36,1.568,68.56,Normal
5,64,npc_6,95.61,0.403,261.3,1.596,61.92,Normal
5,64,npc_7,101.28,0.685,367.11,1.596,65.53,Normal
5,64,npc_8,90.26,7.337,72.23,1.596,78.1,Aggressive
5,64,npc_9,106.99,0.626,75.34,1.596,67.94,Normal
5,68,npc_0,92.21,7.02,96.51,2.327,78.9,Aggressive
5,68,npc_1,105.49,6.855,12.79,1.586,100.0,Aggressive
5,68,npc_10,102.8,-1.258,192.7,0.96,54.12,Normal
5,68,npc_11,107.67,-0.518,325.33,1.586,67.83,Normal
5,68,npc_12,93.82,8.4,47.88,0.0,39.7,Normal
5,68,npc_13,106.97,-0.109,97.58,0.0,25.86,Conservative
5,68,npc_14,99.86,-0.485,234.24,1.586,64.1,Normal
5,68,npc_2,107.58,-0.034,125.89,0.0,25.85,Conservative
5,68,npc_3,99.65,-3.265,218.08,1.168,66.29,Normal
5,68,npc_4,89.37,-0.559,146.71,1.586,59.98,Normal
5,68,npc_5,107.73,-0.342,162.84,1.542,67.16,Normal
5,68,npc_6,95.54,-0.19,261.44,1.586,61.04,Normal
5,68,npc_7,100.84,-1.212,367.89,1.586,67.45,Normal
5,68,npc_8,92.18,5.35,72.36,1.586,78.88,Aggressive
5,68,npc_9,106.89,-0.278,76.75,1.586,66.5,Normal
5,72,npc_0,92.24,0.068,96.61,2.29,59.18,Normal
5,72,npc_1,101.15,-12.055,10.46,1.568,100.0,Aggressive
5,72,npc_10,102.38,-1.165,193.79,0.96,53.55,Normal
5,72,npc_11,107.81,0.394,326.93,1.568,67.4,Normal
5,72,npc_12,96.27,6.825,48.02,0.0,40.72,Normal
5,72,npc_13,106.94,-0.072,99.21,0.0,25.7,Conservative
5,72,npc_14,99.99,0.36,235.0,1.568,63.66,Normal
5,72,npc_2,107.76,0.515,127.35,0.0,27.87,Conservative
5,72,npc_3,99.72,0.202,218.79,1.302,57.63,Normal
5,72,npc_4,89.51,0.396,147.13,1.568,59.39,Normal
5,72,npc_5,107.67,-0.187,164.38,1.508,66.51,Normal
5,72,npc_6,95.57,0.088,261.63,1.568,60.65,Normal
5,72,npc_7,100.96,0.32,368.71,1.568,63.93,Normal
5,72,npc_8,92.31,0.342,72.58,1.568,60.3,Normal
5,72,npc_9,106.92,0.07,78.3,1.568,65.69,Normal
5,76,npc_0,92.37,0.376,95.95,2.248,60.46,Normal
5,76,npc_1,94.67,-18.0,9.34,1.542,100.0,Aggressive
5,76,npc_10,102.44,0.145,195.58,0.96,49.5,Normal
5,76,npc_11,107.8,-0.033,329.3,1.542,65.96,Normal
5,76,npc_12,99.29,8.372,46.73,0.0,42.25,Normal
5,76,npc_13,106.65,-0.801,101.48,0.0,28.48,Conservative
5,76,npc_14,99.72,-0.754,236.49,1.542,65.11,Normal
5,76,npc_2,107.64,-0.332,129.71,0.0,27.08,Conservative
5,76,npc_3,99.71,-0.023,220.29,1.415,59.92,Normal
5,76,npc_4,89.52,0.033,146.78,1.542,57.94,Normal
5,76,npc_5,107.55,-0.316,166.76,1.466,66.07,Normal
5,76,npc_6,95.37,-0.554,262.63,1.542,62.43,Normal
5,76,npc_7,100.85,-0.302,370.32,1.542,63.81,Normal
5,76,npc_8,92.41,0.296,71.92,1.542,60.16,Normal
5,76,npc_9,106.95,0.087,80.58,1.542,65.77,Normal
5,80,npc_0,92.25,-0.34,95.35,2.199,60.27,Normal
5,80,npc_1,84.44,-28.423,8.54,1.508,100.0,Aggressive
5,80,npc_10,102.29,-0.417,197.47,0.96,50.52,Normal
5,80,npc_11,107.73,-0.196,331.71,1.508,66.57,Normal
5,80,npc_12,101.89,7.22,45.68,0.0,43.67,Normal
5,80,npc_13,107.02,1.026,104.0,0.0,29.56,Conservative
5,80,npc_14,99.79,0.2,238.09,1.508,62.93,Normal
5,80,npc_2,107.79,0.405,132.04,0.0,27.44,Conservative
5,80,npc_3,99.94,0.619,221.85,1.512,64.67,Normal
5,80,npc_4,89.69,0.476,146.47,1.508,59.78,Normal
5,80,npc_5,107.68,0.355,169.15,1.415,64.92,Normal
5,80,npc_6,95.27,-0.275,263.66,1.508,61.27,Normal
5,80,npc_7,101.13,0.787,371.97,1.508,65.88,Normal
5,80,npc_8,92.25,-0.463,71.48,1.508,60.76,Normal
5,80,npc_9,106.91,-0.12,83.03,1.508,65.88,Normal
5,84,npc_0,92.44,0.518,93.89,2.144,61.06,Normal
5,84,npc_1,84.3,-0.38,8.69,1.508,100.0,Aggressive
5,84,npc_10,102.38,0.26,200.05,0.96,49.93,Normal
5,84,npc_11,107.67,-0.164,334.87,1.466,65.52,Normal
5,84,npc_12,104.34,6.806,43.06,0.0,45.73,Normal
5,84,npc_13,106.77,-0.714,107.07,0.0,28.19,Conservative
5,84,npc_14,99.84,0.135,240.39,1.466,61.79,Normal
5,84,npc_2,107.65,-0.391,135.21,0.0,27.32,Conservative
5,84,npc_3,100.04,0.299,224.15,1.596,63.44,Normal
5,84,npc_4,89.59,-0.294,145.32,1.466,58.11,Normal
5,84,npc_5,107.61,-0.194,172.32,1.353,62.6,Normal
5,84,npc_6,95.34,0.203,265.45,1.466,60.12,Normal
5,84,npc_7,100.93,-0.562,374.41,1.466,63.99,Normal
5,84,npc_8,92.49,0.69,70.03,1.466,60.87,Normal
5,84,npc_9,106.92,0.033,86.11,1.466,64.64,Normal
5,88,npc_0,92.2,-0.645,92.43,2.082,61.47,Normal
5,88,npc_1,87.04,7.585,7.97,1.508,100.0,Aggressive
5,88,npc_10,102.42,0.107,202.61,0.96,49.34,Normal
5,88,npc_11,107.76,0.259,338.04,1.415,64.58,Normal
5,88,npc_12,106.93,7.191,40.17,0.0,48.5,Normal
5,88,npc_13,106.88,0.314,110.13,0.0,26.64,Conservative
5,88,npc_14,99.99,0.427,242.69,1.415,61.66,Normal
5,88,npc_2,107.74,0.238,138.37,0.0,26.74,Conservative
5,88,npc_3,100.01,-0.084,226.45,1.67,62.56,Normal
5,88,npc_4,89.73,0.413,144.16,1.415,57.28,Normal
5,88,npc_5,107.77,0.435,175.49,1.28,61.68,Normal
5,88,npc_6,95.62,0.776,267.26,1.415,61.16,Normal
5,88,npc_7,101.14,0.588,376.84,1.415,62.82,Normal
5,88,npc_8,92.44,-0.155,68.57,1.415,57.35,Normal
5,88,npc_9,106.91,-0.02,89.18,1.415,63.22,Normal
5,92,npc_0,92.28,0.213,90.17,2.013,59.78,Normal
5,92,npc_1,89.53,6.941,6.33,1.508,100.0,Aggressive
5,92,npc_10,102.22,-0.539,205.97,0.96,50.98,Normal
5,92,npc_11,107.81,0.14,342.02,1.353,62.48,Normal
5,92,npc_12,107.79,2.409,36.32,0.0,41.44,Normal
5,92,npc_13,106.76,-0.332,114.0,0.0,26.66,Conservative
5,92,npc_14,99.81,-0.504,245.8,1.353,60.25,Normal
5,92,npc_2,107.34,-1.085,142.32,0.0,29.95,Conservative
5,92,npc_3,100.07,0.155,229.56,1.733,62.87,Normal
5,92,npc_4,89.49,-0.69,142.23,1.353,56.65,Normal
5,92,npc_5,107.38,-1.087,179.43,1.193,61.77,Normal
5,92,npc_6,95.52,-0.282,269.87,1.353,57.5,Normal
5,92,npc_7,101.02,-0.354,380.07,1.353,60.18,Normal
5,92,npc_8,92.41,-0.078,66.32,1.353,55.38,Normal
5,92,npc_9,107.04,0.358,93.05,1.353,62.99,Normal
5,96,npc_0,92.43,0.422,87.91,1.935,60.67,Normal
5,96,npc_1,92.01,6.884,4.62,1.508,100.0,Aggressive
5,96,npc_10,101.85,-1.041,209.29,0.96,52.82,Normal
5,96,npc_11,107.74,-0.203,346.0,1.28,60.74,Normal
5,96,npc_12,107.74,-0.142,32.5,0.0,36.16,Normal
5,96,npc_13,107.01,0.685,117.86,0.0,28.18,Conservative
5,96,npc_14,99.89,0.212,248.89,1.28,57.15,Normal
5,96,npc_2,106.9,-1.241,146.24,0.0,30.36,Conservative
5,96,npc_3,99.82,-0.685,232.66,1.788,64.88,Normal
5,96,npc_4,89.69,0.574,140.27,1.28,54.31,Normal
5,96,npc_5,107.01,-1.022,183.33,1.088,58.54,Normal
5,96,npc_6,95.38,-0.393,272.49,1.28,55.92,Normal
5,96,npc_7,101.08,0.191,383.29,1.28,57.6,Normal
5,96,npc_8,92.41,0.012,64.07,1.28,53.16,Normal
5,96,npc_9,107.03,-0.024,96.91,1.28,59.69,Normal
5,100,npc_0,92.22,-0.578,85.65,1.848,61.21,Normal
5,100,npc_1,95.4,9.41,3.32,1.508,100.0,Aggressive
5,100,npc_10,101.59,-0.715,212.6,0.96,51.39,Normal
5,100,npc_11,107.88,0.389,349.97,1.193,59.22,Normal
5,100,npc_12,107.97,0.623,28.72,0.0,42.89,Normal
5,100,npc_13,106.7,-0.856,121.72,0.0,28.72,Conservative
5,100,npc_14,99.88,-0.013,251.98,1.193,54.02,Normal
5,100,npc_2,106.49,-1.128,150.11,0.0,29.71,Conservative
5,100,npc_3,99.89,0.201,235.75,1.835,62.98,Normal
5,100,npc_4,89.73,0.112,138.32,1.193,50.14,Normal
5,100,npc_5,106.43,-1.602,187.17,0.96,57.18,Normal
5,100,npc_6,95.37,-0.04,275.1,1.193,52.17,Normal
5,100,npc_7,101.11,0.068,386.52,1.193,54.79,Normal
5,100,npc_8,92.28,-0.378,61.82,1.193,52.24,Normal
5,100,npc_9,106.94,-0.25,100.78,1.193,58.21,Normal
5,104,npc_0,92.23,0.026,84.2,1.749,59.01,Normal
5,104,npc_1,97.71,6.43,3.37,1.508,100.0,Aggressive
5,104,npc_10,101.77,0.482,215.11,0.96,50.54,Normal
5,104,npc_11,107.89,0.028,353.16,1.088,54.99,Normal
5,104,npc_12,107.93,-0.114,25.73,0.0,45.19,Normal
5,104,npc_13,107.04,0.957,124.8,0.0,29.29,Conservative
5,104,npc_14,100.08,0.562,254.29,1.088,53.52,Normal
5,104,npc_2,106.97,1.32,153.14,0.0,30.7,Conservative
5,104,npc_3,99.84,-0.147,238.05,1.875,62.74,Normal
5,104,npc_4,89.45,-0.796,137.18,1.088,49.97,Normal
5,104,npc_5,106.26,-0.478,190.18,0.798,48.29,Normal
5,104,npc_6,95.52,0.419,276.89,1.088,50.96,Normal
5,104,npc_7,101.14,0.092,388.95,1.088,52.11,Normal
5,104,npc_8,92.16,-0.34,60.39,1.088,49.24,Normal
5,104,npc_9,106.95,0.029,103.85,1.088,54.55,Normal
5,108,npc_0,92.25,0.044,82.75,1.639,59.09,Normal
5,108,npc_1,100.28,7.127,4.6,1.508,100.0,Aggressive
5,108,npc_10,101.68,-0.243,217.61,0.96,49.55,Normal
5,108,npc_11,107.97,0.218,356.34,0.96,52.38,Normal
5,108,npc_12,107.71,-0.594,22.81,0.0,51.81,Normal
5,108,npc_13,106.74,-0.843,127.85,0.0,28.69,Conservative
5,108,npc_14,99.65,-1.203,256.59,0.96,52.48,Normal
5,108,npc_2,106.06,-2.522,156.15,0.0,35.08,Normal
5,108,npc_3,99.99,0.414,240.37,1.908,63.87,Normal
5,108,npc_4,89.73,0.799,136.03,0.96,46.69,Normal
5,108,npc_5,105.85,-1.13,193.16,0.574,44.74,Normal
5,108,npc_6,95.62,0.281,278.71,0.96,47.04,Normal
5,108,npc_7,101.12,-0.051,391.39,0.96,48.53,Normal
5,108,npc_8,92.37,0.581,58.94,0.96,46.88,Normal
5,108,npc_9,106.78,-0.476,106.92,0.96,52.84,Normal
5,112,npc_0,92.21,-0.103,80.5,1.512,59.31,Normal
5,112,npc_1,103.35,8.524,7.38,1.508,100.0,Aggressive
5,112,npc_10,101.32,-0.989,220.88,0.96,52.37,Normal
5,112,npc_11,107.91,-0.155,360.33,0.798,47.79,Normal
5,112,npc_12,108.0,0.793,19.28,0.0,59.29,Normal
5,112,npc_13,106.9,0.456,131.72,0.0,27.22,Conservative
5,112,npc_14,99.66,0.018,259.68,0.798,43.43,Normal
5,112,npc_2,106.25,0.519,159.92,0.0,27.16,Conservative
5,112,npc_3,99.78,-0.583,243.45,1.935,64.46,Normal
5,112,npc_4,89.67,-0.177,134.08,0.798,39.86,Normal
5,112,npc_5,105.45,-1.129,196.9,0.0,29.23,Conservative
5,112,npc_6,95.34,-0.779,281.3,0.96,48.92,Normal
5,112,npc_7,101.16,0.089,394.63,0.798,44.38,Normal
5,112,npc_8,92.16,-0.582,56.7,0.798,42.49,Normal
5,112,npc_9,106.92,0.382,110.78,0.798,48.22,Normal
5,116,npc_0,92.18,-0.081,79.05,1.366,55.64,Normal
5,116,npc_1,105.84,6.929,10.02,1.508,100.0,Aggressive
5,116,npc_10,101.41,0.256,223.35,0.96,49.48,Normal
5,116,npc_11,107.85,-0.173,363.51,0.574,41.86,Normal
5,116,npc_12,107.93,-0.179,16.59,0.0,62.32,Normal
5,116,npc_13,106.62,-0.786,134.79,0.0,28.41,Conservative
5,116,npc_14,100.07,1.159,261.98,0.574,42.21,Normal
5,116,npc_2,106.84,1.657,162.9,0.0,32.0,Conservative
5,116,npc_3,99.95,0.456,245.75,1.955,64.02,Normal
5,116,npc_4,89.49,-0.499,132.93,0.574,35.11,Normal
5,116,npc_5,103.4,-5.682,199.81,0.574,59.08,Normal
5,116,npc_6,95.29,-0.142,283.11,0.96,46.34,Normal
5,116,npc_7,101.25,0.274,397.06,0.574,39.2,Normal
5,116,npc_8,92.25,0.27,55.26,0.574,35.31,Normal
5,116,npc_9,106.92,0.006,113.86,0.574,40.75,Normal
5,120,npc_0,92.15,-0.096,78.4,1.193,51.06,Normal
5,120,npc_1,107.73,5.246,12.24,1.508,100.0,Aggressive
5,120,npc_10,101.37,-0.132,225.0,0.96,48.96,Normal
5,120,npc_11,107.74,-0.292,365.89,0.0,26.97,Conservative
5,120,npc_12,107.94,0.009,14.72,0.0,65.76,Normal
5,120,npc_13,106.82,0.556,137.04,0.0,27.58,Conservative
5,120,npc_14,99.84,-0.655,263.48,0.0,24.77,Conservative
5,120,npc_2,107.79,2.629,165.26,0.0,36.33,Normal
5,120,npc_3,100.07,0.357,247.25,1.97,63.68,Normal
5,120,npc_4,89.56,0.194,132.58,0.0,18.6,Conservative
5,120,npc_5,101.87,-4.243,201.49,0.798,61.32,Normal
5,120,npc_6,95.43,0.396,284.1,0.96,47.42,Normal
5,120,npc_7,101.2,-0.165,398.69,0.0,23.42,Conservative
5,120,npc_8,92.4,0.422,54.61,0.0,20.66,Conservative
5,120,npc_9,106.64,-0.792,116.11,0.0,28.44,Conservative
5,124,npc_0,92.22,0.197,78.54,1.088,48.69,Normal
5,124,npc_1,107.99,0.722,13.77,1.542,100.0,Aggressive
5,124,npc_10,101.23,-0.381,225.84,0.798,45.58,Normal
5,124,npc_11,107.9,0.443,367.47,0.0,27.65,Conservative
5,124,npc_12,107.88,-0.159,13.57,0.0,68.97,Normal
5,124,npc_13,106.97,0.408,138.51,0.0,27.06,Conservative
5,124,npc_14,100.04,0.553,264.18,0.0,24.45,Conservative
5,124,npc_2,107.59,-0.541,166.82,0.0,27.89,Conservative
5,124,npc_3,99.99,-0.239,247.95,1.801,63.17,Normal
5,124,npc_4,89.45,-0.308,133.03,0.0,19.01,Conservative
5,124,npc_5,101.08,-2.192,202.36,0.96,57.07,Normal
5,124,npc_6,95.55,0.342,284.31,1.088,50.66,Normal
5,124,npc_7,101.2,0.008,399.52,0.0,22.79,Conservative
5,124,npc_8,92.41,0.003,54.74,0.0,18.99,Conservative
5,124,npc_9,107.01,1.033,117.58,0.0,29.58,Conservative
5,128,npc_0,92.12,-0.288,78.61,0.96,45.61,Normal
5,128,npc_1,107.67,-0.895,14.96,1.568,100.0,Aggressive
5,128,npc_10,100.94,-0.798,226.56,0.574,41.15,Normal
5,128,npc_11,107.99,0.229,369.02,0.0,26.83,Conservative
5,128,npc_12,107.55,-0.91,10.26,0.0,79.89,Aggressive
5,128,npc_13,106.65,-0.882,139.79,0.0,28.81,Conservative
5,128,npc_14,100.05,0.044,264.78,0.0,22.42,Conservative
5,128,npc_2,107.57,-0.071,168.41,0.0,26.0,Conservative
5,128,npc_3,99.66,-0.911,248.58,1.586,65.71,Normal
5,128,npc_4,89.61,0.455,133.45,0.0,19.67,Conservative
5,128,npc_5,101.88,2.206,203.15,1.088,60.89,Normal
5,128,npc_6,95.5,-0.156,284.53,1.193,52.69,Normal
5,128,npc_7,101.29,0.244,400.36,0.574,39.09,Normal
5,128,npc_8,92.11,-0.818,54.61,0.0,22.13,Conservative
5,128,npc_9,106.83,-0.497,118.92,0.0,27.35,Conservative
5,132,npc_0,92.37,0.712,78.82,0.798,43.1,Normal
5,132,npc_1,107.6,-0.194,16.84,1.586,100.0,Aggressive
5,132,npc_10,101.22,0.76,227.52,0.0,25.8,Conservative
5,132,npc_11,107.67,-0.889,370.63,0.0,29.32,Conservative
5,132,npc_12,107.76,0.584,11.56,0.0,75.43,Aggressive
5,132,npc_13,106.67,0.057,141.43,0.0,25.51,Conservative
5,132,npc_14,99.87,-0.52,265.58,0.0,24.24,Conservative
5,132,npc_2,107.76,0.522,169.97,0.0,27.89,Conservative
5,132,npc_3,100.06,1.1,249.35,1.568,66.65,Normal
5,132,npc_4,89.43,-0.511,133.94,0.0,19.82,Conservative
5,132,npc_5,101.06,-2.26,204.08,1.193,63.54,Normal
5,132,npc_6,95.67,0.481,284.73,1.28,56.4,Normal
5,132,npc_7,101.18,-0.291,401.17,0.798,45.2,Normal
5,132,npc_8,92.43,0.895,55.02,0.0,22.57,Conservative
5,132,npc_9,106.88,0.147,120.51,0.0,25.97,Conservative
5,136,npc_0,92.34,-0.102,78.96,0.574,34.67,Conservative
5,136,npc_1,107.97,1.034,18.41,1.596,100.0,Aggressive
5,136,npc_10,100.73,-1.346,228.35,0.0,27.93,Conservative
5,136,npc_11,107.7,0.095,372.21,0.0,26.16,Conservative
5,136,npc_12,107.96,0.545,10.76,0.0,77.34,Aggressive
5,136,npc_13,106.84,0.471,142.9,0.0,27.25,Conservative
5,136,npc_14,100.04,0.496,266.28,0.0,24.22,Conservative
5,136,npc_2,107.96,0.571,171.56,0.0,28.18,Conservative
5,136,npc_3,99.67,-1.07,250.04,1.542,66.36,Normal
5,136,npc_4,89.32,-0.315,134.39,0.0,18.99,Conservative
5,136,npc_5,101.64,1.588,204.94,1.28,63.44,Normal
5,136,npc_6,95.64,-0.087,284.93,1.353,56.76,Normal
5,136,npc_7,101.06,-0.329,401.99,0.96,49.61,Normal
5,136,npc_8,92.45,0.058,55.16,0.0,19.23,Conservative
5,136,npc_9,106.72,-0.46,121.98,0.0,27.15,Conservative
5,140,npc_0,92.41,0.218,79.1,0.0,19.85,Conservative
5,140,npc_1,107.78,-0.522,19.95,1.6,96.8,Aggressive
5,140,npc_10,100.99,0.71,229.17,0.0,25.5,Conservative
5,140,npc_11,107.83,0.357,373.79,0.0,27.26,Conservative
5,140,npc_12,107.61,-0.96,10.15,0.0,80.4,Aggressive
5,140,npc_13,106.92,0.219,144.37,0.0,26.28,Conservative
5,140,npc_14,99.98,-0.191,266.98,0.0,22.98,Conservative
5,140,npc_2,107.9,-0.18,173.14,0.0,26.59,Conservative
5,140,npc_3,99.68,0.034,250.75,1.508,62.22,Normal
5,140,npc_4,89.31,-0.014,134.81,0.574,33.1,Conservative
5,140,npc_5,101.48,-0.432,205.77,1.353,60.7,Normal
5,140,npc_6,95.58,-0.156,285.14,1.415,58.66,Normal
5,140,npc_7,101.1,0.104,402.83,1.088,52.14,Normal
5,140,npc_8,92.12,-0.928,55.31,0.0,22.57,Conservative
5,140,npc_9,106.77,0.159,123.44,0.0,25.97,Conservative
5,144,npc_0,92.16,-0.692,79.19,0.0,21.65,Conservative
5,144,npc_1,107.89,0.296,21.27,1.596,93.47,Aggressive
5,144,npc_10,101.1,0.314,229.88,0.0,23.97,Conservative
5,144,npc_11,107.66,-0.479,375.31,0.0,27.67,Conservative
5,144,npc_12,107.89,0.758,6.62,0.0,89.11,Aggressive
5,144,npc_13,106.63,-0.807,145.64,0.0,28.49,Conservative
5,144,npc_14,99.83,-0.39,267.57,0.0,23.71,Conservative
5,144,npc_2,107.95,0.136,174.74,0.0,26.44,Conservative
5,144,npc_3,99.91,0.636,251.38,1.466,63.83,Normal
5,144,npc_4,89.41,0.262,135.31,0.798,40.1,Normal
5,144,npc_5,100.74,-2.043,206.53,1.415,68.46,Normal
5,144,npc_6,95.68,0.278,285.38,1.466,60.56,Normal
5,144,npc_7,101.04,-0.176,403.66,1.193,55.19,Normal
5,144,npc_8,92.12,0.01,55.19,0.0,18.9,Conservative
5,144,npc_9,106.65,-0.332,124.78,0.0,26.61,Conservative
5,148,npc_0,92.3,0.386,78.53,0.0,20.48,Conservative
5,148,npc_1,107.85,-0.119,23.65,1.586,88.54,Aggressive
5,148,npc_10,101.15,0.15,231.5,0.0,23.34,Conservative
5,148,npc_11,107.64,-0.035,377.69,0.0,25.89,Conservative
5,148,npc_12,107.99,0.281,6.44,0.0,87.77,Aggressive
5,148,npc_13,106.93,0.834,147.92,0.0,28.74,Conservative
5,148,npc_14,99.67,-0.457,269.07,0.0,23.91,Conservative
5,148,npc_2,107.81,-0.385,177.12,0.0,27.37,Conservative
5,148,npc_3,100.08,0.457,252.88,1.415,61.82,Normal
5,148,npc_4,89.51,0.303,134.96,0.96,44.62,Normal
5,148,npc_5,100.87,0.362,208.17,1.466,63.17,Normal
5,148,npc_6,95.5,-0.512,286.38,1.508,62.32,Normal
5,148,npc_7,100.93,-0.303,405.28,1.28,57.98,Normal
5,148,npc_8,92.21,0.24,54.53,0.0,19.85,Conservative
5,148,npc_9,106.98,0.895,127.05,0.0,29.01,Conservative
5,152,npc_0,92.33,0.073,78.67,0.0,19.24,Conservative
5,152,npc_1,107.83,-0.04,25.22,1.568,85.64,Aggressive
5,152,npc_10,100.68,-1.324,232.28,0.0,27.82,Conservative
5,152,npc_11,107.62,-0.059,379.26,0.0,25.98,Conservative
5,152,npc_12,107.98,-0.018,6.79,0.0,85.74,Aggressive
5,152,npc_13,106.97,0.115,149.4,0.0,25.89,Conservative
5,152,npc_14,99.91,0.656,269.76,0.0,24.81,Conservative
5,152,npc_2,107.97,0.451,178.71,0.0,27.71,Conservative
5,152,npc_3,99.98,-0.265,253.57,1.353,59.37,Normal
5,152,npc_4,89.62,0.28,135.4,1.088,47.97,Normal
5,152,npc_5,101.53,1.808,209.0,1.508,70.14,Aggressive
5,152,npc_6,95.61,0.313,286.58,1.542,61.56,Normal
5,152,npc_7,101.02,0.25,406.11,1.353,59.77,Normal
5,152,npc_8,92.21,0.009,54.67,0.0,18.93,Conservative
5,152,npc_9,106.81,-0.455,128.53,0.0,27.17,Conservative
5,156,npc_0,92.24,-0.24,78.89,0.0,19.87,Conservative
5,156,npc_1,107.95,0.314,27.0,1.542,84.08,Aggressive
5,156,npc_10,100.56,-0.324,233.19,0.0,23.77,Conservative
5,156,npc_11,107.61,-0.046,380.87,0.0,25.91,Conservative
5,156,npc_12,107.8,-0.507,10.34,0.0,78.18,Aggressive
5,156,npc_13,106.84,-0.357,151.04,0.0,26.79,Conservative
5,156,npc_14,100.02,0.31,270.56,0.0,23.47,Conservative
5,156,npc_2,107.59,-1.07,180.24,0.0,30.0,Conservative
5,156,npc_3,99.92,-0.164,254.33,1.28,56.98,Normal
5,156,npc_4,89.31,-0.837,135.83,1.193,52.87,Normal
5,156,npc_5,101.48,-0.123,209.91,1.542,63.38,Normal
5,156,npc_6,95.5,-0.306,286.78,1.568,61.49,Normal
5,156,npc_7,100.99,-0.069,406.93,1.415,60.68,Normal
5,156,npc_8,92.34,0.346,55.09,0.0,20.33,Conservative
5,156,npc_9,106.71,-0.284,130.13,0.0,26.44,Conservative
5,160,npc_0,92.42,0.487,79.03,0.0,20.93,Conservative
5,160,npc_1,107.76,-0.527,28.56,1.508,82.62,Aggressive
5,160,npc_10,100.85,0.811,233.98,0.0,25.85,Conservative
5,160,npc_11,107.79,0.519,382.45,0.0,27.9,Conservative
5,160,npc_12,107.94,0.386,11.03,0.0,76.04,Aggressive
5,160,npc_13,106.95,0.293,152.52,0.0,26.59,Conservative
5,160,npc_14,99.87,-0.42,271.26,0.0,23.84,Conservative
5,160,npc_2,107.61,0.072,181.82,0.0,26.02,Conservative
5,160,npc_3,100.09,0.461,255.03,1.193,55.91,Normal
5,160,npc_4,89.6,0.782,136.28,1.28,55.1,Normal
5,160,npc_5,100.39,-3.019,210.7,1.568,74.47,Aggressive
5,160,npc_6,95.51,0.025,286.99,1.586,60.37,Normal
5,160,npc_7,101.06,0.183,407.76,1.466,62.53,Normal
5,160,npc_8,92.28,-0.161,55.24,0.0,19.57,Conservative
5,160,npc_9,106.96,0.705,131.6,0.0,28.25,Conservative
5,164,npc_0,92.16,-0.731,78.37,0.0,21.8,Conservative
5,164,npc_1,107.96,0.578,30.92,1.466,78.97,Aggressive
5,164,npc_10,100.6,-0.705,235.56,0.0,25.31,Conservative
5,164,npc_11,107.93,0.395,384.83,0.0,27.47,Conservative
5,164,npc_12,107.94,0.002,12.37,0.0,71.22,Aggressive
5,164,npc_13,106.96,0.038,154.79,0.0,25.57,Conservative
5,164,npc_14,99.68,-0.517,272.74,0.0,24.15,Conservative
5,164,npc_2,107.68,0.195,184.19,0.0,26.55,Conservative
5,164,npc_3,99.78,-0.848,256.52,1.088,54.53,Normal
5,164,npc_4,89.67,0.202,135.93,1.353,54.77,Normal
5,164,npc_5,100.52,0.349,212.3,1.586,63.85,Normal
5,164,npc_6,95.43,-0.223,288.0,1.596,61.13,Normal
5,164,npc_7,101.23,0.48,409.39,1.508,64.69,Normal
5,164,npc_8,92.47,0.527,54.58,0.0,21.11,Conservative
5,164,npc_9,106.6,-1.005,133.88,0.0,29.27,Conservative
5,168,npc_0,92.34,0.52,78.51,0.0,21.03,Conservative
5,168,npc_1,107.87,-0.254,32.48,1.415,74.43,Aggressive
5,168,npc_10,100.54,-0.156,236.33,0.0,23.09,Conservative
5,168,npc_11,107.75,-0.521,386.41,0.0,27.88,Conservative
5,168,npc_12,107.61,-0.907,13.41,0.0,72.21,Aggressive
5,168,npc_13,106.65,-0.85,156.26,0.0,28.68,Conservative
5,168,npc_14,99.75,0.191,273.43,0.0,22.88,Conservative
5,168,npc_2,107.59,-0.25,185.76,0.0,26.72,Conservative
5,168,npc_3,99.84,0.154,257.21,0.96,48.36,Normal
5,168,npc_4,89.44,-0.647,136.4,1.415,58.1,Normal
5,168,npc_5,100.5,-0.05,213.09,1.596,62.65,Normal
5,168,npc_6,95.52,0.25,288.19,1.6,61.28,Normal
5,168,npc_7,101.05,-0.512,410.22,1.542,64.74,Normal
5,168,npc_8,92.26,-0.594,54.72,0.0,21.29,Conservative
5,168,npc_9,106.96,0.984,135.36,0.0,29.36,Conservative
5,172,npc_0,92.18,-0.45,77.86,0.0,20.68,Conservative
5,172,npc_1,107.92,0.12,34.85,1.353,69.79,Normal
5,172,npc_10,100.5,-0.125,237.91,0.0,22.94,Conservative
5,172,npc_11,107.95,0.561,388.79,0.0,28.14,Conservative
5,172,npc_12,107.7,0.243,15.16,0.0,65.58,Normal
5,172,npc_13,106.8,0.403,158.54,0.0,26.96,Conservative
5,172,npc_14,100.06,0.874,274.93,0.0,25.74,Conservative
5,172,npc_2,107.55,-0.104,188.14,0.0,26.12,Conservative
5,172,npc_3,99.69,-0.412,258.7,0.798,45.02,Normal
5,172,npc_4,89.54,0.279,136.06,1.466,58.04,Normal
5,172,npc_5,100.89,1.085,214.69,1.6,66.96,Normal
5,172,npc_6,95.35,-0.473,289.2,1.596,62.09,Normal
5,172,npc_7,100.97,-0.211,411.84,1.568,63.5,Normal
5,172,npc_8,92.35,0.256,54.07,0.0,19.98,Conservative
5,172,npc_9,106.9,-0.145,137.63,0.0,25.98,Conservative
5,176,npc_0,92.18,0.001,77.21,0.0,18.89,Conservative
5,176,npc_1,107.73,-0.525,37.21,1.28,67.26,Normal
5,176,npc_10,100.5,0.011,239.48,0.0,22.49,Conservative
5,176,npc_11,107.55,-1.102,391.16,0.0,30.11,Conservative
5,176,npc_12,107.63,-0.196,17.06,0.0,61.25,Normal
5,176,npc_13,106.73,-0.201,160.78,0.0,26.12,Conservative
5,176,npc_14,100.09,0.079,276.44,0.0,22.58,Conservative
5,176,npc_2,107.67,0.323,190.52,0.0,27.05,Conservative
5,176,npc_3,99.92,0.649,260.21,0.574,40.1,Normal
5,176,npc_4,89.7,0.463,135.7,1.508,59.73,Normal
5,176,npc_5,100.31,-1.614,216.28,1.596,68.82,Normal
5,176,npc_6,95.59,0.669,290.22,1.586,62.98,Normal
5,176,npc_7,101.17,0.558,413.47,1.586,64.98,Normal
5,176,npc_8,92.39,0.127,53.42,0.0,19.48,Conservative
5,176,npc_9,106.65,-0.712,139.88,0.0,28.12,Conservative
5,180,npc_0,92.33,0.412,76.55,0.0,20.59,Conservative
5,180,npc_1,107.84,0.304,39.57,1.193,62.34,Normal
5,180,npc_10,100.87,1.026,241.06,0.0,26.71,Conservative
5,180,npc_11,107.66,0.29,393.53,0.0,26.91,Conservative
5,180,npc_12,107.89,0.72,19.08,0.0,59.35,Normal
5,180,npc_13,106.84,0.325,163.04,0.0,26.67,Conservative
5,180,npc_14,99.67,-1.162,277.93,0.0,26.73,Conservative
5,180,npc_2,107.81,0.39,192.91,0.0,27.39,Conservative
5,180,npc_3,100.08,0.43,261.71,0.0,23.98,Conservative
5,180,npc_4,89.6,-0.293,135.35,1.542,59.01,Normal
5,180,npc_5,100.33,0.058,217.86,1.586,62.6,Normal
5,180,npc_6,95.65,0.176,291.22,1.568,61.04,Normal
5,180,npc_7,100.91,-0.737,415.1,1.596,65.58,Normal
5,180,npc_8,92.11,-0.781,52.77,0.0,21.98,Conservative
5,180,npc_9,106.85,0.573,142.14,0.0,27.66,Conservative
5,184,npc_0,92.43,0.293,76.69,0.0,20.16,Conservative
5,184,npc_1,107.72,-0.318,41.14,1.088,58.58,Normal
5,184,npc_10,100.64,-0.629,241.82,0.0,25.03,Conservative
5,184,npc_11,107.67,0.049,395.1,0.0,25.96,Conservative
5,184,npc_12,107.75,-0.372,20.46,0.0,55.22,Normal
5,184,npc_13,106.76,-0.244,164.51,0.0,26.3,Conservative
5,184,npc_14,99.98,0.854,278.64,0.0,25.63,Conservative
5,184,npc_2,107.84,0.078,194.47,0.0,26.15,Conservative
5,184,npc_3,99.99,-0.244,262.41,0.0,23.2,Conservative
5,184,npc_4,89.41,-0.53,135.8,1.568,59.88,Normal
5,184,npc_5,100.55,0.617,218.65,1.568,64.94,Normal
5,184,npc_6,95.52,-0.376,291.43,1.542,61.78,Normal
5,184,npc_7,101.08,0.474,415.92,1.6,64.6,Normal
5,184,npc_8,92.17,0.147,52.92,0.0,19.47,Conservative
5,184,npc_9,106.94,0.228,143.61,0.0,26.33,Conservative
5,188,npc_0,92.16,-0.776,76.85,0.0,21.98,Conservative
5,188,npc_1,107.89,0.462,42.71,0.96,55.01,Normal
5,188,npc_10,100.66,0.041,242.59,0.0,22.68,Conservative
5,188,npc_11,107.71,0.11,396.67,0.0,26.22,Conservative
5,188,npc_12,107.89,0.375,21.87,0.0,52.68,Normal
5,188,npc_13,106.64,-0.312,165.97,0.0,26.52,Conservative
5,188,npc_14,99.95,-0.077,279.34,0.0,22.51,Conservative
5,188,npc_2,107.59,-0.703,196.04,0.0,28.53,Conservative
5,188,npc_3,100.02,0.092,263.12,0.0,22.6,Conservative
5,188,npc_4,89.3,-0.289,136.26,1.586,58.88,Normal
5,188,npc_5,100.31,-0.679,219.43,1.542,65.08,Normal
5,188,npc_6,95.64,0.332,291.64,1.508,61.65,Normal
5,188,npc_7,101.18,0.294,416.76,1.596,63.93,Normal
5,188,npc_8,92.45,0.792,53.06,0.0,22.16,Conservative
5,188,npc_9,106.93,-0.024,145.07,0.0,25.5,Conservative
5,192,npc_0,92.44,0.796,76.18,0.0,22.17,Conservative
5,192,npc_1,107.91,0.06,45.09,0.798,48.17,Normal
5,192,npc_10,100.53,-0.366,244.15,0.0,23.92,Conservative
5,192,npc_11,107.86,0.414,399.05,0.0,27.51,Conservative
5,192,npc_12,107.94,0.151,24.03,0.0,48.07,Normal
5,192,npc_13,106.84,0.553,168.25,0.0,27.58,Conservative
5,192,npc_14,99.81,-0.392,280.84,0.0,23.71,Conservative
5,192,npc_2,107.96,1.027,198.42,0.0,30.01,Conservative
5,192,npc_3,99.87,-0.415,264.62,0.0,23.82,Conservative
5,192,npc_4,89.59,0.795,135.92,1.596,61.02,Normal
5,192,npc_5,100.48,0.46,221.02,1.508,64.27,Normal
5,192,npc_6,95.59,-0.127,292.65,1.466,59.92,Normal
5,192,npc_7,100.87,-0.873,418.39,1.586,66.1,Normal
5,192,npc_8,92.19,-0.72,52.41,0.0,21.77,Conservative
5,192,npc_9,106.78,-0.407,147.34,0.0,26.97,Conservative
5,196,npc_0,92.4,-0.112,75.52,0.0,19.42,Conservative
5,196,npc_1,107.67,-0.675,47.46,0.574,43.99,Normal
5,196,npc_10,100.36,-0.462,245.7,0.0,24.23,Conservative
5,196,npc_11,107.69,-0.467,401.42,0.0,27.64,Conservative
5,196,npc_12,107.57,-1.025,26.22,0.0,47.91,Normal
5,196,npc_13,107.02,0.502,170.52,0.0,27.46,Conservative
5,196,npc_14,100.04,0.631,282.34,0.0,24.77,Conservative
5,196,npc_2,107.63,-0.909,200.78,0.0,29.38,Conservative
5,196,npc_3,99.96,0.239,266.11,0.0,23.16,Conservative
5,196,npc_4,89.58,-0.028,135.57,1.6,57.94,Normal
5,196,npc_5,100.15,-0.916,222.61,1.466,65.06,Normal
5,196,npc_6,95.39,-0.544,293.65,1.415,60.13,Normal
5,196,npc_7,100.93,0.168,420.02,1.568,63.31,Normal
5,196,npc_8,92.1,-0.255,51.75,0.0,19.87,Conservative
5,196,npc_9,106.99,0.583,149.62,0.0,27.77,Conservative
5,200,npc_0,92.47,0.179,74.06,0.0,19.72,Conservative
5,200,npc_1,107.9,0.657,50.61,0.0,28.5,Conservative
5,200,npc_10,100.67,0.869,248.06,0.0,26.0,Conservative
5,200,npc_11,107.83,0.375,404.61,0.0,27.34,Conservative
5,200,npc_12,107.9,0.913,29.19,0.0,43.38,Normal
5,200,npc_13,106.74,-0.783,173.59,0.0,28.45,Conservative
5,200,npc_14,99.77,-0.741,284.64,0.0,25.09,Conservative
5,200,npc_2,107.84,0.581,203.96,0.0,28.16,Conservative
5,200,npc_3,100.02,0.163,268.42,0.0,22.88,Conservative
5,200,npc_4,89.44,-0.39,134.43,1.596,59.34,Normal
5,200,npc_5,100.29,0.387,224.98,1.415,61.63,Normal
5,200,npc_6,95.45,0.154,295.45,1.353,56.95,Normal
5,200,npc_7,100.85,-0.211,422.44,1.542,63.45,Normal
5,200,npc_8,92.23,0.357,50.3,0.0,20.33,Conservative
5,200,npc_9,106.91,-0.222,152.7,0.0,26.29,Conservative
5,204,npc_0,92.33,-0.391,72.61,0.0,20.5,Conservative
5,204,npc_1,107.91,0.024,53.79,0.0,25.97,Conservative
5,204,npc_10,100.69,0.053,250.39,0.0,22.74,Conservative
5,204,npc_11,107.86,0.082,407.78,0.0,26.18,Conservative
5,204,npc_12,107.85,-0.141,31.42,0.574,52.78,Normal
5,204,npc_13,106.86,0.329,176.67,0.0,26.69,Conservative
5,204,npc_14,99.93,0.445,286.93,0.0,23.97,Conservative
5,204,npc_2,107.97,0.378,207.15,0.0,27.42,Conservative
5,204,npc_3,100.07,0.131,270.7,0.0,22.78,Conservative
5,204,npc_4,89.36,-0.218,133.28,1.586,58.62,Normal
5,204,npc_5,100.91,1.739,227.35,1.353,65.68,Normal
5,204,npc_6,95.3,-0.421,297.25,1.28,56.0,Normal
5,204,npc_7,101.05,0.554,424.87,1.508,64.91,Normal
5,204,npc_8,92.19,-0.102,48.86,0.0,19.34,Conservative
5,204,npc_9,106.93,0.048,155.77,0.0,25.6,Conservative
5,208,npc_0,92.41,0.244,71.15,0.0,19.95,Conservative
5,208,npc_1,107.98,0.188,56.95,0.0,26.66,Conservative
5,208,npc_10,100.17,-1.456,252.73,0.0,28.12,Conservative
5,208,npc_11,107.69,-0.483,410.95,0.0,27.7,Conservative
5,208,npc_12,107.86,0.014,34.53,0.798,54.85,Normal
5,208,npc_13,106.83,-0.074,179.73,0.0,25.66,Conservative
5,208,npc_14,99.78,-0.426,289.22,0.0,23.83,Conservative
5,208,npc_2,107.9,-0.194,210.32,0.0,26.65,Conservative
5,208,npc_3,99.92,-0.407,273.0,0.0,23.81,Conservative
5,208,npc_4,89.55,0.523,132.12,1.568,59.91,Normal
5,208,npc_5,100.34,-1.598,229.72,1.28,62.9,Normal
5,208,npc_6,95.36,0.158,299.06,1.193,52.64,Normal
5,208,npc_7,101.26,0.583,427.29,1.466,64.23,Normal
5,208,npc_8,92.35,0.434,47.41,0.0,20.9,Conservative
5,208,npc_9,107.93,2.79,158.82,0.574,52.36,Normal
5,212,npc_0,92.49,0.204,68.89,0.0,19.82,Conservative
5,212,npc_1,107.87,-0.311,60.92,0.0,27.1,Conservative
5,212,npc_10,100.26,0.244,255.86,0.0,23.31,Conservative
5,212,npc_11,107.59,-0.264,414.92,0.0,26.78,Conservative
5,212,npc_12,107.84,-0.041,38.44,0.96,55.89,Normal
5,212,npc_13,106.62,-0.596,183.6,0.0,27.64,Conservative
5,212,npc_14,100.04,0.723,292.3,0.0,25.13,Conservative
5,212,npc_2,107.56,-0.966,214.28,0.0,29.57,Conservative
5,212,npc_3,99.74,-0.491,276.08,0.0,24.07,Conservative
5,212,npc_4,89.73,0.499,130.17,1.542,59.89,Normal
5,212,npc_5,100.01,-0.9,232.87,1.193,57.63,Normal
5,212,npc_6,95.5,0.4,301.68,1.088,50.87,Normal
5,212,npc_7,101.06,-0.556,430.52,1.415,62.66,Normal
5,212,npc_8,92.23,-0.318,45.17,0.0,20.92,Conservative
5,212,npc_9,107.84,-0.256,162.79,0.798,48.15,Normal
5,216,npc_0,92.42,-0.173,65.83,0.0,19.67,Conservative
5,216,npc_1,107.78,-0.248,65.68,0.0,26.81,Conservative
5,216,npc_10,100.28,0.073,259.81,0.0,22.64,Conservative
5,216,npc_11,107.95,1.005,419.7,0.0,29.92,Conservative
5,216,npc_12,107.97,0.35,43.16,1.088,57.81,Normal
5,216,npc_13,106.69,0.207,188.27,0.0,26.13,Conservative
5,216,npc_14,99.85,-0.528,296.19,0.0,24.27,Conservative
5,216,npc_2,107.8,0.676,219.05,0.0,28.53,Conservative
5,216,npc_3,99.67,-0.193,279.98,0.0,22.85,Conservative
5,216,npc_4,89.67,-0.17,127.41,1.508,58.54,Normal
5,216,npc_5,100.3,0.794,236.82,1.088,54.54,Normal
5,216,npc_6,95.66,0.441,305.09,0.96,47.7,Normal
5,216,npc_7,100.87,-0.534,434.55,1.353,60.84,Normal
5,216,npc_8,92.3,0.195,42.14,0.0,21.69,Conservative
5,216,npc_9,107.79,-0.146,167.57,0.96,52.0,Normal
5,220,npc_0,92.42,-0.015,63.57,0.0,19.04,Conservative
5,220,npc_1,107.88,0.29,69.65,0.0,27.02,Conservative
5,220,npc_10,100.45,0.466,262.96,0.0,24.29,Conservative
5,220,npc_11,107.96,0.032,423.68,0.0,26.03,Conservative
5,220,npc_12,107.73,-0.668,47.1,1.193,60.53,Normal
5,220,npc_13,106.78,0.236,192.13,0.0,26.28,Conservative
5,220,npc_14,99.81,-0.116,299.3,0.0,22.6,Conservative
5,220,npc_2,107.88,0.215,223.04,0.0,26.72,Conservative
5,220,npc_3,100.08,1.139,283.09,0.0,26.82,Conservative
5,220,npc_4,89.45,-0.609,125.46,1.466,59.32,Normal
5,220,npc_5,100.6,0.844,239.98,0.96,51.47,Normal
5,220,npc_6,95.34,-0.888,307.69,0.798,45.04,Normal
5,220,npc_7,100.88,0.023,437.77,1.28,56.84,Normal
5,220,npc_8,92.45,0.408,39.9,0.0,23.89,Conservative
5,220,npc_9,107.92,0.36,171.54,1.088,56.33,Normal
5,224,npc_0,92.45,0.085,61.31,0.0,19.33,Conservative
5,224,npc_1,107.58,-0.841,73.61,0.0,29.08,Conservative
5,224,npc_10,100.22,-0.648,266.08,0.0,24.91,Conservative
5,224,npc_11,107.89,-0.193,427.65,0.0,26.64,Conservative
5,224,npc_12,107.95,0.617,51.05,1.28,62.5,Normal
5,224,npc_13,106.91,0.38,196.01,0.0,26.92,Conservative
5,224,npc_14,99.7,-0.297,302.4,0.0,23.28,Conservative
5,224,npc_2,107.86,-0.033,227.01,0.0,25.99,Conservative
5,224,npc_3,99.76,-0.902,286.18,0.0,25.72,Conservative
5,224,npc_4,89.72,0.758,123.5,1.415,58.66,Normal
5,224,npc_5,100.23,-1.039,243.13,0.798,47.77,Normal
5,224,npc_6,95.53,0.526,310.29,0.574,37.7,Normal
5,224,npc_7,101.06,0.498,441.0,1.193,56.49,Normal
5,224,npc_8,92.19,-0.738,37.68,0.0,26.69,Conservative
5,224,npc_9,107.82,-0.267,175.51,1.193,58.7,Normal
5,228,npc_0,88.87,-9.943,59.21,0.0,37.55,Normal
5,228,npc_1,107.71,0.352,77.53,0.0,27.19,Conservative
5,228,npc_10,100.1,-0.317,269.11,0.0,23.54,Conservative
5,228,npc_11,107.77,-0.35,431.58,0.0,27.21,Conservative
5,228,npc_12,107.83,-0.329,54.71,1.353,63.25,Normal
5,228,npc_13,106.68,-0.659,199.74,0.0,27.93,Conservative
5,228,npc_14,99.73,0.085,305.4,0.0,22.44,Conservative
5,228,npc_2,107.65,-0.595,231.01,0.0,28.13,Conservative
5,228,npc_3,99.67,-0.239,289.21,0.0,23.03,Conservative
5,228,npc_4,89.48,-0.677,121.6,1.353,56.59,Normal
5,228,npc_5,100.13,-0.261,246.2,0.574,38.64,Normal
5,228,npc_6,95.56,0.077,312.92,0.0,20.6,Conservative
5,228,npc_7,100.94,-0.335,444.22,1.088,52.99,Normal
5,228,npc_8,92.4,0.608,35.03,0.0,28.58,Conservative
5,228,npc_9,107.62,-0.547,179.45,1.28,62.06,Normal
5,232,npc_0,83.36,-15.315,56.88,0.0,35.44,Normal
5,232,npc_1,107.97,0.73,82.32,0.0,28.82,Conservative
5,232,npc_10,100.13,0.065,273.03,0.0,22.54,Conservative
5,232,npc_11,107.92,0.425,436.36,0.0,27.58,Conservative
5,232,npc_12,107.8,-0.082,59.48,1.415,63.89,Normal
5,232,npc_13,106.66,-0.054,204.4,0.0,25.49,Conservative
5,232,npc_14,99.99,0.714,309.29,0.0,25.07,Conservative
5,232,npc_2,107.66,0.039,235.79,0.0,25.92,Conservative
5,232,npc_3,100.02,0.964,293.1,0.0,26.09,Conservative
5,232,npc_4,89.4,-0.224,118.86,1.28,52.79,Normal
5,232,npc_5,100.26,0.357,250.13,0.0,23.77,Conservative
5,232,npc_6,95.46,-0.274,316.33,0.0,21.34,Conservative
5,232,npc_7,100.95,0.03,448.25,0.96,48.36,Normal
5,232,npc_8,92.49,0.251,31.97,0.0,30.42,Conservative
5,232,npc_9,107.74,0.307,184.22,1.353,63.11,Normal
5,236,npc_0,82.06,-3.603,55.01,0.0,29.38,Conservative
5,236,npc_1,107.77,-0.566,87.16,0.0,28.07,Conservative
5,236,npc_10,99.96,-0.472,276.89,0.0,24.09,Conservative
5,236,npc_11,107.63,-0.808,441.12,0.0,28.97,Conservative
5,236,npc_12,107.63,-0.477,64.18,1.466,66.76,Normal
5,236,npc_13,106.69,0.097,208.98,0.0,25.68,Conservative
5,236,npc_14,99.91,-0.207,313.13,0.0,23.01,Conservative
5,236,npc_2,107.73,0.19,240.64,0.0,26.55,Conservative
5,236,npc_3,99.85,-0.464,296.98,0.0,24.01,Conservative
5,236,npc_4,89.41,0.046,116.24,1.193,49.75,Normal
5,236,npc_5,99.83,-1.203,254.05,0.0,26.96,Conservative
5,236,npc_6,95.51,0.152,319.78,0.0,20.88,Conservative
5,236,npc_7,101.08,0.36,452.31,0.798,45.43,Normal
5,236,npc_8,89.0,-9.697,29.07,0.574,66.95,Normal
5,236,npc_9,107.68,-0.147,189.01,1.415,64.09,Normal
5,240,npc_0,83.94,5.213,53.71,0.574,50.97,Normal
5,240,npc_1,107.74,-0.073,91.13,0.0,26.09,Conservative
5,240,npc_10,100.36,1.121,280.02,0.0,26.87,Conservative
5,240,npc_11,107.8,0.476,445.09,0.0,27.73,Conservative
5,240,npc_12,107.99,0.997,68.17,1.508,69.9,Normal
5,240,npc_13,106.66,-0.083,212.85,0.0,25.61,Conservative
5,240,npc_14,99.67,-0.688,316.23,0.0,24.82,Conservative
5,240,npc_2,107.61,-0.334,244.62,0.0,27.07,Conservative
5,240,npc_3,99.92,0.185,300.08,0.0,22.92,Conservative
5,240,npc_4,89.54,0.355,114.29,1.088,48.25,Normal
5,240,npc_5,100.96,3.135,257.21,0.0,35.19,Normal
5,240,npc_6,95.37,-0.396,322.39,0.0,21.79,Conservative
5,240,npc_7,101.0,-0.206,455.54,0.574,38.81,Normal
5,240,npc_8,82.52,-18.0,27.64,0.798,72.43,Aggressive
5,240,npc_9,107.79,0.286,192.99,1.466,66.07,Normal
5,244,npc_0,86.27,6.474,53.02,0.798,57.82,Normal
5,244,npc_1,107.68,-0.177,94.3,0.0,26.47,Conservative
5,244,npc_10,100.38,0.053,282.34,0.0,22.61,Conservative
5,244,npc_11,107.93,0.366,448.28,0.0,27.35,Conservative
5,244,npc_12,108.0,0.031,71.35,1.542,66.04,Normal
5,244,npc_13,106.73,0.184,215.91,0.0,26.05,Conservative
5,244,npc_14,99.86,0.549,318.53,0.0,24.36,Conservative
5,244,npc_2,107.69,0.226,247.78,0.0,26.68,Conservative
5,244,npc_3,100.06,0.403,302.37,0.0,23.86,Conservative
5,244,npc_4,89.56,0.045,113.15,0.96,43.6,Normal
5,244,npc_5,99.94,-2.817,259.54,0.0,33.47,Conservative
5,244,npc_6,95.3,-0.181,324.2,0.0,20.91,Conservative
5,244,npc_7,101.1,0.28,457.97,0.0,23.84,Conservative
5,244,npc_8,79.79,-7.599,27.57,0.96,75.85,Aggressive
5,244,npc_9,107.71,-0.207,196.16,1.508,66.61,Normal
5,248,npc_0,84.18,-5.809,51.54,0.96,61.35,Normal
5,248,npc_1,107.93,0.716,98.27,0.0,28.75,Conservative
5,248,npc_10,100.18,-0.562,285.48,0.0,24.55,Conservative
5,248,npc_11,107.91,-0.08,452.25,0.0,26.19,Conservative
5,248,npc_12,107.99,-0.034,75.33,1.568,66.05,Normal
5,248,npc_13,106.68,-0.143,219.77,0.0,25.86,Conservative
5,248,npc_14,99.9,0.096,321.63,0.0,22.56,Conservative
5,248,npc_2,107.82,0.357,251.76,0.0,27.26,Conservative
5,248,npc_3,99.81,-0.704,305.48,0.0,24.96,Conservative
5,248,npc_4,89.62,0.178,111.2,0.798,39.85,Normal
5,248,npc_5,100.05,0.294,262.69,0.0,23.42,Conservative
5,248,npc_6,95.25,-0.151,326.8,0.0,20.76,Conservative
5,248,npc_7,101.02,-0.226,461.2,0.0,23.58,Conservative
5,248,npc_8,74.34,-15.133,27.04,1.088,78.15,Aggressive
5,248,npc_9,107.67,-0.118,200.13,1.542,66.23,Normal
5,252,npc_0,83.63,-1.507,50.32,1.088,50.58,Normal
5,252,npc_1,107.93,-0.012,102.4,0.0,25.94,Conservative
5,252,npc_10,100.13,-0.129,288.58,0.0,22.8,Conservative
5,252,npc_11,107.66,-0.688,456.24,0.0,28.51,Conservative
5,252,npc_12,107.64,-0.958,79.37,1.586,69.58,Normal
5,252,npc_13,106.65,-0.067,223.61,0.0,25.55,Conservative
5,252,npc_14,99.65,-0.69,324.71,0.0,24.83,Conservative
5,252,npc_2,107.56,-0.725,255.82,0.0,28.61,Conservative
5,252,npc_3,100.09,0.788,308.59,0.0,25.41,Conservative
5,252,npc_4,89.6,-0.043,109.48,0.574,33.33,Conservative
5,252,npc_5,99.89,-0.445,265.85,0.0,23.95,Conservative
5,252,npc_6,95.67,1.172,329.48,0.0,25.03,Conservative
5,252,npc_7,101.0,-0.057,464.49,0.0,22.9,Conservative
5,252,npc_8,74.74,1.112,27.41,1.193,65.0,Normal
5,252,npc_9,107.88,0.597,204.19,1.568,68.25,Normal
5,256,npc_0,83.76,0.351,49.07,1.524,57.02,Normal
5,256,npc_1,107.67,-0.729,106.22,0.0,28.68,Conservative
5,256,npc_10,100.07,-0.166,291.71,0.0,22.92,Conservative
5,256,npc_11,107.83,0.479,460.21,0.0,27.76,Conservative
5,256,npc_12,107.89,0.699,83.29,1.596,68.67,Normal
5,256,npc_13,106.79,0.366,227.5,0.0,26.81,Conservative
5,256,npc_14,99.91,0.729,327.82,0.0,25.1,Conservative
5,256,npc_2,107.67,0.295,259.69,0.0,26.94,Conservative
5,256,npc_3,100.03,-0.175,311.67,0.0,22.94,Conservative
5,256,npc_4,89.51,-0.272,107.3,0.0,18.89,Conservative
5,256,npc_5,99.92,0.09,268.95,0.0,22.55,Conservative
5,256,npc_6,95.33,-0.961,332.01,0.0,24.04,Conservative
5,256,npc_7,101.11,0.288,467.66,0.0,23.87,Conservative
5,256,npc_8,72.0,-7.612,26.71,1.28,83.01,Aggressive
5,256,npc_9,107.67,-0.601,208.09,1.586,68.16,Normal
5,260,npc_0,81.98,-4.941,47.75,1.835,74.86,Aggressive
5,260,npc_1,107.84,0.495,110.32,0.0,27.82,Conservative
5,260,npc_10,100.14,0.181,294.8,0.0,23.01,Conservative
5,260,npc_11,107.94,0.308,464.19,0.0,27.12,Conservative
5,260,npc_12,107.68,-0.607,87.31,1.6,68.19,Normal
5,260,npc_13,107.01,0.629,231.36,0.0,27.97,Conservative
5,260,npc_14,99.97,0.145,330.9,0.0,22.79,Conservative
5,260,npc_2,107.76,0.268,263.76,0.0,26.88,Conservative
5,260,npc_3,99.84,-0.543,314.77,0.0,24.32,Conservative
5,260,npc_4,89.49,-0.034,105.59,0.0,17.94,Conservative
5,260,npc_5,99.81,-0.312,272.09,0.0,23.39,Conservative
5,260,npc_6,95.43,0.299,334.7,0.0,21.43,Conservative
5,260,npc_7,101.27,0.461,470.95,0.0,24.63,Conservative
5,260,npc_8,75.08,8.545,27.07,1.353,85.44,Aggressive
5,260,npc_9,107.88,0.603,212.14,1.596,68.27,Normal
5,264,npc_0,81.11,-2.412,46.7,2.079,64.62,Normal
5,264,npc_1,107.95,0.291,114.29,0.0,27.06,Conservative
5,264,npc_10,100.05,-0.24,297.92,0.0,23.2,Conservative
5,264,npc_11,107.7,-0.659,468.16,0.0,28.41,Conservative
5,264,npc_12,107.94,0.743,91.3,1.596,68.86,Normal
5,264,npc_13,107.0,-0.038,235.23,0.0,25.59,Conservative
5,264,npc_14,99.71,-0.699,333.98,0.0,24.89,Conservative
5,264,npc_2,107.56,-0.551,267.74,0.0,27.92,Conservative
5,264,npc_3,99.91,0.216,317.86,0.0,23.05,Conservative
5,264,npc_4,89.58,0.243,103.41,0.574,34.12,Conservative
5,264,npc_5,100.45,1.787,275.24,0.0,29.57,Conservative
5,264,npc_6,95.28,-0.433,337.3,0.0,21.9,Conservative
5,264,npc_7,100.89,-1.054,474.16,0.0,26.84,Conservative
5,264,npc_8,78.02,8.186,26.54,1.415,88.87,Aggressive
5,264,npc_9,107.97,0.239,216.12,1.6,66.86,Normal
5,268,npc_0,76.46,-12.919,45.13,2.278,73.75,Aggressive
5,268,npc_1,107.72,-0.645,119.06,0.0,28.37,Conservative
5,268,npc_10,100.09,0.105,301.85,0.0,22.68,Conservative
5,268,npc_11,107.93,0.636,472.95,0.0,28.43,Conservative
5,268,npc_12,107.76,-0.506,96.06,1.586,67.83,Normal
5,268,npc_13,106.62,-1.043,239.9,0.0,29.43,Conservative
5,268,npc_14,100.09,1.043,337.89,0.0,26.43,Conservative
5,268,npc_2,107.62,0.157,272.52,0.0,26.37,Conservative
5,268,npc_3,99.72,-0.548,321.76,0.0,24.29,Conservative
5,268,npc_4,89.43,-0.433,100.67,0.798,40.79,Normal
5,268,npc_5,100.14,-0.866,279.19,0.0,25.75,Conservative
5,268,npc_6,95.37,0.251,340.71,0.0,21.22,Conservative
5,268,npc_7,101.29,1.092,478.22,0.0,27.17,Conservative
5,268,npc_8,81.04,8.374,24.92,1.466,93.83,Aggressive
5,268,npc_9,107.69,-0.78,220.89,1.596,68.89,Normal
5,272,npc_0,77.89,3.971,43.92,2.442,70.55,Aggressive
5,272,npc_1,107.69,-0.068,123.82,0.574,41.36,Normal
5,272,npc_10,101.79,4.731,305.87,0.0,41.95,Normal
5,272,npc_11,107.68,-0.716,477.71,0.0,28.63,Conservative
5,272,npc_12,107.78,0.047,100.8,1.568,66.0,Normal
5,272,npc_13,106.83,0.573,244.6,0.0,27.66,Conservative
5,272,npc_14,100.05,-0.096,341.8,0.574,37.95,Normal
5,272,npc_2,106.54,-2.997,277.12,0.0,37.21,Normal
5,272,npc_3,100.02,0.852,325.69,0.574,40.96,Normal
5,272,npc_4,89.65,0.622,97.77,0.96,45.95,Normal
5,272,npc_5,101.35,3.37,283.14,0.0,36.31,Normal
5,272,npc_6,95.31,-0.157,344.04,0.0,20.81,Conservative
5,272,npc_7,101.19,-0.277,482.18,0.0,23.86,Conservative
5,272,npc_8,76.93,-11.397,22.69,1.508,97.02,Aggressive
5,272,npc_9,106.83,-2.395,225.54,1.596,74.94,Aggressive
5,276,npc_0,74.1,-10.538,42.52,2.578,73.99,Aggressive
5,276,npc_1,107.98,0.799,128.8,0.798,50.39,Normal
5,276,npc_10,104.81,8.381,310.17,0.0,44.41,Normal
5,276,npc_11,107.78,0.29,482.5,0.0,26.97,Conservative
5,276,npc_12,107.69,-0.233,105.61,1.542,66.71,Normal
5,276,npc_13,106.63,-0.569,249.24,0.0,27.54,Conservative
5,276,npc_14,99.73,-0.904,345.71,0.798,47.0,Normal
5,276,npc_2,106.05,-1.377,281.83,0.0,30.5,Conservative
5,276,npc_3,99.98,-0.113,329.64,0.798,43.95,Normal
5,276,npc_4,89.72,0.186,95.18,1.088,47.64,Normal
5,276,npc_5,104.15,7.77,287.41,0.0,44.11,Normal
5,276,npc_6,95.4,0.236,347.53,0.0,21.17,Conservative
5,276,npc_7,101.1,-0.231,486.27,0.0,23.64,Conservative
5,276,npc_8,77.21,0.762,22.14,1.542,81.14,Aggressive
5,276,npc_9,106.89,0.178,230.23,1.596,66.1,Normal
5,280,npc_0,73.51,-1.623,41.54,2.69,60.79,Normal
5,280,npc_1,107.73,-0.691,133.57,0.96,54.15,Normal
5,280,npc_10,107.53,7.551,314.79,0.0,45.69,Normal
5,280,npc_11,107.95,0.461,487.28,0.0,27.74,Conservative
5,280,npc_12,107.71,0.053,110.37,1.508,65.99,Normal
5,280,npc_13,106.69,0.171,253.91,0.0,25.98,Conservative
5,280,npc_14,99.9,0.484,349.6,0.96,49.71,Normal
5,280,npc_2,105.71,-0.921,286.39,0.0,28.52,Conservative
5,280,npc_3,99.84,-0.405,333.52,0.96,49.37,Normal
5,280,npc_4,89.72,0.001,92.43,1.193,49.69,Normal
5,280,npc_5,107.13,8.276,291.99,0.0,45.5,Normal
5,280,npc_6,95.68,0.789,350.94,0.0,23.5,Conservative
5,280,npc_7,100.88,-0.623,490.28,0.0,25.11,Conservative
5,280,npc_8,79.64,6.751,20.66,1.568,100.0,Aggressive
5,280,npc_9,106.88,-0.028,234.89,1.596,65.5,Normal
5,284,npc_0,68.37,-14.293,40.07,2.782,73.54,Aggressive
5,284,npc_1,107.7,-0.094,139.12,1.088,55.16,Normal
5,284,npc_10,107.69,0.466,320.36,0.0,27.64,Conservative
5,284,npc_11,107.72,-0.625,492.85,0.0,28.29,Conservative
5,284,npc_12,107.97,0.715,115.95,1.466,67.87,Normal
5,284,npc_13,107.05,1.002,259.38,0.0,29.47,Conservative
5,284,npc_14,99.92,0.042,354.29,1.088,51.36,Normal
5,284,npc_2,105.63,-0.227,291.73,0.0,25.71,Conservative
5,284,npc_3,99.72,-0.335,338.21,1.088,52.44,Normal
5,284,npc_4,89.43,-0.811,88.9,1.28,55.15,Normal
5,284,npc_5,107.81,1.883,297.56,0.0,33.36,Conservative
5,284,npc_6,95.64,-0.124,355.16,0.0,20.82,Conservative
5,284,npc_7,101.05,0.465,495.1,0.0,24.55,Conservative
5,284,npc_8,82.07,6.75,18.19,1.586,100.0,Aggressive
5,284,npc_9,106.86,-0.067,240.36,1.596,65.64,Normal
5,288,npc_0,62.93,-15.105,38.41,2.854,73.1,Aggressive
5,288,npc_1,107.78,0.237,145.48,1.193,58.57,Normal
5,288,npc_10,107.79,0.264,326.74,0.0,26.88,Conservative
5,288,npc_11,107.68,-0.12,499.23,0.0,26.24,Conservative
5,288,npc_12,107.92,-0.146,122.33,1.415,64.2,Normal
5,288,npc_13,106.78,-0.735,265.65,0.0,28.28,Conservative
5,288,npc_14,100.01,0.258,359.79,1.193,55.06,Normal
5,288,npc_2,105.24,-1.103,297.83,0.0,29.02,Conservative
5,288,npc_3,99.78,0.174,343.71,1.193,54.62,Normal
5,288,npc_4,89.48,0.159,84.56,1.353,54.52,Normal
5,288,npc_5,107.81,0.011,303.92,0.0,25.87,Conservative
5,288,npc_6,95.47,-0.467,360.16,0.0,22.12,Conservative
5,288,npc_7,101.19,0.401,500.73,0.0,24.36,Conservative
5,288,npc_8,84.68,7.238,14.78,1.596,100.0,Aggressive
5,288,npc_9,106.74,-0.338,246.63,1.596,66.67,Normal
5,292,npc_0,61.43,-4.158,37.14,2.909,70.31,Aggressive
5,292,npc_1,107.95,0.456,151.84,1.28,61.85,Normal
5,292,npc_10,107.76,-0.088,333.12,0.0,26.16,Conservative
5,292,npc_11,107.64,-0.092,505.61,0.0,26.12,Conservative
5,292,npc_12,107.88,-0.118,128.7,1.353,62.42,Normal
5,292,npc_13,106.93,0.409,271.93,0.0,27.05,Conservative
5,292,npc_14,99.65,-0.993,365.27,1.28,60.17,Normal
5,292,npc_2,104.91,-0.915,303.9,0.0,28.12,Conservative
5,292,npc_3,99.67,-0.299,349.2,1.28,57.41,Normal
5,292,npc_4,89.46,-0.077,80.22,1.415,55.83,Normal
5,292,npc_5,107.57,-0.67,310.29,0.0,28.4,Conservative
5,292,npc_6,95.58,0.304,365.18,0.0,21.51,Conservative
5,292,npc_7,101.02,-0.461,506.35,0.0,24.52,Conservative
5,292,npc_8,87.73,8.472,11.3,1.6,100.0,Aggressive
5,292,npc_9,107.02,0.779,252.91,1.596,68.56,Normal
5,296,npc_0,62.54,3.069,36.03,2.948,67.22,Normal
5,296,npc_1,107.71,-0.649,158.04,1.353,64.47,Normal
5,296,npc_10,107.93,0.469,339.52,0.0,27.76,Conservative
5,296,npc_11,107.93,0.795,511.98,0.574,44.39,Normal
5,296,npc_12,107.77,-0.287,135.04,1.28,61.09,Normal
5,296,npc_13,106.97,0.111,278.22,0.0,25.87,Conservative
5,296,npc_14,99.96,0.863,370.76,1.353,61.75,Normal
5,296,npc_2,104.84,-0.188,309.86,0.0,25.18,Conservative
5,296,npc_3,99.91,0.652,354.65,1.353,60.88,Normal
5,296,npc_4,87.19,-6.286,75.84,1.466,76.0,Aggressive
5,296,npc_5,107.57,-0.006,316.65,0.0,25.74,Conservative
5,296,npc_6,95.44,-0.382,370.12,0.0,21.77,Conservative
5,296,npc_7,101.29,0.744,511.93,0.0,25.78,Conservative
5,296,npc_8,83.37,-12.108,6.26,1.596,100.0,Aggressive
5,296,npc_9,106.99,-0.059,259.16,1.596,65.68,Normal
5,300,npc_0,65.02,6.901,34.95,2.971,76.65,Aggressive
5,300,npc_1,107.59,-0.351,164.31,1.415,64.86,Normal
5,300,npc_10,107.82,-0.303,345.93,0.0,27.05,Conservative
5,300,npc_11,107.83,-0.293,518.36,0.798,48.29,Normal
5,300,npc_12,107.86,0.239,141.46,1.193,58.61,Normal
5,300,npc_13,107.05,0.219,284.55,0.0,26.34,Conservative
5,300,npc_14,99.95,-0.05,376.28,1.415,60.14,Normal
5,300,npc_2,104.56,-0.771,315.83,0.0,27.38,Conservative
5,300,npc_3,99.99,0.244,360.14,1.415,60.93,Normal
5,300,npc_4,84.04,-8.768,71.9,1.749,75.69,Aggressive
5,300,npc_5,107.6,0.1,323.02,0.0,26.13,Conservative
5,300,npc_6,95.6,0.436,375.1,0.0,22.05,Conservative
5,300,npc_7,100.98,-0.878,517.52,0.0,26.17,Conservative
5,300,npc_8,79.02,-12.074,3.77,1.772,100.0,Aggressive
5,300,npc_9,107.02,0.06,265.45,1.596,65.69,Normal
5,304,npc_0,67.64,7.273,32.71,2.979,79.73,Aggressive
5,304,npc_1,107.57,-0.046,170.76,1.466,65.0,Normal
5,304,npc_10,107.91,0.251,352.26,0.0,26.88,Conservative
5,304,npc_11,107.61,-0.611,524.74,0.96,53.78,Normal
5,304,npc_12,107.87,0.035,147.8,1.088,55.0,Normal
5,304,npc_13,106.77,-0.784,290.76,0.0,28.47,Conservative
5,304,npc_14,99.97,0.063,381.76,1.466,61.56,Normal
5,304,npc_2,104.18,-1.054,321.86,0.0,28.33,Conservative
5,304,npc_3,99.67,-0.908,365.65,1.466,64.81,Normal
5,304,npc_4,77.56,-18.0,68.54,1.97,73.37,Aggressive
5,304,npc_5,107.84,0.653,329.37,0.0,28.45,Conservative
5,304,npc_6,95.66,0.183,380.16,0.0,21.07,Conservative
5,304,npc_7,101.02,0.119,523.17,0.0,23.15,Conservative
5,304,npc_8,79.69,1.861,6.5,1.908,100.0,Aggressive
5,304,npc_9,106.64,-1.05,271.71,1.596,69.47,Normal
5,308,npc_0,70.24,7.21,29.84,2.971,83.97,Aggressive
5,308,npc_1,107.88,0.861,177.93,1.508,69.31,Normal
5,308,npc_10,107.55,-0.993,359.42,0.0,29.68,Conservative
5,308,npc_11,107.63,0.077,531.91,1.088,55.06,Normal
5,308,npc_12,107.59,-0.793,154.98,0.96,54.49,Normal
5,308,npc_13,107.04,0.765,297.84,0.0,28.52,Conservative
5,308,npc_14,99.98,0.031,388.06,1.508,62.34,Normal
5,308,npc_2,103.83,-0.985,328.62,0.0,27.9,Conservative
5,308,npc_3,99.78,0.322,371.94,1.508,63.41,Normal
5,308,npc_4,75.19,-6.559,64.99,2.147,72.56,Aggressive
5,308,npc_5,107.56,-0.773,336.53,0.0,28.8,Conservative
5,308,npc_6,95.52,-0.408,385.96,0.0,21.91,Conservative
5,308,npc_7,100.88,-0.39,529.59,0.0,24.18,Conservative
5,308,npc_8,82.25,7.119,8.37,2.013,100.0,Aggressive
5,308,npc_9,106.94,0.833,278.78,1.596,68.75,Normal
5,312,npc_0,72.64,6.687,26.68,2.948,89.12,Aggressive
5,312,npc_1,107.95,0.183,185.1,1.542,66.63,Normal
5,312,npc_10,107.82,0.759,366.6,0.0,28.87,Conservative
5,312,npc_11,107.63,-0.0,539.08,1.193,57.55,Normal
5,312,npc_12,107.97,1.068,162.16,0.798,51.46,Normal
5,312,npc_13,106.86,-0.501,304.91,0.0,27.38,Conservative
5,312,npc_14,99.69,-0.803,394.35,1.542,65.3,Normal
5,312,npc_2,103.85,0.073,335.36,0.0,24.26,Conservative
5,312,npc_3,99.82,0.102,378.25,1.542,62.55,Normal
5,312,npc_4,75.01,-0.511,61.38,2.29,54.55,Normal
5,312,npc_5,107.38,-0.515,343.68,0.0,27.68,Conservative
5,312,npc_6,95.28,-0.665,391.76,0.0,22.83,Conservative
5,312,npc_7,101.26,1.047,536.03,0.0,26.97,Conservative
5,312,npc_8,84.67,6.709,11.79,2.09,100.0,Aggressive
5,312,npc_9,106.84,-0.266,285.85,1.596,66.43,Normal
5,316,npc_0,75.53,8.025,23.88,2.909,94.51,Aggressive
5,316,npc_1,107.59,-0.992,192.17,1.568,69.69,Normal
5,316,npc_10,107.88,0.159,373.81,0.0,26.5,Conservative
5,316,npc_11,107.86,0.631,546.24,1.28,62.51,Normal
5,316,npc_12,107.64,-0.917,169.36,0.574,44.73,Normal
5,316,npc_13,106.92,0.155,312.03,0.0,26.02,Conservative
5,316,npc_14,99.84,0.421,400.67,1.568,63.84,Normal
5,316,npc_2,103.71,-0.403,342.03,0.0,25.51,Conservative
5,316,npc_3,99.86,0.121,384.53,1.568,62.65,Normal
5,316,npc_4,76.55,4.271,57.88,2.407,70.1,Aggressive
5,316,npc_5,106.98,-1.092,350.8,0.0,29.8,Conservative
5,316,npc_6,95.63,0.991,397.53,0.0,24.29,Conservative
5,316,npc_7,101.14,-0.324,542.43,0.0,24.03,Conservative
5,316,npc_8,86.81,5.937,15.0,2.144,100.0,Aggressive
5,316,npc_9,106.95,0.303,292.94,1.596,66.63,Normal
5,320,npc_0,78.48,8.193,21.01,2.854,100.0,Aggressive
5,320,npc_1,107.68,0.242,198.54,1.586,66.73,Normal
5,320,npc_10,107.56,-0.883,380.18,0.0,29.24,Conservative
5,320,npc_11,107.75,-0.295,552.61,1.353,63.07,Normal
5,320,npc_12,107.6,-0.099,175.73,0.0,26.13,Conservative
5,320,npc_13,106.85,-0.19,318.29,0.0,26.13,Conservative
5,320,npc_14,100.0,0.423,406.17,1.586,63.91,Normal
5,320,npc_2,103.31,-1.095,347.92,0.0,28.1,Conservative
5,320,npc_3,99.85,-0.033,390.03,1.586,62.29,Normal
5,320,npc_4,79.34,7.763,54.81,2.499,73.99,Aggressive
5,320,npc_5,106.63,-0.989,357.06,0.0,29.22,Conservative
5,320,npc_6,95.47,-0.454,402.53,0.0,22.07,Conservative
5,320,npc_7,101.12,-0.043,548.07,0.0,22.9,Conservative
5,320,npc_8,90.0,8.878,19.19,2.176,100.0,Aggressive
5,320,npc_9,106.78,-0.482,299.21,1.596,67.27,Normal
5,324,npc_0,80.57,5.814,17.18,2.782,100.0,Aggressive
5,324,npc_1,107.61,-0.17,205.7,1.596,66.42,Normal
5,324,npc_10,107.64,0.206,387.35,0.0,26.57,Conservative
5,324,npc_11,107.89,0.371,559.79,1.415,65.08,Normal
5,324,npc_12,107.59,-0.031,182.88,0.0,25.85,Conservative
5,324,npc_13,106.94,0.258,325.37,0.0,26.45,Conservative
5,324,npc_14,99.92,-0.206,412.48,1.596,63.01,Normal
5,324,npc_2,103.26,-0.152,354.6,0.0,24.3,Conservative
5,324,npc_3,99.97,0.335,396.34,1.596,63.55,Normal
5,324,npc_4,81.75,6.677,50.63,2.571,74.85,Aggressive
5,324,npc_5,106.22,-1.135,364.09,0.0,29.61,Conservative
5,324,npc_6,95.3,-0.47,408.33,0.0,22.06,Conservative
5,324,npc_7,101.16,0.102,554.5,0.0,23.15,Conservative
5,324,npc_8,92.2,6.112,24.51,2.186,99.68,Aggressive
5,324,npc_9,106.64,-0.38,306.28,1.596,66.79,Normal
5,328,npc_0,83.45,7.978,12.54,2.69,100.0,Aggressive
5,328,npc_1,107.71,0.255,213.67,1.6,66.8,Normal
5,328,npc_10,107.99,0.978,395.33,0.0,29.83,Conservative
5,328,npc_11,107.69,-0.549,567.76,1.466,67.07,Normal
5,328,npc_12,107.89,0.813,190.86,0.0,29.12,Conservative
5,328,npc_13,106.92,-0.055,333.24,0.0,25.62,Conservative
5,328,npc_14,99.66,-0.725,419.57,1.6,64.97,Normal
5,328,npc_2,102.86,-1.113,362.05,0.0,27.96,Conservative
5,328,npc_3,99.85,-0.346,403.44,1.6,63.54,Normal
5,328,npc_4,84.51,7.685,45.36,2.624,76.56,Aggressive
5,328,npc_5,106.02,-0.546,371.87,0.0,27.16,Conservative
5,328,npc_6,95.32,0.055,414.93,0.0,20.41,Conservative
5,328,npc_7,101.1,-0.177,561.73,0.0,23.42,Conservative
5,328,npc_8,92.45,0.684,30.73,2.176,73.61,Aggressive
5,328,npc_9,106.75,0.301,314.16,1.6,66.53,Normal
5,332,npc_0,86.16,7.536,6.2,2.578,100.0,Aggressive
5,332,npc_1,107.82,0.325,221.72,1.596,67.13,Normal
5,332,npc_10,107.76,-0.625,403.27,0.0,28.31,Conservative
5,332,npc_11,107.94,0.692,575.75,1.508,68.66,Normal
5,332,npc_12,107.94,0.146,198.82,0.0,26.47,Conservative
5,332,npc_13,106.95,0.077,341.06,0.0,25.73,Conservative
5,332,npc_14,99.76,0.274,426.66,1.596,63.21,Normal
5,332,npc_2,102.95,0.264,369.53,0.0,24.61,Conservative
5,332,npc_3,99.9,0.139,410.55,1.596,62.73,Normal
5,332,npc_4,87.06,7.085,39.8,2.854,80.18,Aggressive
5,332,npc_5,105.69,-0.914,379.61,0.0,28.48,Conservative
5,332,npc_6,95.66,0.941,421.59,0.0,24.1,Conservative
5,332,npc_7,101.22,0.335,569.0,0.0,24.11,Conservative
5,332,npc_8,92.45,-0.003,37.38,2.144,64.1,Normal
5,332,npc_9,106.83,0.21,322.01,1.596,66.2,Normal
5,336,npc_0,88.44,6.334,3.23,2.442,100.0,Aggressive
5,336,npc_1,107.92,0.259,229.69,1.586,66.91,Normal
5,336,npc_10,107.75,-0.052,411.25,0.0,26.01,Conservative
5,336,npc_11,107.93,-0.029,583.73,1.542,66.0,Normal
5,336,npc_12,107.81,-0.369,206.8,0.0,27.3,Conservative
5,336,npc_13,107.02,0.194,348.95,0.0,26.23,Conservative
5,336,npc_14,99.79,0.076,433.76,1.586,62.43,Normal
5,336,npc_2,102.76,-0.551,376.94,0.0,25.67,Conservative
5,336,npc_3,99.93,0.087,417.65,1.586,62.54,Normal
5,336,npc_4,89.27,6.133,34.0,3.034,85.9,Aggressive
5,336,npc_5,105.31,-1.052,387.31,0.0,28.86,Conservative
5,336,npc_6,95.24,-1.158,428.18,0.0,24.79,Conservative
5,336,npc_7,101.1,-0.314,576.23,0.0,23.97,Conservative
5,336,npc_8,92.39,-0.169,43.57,2.09,60.97,Normal
5,336,npc_9,107.03,0.562,329.89,1.586,67.7,Normal
5,340,npc_0,91.34,8.044,6.51,2.278,100.0,Aggressive
5,340,npc_1,107.99,0.195,236.87,1.568,66.69,Normal
5,340,npc_10,107.67,-0.205,418.42,0.0,26.58,Conservative
5,340,npc_11,107.68,-0.696,590.89,1.568,68.55,Normal
5,340,npc_12,107.89,0.226,213.99,0.0,26.77,Conservative
5,340,npc_13,106.62,-1.098,356.0,0.0,29.66,Conservative
5,340,npc_14,100.08,0.811,440.05,1.568,65.5,Normal
5,340,npc_2,102.45,-0.856,383.53,0.0,26.75,Conservative
5,340,npc_3,99.93,0.009,423.94,1.568,62.23,Normal
5,340,npc_4,89.64,1.02,28.87,3.171,76.22,Aggressive
5,340,npc_5,105.07,-0.67,394.19,0.0,27.22,Conservative
5,340,npc_6,95.28,0.103,433.97,0.0,20.58,Conservative
5,340,npc_7,101.19,0.239,582.65,0.0,23.71,Conservative
5,340,npc_8,92.47,0.224,48.98,2.013,59.93,Normal
5,340,npc_9,106.62,-1.141,336.95,1.568,69.83,Normal
5,344,npc_0,94.29,8.205,11.68,2.079,100.0,Aggressive
5,344,npc_1,107.74,-0.689,244.04,1.542,68.55,Normal
5,344,npc_10,107.6,-0.19,425.59,0.0,26.49,Conservative
5,344,npc_11,107.85,0.479,598.07,1.586,67.77,Normal
5,344,npc_12,107.89,0.011,221.17,0.0,25.91,Conservative
5,344,npc_13,106.71,0.225,363.08,0.0,26.2,Conservative
5,344,npc_14,99.85,-0.622,446.36,1.542,64.64,Normal
5,344,npc_2,102.52,0.197,390.12,0.0,24.14,Conservative
5,344,npc_3,99.96,0.079,430.25,1.542,62.52,Normal
5,344,npc_4,89.7,0.172,23.76,3.272,80.61,Aggressive
5,344,npc_5,104.73,-0.957,401.05,0.0,28.2,Conservative
5,344,npc_6,95.47,0.518,439.79,0.0,22.32,Conservative
5,344,npc_7,101.02,-0.483,589.08,0.0,24.61,Conservative
5,344,npc_8,92.24,-0.623,54.4,1.908,61.4,Normal
5,344,npc_9,106.81,0.528,344.03,1.542,67.46,Normal
5,348,npc_0,97.33,8.455,17.12,1.835,100.0,Aggressive
5,348,npc_1,107.78,0.106,251.3,1.508,66.24,Normal
5,348,npc_10,107.96,0.993,432.76,0.0,29.87,Conservative
5,348,npc_11,107.68,-0.487,605.27,1.596,67.71,Normal
5,348,npc_12,107.65,-0.666,228.35,0.0,28.42,Conservative
5,348,npc_13,106.69,-0.033,370.12,0.0,25.43,Conservative
5,348,npc_14,99.95,0.276,452.68,1.508,63.3,Normal
5,348,npc_2,102.34,-0.509,396.76,0.0,25.31,Conservative
5,348,npc_3,99.83,-0.358,436.59,1.508,63.58,Normal
5,348,npc_4,79.75,-27.64,18.94,3.339,100.0,Aggressive
5,348,npc_5,104.62,-0.288,407.87,0.0,25.48,Conservative
5,348,npc_6,95.51,0.134,445.66,0.0,20.81,Conservative
5,348,npc_7,101.11,0.269,595.55,0.0,23.8,Conservative
5,348,npc_8,92.53,0.786,60.25,1.772,62.17,Normal
5,348,npc_9,106.79,-0.056,351.1,1.508,65.56,Normal
5,352,npc_0,99.81,6.87,23.52,1.524,100.0,Aggressive
5,352,npc_1,107.83,0.159,258.38,1.466,65.58,Normal
5,352,npc_10,107.8,-0.452,439.94,0.0,27.63,Conservative
5,352,npc_11,107.88,0.559,612.41,1.6,68.1,Normal
5,352,npc_12,107.76,0.298,235.51,0.0,26.99,Conservative
5,352,npc_13,106.67,-0.056,377.2,0.0,25.51,Conservative
5,352,npc_14,100.04,0.244,458.97,1.466,62.32,Normal
5,352,npc_2,102.27,-0.187,403.25,0.0,23.99,Conservative
5,352,npc_3,100.08,0.692,442.86,1.466,64.13,Normal
5,352,npc_4,78.24,-4.183,15.47,3.375,100.0,Aggressive
5,352,npc_5,104.44,-0.5,414.66,0.0,26.24,Conservative
5,352,npc_6,95.41,-0.288,451.41,0.0,21.38,Conservative
5,352,npc_7,101.08,-0.095,601.94,0.0,23.08,Conservative
5,352,npc_8,92.51,-0.039,65.25,1.596,59.17,Normal
5,352,npc_9,106.87,0.242,358.15,1.466,65.46,Normal
5,356,npc_0,101.07,3.495,29.72,1.088,78.85,Aggressive
5,356,npc_1,107.73,-0.29,265.65,1.415,64.68,Normal
5,356,npc_10,107.95,0.431,447.1,0.0,27.62,Conservative
5,356,npc_11,107.68,-0.558,619.61,1.596,68.0,Normal
5,356,npc_12,107.83,0.188,242.69,0.0,26.59,Conservative
5,356,npc_13,106.71,0.107,384.25,0.0,25.73,Conservative
5,356,npc_14,99.78,-0.729,465.29,1.415,62.78,Normal
5,356,npc_2,101.98,-0.801,409.86,0.0,26.32,Conservative
5,356,npc_3,99.94,-0.396,449.2,1.415,61.51,Normal
5,356,npc_4,69.26,-24.968,11.71,3.38,100.0,Aggressive
5,356,npc_5,103.84,-1.674,421.44,0.0,30.66,Conservative
5,356,npc_6,95.26,-0.429,457.27,0.0,21.88,Conservative
5,356,npc_7,100.98,-0.284,608.41,0.0,23.79,Conservative
5,356,npc_8,92.51,0.001,71.05,1.6,59.02,Normal
5,356,npc_9,106.6,-0.749,365.23,1.415,65.98,Normal
5,360,npc_0,100.96,-0.303,36.28,0.96,55.48,Normal
5,360,npc_1,107.98,0.688,272.74,1.353,64.75,Normal
5,360,npc_10,107.86,-0.273,454.28,0.0,26.94,Conservative
5,360,npc_11,107.8,0.334,626.76,1.586,67.16,Normal
5,360,npc_12,107.81,-0.048,249.84,0.0,26.02,Conservative
5,360,npc_13,106.61,-0.28,391.32,0.0,26.38,Conservative
5,360,npc_14,100.01,0.648,471.58,1.353,60.91,Normal
5,360,npc_2,101.97,-0.018,416.32,0.0,23.18,Conservative
5,360,npc_3,100.06,0.347,455.46,1.353,59.73,Normal
5,360,npc_4,68.04,-3.367,9.61,3.354,100.0,Aggressive
5,360,npc_5,103.84,-0.003,428.16,0.0,23.97,Conservative
5,360,npc_6,95.58,0.891,463.02,0.0,23.86,Conservative
5,360,npc_7,101.16,0.505,614.81,0.0,24.76,Conservative
5,360,npc_8,92.3,-0.581,76.11,1.596,61.26,Normal
5,360,npc_9,107.02,1.141,372.28,1.353,66.11,Normal
5,364,npc_0,101.24,0.783,41.9,0.798,49.29,Normal
5,364,npc_1,107.88,-0.268,279.12,1.28,61.07,Normal
5,364,npc_10,107.6,-0.718,460.64,0.0,28.6,Conservative
5,364,npc_11,107.81,0.033,633.14,1.568,65.96,Normal
5,364,npc_12,107.99,0.495,256.22,0.0,27.89,Conservative
5,364,npc_13,106.69,0.224,397.59,0.0,26.19,Conservative
5,364,npc_14,99.98,-0.093,477.08,1.28,56.72,Normal
5,364,npc_2,101.54,-1.194,422.0,0.0,27.69,Conservative
5,364,npc_3,100.07,0.018,460.97,1.28,56.46,Normal
5,364,npc_4,70.64,7.198,7.62,3.298,100.0,Aggressive
5,364,npc_5,103.92,0.221,434.09,0.0,24.88,Conservative
5,364,npc_6,95.3,-0.774,468.03,0.0,23.28,Conservative
5,364,npc_7,101.2,0.126,620.45,0.0,23.27,Conservative
5,364,npc_8,92.33,0.086,80.77,1.586,59.29,Normal
5,364,npc_9,106.97,-0.134,378.54,1.28,60.09,Normal
5,368,npc_0,101.31,0.208,47.84,0.574,39.11,Normal
5,368,npc_1,107.86,-0.056,285.45,1.193,57.88,Normal
5,368,npc_10,107.75,0.431,467.06,0.0,27.52,Conservative
5,368,npc_11,107.75,-0.159,639.51,1.542,66.44,Normal
5,368,npc_12,107.79,-0.559,262.61,0.0,28.05,Conservative
5,368,npc_13,107.03,0.94,403.89,0.0,29.22,Conservative
5,368,npc_14,100.08,0.289,482.6,1.193,55.22,Normal
5,368,npc_2,101.25,-0.815,427.62,0.0,26.04,Conservative
5,368,npc_3,99.79,-0.788,466.46,1.193,57.08,Normal
5,368,npc_4,73.04,6.688,7.83,3.209,100.0,Aggressive
5,368,npc_5,103.25,-1.851,439.98,0.0,31.1,Conservative
5,368,npc_6,95.67,1.039,473.01,0.0,24.5,Conservative
5,368,npc_7,100.92,-0.78,626.05,0.0,25.76,Conservative
5,368,npc_8,92.21,-0.344,85.23,1.568,60.27,Normal
5,368,npc_9,106.61,-0.993,384.81,1.193,61.03,Normal
5,372,npc_0,101.18,-0.378,52.63,0.0,24.26,Conservative
5,372,npc_1,107.99,0.353,291.04,1.088,56.33,Normal
5,372,npc_10,107.56,-0.525,472.64,0.0,27.81,Conservative
5,372,npc_11,107.81,0.163,645.08,1.508,66.48,Normal
5,372,npc_12,107.99,0.561,268.19,0.0,28.16,Conservative
5,372,npc_13,106.67,-1.0,409.35,0.0,29.29,Conservative
5,372,npc_14,99.97,-0.31,487.29,1.088,52.46,Normal
5,372,npc_2,100.86,-1.072,432.45,0.0,26.9,Conservative
5,372,npc_3,100.07,0.797,471.16,1.088,54.45,Normal
5,372,npc_4,76.01,8.255,6.9,3.084,100.0,Aggressive
5,372,npc_5,103.3,0.115,445.06,0.0,24.17,Conservative
5,372,npc_6,95.69,0.037,477.23,0.0,20.5,Conservative
5,372,npc_7,100.87,-0.16,630.88,0.0,23.25,Conservative
5,372,npc_8,92.24,0.073,89.08,1.542,59.2,Normal
5,372,npc_9,106.86,0.705,390.28,1.088,57.21,Normal
5,376,npc_0,101.15,-0.063,56.64,0.0,22.99,Conservative
5,376,npc_1,107.9,-0.239,295.81,0.96,52.43,Normal
5,376,npc_10,107.94,1.047,477.42,0.0,30.08,Conservative
5,376,npc_11,107.69,-0.332,649.85,1.466,66.21,Normal
5,376,npc_12,107.97,-0.061,272.96,0.0,26.15,Conservative
5,376,npc_13,106.7,0.083,414.01,0.0,25.63,Conservative
5,376,npc_14,99.76,-0.596,491.18,0.96,50.1,Normal
5,376,npc_2,100.67,-0.531,436.43,0.0,24.65,Conservative
5,376,npc_3,99.86,-0.582,475.05,0.96,50.09,Normal
5,376,npc_4,78.29,6.318,6.51,2.919,100.0,Aggressive
5,376,npc_5,103.18,-0.314,449.31,0.0,24.92,Conservative
5,376,npc_6,95.59,-0.252,480.63,0.0,21.32,Conservative
5,376,npc_7,101.03,0.446,634.91,0.0,24.47,Conservative
5,376,npc_8,92.32,0.236,92.13,1.508,59.88,Normal
5,376,npc_9,106.67,-0.538,394.94,0.96,53.04,Normal
5,380,npc_0,101.03,-0.356,59.85,0.0,24.11,Conservative
5,380,npc_1,107.68,-0.619,299.79,0.798,49.53,Normal
5,380,npc_10,107.84,-0.268,481.39,0.0,26.92,Conservative
5,380,npc_11,107.65,-0.116,653.81,1.415,63.95,Normal
5,380,npc_12,107.87,-0.254,276.93,0.0,26.87,Conservative
5,380,npc_13,106.87,0.47,417.88,0.0,27.26,Conservative
5,380,npc_14,100.05,0.81,494.28,0.798,46.77,Normal
5,380,npc_2,100.49,-0.495,439.58,0.0,24.42,Conservative
5,380,npc_3,99.66,-0.56,478.14,0.798,45.6,Normal
5,380,npc_4,81.23,8.179,6.41,2.707,100.0,Aggressive
5,380,npc_5,102.43,-2.079,452.73,0.0,31.63,Conservative
5,380,npc_6,95.26,-0.926,483.23,0.0,23.87,Conservative
5,380,npc_7,100.93,-0.259,638.14,0.0,23.68,Conservative
5,380,npc_8,92.21,-0.296,94.38,1.466,59.18,Normal
5,380,npc_9,106.98,0.865,398.81,0.798,50.18,Normal
5,384,npc_0,101.22,0.538,63.49,0.0,24.92,Conservative
5,384,npc_1,107.81,0.358,303.75,0.574,42.58,Normal
5,384,npc_10,107.9,0.145,485.43,0.0,26.45,Conservative
5,384,npc_12,107.86,-0.043,280.96,0.0,26.03,Conservative
5,384,npc_13,106.72,-0.42,421.82,0.0,26.99,Conservative
5,384,npc_14,99.98,-0.18,497.4,0.574,38.25,Normal
5,384,npc_2,100.3,-0.53,442.68,0.0,24.48,Conservative
5,384,npc_3,99.68,0.061,481.24,0.574,37.64,Normal
5,384,npc_4,84.63,9.422,9.65,2.665,100.0,Aggressive
5,384,npc_5,102.53,0.261,456.17,0.0,24.4,Conservative
5,384,npc_6,95.67,1.149,485.83,0.0,24.94,Conservative
5,384,npc_7,101.23,0.82,641.37,0.0,26.05,Conservative
5,384,npc_8,92.34,0.345,96.59,1.415,58.06,Normal
5,384,npc_9,106.69,-0.821,402.72,0.574,43.9,Normal
5,388,npc_0,100.9,-0.883,66.3,0.0,26.16,Conservative
5,388,npc_1,107.71,-0.27,307.74,0.0,26.86,Conservative
5,388,npc_10,107.59,-0.85,489.34,0.0,29.13,Conservative
5,388,npc_12,107.91,0.154,284.89,0.0,26.49,Conservative
5,388,npc_13,106.78,0.173,425.62,0.0,26.03,Conservative
5,388,npc_14,100.05,0.173,500.47,0.0,22.94,Conservative
5,388,npc_2,99.99,-0.864,445.81,0.0,25.67,Conservative
5,388,npc_3,99.89,0.586,484.33,0.0,24.52,Conservative
5,388,npc_4,86.99,6.581,6.89,2.604,100.0,Aggressive
5,388,npc_5,102.67,0.401,459.54,0.0,25.03,Conservative
5,388,npc_6,95.41,-0.746,488.46,0.0,23.21,Conservative
5,388,npc_8,92.27,-0.201,98.91,1.353,55.81,Normal
5,388,npc_9,106.9,0.594,406.55,0.0,27.77,Conservative
5,392,npc_0,100.97,0.179,70.31,0.0,23.37,Conservative
5,392,npc_1,107.99,0.79,312.52,0.0,29.08,Conservative
5,392,npc_10,107.65,0.178,494.1,0.0,26.46,Conservative
5,392,npc_12,107.77,-0.388,289.66,0.0,27.36,Conservative
5,392,npc_13,106.76,-0.056,430.3,0.0,25.55,Conservative
5,392,npc_14,100.04,-0.023,504.37,0.0,22.33,Conservative
5,392,npc_2,99.44,-1.534,449.68,0.0,28.11,Conservative
5,392,npc_3,99.97,0.21,488.23,0.0,23.05,Conservative
5,392,npc_4,89.57,7.165,8.25,2.524,100.0,Aggressive
5,392,npc_5,102.25,-1.171,463.73,0.0,27.92,Conservative
5,392,npc_6,95.61,0.559,491.87,0.0,22.55,Conservative
5,392,npc_8,92.28,0.036,101.96,1.28,53.2,Normal
5,392,npc_9,106.81,-0.247,411.22,0.0,26.34,Conservative
5,396,npc_0,100.97,0.019,73.54,0.0,22.73,Conservative
5,396,npc_1,107.57,-1.171,316.49,0.0,30.4,Conservative
5,396,npc_10,107.84,0.527,498.08,0.0,27.95,Conservative
5,396,npc_12,107.62,-0.433,293.63,0.0,27.47,Conservative
5,396,npc_13,106.97,0.579,434.17,0.0,27.74,Conservative
5,396,npc_14,100.03,-0.011,507.47,0.0,22.28,Conservative
5,396,npc_2,99.16,-0.765,452.73,0.0,24.91,Conservative
5,396,npc_3,99.7,-0.741,491.33,0.0,25.05,Conservative
5,396,npc_4,89.37,-0.565,9.61,2.423,100.0,Aggressive
5,396,npc_5,102.33,0.229,467.09,0.0,24.19,Conservative
5,396,npc_6,95.28,-0.905,494.47,0.0,23.79,Conservative
5,396,npc_8,92.5,0.616,104.23,1.193,53.28,Normal
5,396,npc_9,106.73,-0.235,415.09,0.0,26.25,Conservative
5,400,npc_0,101.13,0.431,77.55,0.0,24.45,Conservative
5,400,npc_1,107.83,0.722,321.27,0.0,28.73,Conservative
5,400,npc_10,108.0,0.42,502.87,0.0,27.6,Conservative
5,400,npc_12,107.94,0.887,298.4,0.0,29.44,Conservative
5,400,npc_13,106.73,-0.667,438.83,0.0,27.98,Conservative
5,400,npc_14,99.76,-0.77,511.36,0.0,25.19,Conservative
5,400,npc_2,99.03,-0.383,456.55,0.0,23.32,Conservative
5,400,npc_3,99.84,0.372,495.23,0.0,23.64,Conservative
5,400,npc_4,89.32,-0.154,11.8,2.298,100.0,Aggressive
5,400,npc_5,102.29,-0.125,471.26,0.0,23.75,Conservative
5,400,npc_6,95.55,0.737,497.87,0.0,23.24,Conservative
5,400,npc_8,92.26,-0.663,107.28,1.088,50.57,Normal
5,400,npc_9,106.66,-0.195,419.76,0.0,26.06,Conservative
5,404,npc_0,101.17,0.12,81.32,0.574,38.54,Normal
5,404,npc_1,107.92,0.24,326.09,0.0,26.84,Conservative
5,404,npc_10,107.73,-0.723,507.6,0.0,28.68,Conservative
5,404,npc_12,107.65,-0.809,303.17,0.0,28.99,Conservative
5,404,npc_13,106.62,-0.289,443.46,0.0,26.42,Conservative
5,404,npc_14,99.88,0.339,515.25,0.0,23.52,Conservative
5,404,npc_2,98.71,-0.892,460.38,0.0,25.22,Conservative
5,404,npc_3,100.02,0.503,499.14,0.0,24.24,Conservative
5,404,npc_4,89.51,0.545,13.05,2.144,100.0,Aggressive
5,404,npc_5,102.32,0.103,475.38,0.0,23.68,Conservative
5,404,npc_6,95.64,0.259,501.33,0.0,21.36,Conservative
5,404,npc_8,92.27,0.034,110.47,0.96,44.66,Normal
5,404,npc_9,106.95,0.818,424.41,0.0,28.69,Conservative
5,408,npc_0,101.0,-0.48,84.55,0.798,45.87,Normal
5,408,npc_1,107.69,-0.646,330.07,0.0,28.35,Conservative
5,408,npc_10,107.86,0.35,511.58,0.0,27.26,Conservative
5,408,npc_12,107.59,-0.151,307.14,0.0,26.33,Conservative
5,408,npc_13,107.03,1.137,447.33,0.0,30.01,Conservative
5,408,npc_14,99.95,0.205,518.35,0.0,23.02,Conservative
5,408,npc_2,98.65,-0.161,463.32,0.574,37.59,Normal
5,408,npc_3,99.83,-0.521,502.24,0.0,24.23,Conservative
5,408,npc_4,89.61,0.273,14.94,1.955,98.26,Aggressive
5,408,npc_5,102.05,-0.752,478.71,0.0,26.15,Conservative
5,408,npc_6,95.64,-0.007,503.94,0.0,20.36,Conservative
5,408,npc_8,92.19,-0.244,112.71,0.798,41.15,Normal
5,408,npc_9,106.98,0.095,428.27,0.0,25.82,Conservative
5,412,npc_0,100.93,-0.185,87.83,0.96,48.98,Normal
5,412,npc_1,107.94,0.715,334.13,0.0,28.75,Conservative
5,412,npc_10,107.9,0.115,515.56,0.0,26.33,Conservative
5,412,npc_12,107.83,0.664,311.12,0.0,28.5,Conservative
5,412,npc_13,106.91,-0.343,451.19,0.0,26.77,Conservative
5,412,npc_14,99.9,-0.132,521.46,0.0,22.71,Conservative
5,412,npc_2,101.23,7.17,466.51,0.798,64.06,Normal
5,412,npc_3,99.84,0.035,505.37,0.0,22.29,Conservative
5,412,npc_4,89.32,-0.799,16.54,1.72,96.76,Aggressive
5,412,npc_5,101.53,-1.45,482.03,0.0,28.71,Conservative
5,412,npc_6,95.46,-0.485,506.59,0.0,22.19,Conservative
5,412,npc_8,92.45,0.727,115.2,0.574,37.22,Normal
5,412,npc_9,107.02,0.087,432.16,0.0,25.8,Conservative
5,416,npc_0,101.13,0.543,91.05,1.088,53.91,Normal
5,416,npc_1,107.65,-0.815,338.09,0.0,29.01,Conservative
5,416,npc_10,107.59,-0.867,519.53,0.0,29.19,Conservative
5,416,npc_12,107.99,0.45,315.1,0.0,27.72,Conservative
5,416,npc_13,106.69,-0.608,455.06,0.0,27.73,Conservative
5,416,npc_14,99.85,-0.136,524.55,0.0,22.7,Conservative
5,416,npc_2,101.49,0.723,469.78,0.96,51.38,Normal
5,416,npc_3,99.66,-0.525,508.45,0.0,24.17,Conservative
5,416,npc_4,89.73,1.143,18.49,1.415,91.98,Aggressive
5,416,npc_5,101.38,-0.42,485.32,0.0,24.52,Conservative
5,416,npc_6,95.58,0.322,509.21,0.0,21.59,Conservative
5,416,npc_8,92.25,-0.54,117.45,0.0,21.07,Conservative
5,416,npc_9,106.93,-0.234,436.04,0.0,26.35,Conservative
5,420,npc_0,101.02,-0.312,94.28,1.193,55.73,Normal
5,420,npc_1,107.93,0.783,342.07,0.0,29.02,Conservative
5,420,npc_10,107.94,0.985,523.51,0.0,29.83,Conservative
5,420,npc_12,107.56,-1.216,319.07,0.0,30.57,Conservative
5,420,npc_13,107.0,0.86,458.93,0.0,28.88,Conservative
5,420,npc_14,99.76,-0.265,527.64,0.0,23.18,Conservative
5,420,npc_2,101.25,-0.654,473.04,1.088,54.41,Normal
5,420,npc_3,100.05,1.096,511.55,0.0,26.63,Conservative
5,420,npc_4,89.47,-0.72,20.43,1.353,84.74,Aggressive
5,420,npc_5,101.91,1.473,488.62,0.0,28.97,Conservative
5,420,npc_6,95.53,-0.14,511.81,0.0,20.84,Conservative
5,420,npc_8,92.25,-0.018,119.7,0.0,18.98,Conservative
5,420,npc_9,106.78,-0.432,439.9,0.0,27.06,Conservative
5,424,npc_0,100.97,-0.119,96.72,1.28,57.26,Normal
5,424,npc_1,107.84,-0.256,345.25,0.0,26.87,Conservative
5,424,npc_10,107.59,-0.995,526.67,0.0,29.7,Conservative
5,424,npc_12,107.9,0.962,322.24,0.0,29.72,Conservative
5,424,npc_13,106.91,-0.248,462.02,0.0,26.39,Conservative
5,424,npc_14,99.93,0.475,529.93,0.0,24.09,Conservative
5,424,npc_2,101.26,0.015,475.49,1.193,54.65,Normal
5,424,npc_3,99.68,-1.035,513.83,0.0,26.22,Conservative
5,424,npc_4,89.34,-0.371,21.58,1.28,79.2,Aggressive
5,424,npc_5,101.12,-2.21,491.08,0.0,31.56,Conservative
5,424,npc_6,95.5,-0.087,513.61,0.0,20.61,Conservative
5,424,npc_8,92.27,0.059,121.14,0.0,19.16,Conservative
5,424,npc_9,106.79,0.042,442.99,0.0,25.51,Conservative
5,428,npc_0,101.02,0.139,99.16,1.353,59.32,Normal
5,428,npc_1,107.59,-0.69,348.42,0.0,28.48,Conservative
5,428,npc_10,107.93,0.947,529.86,0.0,29.67,Conservative
5,428,npc_12,107.77,-0.375,325.42,0.0,27.31,Conservative
5,428,npc_13,106.66,-0.709,465.08,0.0,28.11,Conservative
5,428,npc_14,99.85,-0.232,532.22,0.0,23.08,Conservative
5,428,npc_2,101.11,-0.42,477.94,1.28,58.53,Normal
5,428,npc_3,99.8,0.34,516.13,0.0,23.49,Conservative
5,428,npc_4,89.53,0.521,22.72,1.193,75.5,Aggressive
5,428,npc_5,101.26,0.403,493.55,0.0,24.4,Conservative
5,428,npc_6,95.63,0.38,515.41,0.0,21.84,Conservative
5,428,npc_8,92.22,-0.144,122.58,0.0,19.48,Conservative
5,428,npc_9,106.78,-0.026,446.06,0.0,25.44,Conservative
5,432,npc_0,101.25,0.631,101.59,1.415,63.04,Normal
5,432,npc_1,107.69,0.267,351.58,0.0,26.84,Conservative
5,432,npc_10,107.83,-0.262,533.04,0.0,26.89,Conservative
5,432,npc_12,107.85,0.24,328.6,0.0,26.81,Conservative
5,432,npc_13,106.81,0.44,468.15,0.0,27.11,Conservative
5,432,npc_14,99.73,-0.319,534.51,0.0,23.38,Conservative
5,432,npc_2,100.94,-0.452,480.35,1.353,60.55,Normal
5,432,npc_3,99.74,-0.172,518.42,0.0,22.79,Conservative
5,432,npc_4,89.35,-0.506,23.87,1.088,70.62,Aggressive
5,432,npc_5,101.38,0.346,496.02,0.0,24.23,Conservative
5,432,npc_6,95.53,-0.297,517.22,0.0,21.47,Conservative
5,432,npc_8,92.31,0.251,124.03,0.0,19.94,Conservative
5,432,npc_9,106.72,-0.17,449.12,0.0,25.99,Conservative
5,436,npc_0,101.21,-0.115,104.82,1.466,62.33,Normal
5,436,npc_1,107.82,0.379,355.55,0.0,27.35,Conservative
5,436,npc_10,107.58,-0.694,537.02,0.0,28.5,Conservative
5,436,npc_12,107.59,-0.724,332.57,0.0,28.62,Conservative
5,436,npc_13,106.99,0.49,472.03,0.0,27.4,Conservative
5,436,npc_14,99.94,0.574,537.59,0.0,24.49,Conservative
5,436,npc_2,101.09,0.398,483.57,1.415,62.04,Normal
5,436,npc_3,99.7,-0.098,521.49,0.0,22.48,Conservative
5,436,npc_4,89.5,0.419,25.83,0.96,63.77,Normal
5,436,npc_5,100.87,-1.42,499.24,0.0,28.29,Conservative
5,436,npc_6,95.34,-0.529,519.83,0.0,22.32,Conservative
5,436,npc_8,92.3,-0.01,126.28,0.0,18.97,Conservative
5,436,npc_9,106.27,-1.252,452.94,0.0,30.1,Conservative
5,440,npc_0,101.04,-0.454,108.05,1.508,64.51,Normal
5,440,npc_1,107.94,0.325,359.53,0.0,27.19,Conservative
5,440,npc_12,107.84,0.679,336.55,0.0,28.56,Conservative
5,440,npc_13,106.88,-0.296,475.89,0.0,26.57,Conservative
5,440,npc_2,101.4,0.867,486.8,1.466,65.42,Normal
5,440,npc_3,101.28,4.388,524.64,0.0,40.35,Normal
5,440,npc_4,89.49,-0.029,27.77,0.798,55.01,Normal
5,440,npc_5,102.4,4.239,502.53,0.0,40.26,Normal
5,440,npc_6,95.61,0.744,522.45,0.0,23.29,Conservative
5,440,npc_8,92.52,0.591,128.54,0.0,21.38,Conservative
5,440,npc_9,106.32,0.153,456.72,0.0,25.73,Conservative
5,444,npc_0,101.21,0.466,112.09,1.542,64.63,Normal
5,444,npc_1,107.68,-0.717,364.29,0.0,28.64,Conservative
5,444,npc_12,107.56,-0.763,341.37,0.574,44.08,Normal
5,444,npc_13,106.78,-0.291,480.57,0.0,26.5,Conservative
5,444,npc_2,103.84,6.79,491.03,1.508,83.96,Aggressive
5,444,npc_4,89.71,0.629,30.52,0.574,47.86,Normal
5,444,npc_5,104.87,6.858,506.86,0.0,44.44,Normal
5,444,npc_6,95.6,-0.018,525.85,0.0,20.38,Conservative
5,444,npc_8,92.43,-0.238,131.59,0.0,19.94,Conservative
5,444,npc_9,107.05,2.008,461.4,0.0,33.5,Conservative
5,448,npc_0,101.14,-0.195,115.32,1.568,63.51,Normal
5,448,npc_1,107.84,0.429,368.27,0.0,27.56,Conservative
5,448,npc_12,107.67,0.291,345.33,0.798,48.21,Normal
5,448,npc_13,106.74,-0.098,484.42,0.0,25.71,Conservative
5,448,npc_2,106.31,6.859,494.74,1.542,85.12,Aggressive
5,448,npc_4,89.46,-0.695,32.62,0.574,45.55,Normal
5,448,npc_5,107.27,6.661,510.69,0.0,45.57,Normal
5,448,npc_8,92.49,0.175,133.84,0.0,19.71,Conservative
5,448,npc_9,106.86,-0.512,465.26,0.0,27.42,Conservative
5,452,npc_0,101.33,0.51,117.76,1.586,64.85,Normal
5,452,npc_1,107.63,-0.568,371.45,0.0,28.02,Conservative
5,452,npc_12,107.61,-0.162,348.5,0.96,51.98,Normal
5,452,npc_13,107.03,0.784,487.49,0.0,28.59,Conservative
5,452,npc_2,107.57,3.476,497.87,1.568,79.61,Aggressive
5,452,npc_4,89.42,-0.107,33.76,0.798,47.92,Normal
5,452,npc_8,92.47,-0.056,135.29,0.0,19.23,Conservative
5,452,npc_9,106.92,0.165,468.32,0.0,26.07,Conservative
5,456,npc_0,101.07,-0.699,121.0,1.596,65.5,Normal
5,456,npc_1,107.81,0.504,375.44,0.0,27.85,Conservative
5,456,npc_12,107.91,0.847,352.48,1.088,58.28,Normal
5,456,npc_13,106.98,-0.138,491.36,0.0,25.98,Conservative
5,456,npc_2,107.89,0.906,501.86,1.586,69.49,Normal
5,456,npc_4,89.59,0.464,35.7,0.96,51.83,Normal
5,456,npc_8,92.26,-0.583,137.55,0.0,21.25,Conservative
5,456,npc_9,107.04,0.317,472.19,0.0,26.73,Conservative
5,460,npc_0,101.28,0.564,124.24,1.6,65.05,Normal
5,460,npc_1,107.7,-0.326,379.41,0.0,27.08,Conservative
5,460,npc_12,107.76,-0.418,356.46,1.193,59.28,Normal
5,460,npc_4,89.48,-0.305,37.64,1.088,52.9,Normal
5,460,npc_8,92.5,0.651,139.81,0.0,21.62,Conservative
5,460,npc_9,106.82,-0.59,476.07,0.0,27.72,Conservative
5,464,npc_0,101.14,-0.387,127.48,1.596,64.28,Normal
5,464,npc_1,107.9,0.567,383.4,0.0,28.14,Conservative
5,464,npc_12,107.87,0.299,360.44,1.28,61.19,Normal
5,464,npc_4,89.69,0.575,39.59,1.193,55.45,Normal
5,464,npc_8,92.5,0.008,142.06,0.0,19.05,Conservative
5,464,npc_9,107.63,2.232,480.03,0.0,34.67,Conservative
5,468,npc_0,101.31,0.477,130.72,1.586,64.72,Normal
5,468,npc_1,107.73,-0.487,387.37,0.0,27.74,Conservative
5,468,npc_12,107.55,-0.887,364.41,1.353,65.35,Normal
5,468,npc_4,89.3,-1.083,41.53,1.28,58.48,Normal
5,468,npc_8,92.36,-0.405,144.32,0.0,20.57,Conservative
5,472,npc_0,100.95,-1.009,133.16,1.568,66.68,Normal
5,472,npc_1,107.56,-0.454,390.53,0.0,27.53,Conservative
5,472,npc_12,107.72,0.455,367.58,1.415,65.34,Normal
5,472,npc_4,89.35,0.151,42.67,1.353,56.16,Normal
5,472,npc_8,92.52,0.446,145.79,0.0,20.8,Conservative
5,476,npc_0,100.94,-0.009,135.58,1.542,62.68,Normal
5,476,npc_1,107.97,1.128,393.71,0.0,30.42,Conservative
5,476,npc_12,107.8,0.244,370.74,1.466,65.9,Normal
5,476,npc_4,89.36,0.01,43.8,1.415,56.75,Normal
5,476,npc_8,92.38,-0.369,147.24,0.0,20.44,Conservative
5,480,npc_0,101.24,0.821,138.0,1.508,66.06,Normal
5,480,npc_1,107.7,-0.758,396.81,0.0,28.81,Conservative
5,480,npc_12,107.79,-0.029,373.88,1.508,65.94,Normal
5,480,npc_4,89.56,0.56,44.83,1.466,60.02,Normal
5,480,npc_8,92.2,-0.506,148.52,0.0,20.92,Conservative
5,484,npc_0,101.32,0.231,140.47,1.466,62.84,Normal
5,484,npc_1,107.87,0.485,399.95,0.0,27.8,Conservative
5,484,npc_12,107.85,0.146,377.05,1.542,66.43,Normal
5,484,npc_4,89.3,-0.717,46.09,1.508,61.08,Normal
5,484,npc_8,92.24,0.096,149.88,0.0,19.29,Conservative
5,488,npc_0,101.13,-0.531,143.72,1.415,62.59,Normal
5,488,npc_1,107.96,0.242,403.93,0.0,26.87,Conservative
5,488,npc_12,107.6,-0.688,381.0,1.568,68.48,Normal
5,488,npc_4,89.55,0.7,48.03,1.542,60.75,Normal
5,488,npc_8,92.16,-0.222,152.14,0.0,19.76,Conservative
5,492,npc_0,101.23,0.277,147.76,1.353,59.97,Normal
5,492,npc_1,107.55,-1.129,408.7,0.0,30.22,Conservative
5,492,npc_12,107.72,0.344,385.78,1.586,67.16,Normal
5,492,npc_4,89.71,0.447,50.76,1.568,59.67,Normal
5,492,npc_8,92.48,0.89,155.2,0.0,22.56,Conservative
5,496,npc_0,101.1,-0.367,152.59,1.28,58.31,Normal
5,496,npc_1,107.82,0.745,414.27,0.0,28.81,Conservative
5,496,npc_12,107.58,-0.394,391.36,1.596,67.3,Normal
5,496,npc_4,89.48,-0.636,54.31,1.586,60.34,Normal
5,496,npc_8,92.47,-0.016,159.06,0.0,19.07,Conservative
5,500,npc_0,100.94,-0.452,156.61,1.193,56.25,Normal
5,500,npc_12,107.76,0.507,396.13,1.6,67.84,Normal
5,500,npc_4,89.65,0.454,57.05,1.596,59.67,Normal
5,500,npc_8,92.23,-0.673,162.12,0.0,21.59,Conservative
5,504,npc_0,100.9,-0.098,160.61,1.088,52.02,Normal
5,504,npc_12,107.89,0.346,400.94,1.596,67.25,Normal
5,504,npc_4,89.38,-0.755,59.71,1.6,60.77,Normal
5,504,npc_8,92.26,0.081,165.27,0.0,19.24,Conservative
5,508,npc_0,100.89,-0.026,164.68,0.96,48.32,Normal
5,508,npc_4,89.52,0.402,62.53,1.596,59.42,Normal
5,508,npc_8,92.16,-0.276,168.23,0.0,19.98,Conservative
5,512,npc_0,101.05,0.435,169.51,0.798,45.72,Normal
5,512,npc_4,89.68,0.439,66.07,1.586,59.63,Normal
5,512,npc_8,92.25,0.249,172.1,0.0,19.91,Conservative
5,516,npc_0,100.96,-0.244,174.43,0.574,38.94,Normal
5,516,npc_4,89.54,-0.383,69.83,1.568,59.35,Normal
5,516,npc_8,92.19,-0.156,175.93,0.0,19.51,Conservative
5,520,npc_0,101.06,0.269,179.25,0.0,23.77,Conservative
5,520,npc_4,89.66,0.321,73.38,1.542,59.15,Normal
5,520,npc_8,92.23,0.106,179.78,0.0,19.33,Conservative
5,524,npc_0,101.09,0.091,184.0,0.0,23.07,Conservative
5,524,npc_4,89.69,0.101,76.72,1.508,58.28,Normal
5,524,npc_8,92.1,-0.361,183.67,0.0,20.3,Conservative
5,528,npc_0,100.97,-0.323,189.63,0.0,23.95,Conservative
5,528,npc_4,89.62,-0.204,81.06,1.466,57.77,Normal
5,528,npc_8,92.45,0.984,188.34,0.0,22.93,Conservative
5,532,npc_0,101.28,0.84,195.25,0.0,26.15,Conservative
5,532,npc_4,89.7,0.223,85.35,1.415,56.51,Normal
5,532,npc_8,92.4,-0.144,193.08,0.0,19.55,Conservative
5,536,npc_0,101.27,-0.026,200.91,0.0,22.89,Conservative
5,536,npc_4,89.54,-0.45,89.75,1.353,55.71,Normal
5,536,npc_8,92.31,-0.252,197.67,0.0,19.94,Conservative
5,540,npc_0,101.11,-0.429,206.55,0.574,39.75,Normal
5,540,npc_4,89.68,0.391,94.28,1.28,53.57,Normal
5,540,npc_8,92.38,0.184,202.3,0.0,19.7,Conservative
5,544,npc_0,100.99,-0.351,211.39,0.798,45.35,Normal
5,544,npc_4,89.63,-0.131,97.66,1.366,54.8,Normal
5,544,npc_8,92.27,-0.296,206.15,0.0,20.1,Conservative
5,548,npc_0,100.99,0.005,216.23,0.96,48.28,Normal
5,548,npc_4,89.3,-0.914,101.2,1.415,59.11,Normal
5,548,npc_8,92.44,0.465,210.01,0.0,20.85,Conservative
5,552,npc_0,101.05,0.174,221.06,1.088,52.39,Normal
5,552,npc_4,89.39,0.235,104.74,1.431,56.86,Normal
5,552,npc_8,92.31,-0.361,213.86,0.0,20.38,Conservative
5,556,npc_0,100.97,-0.232,225.08,1.193,55.38,Normal
5,556,npc_4,89.46,0.213,107.48,1.415,56.37,Normal
5,556,npc_8,92.12,-0.529,216.92,0.0,20.97,Conservative
5,560,npc_0,101.09,0.338,229.92,1.28,58.2,Normal
5,560,npc_4,89.71,0.68,111.04,1.366,57.03,Normal
5,560,npc_8,92.31,0.537,220.78,0.0,21.09,Conservative
5,564,npc_0,100.89,-0.552,234.73,1.353,60.92,Normal
5,564,npc_4,89.34,-1.012,114.54,1.28,55.92,Normal
5,564,npc_8,92.27,-0.108,224.66,0.0,19.35,Conservative
5,568,npc_0,101.3,1.151,239.59,1.415,65.15,Normal
5,568,npc_4,89.65,0.852,118.15,1.353,57.36,Normal
5,568,npc_8,92.49,0.598,228.58,0.0,21.4,Conservative
5,572,npc_0,101.03,-0.771,244.4,1.466,64.87,Normal
5,572,npc_4,89.45,-0.569,121.65,1.415,57.79,Normal
5,572,npc_8,92.51,0.057,232.38,0.0,19.25,Conservative
5,576,npc_0,101.26,0.649,249.25,1.508,65.38,Normal
5,576,npc_4,89.6,0.422,125.25,1.466,58.63,Normal
5,576,npc_8,92.31,-0.547,236.3,0.0,21.12,Conservative
5,580,npc_0,101.27,0.02,254.89,1.542,62.87,Normal
5,580,npc_4,89.7,0.288,129.59,1.508,59.03,Normal
5,580,npc_8,92.4,0.233,240.95,0.0,19.9,Conservative
5,584,npc_0,101.22,-0.128,260.59,1.568,63.28,Normal
5,584,npc_4,89.33,-1.021,134.05,1.542,61.82,Normal
5,584,npc_8,92.32,-0.219,245.7,0.0,19.82,Conservative
5,588,npc_0,101.25,0.084,267.02,1.586,63.12,Normal
5,588,npc_4,89.43,0.274,139.18,1.568,58.87,Normal
5,588,npc_8,92.36,0.128,251.16,0.0,19.47,Conservative
5,592,npc_4,89.7,0.745,144.22,1.586,60.86,Normal
5,592,npc_8,92.22,-0.4,256.51,0.0,20.5,Conservative
5,596,npc_4,89.54,-0.436,149.46,1.596,59.56,Normal
5,596,npc_8,92.13,-0.24,262.05,0.0,19.82,Conservative
5,600,npc_4,89.6,0.163,155.4,1.6,58.49,Normal
5,604,npc_4,89.4,-0.559,161.25,1.596,60.0,Normal
5,608,npc_4,89.59,0.536,167.17,1.586,59.98,Normal
5,612,npc_4,89.67,0.199,173.92,1.568,58.66,Normal
5,616,npc_4,89.43,-0.655,180.7,1.542,60.39,Normal
5,620,npc_4,89.44,0.036,187.53,1.508,57.92,Normal
5,624,npc_4,89.39,-0.159,194.19,1.466,57.49,Normal
5,628,npc_4,89.34,-0.119,200.99,1.415,55.95,Normal
5,632,npc_4,89.44,0.26,207.66,1.353,54.91,Normal
5,636,npc_4,89.64,0.577,215.21,1.28,54.3,Normal
5,640,npc_4,89.4,-0.674,222.94,1.366,56.89,Normal
