trip,driver,road,environment,behavior,t0,phi_speed,phi_accel,phi_prox,phi_wave,speed_kmh
20151111125233-24km-D1-AGGRESSIVE-MOTORWAY,D1,motorway,highway,aggressive,8.94,0.48183192222222226,0.09290526020763926,0.027604515999999996,0.18066666666666667,104.01833333333335
20151111125233-24km-D1-AGGRESSIVE-MOTORWAY,D1,motorway,highway,aggressive,13.94,0.5707324543209876,0.11679245741137108,0.044711011999999994,0.2336666666666666,113.16666666666667
20151111125233-24km-D1-AGGRESSIVE-MOTORWAY,D1,motorway,highway,aggressive,18.939999999999998,0.6949143344556679,0.11054021242980347,0.015551359999999997,0.21636363636363634,124.86060606060606
20151111125233-24km-D1-AGGRESSIVE-MOTORWAY,D1,motorway,highway,aggressive,23.939999999999998,0.7718243322109989,0.051225838342616625,0.0,0.19163636363636363,131.75757575757575
20151111125233-24km-D1-AGGRESSIVE-MOTORWAY,D1,motorway,highway,aggressive,28.939999999999998,0.7956952208504803,0.025020199415142087,0.00107147111111111,0.23911111111111108,133.8
20151111125233-24km-D1-AGGRESSIVE-MOTORWAY,D1,motorway,highway,aggressive,33.94,0.8291641426611799,0.046740986684599056,0.00107147111111111,0.22251851851851848,136.5666666666667
20151111125233-24km-D1-AGGRESSIVE-MOTORWAY,D1,motorway,highway,aggressive,38.94,0.8766060606060608,0.03852360017352193,0.0,0.20824242424242423,140.42424242424244
20151111125233-24km-D1-AGGRESSIVE-MOTORWAY,D1,motorway,highway,aggressive,43.94,0.9062180381593717,0.026278066111498466,0.0,0.2727878787878788,142.78787878787878
20151111125233-24km-D1-AGGRESSIVE-MOTORWAY,D1,motorway,highway,aggressive,48.94,0.9112901925925924,0.03807705809305098,0.0,0.2134666666666667,143.18666666666667
20151111125233-24km-D1-AGGRESSIVE-MOTORWAY,D1,motorway,highway,aggressive,53.94,0.8781956148148147,0.04165825209883728,0.0,0.22893333333333335,140.54666666666668
20151111125233-24km-D1-AGGRESSIVE-MOTORWAY,D1,motorway,highway,aggressive,58.94,0.8380043950617284,0.03404971163815892,0.0,0.17637037037037037,137.30740740740742
20151111125233-24km-D1-AGGRESSIVE-MOTORWAY,D1,motorway,highway,aggressive,63.94,0.8066134869684499,0.03392014148592979,0.0,0.07007407407407407,134.7111111111111
20151111125233-24km-D1-AGGRESSIVE-MOTORWAY,D1,motorway,highway,aggressive,68.94,0.8008090235690236,0.023233244178528747,0.0,0.07533333333333335,134.23030303030302
20151111125233-24km-D1-AGGRESSIVE-MOTORWAY,D1,motorway,highway,aggressive,73.94,0.793218874074074,0.022476264850441227,0.04264451600000001,0.1356,133.58666666666667
20151111125233-24km-D1-AGGRESSIVE-MOTORWAY,D1,motorway,highway,aggressive,78.94,0.7786006694101508,0.02616111191881182,0.047382795555555565,0.17496296296296296,132.35555555555555
20151111125233-24km-D1-AGGRESSIVE-MOTORWAY,D1,motorway,highway,aggressive,83.94,0.7941240763187429,0.016653817666891967,0.0,0.0941212121212121,133.66666666666666
20151111125233-24km-D1-AGGRESSIVE-MOTORWAY,D1,motorway,highway,aggressive,88.94,0.8098364399551069,0.013134338403931035,0.0,0.06533333333333334,134.98484848484847
20151111125233-24km-D1-AGGRESSIVE-MOTORWAY,D1,motorway,highway,aggressive,93.94,0.8247597256515777,0.014211932240492726,0.0,0.1197037037037037,136.22222222222223
20151111125233-24km-D1-AGGRESSIVE-MOTORWAY,D1,motorway,highway,aggressive,98.94,0.8322770419753086,0.012035281765954906,0.0,0.15066666666666667,136.84333333333333
20151111125233-24km-D1-AGGRESSIVE-MOTORWAY,D1,motorway,highway,aggressive,103.94,0.8224481432098765,0.015834690847142528,0.0,0.21880000000000002,136.03000000000003
20151111125233-24km-D1-AGGRESSIVE-MOTORWAY,D1,motorway,highway,aggressive,108.94,0.8065012181069959,0.014379674490420567,0.0,0.27325925925925926,134.70740740740743
20151111125233-24km-D1-AGGRESSIVE-MOTORWAY,D1,motorway,highway,aggressive,113.94,0.8127233041526375,0.0143419938517799,0.0,0.15315151515151515,135.22424242424242
20151111125233-24km-D1-AGGRESSIVE-MOTORWAY,D1,motorway,highway,aggressive,118.94,0.8164317333333335,0.01939721360126917,0.0,0.12433333333333334,135.53333333333336
20151111125233-24km-D1-AGGRESSIVE-MOTORWAY,D1,motorway,highway,aggressive,123.94,0.80315307654321,0.015474898513043272,0.0,0.11846666666666668,134.42666666666668
20151111125233-24km-D1-AGGRESSIVE-MOTORWAY,D1,motorway,highway,aggressive,128.94,0.7903146271604937,0.015296227377192047,0.0,0.07573333333333335,133.34666666666666
20151111125233-24km-D1-AGGRESSIVE-MOTORWAY,D1,motorway,highway,aggressive,133.94,0.7703910946502056,0.01756721347987471,0.017991751111111107,0.24000000000000002,131.65555555555554
20151111125233-24km-D1-AGGRESSIVE-MOTORWAY,D1,motorway,highway,aggressive,138.94,0.7714594837261505,0.0220578394500973,0.014720523636363635,0.28939393939393937,131.74545454545455
20151111125233-24km-D1-AGGRESSIVE-MOTORWAY,D1,motorway,highway,aggressive,143.94,0.7639014814814815,0.06616194606929646,0.0,0.192,131.07999999999998
20151111125233-24km-D1-AGGRESSIVE-MOTORWAY,D1,motorway,highway,aggressive,148.94,0.6474360148148148,0.1468897629491142,0.17321266,0.14286666666666667,120.37666666666667
20151111125233-24km-D1-AGGRESSIVE-MOTORWAY,D1,motorway,highway,aggressive,153.94,0.5533327111111113,0.11594590080410358,0.280291096,0.1998666666666667,111.42
20151111125233-24km-D1-AGGRESSIVE-MOTORWAY,D1,motorway,highway,aggressive,158.94,0.5338512812071331,0.05845695719919518,0.11897603999999998,0.17674074074074073,109.56296296296296
20151111125233-24km-D1-AGGRESSIVE-MOTORWAY,D1,motorway,highway,aggressive,163.94,0.5909112839506173,0.0783853482680523,0.0,0.04806666666666667,115.23666666666668
20151111125233-24km-D1-AGGRESSIVE-MOTORWAY,D1,motorway,highway,aggressive,168.94,0.6876700336700337,0.09477589428432044,0.0,0.04333333333333333,124.25454545454545
20151111125233-24km-D1-AGGRESSIVE-MOTORWAY,D1,motorway,highway,aggressive,173.94,0.7718134096520761,0.0732720323074473,0.0,0.03787878787878788,131.71818181818182
20151111125233-24km-D1-AGGRESSIVE-MOTORWAY,D1,motorway,highway,aggressive,178.94,0.8248200444444445,0.028572609890306428,0.0,0.08033333333333333,136.22333333333333
20151111125233-24km-D1-AGGRESSIVE-MOTORWAY,D1,motorway,highway,aggressive,183.94,0.8078343851851851,0.06736473279354356,0.029187431999999992,0.1896,134.77666666666667
20151111125233-24km-D1-AGGRESSIVE-MOTORWAY,D1,motorway,highway,aggressive,188.94,0.7244560444444444,0.0896590592436749,0.09767451199999999,0.2532,127.56333333333335
20151111125233-24km-D1-AGGRESSIVE-MOTORWAY,D1,motorway,highway,aggressive,193.94,0.6887057827160494,0.06274376355878183,0.06848708,0.16766666666666666,124.46333333333332
20151111125233-24km-D1-AGGRESSIVE-MOTORWAY,D1,motorway,highway,aggressive,198.94,0.7337144087791496,0.06250034507281303,0.0,0.10555555555555557,128.44814814814814
20151111125233-24km-D1-AGGRESSIVE-MOTORWAY,D1,motorway,highway,aggressive,203.94,0.793642595336077,0.04628502373080023,0.0,0.13422222222222221,133.61111111111111
20151111125233-24km-D1-AGGRESSIVE-MOTORWAY,D1,motorway,highway,aggressive,208.94,0.823586913580247,0.02173869784620844,0.0,0.15703030303030305,136.12424242424242
20151111125233-24km-D1-AGGRESSIVE-MOTORWAY,D1,motorway,highway,aggressive,213.94,0.8291581037037037,0.012014694702798749,0.0,0.16626666666666665,136.58666666666667
20151111125233-24km-D1-AGGRESSIVE-MOTORWAY,D1,motorway,highway,aggressive,218.94,0.8253685486968451,0.015461965770860033,0.0,0.14607407407407408,136.27407407407406
20151111125233-24km-D1-AGGRESSIVE-MOTORWAY,D1,motorway,highway,aggressive,223.94,0.8273336565656565,0.011418862671159213,0.0,0.11757575757575758,136.4363636363636
20151111125233-24km-D1-AGGRESSIVE-MOTORWAY,D1,motorway,highway,aggressive,228.94,0.8264920395061728,0.012908976683842466,0.0,0.15286666666666665,136.36666666666665
20151111125233-24km-D1-AGGRESSIVE-MOTORWAY,D1,motorway,highway,aggressive,233.94,0.8095655012345679,0.01815884395698795,0.0,0.23739999999999997,134.96
20151111125233-24km-D1-AGGRESSIVE-MOTORWAY,D1,motorway,highway,aggressive,238.94,0.7918365925925925,0.01739814750613881,0.0,0.25939999999999996,133.47333333333336
20151111125233-24km-D1-AGGRESSIVE-MOTORWAY,D1,motorway,highway,aggressive,243.94,0.7697408888888888,0.015894142231281487,0.0,0.22480000000000003,131.6
20151111125233-24km-D1-AGGRESSIVE-MOTORWAY,D1,motorway,highway,aggressive,248.94,0.7593992098765432,0.012217576399741751,0.0,0.15560000000000002,130.7133333333333
20151111125233-24km-D1-AGGRESSIVE-MOTORWAY,D1,motorway,highway,aggressive,253.94,0.7516726200274348,0.015148401431374088,0.0,0.25177777777777777,130.04814814814813
20151111125233-24km-D1-AGGRESSIVE-MOTORWAY,D1,motorway,highway,aggressive,258.94,0.7604477351290687,0.01654001336487544,0.0,0.269030303030303,130.8030303030303
20151111125233-24km-D1-AGGRESSIVE-MOTORWAY,D1,motorway,highway,aggressive,263.94,0.7701089382716051,0.00955850353463049,0.0,0.192,131.63333333333335
20151111125233-24km-D1-AGGRESSIVE-MOTORWAY,D1,motorway,highway,aggressive,268.94,0.7711509190672153,0.010092352700353401,0.0,0.16348148148148148,131.7222222222222
20151111125233-24km-D1-AGGRESSIVE-MOTORWAY,D1,motorway,highway,aggressive,273.94,0.7343799865319863,0.08530339434458419,0.003613516363636363,0.18763636363636363,128.47272727272727
20151111125233-24km-D1-AGGRESSIVE-MOTORWAY,D1,motorway,highway,aggressive,278.94,0.6073989629629628,0.16519755361289507,0.16506232,0.14436363636363633,116.34242424242424
20151111125233-24km-D1-AGGRESSIVE-MOTORWAY,D1,motorway,highway,aggressive,283.94,0.4607880938271605,0.10867045891052256,0.413790532,0.08059999999999999,101.71000000000001
20151111125233-24km-D1-AGGRESSIVE-MOTORWAY,D1,motorway,highway,aggressive,288.94,0.43313750123456796,0.0373764491426359,0.40783861200000004,0.09119999999999999,98.71333333333334
20151111125233-24km-D1-AGGRESSIVE-MOTORWAY,D1,motorway,highway,aggressive,293.94,0.4147180740740741,0.05626076725935095,0.3092622888888889,0.08525925925925926,96.55185185185185
20151111125233-24km-D1-AGGRESSIVE-MOTORWAY,D1,motorway,highway,aggressive,298.94,0.37817057887517147,0.03902020297395986,0.1390204222222222,0.2714814814814815,92.22962962962963
20151111125233-24km-D1-AGGRESSIVE-MOTORWAY,D1,motorway,highway,aggressive,303.94,0.37176918069584725,0.01997231603067194,0.2150953709090909,0.3495757575757575,91.45757575757577
20151111125233-24km-D1-AGGRESSIVE-MOTORWAY,D1,motorway,highway,aggressive,308.94,0.3681552368125702,0.01689852115242135,0.4292445345454546,0.20781818181818182,91.00909090909092
20151111125233-24km-D1-AGGRESSIVE-MOTORWAY,D1,motorway,highway,aggressive,313.94,0.36883762414266114,0.03718420503780908,0.4777810177777778,0.09103703703703704,91.08518518518518
20151111125233-24km-D1-AGGRESSIVE-MOTORWAY,D1,motorway,highway,aggressive,318.94,0.4132479209876543,0.07900442412902957,0.41233413599999996,0.07806666666666667,96.34
20151111125233-24km-D1-AGGRESSIVE-MOTORWAY,D1,motorway,highway,aggressive,323.94,0.44369004264870926,0.13100334937449443,0.38361071272727276,0.09333333333333332,99.83939393939394
20151111125233-24km-D1-AGGRESSIVE-MOTORWAY,D1,motorway,highway,aggressive,328.94,0.39038869135802473,0.18091242706055585,0.34465168888888886,0.08051851851851852,93.24814814814815
20151111125233-24km-D1-AGGRESSIVE-MOTORWAY,D1,motorway,highway,aggressive,333.94,0.27169563456790125,0.1307481625578536,0.12453412,0.1698,78.00000000000001
20151111125233-24km-D1-AGGRESSIVE-MOTORWAY,D1,motorway,highway,aggressive,338.94,0.2581589382716049,0.07788222974275989,0.13763998800000002,0.17560000000000003,76.15666666666667
20151111125233-24km-D1-AGGRESSIVE-MOTORWAY,D1,motorway,highway,aggressive,343.94,0.27149316872427975,0.05464481089106302,0.31751923555555556,0.06422222222222222,78.13333333333334
20151111125233-24km-D1-AGGRESSIVE-MOTORWAY,D1,motorway,highway,aggressive,348.94,0.25398736251402915,0.03490151623816125,0.2796460145454545,0.0678181818181818,75.56666666666666
20151111125233-24km-D1-AGGRESSIVE-MOTORWAY,D1,motorway,highway,aggressive,353.94,0.24378401975308645,0.020860754082370647,0.22320458800000004,0.07126666666666666,74.06
20151111125233-24km-D1-AGGRESSIVE-MOTORWAY,D1,motorway,highway,aggressive,358.94,0.2617737009602195,0.05390164237256524,0.14153934666666668,0.1445925925925926,76.69259259259258
20151111125233-24km-D1-AGGRESSIVE-MOTORWAY,D1,motorway,highway,aggressive,363.94,0.2602936790123457,0.13463954870227285,0.13798391999999998,0.2012,76.34
20151111125233-24km-D1-AGGRESSIVE-MOTORWAY,D1,motorway,highway,aggressive,368.94,0.1784417643097643,0.18392553944839332,0.06756345818181819,0.21327272727272728,62.154545454545456
20151111125233-24km-D1-AGGRESSIVE-MOTORWAY,D1,motorway,highway,aggressive,373.94,0.11448581234567903,0.1375893749094881,0.0,0.1607333333333333,50.449999999999996
20151111125233-24km-D1-AGGRESSIVE-MOTORWAY,D1,motorway,highway,aggressive,378.94,0.11394962962962962,0.06445703554530621,0.05146848444444444,0.09362962962962965,50.53333333333333
20151111125233-24km-D1-AGGRESSIVE-MOTORWAY,D1,motorway,highway,aggressive,383.94,0.17243668686868688,0.16067773367925767,0.08414694181818182,0.2953939393939394,61.54545454545455
20151111125233-24km-D1-AGGRESSIVE-MOTORWAY,D1,motorway,highway,aggressive,388.94,0.27963399775533104,0.19571344690642256,0.043553876363636355,0.26387878787878793,78.37878787878788
20151111125233-24km-D1-AGGRESSIVE-MOTORWAY,D1,motorway,highway,aggressive,393.94,0.3433029684499314,0.1598795338793289,0.14261433333333332,0.044,87.77037037037037
20151111125233-24km-D1-AGGRESSIVE-MOTORWAY,D1,motorway,highway,aggressive,398.94,0.2671362524005488,0.13974366205675579,0.42802879555555556,0.10518518518518519,77.14074074074074
20151111125233-24km-D1-AGGRESSIVE-MOTORWAY,D1,motorway,highway,aggressive,403.94,0.22357056790123458,0.053716354893659016,0.443538296,0.15726666666666667,70.91333333333333
20151111125233-24km-D1-AGGRESSIVE-MOTORWAY,D1,motorway,highway,aggressive,408.94,0.23292807407407407,0.06340442457893884,0.409677444,0.10713333333333334,72.35000000000001
20151111125233-24km-D1-AGGRESSIVE-MOTORWAY,D1,motorway,highway,aggressive,413.94,0.2621333827160494,0.080977316677448,0.40342489200000003,0.2748,76.70666666666666
20151111125233-24km-D1-AGGRESSIVE-MOTORWAY,D1,motorway,highway,aggressive,418.94,0.28313705679012346,0.06305703179327173,0.45289465999999995,0.3838666666666667,79.80000000000001
20151111125233-24km-D1-AGGRESSIVE-MOTORWAY,D1,motorway,highway,aggressive,423.94,0.31709238024691355,0.08702217806828774,0.331698592,0.30266666666666664,84.33000000000001
20151111125233-24km-D1-AGGRESSIVE-MOTORWAY,D1,motorway,highway,aggressive,428.94,0.40466610864197516,0.15238173687669582,0.05786752399999999,0.17933333333333334,95.11666666666667
20151111125233-24km-D1-AGGRESSIVE-MOTORWAY,D1,motorway,highway,aggressive,433.94,0.5351054469135801,0.15594952852408397,0.00032012799999999966,0.07806666666666666,109.36999999999998
20151111125233-24km-D1-AGGRESSIVE-MOTORWAY,D1,motorway,highway,aggressive,438.94,0.6460319654320987,0.09067915589960765,0.0,0.14353333333333335,120.49666666666667
20151111125233-24km-D1-AGGRESSIVE-MOTORWAY,D1,motorway,highway,aggressive,443.94,0.7114044938271603,0.054590627313023964,0.0,0.16926666666666668,126.47999999999999
20151111125233-24km-D1-AGGRESSIVE-MOTORWAY,D1,motorway,highway,aggressive,448.94,0.7559645970819304,0.027029302434325976,0.0,0.11024242424242424,130.41212121212118
20151111125233-24km-D1-AGGRESSIVE-MOTORWAY,D1,motorway,highway,aggressive,453.94,0.7699321840628507,0.014332120808549155,0.016723719999999994,0.055696969696969696,131.61818181818182
20151111125233-24km-D1-AGGRESSIVE-MOTORWAY,D1,motorway,highway,aggressive,458.94,0.7586859160493826,0.026520917762307156,0.16635166399999995,0.0736,130.64666666666668
20151111125233-24km-D1-AGGRESSIVE-MOTORWAY,D1,motorway,highway,aggressive,463.94,0.7223344087791497,0.05154601290956597,0.3877778311111111,0.14429629629629628,127.45925925925924
20151111125233-24km-D1-AGGRESSIVE-MOTORWAY,D1,motorway,highway,aggressive,468.94,0.6714263209876544,0.042647074137878334,0.53086836,0.23274074074074072,122.89259259259262
20151111125233-24km-D1-AGGRESSIVE-MOTORWAY,D1,motorway,highway,aggressive,473.94,0.6477713804713805,0.017400011170745053,0.5289672727272727,0.14527272727272725,120.72424242424245
20151111125233-24km-D1-AGGRESSIVE-MOTORWAY,D1,motorway,highway,aggressive,478.94,0.6430797728395061,0.025262274124003385,0.48248841200000003,0.055200000000000006,120.28666666666666
20151111125233-24km-D1-AGGRESSIVE-MOTORWAY,D1,motorway,highway,aggressive,483.94,0.6680072592592593,0.05175476298271651,0.35558523200000003,0.1042,122.58
20151111125233-24km-D1-AGGRESSIVE-MOTORWAY,D1,motorway,highway,aggressive,488.94,0.7333042065095399,0.07632905299497258,0.1620216109090909,0.18339393939393941,128.35151515151514
20151111125233-24km-D1-AGGRESSIVE-MOTORWAY,D1,motorway,highway,aggressive,493.94,0.8217959358024691,0.06827843701065547,0.0,0.18713333333333335,135.94333333333333
20151111125233-24km-D1-AGGRESSIVE-MOTORWAY,D1,motorway,highway,aggressive,498.94,0.8639691753086423,0.02236783353367485,0.0,0.13793333333333335,139.42
20151111125233-24km-D1-AGGRESSIVE-MOTORWAY,D1,motorway,highway,aggressive,503.94,0.8789213223593966,0.007424832082519511,0.0,0.1292592592592593,140.62592592592594
20151111125233-24km-D1-AGGRESSIVE-MOTORWAY,D1,motorway,highway,aggressive,508.94,0.8869126666666667,0.009119800390378643,0.0,0.16346666666666665,141.26333333333332
20151111125233-24km-D1-AGGRESSIVE-MOTORWAY,D1,motorway,highway,aggressive,513.94,0.8912721234567901,0.016384480344679486,0.0,0.13799999999999998,141.60999999999999
20151111125233-24km-D1-AGGRESSIVE-MOTORWAY,D1,motorway,highway,aggressive,518.94,0.8764122962962964,0.029437306750601203,0.0,0.05555555555555555,140.4185185185185
20151111125233-24km-D1-AGGRESSIVE-MOTORWAY,D1,motorway,highway,aggressive,523.94,0.8506961975308641,0.023700460656911816,0.0,0.11557575757575757,138.34545454545454
20151111125233-24km-D1-AGGRESSIVE-MOTORWAY,D1,motorway,highway,aggressive,528.94,0.8518222222222221,0.02142827755967903,0.0,0.16078787878787876,138.43636363636364
20151111125233-24km-D1-AGGRESSIVE-MOTORWAY,D1,motorway,highway,aggressive,533.94,0.8771056740740739,0.018561349329190832,0.0,0.16046666666666667,140.47666666666666
20151111125233-24km-D1-AGGRESSIVE-MOTORWAY,D1,motorway,highway,aggressive,538.94,0.885193372839506,0.009598502283526003,0.0,0.15206666666666668,141.12666666666664
20151111125233-24km-D1-AGGRESSIVE-MOTORWAY,D1,motorway,highway,aggressive,543.94,0.8740526913580248,0.02305645155096051,0.0,0.0848888888888889,140.23333333333335
20151111125233-24km-D1-AGGRESSIVE-MOTORWAY,D1,motorway,highway,aggressive,548.94,0.8430940795610425,0.03530031153940527,0.0,0.058444444444444445,137.71851851851852
20151111125233-24km-D1-AGGRESSIVE-MOTORWAY,D1,motorway,highway,aggressive,553.94,0.8239772493827159,0.03045084168363558,0.0,0.11333333333333336,136.15666666666664
20151111125233-24km-D1-AGGRESSIVE-MOTORWAY,D1,motorway,highway,aggressive,558.94,0.8368384646464647,0.021253658455581685,0.0,0.12254545454545453,137.2121212121212
20151111125233-24km-D1-AGGRESSIVE-MOTORWAY,D1,motorway,highway,aggressive,563.94,0.8590953310886644,0.018823808862665978,0.0,0.10587878787878789,139.02727272727273
20151111125233-24km-D1-AGGRESSIVE-MOTORWAY,D1,motorway,highway,aggressive,568.94,0.87965129218107,0.01832247361899672,0.0,0.116,140.68148148148148
20151111125233-24km-D1-AGGRESSIVE-MOTORWAY,D1,motorway,highway,aggressive,573.94,0.8960463923182442,0.009390697789801864,0.0,0.14755555555555555,141.98888888888888
20151111125233-24km-D1-AGGRESSIVE-MOTORWAY,D1,motorway,highway,aggressive,578.94,0.8995898617283953,0.00544912352398562,0.0,0.18106666666666665,142.26999999999998
20151111125233-24km-D1-AGGRESSIVE-MOTORWAY,D1,motorway,highway,aggressive,583.94,0.8945440543209877,0.006354625074462916,0.0,0.1378666666666667,141.86999999999998
20151111125233-24km-D1-AGGRESSIVE-MOTORWAY,D1,motorway,highway,aggressive,588.94,0.8801168170594837,0.017713440951274993,0.0,0.0630909090909091,140.71818181818182
20151111125233-24km-D1-AGGRESSIVE-MOTORWAY,D1,motorway,highway,aggressive,593.94,0.8589743308641975,0.027938800805672803,0.0,0.11906666666666665,139.01333333333332
20151111125233-24km-D1-AGGRESSIVE-MOTORWAY,D1,motorway,highway,aggressive,598.94,0.8231169492455419,0.02680793400072127,0.0,0.153037037037037,136.0814814814815
20151111125233-24km-D1-AGGRESSIVE-MOTORWAY,D1,motorway,highway,aggressive,603.94,0.7983098361391694,0.020482109073457978,0.0,0.17751515151515151,134.0181818181818
20151111125233-24km-D1-AGGRESSIVE-MOTORWAY,D1,motorway,highway,aggressive,608.94,0.7809556228956226,0.014858159141002471,0.0,0.14642424242424243,132.55454545454543
20151111125233-24km-D1-AGGRESSIVE-MOTORWAY,D1,motorway,highway,aggressive,613.94,0.7765005876543208,0.01811699174570592,0.0,0.07866666666666666,132.17666666666668
20151111125233-24km-D1-AGGRESSIVE-MOTORWAY,D1,motorway,highway,aggressive,618.94,0.7840548203017832,0.02014470941443381,0.0,0.18081481481481482,132.81851851851854
20151111125233-24km-D1-AGGRESSIVE-MOTORWAY,D1,motorway,highway,aggressive,623.94,0.8124943319615912,0.04792289302569144,0.0,0.18348148148148147,135.18518518518516
20151111125233-24km-D1-AGGRESSIVE-MOTORWAY,D1,motorway,highway,aggressive,628.94,0.8725963851851853,0.07713752149270525,0.0,0.10586666666666669,140.06666666666666
20151111125233-24km-D1-AGGRESSIVE-MOTORWAY,D1,motorway,highway,aggressive,633.94,0.9411491851851853,0.059834239573475466,0.0,0.10166666666666666,145.49333333333334
20151111125233-24km-D1-AGGRESSIVE-MOTORWAY,D1,motorway,highway,aggressive,638.94,0.9263329203142536,0.06117642398616452,0.0,0.19969696969696968,144.3212121212121
20151111125233-24km-D1-AGGRESSIVE-MOTORWAY,D1,motorway,highway,aggressive,643.94,0.8761302446689114,0.0545638988448389,0.0,0.1959393939393939,140.38181818181818
20151111125233-24km-D1-AGGRESSIVE-MOTORWAY,D1,motorway,highway,aggressive,648.94,0.8657191001371742,0.017244089654609638,0.0,0.10185185185185185,139.56296296296296
20151111125233-24km-D1-AGGRESSIVE-MOTORWAY,D1,motorway,highway,aggressive,653.94,0.8692732949245543,0.007156220050052929,0.0,0.07940740740740741,139.85185185185185
20151111125233-24km-D1-AGGRESSIVE-MOTORWAY,D1,motorway,highway,aggressive,658.94,0.8581228592592594,0.01789770886424257,0.0,0.07453333333333334,138.95000000000002
20151111125233-24km-D1-AGGRESSIVE-MOTORWAY,D1,motorway,highway,aggressive,663.94,0.8296136386083053,0.0357935595892164,0.02675452727272727,0.07993939393939394,136.61212121212122
20151111125233-24km-D1-AGGRESSIVE-MOTORWAY,D1,motorway,highway,aggressive,668.94,0.7826796345679011,0.05939452971598882,0.15032695199999999,0.07673333333333332,132.66
20151111125233-24km-D1-AGGRESSIVE-MOTORWAY,D1,motorway,highway,aggressive,673.94,0.7068373481481481,0.054083901628920114,0.388557708,0.05993333333333334,126.08333333333333
20151111125233-24km-D1-AGGRESSIVE-MOTORWAY,D1,motorway,highway,aggressive,678.94,0.6958206518518519,0.04557376472314292,0.46534916000000004,0.07066666666666666,125.11333333333332
20151111125233-24km-D1-AGGRESSIVE-MOTORWAY,D1,motorway,highway,aggressive,683.94,0.7061754513031552,0.04795067081918679,0.5293317733333333,0.05985185185185185,126.04444444444442
20151111125233-24km-D1-AGGRESSIVE-MOTORWAY,D1,motorway,highway,aggressive,688.94,0.6964162469135803,0.03404546154165961,0.5744312545454547,0.13533333333333333,125.17272727272729
20151111125233-24km-D1-AGGRESSIVE-MOTORWAY,D1,motorway,highway,aggressive,693.94,0.6810740067340068,0.02095212819964077,0.5238501018181818,0.23333333333333336,123.7848484848485
20151111125233-24km-D1-AGGRESSIVE-MOTORWAY,D1,motorway,highway,aggressive,698.94,0.667035769547325,0.016987281331283004,0.4762128088888889,0.17511111111111108,122.50740740740743
20151111125233-24km-D1-AGGRESSIVE-MOTORWAY,D1,motorway,highway,aggressive,703.94,0.6369739950617286,0.05287669932336542,0.2984809,0.16846666666666665,119.68666666666665
20151111125233-24km-D1-AGGRESSIVE-MOTORWAY,D1,motorway,highway,aggressive,708.94,0.5861591604938271,0.06281902752763303,0.1253915563636364,0.22642424242424244,114.77878787878787
20151111125233-24km-D1-AGGRESSIVE-MOTORWAY,D1,motorway,highway,aggressive,713.94,0.523064261728395,0.1331986845252932,0.044970436000000016,0.23193333333333338,108.35666666666665
20151111125233-24km-D1-AGGRESSIVE-MOTORWAY,D1,motorway,highway,aggressive,718.94,0.4319309080932785,0.1562930521982672,0.07425362222222222,0.22829629629629633,98.0888888888889
20151111125233-24km-D1-AGGRESSIVE-MOTORWAY,D1,motorway,highway,aggressive,723.94,0.3338804691358025,0.05376810617537209,0.24253825199999998,0.27559999999999996,86.65
20151111125233-24km-D1-AGGRESSIVE-MOTORWAY,D1,motorway,highway,aggressive,728.94,0.3166992457912458,0.023025462330438274,0.4358027745454546,0.3226666666666667,84.40303030303029
20151111125233-24km-D1-AGGRESSIVE-MOTORWAY,D1,motorway,highway,aggressive,733.94,0.307070637037037,0.015999687115935687,0.49578498400000004,0.24633333333333338,83.11999999999999
20151111132348-25km-D1-DROWSY-MOTORWAY,D1,motorway,highway,drowsy,10.84,0.26586032716049385,0.3481999381083992,0.0,0.19693333333333335,75.295
20151111132348-25km-D1-DROWSY-MOTORWAY,D1,motorway,highway,drowsy,15.84,0.388146633744856,0.10166520695327215,0.0,0.33081481481481484,93.34814814814814
20151111132348-25km-D1-DROWSY-MOTORWAY,D1,motorway,highway,drowsy,20.84,0.4314324444444444,0.04717531021804884,0.0,0.17593333333333333,98.5
20151111132348-25km-D1-DROWSY-MOTORWAY,D1,motorway,highway,drowsy,25.84,0.4462038114478115,0.015924067255896027,0.0,0.18624242424242424,100.1969696969697
20151111132348-25km-D1-DROWSY-MOTORWAY,D1,motorway,highway,drowsy,30.84,0.45437727497194164,0.022529892431647172,0.0,0.3766060606060606,101.10303030303031
20151111132348-25km-D1-DROWSY-MOTORWAY,D1,motorway,highway,drowsy,35.84,0.48068361481481475,0.034051132713672244,0.0,0.3169999999999999,103.97999999999999
20151111132348-25km-D1-DROWSY-MOTORWAY,D1,motorway,highway,drowsy,40.84,0.5029050320987655,0.020993476022441903,0.0,0.17366666666666666,106.37
20151111132348-25km-D1-DROWSY-MOTORWAY,D1,motorway,highway,drowsy,45.84,0.5102926584362141,0.010221108125405623,0.0,0.19303703703703706,107.15185185185186
20151111132348-25km-D1-DROWSY-MOTORWAY,D1,motorway,highway,drowsy,50.84,0.513106162962963,0.010211540583804888,0.0,0.2218666666666667,107.44666666666667
20151111132348-25km-D1-DROWSY-MOTORWAY,D1,motorway,highway,drowsy,55.84,0.5183181975308642,0.010198798538520997,0.0,0.21759999999999996,107.98999999999998
20151111132348-25km-D1-DROWSY-MOTORWAY,D1,motorway,highway,drowsy,60.84,0.5271890919067215,0.008814566288822216,0.0,0.0851851851851852,108.9111111111111
20151111132348-25km-D1-DROWSY-MOTORWAY,D1,motorway,highway,drowsy,65.84,0.5348981580246914,0.011560423513274003,0.0,0.09853333333333333,109.70333333333333
20151111132348-25km-D1-DROWSY-MOTORWAY,D1,motorway,highway,drowsy,70.84,0.5445597283950616,0.016117163461671073,0.0,0.1512,110.68999999999998
20151111132348-25km-D1-DROWSY-MOTORWAY,D1,motorway,highway,drowsy,75.84,0.5424400987654322,0.015642193489944417,0.0,0.11406666666666665,110.47333333333333
20151111132348-25km-D1-DROWSY-MOTORWAY,D1,motorway,highway,drowsy,80.84,0.5306157679012347,0.011564933011683891,0.0,0.2656666666666666,109.26333333333332
20151111132348-25km-D1-DROWSY-MOTORWAY,D1,motorway,highway,drowsy,85.84,0.5229899111111111,0.008588375713896212,0.009558760000000003,0.3348,108.47666666666665
20151111132348-25km-D1-DROWSY-MOTORWAY,D1,motorway,highway,drowsy,90.84,0.519129746352413,0.007958732419737657,0.013450167272727272,0.2753333333333334,108.07575757575759
20151111132348-25km-D1-DROWSY-MOTORWAY,D1,motorway,highway,drowsy,95.84,0.5168900381593715,0.006753210067455224,0.004760385454545455,0.3128484848484848,107.84242424242424
20151111132348-25km-D1-DROWSY-MOTORWAY,D1,motorway,highway,drowsy,100.84,0.5112251577503428,0.01613003323901094,0.0,0.2516296296296296,107.24814814814813
20151111132348-25km-D1-DROWSY-MOTORWAY,D1,motorway,highway,drowsy,105.84,0.5145720768175583,0.024068981350479548,0.0,0.28948148148148145,107.5962962962963
20151111132348-25km-D1-DROWSY-MOTORWAY,D1,motorway,highway,drowsy,110.84,0.5260894469135803,0.012895264885944294,0.0,0.34113333333333334,108.79666666666665
20151111132348-25km-D1-DROWSY-MOTORWAY,D1,motorway,highway,drowsy,115.84,0.535309620650954,0.011911157575321046,0.0,0.2983636363636364,109.74545454545454
20151111132348-25km-D1-DROWSY-MOTORWAY,D1,motorway,highway,drowsy,120.84,0.5472832233445565,0.016362937239687656,0.004416014545454547,0.24763636363636365,110.96363636363635
20151111132348-25km-D1-DROWSY-MOTORWAY,D1,motorway,highway,drowsy,125.84,0.5417603506172839,0.03811499127570119,0.004857616000000002,0.19226666666666667,110.38999999999999
20151111132348-25km-D1-DROWSY-MOTORWAY,D1,motorway,highway,drowsy,130.84,0.511244148148148,0.04044942895797258,0.09873982666666666,0.22540740740740745,107.22962962962964
20151111132348-25km-D1-DROWSY-MOTORWAY,D1,motorway,highway,drowsy,135.84,0.48660540466392316,0.019948648383332174,0.29813536,0.16044444444444447,104.63333333333334
20151111132348-25km-D1-DROWSY-MOTORWAY,D1,motorway,highway,drowsy,140.84,0.4674262271604938,0.027973606656594114,0.43202520800000005,0.0748,102.53666666666668
20151111132348-25km-D1-DROWSY-MOTORWAY,D1,motorway,highway,drowsy,145.84,0.45087864870931543,0.02321305743649362,0.27853284000000006,0.11096969696969698,100.71818181818183
20151111132348-25km-D1-DROWSY-MOTORWAY,D1,motorway,highway,drowsy,150.84,0.44722002244668907,0.024208237516981868,0.048924450909090915,0.16999999999999998,100.30909090909091
20151111132348-25km-D1-DROWSY-MOTORWAY,D1,motorway,highway,drowsy,155.84,0.4455638271604938,0.03409807341494855,0.0,0.13240000000000002,100.12333333333333
20151111132348-25km-D1-DROWSY-MOTORWAY,D1,motorway,highway,drowsy,160.84,0.43008528888888886,0.03204822000005044,0.0,0.0748,98.35000000000001
20151111132348-25km-D1-DROWSY-MOTORWAY,D1,motorway,highway,drowsy,165.84,0.41452950123456783,0.026092754991526766,0.0,0.07886666666666667,96.57333333333332
20151111132348-25km-D1-DROWSY-MOTORWAY,D1,motorway,highway,drowsy,170.84,0.41586102222222215,0.01485838582975244,0.0,0.12086666666666668,96.72999999999999
20151111132348-25km-D1-DROWSY-MOTORWAY,D1,motorway,highway,drowsy,175.84,0.41231661728395064,0.010804789942526299,0.0,0.18333333333333332,96.31666666666668
20151111132348-25km-D1-DROWSY-MOTORWAY,D1,motorway,highway,drowsy,180.84,0.3989040839506172,0.019988326806858085,0.0,0.164,94.72999999999999
20151111132348-25km-D1-DROWSY-MOTORWAY,D1,motorway,highway,drowsy,185.84,0.3926467654320987,0.0266635490356437,0.10494768444444444,0.23444444444444443,93.98888888888888
20151111132348-25km-D1-DROWSY-MOTORWAY,D1,motorway,highway,drowsy,190.84,0.40772022496570637,0.03843313973424741,0.3400241777777777,0.2302962962962963,95.76666666666667
20151111132348-25km-D1-DROWSY-MOTORWAY,D1,motorway,highway,drowsy,195.84,0.43432895622895623,0.03343093828985156,0.35983245090909094,0.10036363636363638,98.83333333333331
20151111132348-25km-D1-DROWSY-MOTORWAY,D1,motorway,highway,drowsy,200.84,0.4444996395061728,0.021387109989318878,0.37633068799999997,0.13666666666666666,100.00333333333333
20151111132348-25km-D1-DROWSY-MOTORWAY,D1,motorway,highway,drowsy,205.84,0.43091035555555557,0.014471904037192045,0.324100744,0.19473333333333334,98.46333333333332
20151111132348-25km-D1-DROWSY-MOTORWAY,D1,motorway,highway,drowsy,210.84,0.42885792143658813,0.008643000156190891,0.2247906654545454,0.30490909090909085,98.23030303030303
20151111132348-25km-D1-DROWSY-MOTORWAY,D1,motorway,highway,drowsy,215.84,0.4352270068587105,0.014179219386305104,0.15794157777777776,0.3189629629629629,98.95555555555558
20151111132348-25km-D1-DROWSY-MOTORWAY,D1,motorway,highway,drowsy,220.84,0.4418264938271605,0.019044273775441843,0.026894595999999993,0.158,99.70333333333335
20151111132348-25km-D1-DROWSY-MOTORWAY,D1,motorway,highway,drowsy,225.84,0.43569889113355775,0.015751222310272307,0.11690924000000003,0.2292727272727273,99.0060606060606
20151111132348-25km-D1-DROWSY-MOTORWAY,D1,motorway,highway,drowsy,230.84,0.4247088592592593,0.016788158641238234,0.269969648,0.24766666666666665,97.75333333333333
20151111132348-25km-D1-DROWSY-MOTORWAY,D1,motorway,highway,drowsy,235.84,0.41728263703703694,0.013548284444341262,0.26863847199999996,0.24613333333333332,96.89333333333333
20151111132348-25km-D1-DROWSY-MOTORWAY,D1,motorway,highway,drowsy,240.84,0.4149679945130315,0.010491064915411859,0.21823358666666667,0.2607407407407407,96.62592592592591
20151111132348-25km-D1-DROWSY-MOTORWAY,D1,motorway,highway,drowsy,245.84,0.4211579094650205,0.007228663458603021,0.12367776444444445,0.24748148148148147,97.34444444444445
20151111132348-25km-D1-DROWSY-MOTORWAY,D1,motorway,highway,drowsy,250.84,0.41787646689113367,0.017540514336644622,0.05791529818181818,0.302969696969697,96.96060606060608
20151111132348-25km-D1-DROWSY-MOTORWAY,D1,motorway,highway,drowsy,255.84,0.40321363950617284,0.027820439482594567,0.196301128,0.2850666666666667,95.23333333333335
20151111132348-25km-D1-DROWSY-MOTORWAY,D1,motorway,highway,drowsy,260.84000000000003,0.38167221728395057,0.01894748478197947,0.389763256,0.24399999999999994,92.66666666666666
20151111132348-25km-D1-DROWSY-MOTORWAY,D1,motorway,highway,drowsy,265.84000000000003,0.3753004175084175,0.016922396027863648,0.32203214545454545,0.2604848484848485,91.89090909090908
20151111132348-25km-D1-DROWSY-MOTORWAY,D1,motorway,highway,drowsy,270.84000000000003,0.3780567604938271,0.03589304480803325,0.18019515199999997,0.22493333333333335,92.21999999999998
20151111132348-25km-D1-DROWSY-MOTORWAY,D1,motorway,highway,drowsy,275.84000000000003,0.4090803160493827,0.05540215355171735,0.04096,0.14946666666666666,95.88
20151111132348-25km-D1-DROWSY-MOTORWAY,D1,motorway,highway,drowsy,280.84000000000003,0.4434820641975309,0.034516170561742526,0.0,0.07919999999999999,99.88000000000001
20151111132348-25km-D1-DROWSY-MOTORWAY,D1,motorway,highway,drowsy,285.84000000000003,0.4535898123456791,0.04568446592171075,0.0015181799999999996,0.20686666666666667,101.01666666666667
20151111132348-25km-D1-DROWSY-MOTORWAY,D1,motorway,highway,drowsy,290.84000000000003,0.42942213991769557,0.062261441729460604,0.012070582222222223,0.3186666666666667,98.23333333333332
20151111132348-25km-D1-DROWSY-MOTORWAY,D1,motorway,highway,drowsy,295.84000000000003,0.3931932235939643,0.02339834805047466,0.029166862222222225,0.2738518518518519,94.05555555555556
20151111132348-25km-D1-DROWSY-MOTORWAY,D1,motorway,highway,drowsy,300.84000000000003,0.3877431604938272,0.010975819047477874,0.015368029090909096,0.3470909090909091,93.4030303030303
20151111132348-25km-D1-DROWSY-MOTORWAY,D1,motorway,highway,drowsy,305.84000000000003,0.3965417508417508,0.02232315230067637,0.019193141818181814,0.426121212121212,94.44545454545454
20151111132348-25km-D1-DROWSY-MOTORWAY,D1,motorway,highway,drowsy,310.84000000000003,0.40512607901234565,0.028672183239170073,0.03534818399999999,0.32293333333333335,95.47
20151111132348-25km-D1-DROWSY-MOTORWAY,D1,motorway,highway,drowsy,315.84000000000003,0.3994349958847736,0.013272272254009348,0.015817475555555554,0.2125185185185185,94.8
20151111132348-25km-D1-DROWSY-MOTORWAY,D1,motorway,highway,drowsy,320.84000000000003,0.3975611308641975,0.01730323850810254,0.005207523999999998,0.20326666666666665,94.57666666666667
20151111132348-25km-D1-DROWSY-MOTORWAY,D1,motorway,highway,drowsy,325.84000000000003,0.39319519999999997,0.021427388211093294,0.005207523999999998,0.22920000000000001,94.05333333333333
20151111132348-25km-D1-DROWSY-MOTORWAY,D1,motorway,highway,drowsy,330.84000000000003,0.3999130150891632,0.03830395087551805,0.07955095111111113,0.26237037037037036,94.84074074074074
20151111132348-25km-D1-DROWSY-MOTORWAY,D1,motorway,highway,drowsy,335.84000000000003,0.43970748641975305,0.06085669965166942,0.11336231600000002,0.24879999999999997,99.4
20151111132348-25km-D1-DROWSY-MOTORWAY,D1,motorway,highway,drowsy,340.84000000000003,0.4792830392817059,0.03260145561917091,0.060550236363636364,0.16703030303030303,103.83333333333334
20151111132348-25km-D1-DROWSY-MOTORWAY,D1,motorway,highway,drowsy,345.84000000000003,0.48910145005611677,0.013528750964656633,0.04627441454545455,0.07660606060606061,104.9030303030303
20151111132348-25km-D1-DROWSY-MOTORWAY,D1,motorway,highway,drowsy,350.84000000000003,0.4749784592592593,0.033371156366414106,0.031661155999999996,0.1386,103.36000000000001
20151111132348-25km-D1-DROWSY-MOTORWAY,D1,motorway,highway,drowsy,355.84000000000003,0.4435181580246913,0.04374544729701196,0.118981696,0.19226666666666664,99.87
20151111132348-25km-D1-DROWSY-MOTORWAY,D1,motorway,highway,drowsy,360.84000000000003,0.41229558518518516,0.03783245402287061,0.11338359599999999,0.18486666666666668,96.29333333333334
20151111132348-25km-D1-DROWSY-MOTORWAY,D1,motorway,highway,drowsy,365.84000000000003,0.38648562962962973,0.025496652506766398,0.0,0.14186666666666664,93.24
20151111132348-25km-D1-DROWSY-MOTORWAY,D1,motorway,highway,drowsy,370.84000000000003,0.37400682469135804,0.014325713093341613,0.0,0.062,91.73333333333333
20151111132348-25km-D1-DROWSY-MOTORWAY,D1,motorway,highway,drowsy,375.84000000000003,0.3893470074074074,0.04578168249740266,0.05689267600000001,0.18666666666666665,93.56333333333333
20151111132348-25km-D1-DROWSY-MOTORWAY,D1,motorway,highway,drowsy,380.84000000000003,0.44706357037037037,0.09469646456377426,0.13077875600000002,0.25986666666666663,100.15666666666667
20151111132348-25km-D1-DROWSY-MOTORWAY,D1,motorway,highway,drowsy,385.84000000000003,0.5148901179698216,0.07704838712211699,0.1124652711111111,0.22288888888888891,107.56296296296297
20151111132348-25km-D1-DROWSY-MOTORWAY,D1,motorway,highway,drowsy,390.84000000000003,0.5557785037037036,0.01802921647350519,0.027332663999999996,0.2476,111.82333333333334
20151111132348-25km-D1-DROWSY-MOTORWAY,D1,motorway,highway,drowsy,395.84000000000003,0.5628368574635241,0.004892683489858933,0.002612669090909094,0.26945454545454545,112.53333333333332
20151111132348-25km-D1-DROWSY-MOTORWAY,D1,motorway,highway,drowsy,400.84000000000003,0.5585305788751715,0.028172202287447785,0.03105463111111112,0.2675555555555556,112.0962962962963
20151111132348-25km-D1-DROWSY-MOTORWAY,D1,motorway,highway,drowsy,405.84000000000003,0.5183228312757202,0.06421140870726667,0.10408065777777778,0.36148148148148146,107.94074074074075
20151111132348-25km-D1-DROWSY-MOTORWAY,D1,motorway,highway,drowsy,410.84000000000003,0.4729528125701459,0.04202926882420938,0.06236123636363636,0.33169696969696966,103.13030303030304
20151111132348-25km-D1-DROWSY-MOTORWAY,D1,motorway,highway,drowsy,415.84000000000003,0.44685320493827163,0.03246888104549704,0.0,0.15660000000000002,100.26
20151111132348-25km-D1-DROWSY-MOTORWAY,D1,motorway,highway,drowsy,420.84000000000003,0.4113632976680385,0.047096357345336654,0.0,0.05318518518518518,96.17407407407407
20151111132348-25km-D1-DROWSY-MOTORWAY,D1,motorway,highway,drowsy,425.84000000000003,0.3794866083052749,0.04270612654942215,0.016544323636363635,0.08624242424242425,92.38181818181819
20151111132348-25km-D1-DROWSY-MOTORWAY,D1,motorway,highway,drowsy,430.84000000000003,0.350293189674523,0.04156292517269361,0.016544323636363635,0.17212121212121215,88.73939393939395
20151111132348-25km-D1-DROWSY-MOTORWAY,D1,motorway,highway,drowsy,435.84000000000003,0.31564281481481493,0.040597516720611716,0.0,0.3575333333333333,84.24666666666667
20151111132348-25km-D1-DROWSY-MOTORWAY,D1,motorway,highway,drowsy,440.84000000000003,0.3008287604938271,0.03651111080534051,0.0,0.29193333333333327,82.26666666666668
20151111132348-25km-D1-DROWSY-MOTORWAY,D1,motorway,highway,drowsy,445.84000000000003,0.28963909629629625,0.03197662219028359,0.0,0.16766666666666669,80.71
20151111132348-25km-D1-DROWSY-MOTORWAY,D1,motorway,highway,drowsy,450.84000000000003,0.26163710123456785,0.06399796320284644,0.0,0.18713333333333332,76.66333333333333
20151111132348-25km-D1-DROWSY-MOTORWAY,D1,motorway,highway,drowsy,455.84000000000003,0.22584917530864201,0.08703186668136542,0.0,0.1346,71.2
20151111132348-25km-D1-DROWSY-MOTORWAY,D1,motorway,highway,drowsy,460.84000000000003,0.22795886968449933,0.09233987210901921,0.0,0.1285925925925926,71.5037037037037
20151111132348-25km-D1-DROWSY-MOTORWAY,D1,motorway,highway,drowsy,465.84000000000003,0.2834316246913581,0.1290968572429658,0.0,0.14393333333333336,79.74666666666668
20151111132348-25km-D1-DROWSY-MOTORWAY,D1,motorway,highway,drowsy,470.84000000000003,0.25479235914702586,0.15678680961941957,0.0,0.2006666666666667,75.20606060606062
20151111132348-25km-D1-DROWSY-MOTORWAY,D1,motorway,highway,drowsy,475.84000000000003,0.17156236049382717,0.10990663841308504,0.0,0.19713333333333335,61.89333333333334
20151111132348-25km-D1-DROWSY-MOTORWAY,D1,motorway,highway,drowsy,480.84000000000003,0.14967342661179697,0.04388248269868302,0.0404486488888889,0.15888888888888889,58.022222222222226
20151111132348-25km-D1-DROWSY-MOTORWAY,D1,motorway,highway,drowsy,485.84000000000003,0.18741458271604938,0.1213316884947403,0.03640378400000001,0.2332,64.60333333333332
20151111132348-25km-D1-DROWSY-MOTORWAY,D1,motorway,highway,drowsy,490.84000000000003,0.266313822671156,0.1578281936076428,0.0,0.1901818181818182,76.72727272727273
20151111132348-25km-D1-DROWSY-MOTORWAY,D1,motorway,highway,drowsy,495.84000000000003,0.3566283308641975,0.08374761929971943,0.0,0.13446666666666668,89.49666666666666
20151111132348-25km-D1-DROWSY-MOTORWAY,D1,motorway,highway,drowsy,500.84000000000003,0.3725172543209876,0.01949997670636989,0.0,0.1644,91.54666666666665
20151111132348-25km-D1-DROWSY-MOTORWAY,D1,motorway,highway,drowsy,505.84000000000003,0.3655635171467764,0.011425972001753278,0.0,0.16318518518518518,90.69259259259259
20151111132348-25km-D1-DROWSY-MOTORWAY,D1,motorway,highway,drowsy,510.84000000000003,0.3627345432098766,0.03085584154324259,0.0,0.2761333333333334,90.33666666666667
20151111132348-25km-D1-DROWSY-MOTORWAY,D1,motorway,highway,drowsy,515.84,0.381087874298541,0.045236646836593314,0.0,0.2204848484848485,92.55151515151516
20151111132348-25km-D1-DROWSY-MOTORWAY,D1,motorway,highway,drowsy,520.84,0.40948640000000003,0.03692742531423122,0.0,0.1056,95.97999999999999
20151111132348-25km-D1-DROWSY-MOTORWAY,D1,motorway,highway,drowsy,525.84,0.4237129876543209,0.030300373658152763,0.06368272444444445,0.15925925925925927,97.62962962962962
20151111132348-25km-D1-DROWSY-MOTORWAY,D1,motorway,highway,drowsy,530.84,0.4542133333333333,0.03775797121082437,0.19478776400000003,0.13653333333333334,101.07333333333334
20151111132348-25km-D1-DROWSY-MOTORWAY,D1,motorway,highway,drowsy,535.84,0.4816290505050505,0.03996087143648394,0.22679817454545456,0.12927272727272726,104.07575757575759
20151111132348-25km-D1-DROWSY-MOTORWAY,D1,motorway,highway,drowsy,540.84,0.5073251961591221,0.032984438310219216,0.2590026888888889,0.2025925925925926,106.83333333333331
20151111132348-25km-D1-DROWSY-MOTORWAY,D1,motorway,highway,drowsy,545.84,0.5091192153635117,0.022873981987283618,0.29818441777777777,0.15822222222222224,107.02592592592595
20151111132348-25km-D1-DROWSY-MOTORWAY,D1,motorway,highway,drowsy,550.84,0.5081935851851851,0.01340216351575158,0.304693512,0.15286666666666668,106.92999999999999
20151111132348-25km-D1-DROWSY-MOTORWAY,D1,motorway,highway,drowsy,555.84,0.51145572345679,0.01166220882916665,0.29738517200000003,0.30453333333333327,107.27333333333334
20151111132348-25km-D1-DROWSY-MOTORWAY,D1,motorway,highway,drowsy,560.84,0.5080826980920314,0.016343966875313535,0.23746856363636362,0.23484848484848486,106.91818181818181
20151111132348-25km-D1-DROWSY-MOTORWAY,D1,motorway,highway,drowsy,565.84,0.5126915465768799,0.014188012008190075,0.20231873454545451,0.16836363636363638,107.39999999999999
20151111132348-25km-D1-DROWSY-MOTORWAY,D1,motorway,highway,drowsy,570.84,0.5171693283950617,0.019062554504990885,0.22919129599999993,0.197,107.86999999999998
20151111132348-25km-D1-DROWSY-MOTORWAY,D1,motorway,highway,drowsy,575.84,0.5053207023319616,0.024240082480705204,0.3080638577777777,0.21792592592592594,106.6222222222222
20151111132348-25km-D1-DROWSY-MOTORWAY,D1,motorway,highway,drowsy,580.84,0.4816562518518518,0.03477127837274579,0.41367539200000003,0.17453333333333335,104.09
20151111132348-25km-D1-DROWSY-MOTORWAY,D1,motorway,highway,drowsy,585.84,0.4709824781144782,0.02762065553180739,0.44011128727272736,0.09527272727272727,102.93636363636364
20151111132348-25km-D1-DROWSY-MOTORWAY,D1,motorway,highway,drowsy,590.84,0.4681966419753086,0.009633855995972794,0.37982440444444443,0.24162962962962967,102.63703703703703
20151111132348-25km-D1-DROWSY-MOTORWAY,D1,motorway,highway,drowsy,595.84,0.4710581679012346,0.010363769586065174,0.12203368,0.2882,102.95
20151111132348-25km-D1-DROWSY-MOTORWAY,D1,motorway,highway,drowsy,600.84,0.4665909450056116,0.015498443767845704,0.0,0.24781818181818185,102.45757575757574
20151111132348-25km-D1-DROWSY-MOTORWAY,D1,motorway,highway,drowsy,605.84,0.45561080493827155,0.017349754583301333,0.0,0.28733333333333333,101.24666666666666
20151111132348-25km-D1-DROWSY-MOTORWAY,D1,motorway,highway,drowsy,610.84,0.4568123160493827,0.015421758256259608,0.0,0.24433333333333337,101.38
20151111132348-25km-D1-DROWSY-MOTORWAY,D1,motorway,highway,drowsy,615.84,0.4574235226337449,0.012389466883766747,0.0,0.2794814814814815,101.44814814814815
20151111132348-25km-D1-DROWSY-MOTORWAY,D1,motorway,highway,drowsy,620.84,0.4473342057613169,0.013085645484929544,0.0,0.32422222222222224,100.32222222222224
20151111132348-25km-D1-DROWSY-MOTORWAY,D1,motorway,highway,drowsy,625.84,0.4430030666666667,0.015916740716574222,0.008568483999999998,0.2670666666666666,99.83666666666667
20151111132348-25km-D1-DROWSY-MOTORWAY,D1,motorway,highway,drowsy,630.84,0.44541331986531996,0.02196986331796667,0.04122675272727273,0.2627878787878788,100.10606060606061
20151111132348-25km-D1-DROWSY-MOTORWAY,D1,motorway,highway,drowsy,635.84,0.438795115600449,0.029479190991400075,0.08381501454545456,0.31436363636363635,99.35151515151516
20151111132348-25km-D1-DROWSY-MOTORWAY,D1,motorway,highway,drowsy,640.84,0.4177233689986283,0.030114382445485033,0.1431690177777778,0.3205185185185185,96.93333333333334
20151111132348-25km-D1-DROWSY-MOTORWAY,D1,motorway,highway,drowsy,645.84,0.39794184691358025,0.019587677395323872,0.237500636,0.2572,94.62
20151111132348-25km-D1-DROWSY-MOTORWAY,D1,motorway,highway,drowsy,650.84,0.397007263748597,0.026733538406641666,0.2791546981818182,0.24793939393939393,94.5090909090909
20151111132348-25km-D1-DROWSY-MOTORWAY,D1,motorway,highway,drowsy,655.84,0.40720748148148145,0.059515731410708664,0.37471370800000003,0.25393333333333334,95.70333333333333
20151111132348-25km-D1-DROWSY-MOTORWAY,D1,motorway,highway,drowsy,660.84,0.390293914951989,0.062765283561155,0.46396132,0.3497777777777778,93.64444444444445
20151111132348-25km-D1-DROWSY-MOTORWAY,D1,motorway,highway,drowsy,665.84,0.3676138222222223,0.039113072978910424,0.4278404320000001,0.37920000000000004,90.93666666666665
20151111132348-25km-D1-DROWSY-MOTORWAY,D1,motorway,highway,drowsy,670.84,0.37405435061728387,0.025798738936329002,0.33486562000000003,0.2054666666666667,91.73333333333332
20151111132348-25km-D1-DROWSY-MOTORWAY,D1,motorway,highway,drowsy,675.84,0.37247031604938274,0.018996559027708384,0.10886465599999998,0.16953333333333334,91.54333333333332
20151111132348-25km-D1-DROWSY-MOTORWAY,D1,motorway,highway,drowsy,680.84,0.37716347923681254,0.024297888096951194,0.04259186181818182,0.27836363636363637,92.11212121212121
20151111132348-25km-D1-DROWSY-MOTORWAY,D1,motorway,highway,drowsy,685.84,0.3871505530864196,0.021263178428623884,0.06002913600000002,0.3181333333333334,93.33
20151111132348-25km-D1-DROWSY-MOTORWAY,D1,motorway,highway,drowsy,690.84,0.3852691687242798,0.014797424098708434,0.08586011111111111,0.29474074074074075,93.10370370370372
20151111132348-25km-D1-DROWSY-MOTORWAY,D1,motorway,highway,drowsy,695.84,0.3812995308641975,0.012404102996619992,0.16577354800000002,0.32426666666666665,92.62333333333335
20151111132348-25km-D1-DROWSY-MOTORWAY,D1,motorway,highway,drowsy,700.84,0.3709500965207633,0.0292559063538533,0.2707931927272727,0.2721818181818182,91.34545454545456
20151111132348-25km-D1-DROWSY-MOTORWAY,D1,motorway,highway,drowsy,705.84,0.33374124554183826,0.09063866998586913,0.4605754933333333,0.18059259259259255,86.54074074074076
20151111132348-25km-D1-DROWSY-MOTORWAY,D1,motorway,highway,drowsy,710.84,0.2757538765432098,0.0771356946171374,0.588347352,0.3522666666666667,78.68666666666665
20151111132348-25km-D1-DROWSY-MOTORWAY,D1,motorway,highway,drowsy,715.84,0.26992030527497196,0.04053495364821746,0.5247466945454545,0.3992727272727272,77.90303030303029
20151111132348-25km-D1-DROWSY-MOTORWAY,D1,motorway,highway,drowsy,720.84,0.2968397091906722,0.05621693461901868,0.2479765466666667,0.24644444444444444,81.68518518518519
20151111132348-25km-D1-DROWSY-MOTORWAY,D1,motorway,highway,drowsy,725.84,0.3424258913580247,0.056254223736404006,0.21575231600000003,0.0968,87.71
20151111132348-25km-D1-DROWSY-MOTORWAY,D1,motorway,highway,drowsy,730.84,0.3611185728395062,0.04464804873468424,0.43673686000000006,0.07966666666666668,90.13000000000001
20151111132348-25km-D1-DROWSY-MOTORWAY,D1,motorway,highway,drowsy,735.84,0.34959370864197525,0.035787617143405906,0.600260088,0.06433333333333333,88.67999999999999
20151111132348-25km-D1-DROWSY-MOTORWAY,D1,motorway,highway,drowsy,740.84,0.35833076094276095,0.05523990219287227,0.5271133781818182,0.08775757575757576,89.75454545454545
20151111132348-25km-D1-DROWSY-MOTORWAY,D1,motorway,highway,drowsy,745.84,0.40990249108367627,0.08859120302452633,0.4557814000000001,0.10466666666666666,95.92222222222223
20151111132348-25km-D1-DROWSY-MOTORWAY,D1,motorway,highway,drowsy,750.84,0.4649097135802469,0.06450040154918944,0.44901052,0.11786666666666665,102.25666666666666
20151111132348-25km-D1-DROWSY-MOTORWAY,D1,motorway,highway,drowsy,755.84,0.45441618406285067,0.04582108488213463,0.43973830545454556,0.18509090909090908,101.08181818181816
20151111132348-25km-D1-DROWSY-MOTORWAY,D1,motorway,highway,drowsy,760.84,0.44820977283950614,0.05152850831180132,0.447541616,0.22633333333333336,100.39666666666668
20151111132348-25km-D1-DROWSY-MOTORWAY,D1,motorway,highway,drowsy,765.84,0.47819038683127574,0.038600611456101316,0.28901080888888886,0.14185185185185187,103.71111111111111
20151111132348-25km-D1-DROWSY-MOTORWAY,D1,motorway,highway,drowsy,770.84,0.4869439012345678,0.034740326831620004,0.17824795599999999,0.13646666666666668,104.66666666666666
20151111132348-25km-D1-DROWSY-MOTORWAY,D1,motorway,highway,drowsy,775.84,0.43465745903479225,0.11742211053240625,0.3308150836363636,0.1914545454545455,98.62121212121211
20151111132348-25km-D1-DROWSY-MOTORWAY,D1,motorway,highway,drowsy,780.84,0.33241632921810704,0.1555747105670035,0.53630732,0.21807407407407406,86.12592592592594
20151111132348-25km-D1-DROWSY-MOTORWAY,D1,motorway,highway,drowsy,785.84,0.25511914951989034,0.07258939274107598,0.5887655999999999,0.22607407407407404,75.69999999999999
20151111132348-25km-D1-DROWSY-MOTORWAY,D1,motorway,highway,drowsy,790.84,0.2625752987654321,0.09243760848871688,0.5435346759999999,0.18653333333333333,76.73333333333333
20151111132348-25km-D1-DROWSY-MOTORWAY,D1,motorway,highway,drowsy,795.84,0.33954455667789,0.13006158959634653,0.27865042545454544,0.13648484848484851,87.08484848484848
20151111132348-25km-D1-DROWSY-MOTORWAY,D1,motorway,highway,drowsy,800.84,0.4118367061728396,0.09243122060403025,0.052765695999999994,0.08266666666666667,96.10333333333334
20151111132348-25km-D1-DROWSY-MOTORWAY,D1,motorway,highway,drowsy,805.84,0.4536045283950617,0.023584720018731284,0.0,0.1257333333333333,101.02333333333334
20151111132348-25km-D1-DROWSY-MOTORWAY,D1,motorway,highway,drowsy,810.84,0.4405375982042648,0.025433885559178263,0.0,0.20878787878787877,99.54545454545455
20151111132348-25km-D1-DROWSY-MOTORWAY,D1,motorway,highway,drowsy,815.84,0.4253504801097393,0.02142150858833152,0.01459680888888888,0.1923703703703704,97.82592592592592
20151111132348-25km-D1-DROWSY-MOTORWAY,D1,motorway,highway,drowsy,820.84,0.42385999506172833,0.0050619587715829435,0.013137127999999993,0.1628,97.65666666666667
20151111132348-25km-D1-DROWSY-MOTORWAY,D1,motorway,highway,drowsy,825.84,0.4203857867564534,0.008533999817027745,0.0,0.2781818181818182,97.25454545454546
20151111132348-25km-D1-DROWSY-MOTORWAY,D1,motorway,highway,drowsy,830.84,0.4136669958847736,0.01019736553732871,0.0009270844444444449,0.3324444444444445,96.47407407407407
20151111132348-25km-D1-DROWSY-MOTORWAY,D1,motorway,highway,drowsy,835.84,0.4132722271604938,0.015953653873666734,0.091546936,0.2306,96.42666666666666
20151111132348-25km-D1-DROWSY-MOTORWAY,D1,motorway,highway,drowsy,840.84,0.4236798222222222,0.02129109684774516,0.12243198399999997,0.20860000000000004,97.62666666666667
20151111132348-25km-D1-DROWSY-MOTORWAY,D1,motorway,highway,drowsy,845.84,0.44283536790123457,0.02344639215488094,0.03171942399999999,0.13299999999999998,99.81333333333335
20151111132348-25km-D1-DROWSY-MOTORWAY,D1,motorway,highway,drowsy,850.84,0.45861564085297424,0.02289215156767991,0.0,0.17054545454545456,101.56969696969696
20151111132348-25km-D1-DROWSY-MOTORWAY,D1,motorway,highway,drowsy,855.84,0.47923931358024685,0.016642016937928585,0.0,0.2937333333333333,103.83666666666666
20151111132348-25km-D1-DROWSY-MOTORWAY,D1,motorway,highway,drowsy,860.84,0.4901158573388203,0.011474572834136509,0.0,0.2792592592592592,105.01111111111112
20151111132348-25km-D1-DROWSY-MOTORWAY,D1,motorway,highway,drowsy,865.84,0.4941246364883402,0.00986315174557263,0.0,0.24555555555555555,105.44074074074075
20151111132348-25km-D1-DROWSY-MOTORWAY,D1,motorway,highway,drowsy,870.84,0.49687413692480364,0.006565466248021839,0.020812632727272726,0.19218181818181818,105.73333333333335
20151111132348-25km-D1-DROWSY-MOTORWAY,D1,motorway,highway,drowsy,875.84,0.4959119551066218,0.008473008586175754,0.020812632727272726,0.22339393939393937,105.63030303030304
20151111132348-25km-D1-DROWSY-MOTORWAY,D1,motorway,highway,drowsy,880.84,0.48913766913580253,0.011210511446905541,0.0,0.3551333333333334,104.90666666666667
20151111132348-25km-D1-DROWSY-MOTORWAY,D1,motorway,highway,drowsy,885.84,0.48138052839506174,0.012617082727183801,0.0,0.4444,104.07000000000001
20151111132348-25km-D1-DROWSY-MOTORWAY,D1,motorway,highway,drowsy,890.84,0.4687772691358025,0.016992565373679193,0.031592408,0.4311999999999999,102.69666666666664
20151111132348-25km-D1-DROWSY-MOTORWAY,D1,motorway,highway,drowsy,895.84,0.4552416186556927,0.015549532020048554,0.03510267555555555,0.31703703703703706,101.2037037037037
20151111132348-25km-D1-DROWSY-MOTORWAY,D1,motorway,highway,drowsy,900.84,0.44834968449931406,0.01819172156200774,0.08402962666666666,0.3522962962962963,100.43703703703703
20151111132348-25km-D1-DROWSY-MOTORWAY,D1,motorway,highway,drowsy,905.84,0.4537072278338945,0.022808404725658413,0.09843314545454546,0.23812121212121215,101.03333333333335
20151111132348-25km-D1-DROWSY-MOTORWAY,D1,motorway,highway,drowsy,910.84,0.4448798069584736,0.0291846010307107,0.02968163272727273,0.16066666666666665,100.03333333333332
20151111132348-25km-D1-DROWSY-MOTORWAY,D1,motorway,highway,drowsy,915.84,0.42408767626886135,0.0247827639755187,0.0,0.3011111111111111,97.67777777777776
20151111132348-25km-D1-DROWSY-MOTORWAY,D1,motorway,highway,drowsy,920.84,0.4228366962962962,0.012474884755092822,0.0,0.37406666666666666,97.53666666666666
20151111132348-25km-D1-DROWSY-MOTORWAY,D1,motorway,highway,drowsy,925.84,0.42463763860830517,0.011720691123738964,0.0,0.400969696969697,97.74545454545455
20151111132348-25km-D1-DROWSY-MOTORWAY,D1,motorway,highway,drowsy,930.84,0.41994685871056237,0.013485021209873613,0.0,0.4601481481481482,97.20370370370371
20151111132348-25km-D1-DROWSY-MOTORWAY,D1,motorway,highway,drowsy,935.84,0.41773200493827156,0.0399172598207032,0.0,0.3369333333333333,96.94333333333334
20151111123124-25km-D1-NORMAL-MOTORWAY,D1,motorway,highway,normal,11.88,0.2782614123456791,0.279763088545902,0.062062884000000006,0.3650666666666667,77.52666666666667
20151111123124-25km-D1-NORMAL-MOTORWAY,D1,motorway,highway,normal,16.880000000000003,0.3287365135802469,0.021173729536699784,0.33924424000000003,0.4235333333333333,86.0
20151111123124-25km-D1-NORMAL-MOTORWAY,D1,motorway,highway,normal,21.880000000000003,0.32348693333333334,0.017487479419248077,0.4293372360000001,0.2583333333333333,85.30666666666667
20151111123124-25km-D1-NORMAL-MOTORWAY,D1,motorway,highway,normal,26.880000000000003,0.33618586008230456,0.0652489110802331,0.29663474666666667,0.27666666666666667,86.90740740740742
20151111123124-25km-D1-NORMAL-MOTORWAY,D1,motorway,highway,normal,31.880000000000003,0.38573899753086416,0.08567767219554177,0.28112793199999997,0.2195333333333333,93.04333333333332
20151111123124-25km-D1-NORMAL-MOTORWAY,D1,motorway,highway,normal,36.88,0.44982499214365884,0.054051449278046955,0.30313010909090915,0.17272727272727273,100.54242424242425
20151111123124-25km-D1-NORMAL-MOTORWAY,D1,motorway,highway,normal,41.88,0.4880898271604938,0.036177025090071785,0.2854172290909091,0.18133333333333332,104.77878787878787
20151111123124-25km-D1-NORMAL-MOTORWAY,D1,motorway,highway,normal,46.88,0.5149651083676268,0.04499473675261929,0.26921035111111113,0.24162962962962967,107.62592592592591
20151111123124-25km-D1-NORMAL-MOTORWAY,D1,motorway,highway,normal,51.88,0.5614706008230452,0.061094553551472607,0.10606771555555555,0.20881481481481484,112.35185185185185
20151111123124-25km-D1-NORMAL-MOTORWAY,D1,motorway,highway,normal,56.88,0.602608474074074,0.03762939106999219,0.0,0.2134666666666667,116.42666666666666
20151111123124-25km-D1-NORMAL-MOTORWAY,D1,motorway,highway,normal,61.88,0.6176107160493828,0.0244451718588688,0.0,0.1722,117.88
20151111123124-25km-D1-NORMAL-MOTORWAY,D1,motorway,highway,normal,66.88,0.61006227654321,0.016925621400022624,0.0,0.0174,117.15666666666667
20151111123124-25km-D1-NORMAL-MOTORWAY,D1,motorway,highway,normal,71.88,0.5954960197530865,0.023849668026889075,0.029181604,0.12713333333333332,115.74666666666667
20151111123124-25km-D1-NORMAL-MOTORWAY,D1,motorway,highway,normal,76.88,0.5736128484848486,0.033142852308134706,0.02652873090909091,0.17254545454545456,113.59393939393941
20151111123124-25km-D1-NORMAL-MOTORWAY,D1,motorway,highway,normal,81.88,0.5493830123456791,0.026621397026382814,0.0,0.13346666666666668,111.16666666666667
20151111123124-25km-D1-NORMAL-MOTORWAY,D1,motorway,highway,normal,86.88,0.5269954128943759,0.03217096848311394,0.08275211111111111,0.22533333333333327,108.88888888888889
20151111123124-25km-D1-NORMAL-MOTORWAY,D1,motorway,highway,normal,91.88,0.5423953580246914,0.03382867597701796,0.3454979880000001,0.23193333333333332,110.45333333333333
20151111123124-25km-D1-NORMAL-MOTORWAY,D1,motorway,highway,normal,96.88,0.5714059528619528,0.019526916143108183,0.28244171999999995,0.21072727272727274,113.3818181818182
20151111123124-25km-D1-NORMAL-MOTORWAY,D1,motorway,highway,normal,101.88,0.5778156543209878,0.014773053982114131,0.039664803999999984,0.1876,114.02000000000001
20151111123124-25km-D1-NORMAL-MOTORWAY,D1,motorway,highway,normal,106.88,0.5753927308641977,0.022278275410879116,0.0,0.06899999999999999,113.78
20151111123124-25km-D1-NORMAL-MOTORWAY,D1,motorway,highway,normal,111.88,0.5894393432098767,0.027074180356060573,0.0,0.04266666666666667,115.15
20151111123124-25km-D1-NORMAL-MOTORWAY,D1,motorway,highway,normal,116.88,0.6155704087791496,0.016647876740182473,0.0,0.05777777777777778,117.68518518518519
20151111123124-25km-D1-NORMAL-MOTORWAY,D1,motorway,highway,normal,121.88,0.6205606567901235,0.006210696204929924,0.0,0.05006666666666666,118.16333333333334
20151111123124-25km-D1-NORMAL-MOTORWAY,D1,motorway,highway,normal,126.88,0.619231037037037,0.006626344769071935,0.0,0.07613333333333333,118.03666666666668
20151111123124-25km-D1-NORMAL-MOTORWAY,D1,motorway,highway,normal,131.88,0.6278302581369248,0.01967385414564414,0.0,0.18539393939393936,118.84848484848486
20151111123124-25km-D1-NORMAL-MOTORWAY,D1,motorway,highway,normal,136.88,0.6469446419753087,0.025102675308138096,0.0,0.16646666666666665,120.63999999999999
20151111123124-25km-D1-NORMAL-MOTORWAY,D1,motorway,highway,normal,141.88,0.6688926584362138,0.014090005332580091,0.0,0.04511111111111111,122.67777777777776
20151111123124-25km-D1-NORMAL-MOTORWAY,D1,motorway,highway,normal,146.88,0.660795012345679,0.02651518847636606,0.007617715999999997,0.04266666666666667,121.92666666666666
20151111123124-25km-D1-NORMAL-MOTORWAY,D1,motorway,highway,normal,151.88,0.6318093975308641,0.0313547999793153,0.12391108799999999,0.0598,119.21666666666667
20151111123124-25km-D1-NORMAL-MOTORWAY,D1,motorway,highway,normal,156.88,0.617873970819304,0.019766219897210904,0.18970481090909094,0.0763030303030303,117.90606060606059
20151111123124-25km-D1-NORMAL-MOTORWAY,D1,motorway,highway,normal,161.88,0.6314805185185185,0.022518383892026893,0.10104554400000001,0.0628,119.18999999999998
20151111123124-25km-D1-NORMAL-MOTORWAY,D1,motorway,highway,normal,166.88,0.6568880049382717,0.021931321526762065,0.008663624000000002,0.15146666666666664,121.57000000000001
20151111123124-25km-D1-NORMAL-MOTORWAY,D1,motorway,highway,normal,171.88,0.6573289696969696,0.013619181935799222,0.0,0.1965454545454545,121.6121212121212
20151111123124-25km-D1-NORMAL-MOTORWAY,D1,motorway,highway,normal,176.88,0.6486875006858711,0.010635760130361563,0.0,0.11785185185185185,120.8111111111111
20151111123124-25km-D1-NORMAL-MOTORWAY,D1,motorway,highway,normal,181.88,0.6434858710562416,0.01004158027968454,0.0,0.04518518518518519,120.32592592592593
20151111123124-25km-D1-NORMAL-MOTORWAY,D1,motorway,highway,normal,186.88,0.6422082666666666,0.009263071999653469,0.0,0.030666666666666665,120.20666666666666
20151111123124-25km-D1-NORMAL-MOTORWAY,D1,motorway,highway,normal,191.88,0.6407848790123456,0.009144764065101542,0.0,0.05399999999999999,120.07333333333331
20151111123124-25km-D1-NORMAL-MOTORWAY,D1,motorway,highway,normal,196.88,0.6466019160493827,0.018997017110993893,0.0,0.17533333333333334,120.61333333333332
20151111123124-25km-D1-NORMAL-MOTORWAY,D1,motorway,highway,normal,201.88,0.6595212444444446,0.02107495235564379,0.0,0.17739999999999995,121.81333333333332
20151111123124-25km-D1-NORMAL-MOTORWAY,D1,motorway,highway,normal,206.88,0.6587844444444444,0.011081746542683072,0.0,0.07466666666666667,121.74666666666667
20151111123124-25km-D1-NORMAL-MOTORWAY,D1,motorway,highway,normal,211.88,0.6604298900112233,0.015548308340574251,0.0,0.04957575757575758,121.89696969696969
20151111123124-25km-D1-NORMAL-MOTORWAY,D1,motorway,highway,normal,216.88,0.6691111654320988,0.01819646343250913,0.0,0.0358,122.69666666666667
20151111123124-25km-D1-NORMAL-MOTORWAY,D1,motorway,highway,normal,221.88,0.6662036433470507,0.01966510829677897,0.0,0.046518518518518515,122.42962962962962
20151111123124-25km-D1-NORMAL-MOTORWAY,D1,motorway,highway,normal,226.88,0.6408554567901235,0.039363837759594636,0.006140484000000001,0.1322666666666667,120.06000000000002
20151111123124-25km-D1-NORMAL-MOTORWAY,D1,motorway,highway,normal,231.88,0.6035554024691357,0.04249121716191119,0.062493884,0.15953333333333333,116.51666666666665
20151111123124-25km-D1-NORMAL-MOTORWAY,D1,motorway,highway,normal,236.88,0.61146734006734,0.04357223529108687,0.051230363636363636,0.08472727272727272,117.2666666666667
20151111123124-25km-D1-NORMAL-MOTORWAY,D1,motorway,highway,normal,241.88,0.6464350666666666,0.03710496341381052,0.0,0.10786666666666667,120.58333333333333
20151111123124-25km-D1-NORMAL-MOTORWAY,D1,motorway,highway,normal,246.88,0.66815961042524,0.013666383289884364,0.0,0.1711111111111111,122.61111111111111
20151111123124-25km-D1-NORMAL-MOTORWAY,D1,motorway,highway,normal,251.88,0.6626901925925927,0.019912797143515237,0.0,0.16393333333333335,122.10666666666668
20151111123124-25km-D1-NORMAL-MOTORWAY,D1,motorway,highway,normal,256.88,0.6277933827160495,0.035788920545869345,0.0,0.09206060606060605,118.81818181818181
20151111123124-25km-D1-NORMAL-MOTORWAY,D1,motorway,highway,normal,261.88,0.597718002244669,0.036520890654663185,0.014811727272727272,0.1289090909090909,115.96060606060605
20151111123124-25km-D1-NORMAL-MOTORWAY,D1,motorway,highway,normal,266.88,0.5781519122085049,0.02723352295639165,0.08174898222222221,0.14422222222222222,114.04444444444445
20151111123124-25km-D1-NORMAL-MOTORWAY,D1,motorway,highway,normal,271.88,0.5608141975308645,0.021299636854599024,0.138883772,0.0648,112.33000000000001
20151111123124-25km-D1-NORMAL-MOTORWAY,D1,motorway,highway,normal,276.88,0.5550816197530865,0.01975794458270979,0.161482276,0.06466666666666668,111.75333333333333
20151111123124-25km-D1-NORMAL-MOTORWAY,D1,motorway,highway,normal,281.88,0.5448404609053498,0.020919539673981663,0.16373089777777777,0.11014814814814815,110.71851851851852
20151111123124-25km-D1-NORMAL-MOTORWAY,D1,motorway,highway,normal,286.88,0.5504153221099888,0.015586567593078048,0.10053033454545454,0.15727272727272726,111.2818181818182
20151111123124-25km-D1-NORMAL-MOTORWAY,D1,motorway,highway,normal,291.88,0.5518751851851853,0.018296021257661325,0.056664915999999996,0.14506666666666665,111.42999999999999
20151111123124-25km-D1-NORMAL-MOTORWAY,D1,motorway,highway,normal,296.88,0.5298600274348424,0.027451048119907957,0.06303068444444446,0.2492592592592593,109.17777777777778
20151111123124-25km-D1-NORMAL-MOTORWAY,D1,motorway,highway,normal,301.88,0.515736414814815,0.021803474238822142,0.12450080000000001,0.17766666666666667,107.72
20151111123124-25km-D1-NORMAL-MOTORWAY,D1,motorway,highway,normal,306.88,0.5064947111111112,0.018217809421253256,0.179813984,0.05620000000000001,106.75000000000003
20151111123124-25km-D1-NORMAL-MOTORWAY,D1,motorway,highway,normal,311.88,0.49120244444444455,0.018218075637903862,0.17396528000000003,0.1504666666666667,105.12333333333333
20151111123124-25km-D1-NORMAL-MOTORWAY,D1,motorway,highway,normal,316.88,0.47967093333333344,0.009771697143397304,0.10120582399999997,0.14820000000000003,103.88666666666668
20151111123124-25km-D1-NORMAL-MOTORWAY,D1,motorway,highway,normal,321.88,0.4812828740740742,0.014098190581808686,0.027776728,0.1026,104.06000000000002
20151111123124-25km-D1-NORMAL-MOTORWAY,D1,motorway,highway,normal,326.88,0.4967664691358025,0.02522149128292849,0.0020550520000000025,0.10066666666666665,105.71333333333332
20151111123124-25km-D1-NORMAL-MOTORWAY,D1,motorway,highway,normal,331.88,0.5184022805836139,0.02077330510701969,0.0,0.09648484848484849,107.9939393939394
20151111123124-25km-D1-NORMAL-MOTORWAY,D1,motorway,highway,normal,336.88,0.5314997827160494,0.01434488547588739,0.0,0.11086666666666667,109.35333333333335
20151111123124-25km-D1-NORMAL-MOTORWAY,D1,motorway,highway,normal,341.88,0.5476516323731139,0.022954900776249922,0.0,0.1488888888888889,111.0
20151111123124-25km-D1-NORMAL-MOTORWAY,D1,motorway,highway,normal,346.88,0.571480375308642,0.028256013394592973,0.0,0.1532,113.38
20151111123124-25km-D1-NORMAL-MOTORWAY,D1,motorway,highway,normal,351.88,0.5895304641975309,0.01770190021595958,0.0,0.11206666666666668,115.17
20151111123124-25km-D1-NORMAL-MOTORWAY,D1,motorway,highway,normal,356.88,0.5790231950617285,0.028299056136501126,0.009098084,0.0708,114.13
20151111123124-25km-D1-NORMAL-MOTORWAY,D1,motorway,highway,normal,361.88,0.5332244049382716,0.0829518864042758,0.015585683999999999,0.11339999999999999,109.44666666666667
20151111123124-25km-D1-NORMAL-MOTORWAY,D1,motorway,highway,normal,366.88,0.4568058024691359,0.08785863614125482,0.073545848,0.2596666666666666,101.23666666666668
20151111123124-25km-D1-NORMAL-MOTORWAY,D1,motorway,highway,normal,371.88,0.41568786666666674,0.04300904173485158,0.202539564,0.20166666666666672,96.70333333333335
20151111123124-25km-D1-NORMAL-MOTORWAY,D1,motorway,highway,normal,376.88,0.41829251851851845,0.027835760741981554,0.292039756,0.04533333333333332,97.01
20151111123124-25km-D1-NORMAL-MOTORWAY,D1,motorway,highway,normal,381.88,0.40902701728395063,0.02437563278308541,0.347836064,0.054000000000000006,95.92333333333335
20151111123124-25km-D1-NORMAL-MOTORWAY,D1,motorway,highway,normal,386.88,0.3883306469135803,0.050787012350070104,0.39297874800000004,0.06866666666666667,93.45333333333333
20151111123124-25km-D1-NORMAL-MOTORWAY,D1,motorway,highway,normal,391.88,0.3285785634118968,0.10217844617368721,0.41162610545454553,0.09327272727272726,85.71818181818183
20151111123124-25km-D1-NORMAL-MOTORWAY,D1,motorway,highway,normal,396.88,0.2673625234567902,0.08840208601997593,0.37579728800000006,0.14846666666666666,77.41666666666666
20151111123124-25km-D1-NORMAL-MOTORWAY,D1,motorway,highway,normal,401.88,0.23066293004115235,0.028463400311854174,0.21433243111111114,0.2065185185185185,72.03333333333336
20151111123124-25km-D1-NORMAL-MOTORWAY,D1,motorway,highway,normal,406.88,0.22055125432098768,0.03842159420999434,0.262395708,0.1454,70.42333333333333
20151111123124-25km-D1-NORMAL-MOTORWAY,D1,motorway,highway,normal,411.88,0.21136229135802473,0.045052587135378026,0.40809306,0.19306666666666666,68.94000000000001
20151111123124-25km-D1-NORMAL-MOTORWAY,D1,motorway,highway,normal,416.88,0.20390577283950626,0.02644533460762304,0.30881300800000006,0.33766666666666667,67.73000000000002
20151111123124-25km-D1-NORMAL-MOTORWAY,D1,motorway,highway,normal,421.88,0.19723177283950621,0.03840868986289063,0.285790276,0.19593333333333332,66.60666666666667
20151111123124-25km-D1-NORMAL-MOTORWAY,D1,motorway,highway,normal,426.88,0.22232706172839511,0.06977066371973499,0.1735128290909091,0.055757575757575756,70.56666666666666
20151111123124-25km-D1-NORMAL-MOTORWAY,D1,motorway,highway,normal,431.88,0.24468030078563416,0.09958649129741642,0.0009569781818181823,0.12472727272727274,74.13636363636364
20151111123124-25km-D1-NORMAL-MOTORWAY,D1,motorway,highway,normal,436.88,0.2027913827160494,0.11592210094806402,0.188637892,0.1708,67.15
20151111123124-25km-D1-NORMAL-MOTORWAY,D1,motorway,highway,normal,441.88,0.15571530864197533,0.07498895901881841,0.264732412,0.17179999999999998,59.14000000000001
20151111123124-25km-D1-NORMAL-MOTORWAY,D1,motorway,highway,normal,446.88,0.1746188592592593,0.10116521086798218,0.077147196,0.16813333333333336,62.43666666666668
20151111123124-25km-D1-NORMAL-MOTORWAY,D1,motorway,highway,normal,451.88,0.24507533058984915,0.1772912205892586,0.0,0.1451851851851852,73.75925925925928
20151111123124-25km-D1-NORMAL-MOTORWAY,D1,motorway,highway,normal,456.88,0.3599818172839507,0.1310989636562054,0.0,0.15453333333333333,89.72666666666667
20151111123124-25km-D1-NORMAL-MOTORWAY,D1,motorway,highway,normal,461.88,0.4125520628507296,0.06963543231741573,0.0,0.21406060606060606,96.30909090909091
20151111123124-25km-D1-NORMAL-MOTORWAY,D1,motorway,highway,normal,466.88,0.4035076098765433,0.05524627828763279,0.0,0.3125333333333334,95.23
20151111123124-25km-D1-NORMAL-MOTORWAY,D1,motorway,highway,normal,471.88,0.36975312098765434,0.04974407472758223,0.10977312800000001,0.33586666666666665,91.19666666666667
20151111123124-25km-D1-NORMAL-MOTORWAY,D1,motorway,highway,normal,476.88,0.39213204938271606,0.08374672648252876,0.17048839200000002,0.27366666666666667,93.82666666666668
20151111123124-25km-D1-NORMAL-MOTORWAY,D1,motorway,highway,normal,481.88,0.47728972839506173,0.11883022296747232,0.060715264000000005,0.1426,103.42
20151111123124-25km-D1-NORMAL-MOTORWAY,D1,motorway,highway,normal,486.88,0.5641984987654323,0.07750917451378893,0.0,0.09653333333333336,112.60000000000002
20151111123124-25km-D1-NORMAL-MOTORWAY,D1,motorway,highway,normal,491.88,0.6090618469135803,0.03237467370610045,0.0,0.15440000000000004,117.05333333333333
20151111123124-25km-D1-NORMAL-MOTORWAY,D1,motorway,highway,normal,496.88,0.6241937942386833,0.014415032201702656,0.0,0.11674074074074074,118.50740740740743
20151111123124-25km-D1-NORMAL-MOTORWAY,D1,motorway,highway,normal,501.88,0.627279575308642,0.01951741729823297,0.0,0.20086666666666667,118.80000000000003
20151111123124-25km-D1-NORMAL-MOTORWAY,D1,motorway,highway,normal,506.88,0.6402738172839506,0.027580961457233676,0.0,0.2700666666666667,120.01333333333335
20151111123124-25km-D1-NORMAL-MOTORWAY,D1,motorway,highway,normal,511.88,0.671344474074074,0.019099988731532774,0.0,0.18460000000000001,122.9
20151111123124-25km-D1-NORMAL-MOTORWAY,D1,motorway,highway,normal,516.88,0.6826545095398431,0.011386163731659528,0.0,0.1830909090909091,123.93333333333335
20151111123124-25km-D1-NORMAL-MOTORWAY,D1,motorway,highway,normal,521.88,0.6995163111111111,0.023351950236960482,0.0054382239999999984,0.19086666666666668,125.45
20151111123124-25km-D1-NORMAL-MOTORWAY,D1,motorway,highway,normal,526.88,0.7290327654320988,0.03238632215058363,0.0054382239999999984,0.2429333333333333,128.06333333333333
20151111123124-25km-D1-NORMAL-MOTORWAY,D1,motorway,highway,normal,531.88,0.7348042271604938,0.03908980980790346,0.0,0.22493333333333335,128.57333333333335
20151111123124-25km-D1-NORMAL-MOTORWAY,D1,motorway,highway,normal,536.88,0.69881027654321,0.040667398353613354,0.0,0.11086666666666667,125.37000000000003
20151111123124-25km-D1-NORMAL-MOTORWAY,D1,motorway,highway,normal,541.88,0.6726396839506175,0.023325376540449305,0.0,0.13746666666666665,123.02000000000001
20151111123124-25km-D1-NORMAL-MOTORWAY,D1,motorway,highway,normal,546.88,0.6558510666666668,0.03930645789163038,0.0,0.22666666666666666,121.46333333333334
20151111123124-25km-D1-NORMAL-MOTORWAY,D1,motorway,highway,normal,551.88,0.617052987654321,0.04654174214610293,0.0,0.23093333333333335,117.80000000000003
20151111123124-25km-D1-NORMAL-MOTORWAY,D1,motorway,highway,normal,556.88,0.5971632296296296,0.018739615234770392,0.004039583999999997,0.1618,115.91333333333334
20151111123124-25km-D1-NORMAL-MOTORWAY,D1,motorway,highway,normal,561.88,0.596207288888889,0.019824496595723065,0.03738508,0.15686666666666665,115.82000000000001
20151111123124-25km-D1-NORMAL-MOTORWAY,D1,motorway,highway,normal,566.88,0.6097972246913581,0.04744307241597532,0.057296731999999996,0.24019999999999997,117.11333333333332
20151111123124-25km-D1-NORMAL-MOTORWAY,D1,motorway,highway,normal,571.88,0.6518170814814815,0.046806397181665176,0.023951235999999994,0.19380000000000003,121.07666666666667
20151111123124-25km-D1-NORMAL-MOTORWAY,D1,motorway,highway,normal,576.88,0.6721217876543211,0.021574768933034248,0.0,0.11539999999999999,122.97333333333333
20151111123124-25km-D1-NORMAL-MOTORWAY,D1,motorway,highway,normal,581.88,0.6695718079561043,0.012504186604900467,0.0,0.11525925925925927,122.74074074074072
20151111123124-25km-D1-NORMAL-MOTORWAY,D1,motorway,highway,normal,586.88,0.6661155802469135,0.011330235111077834,0.0,0.08666666666666667,122.42333333333333
20151111123124-25km-D1-NORMAL-MOTORWAY,D1,motorway,highway,normal,591.88,0.6524803232323232,0.020285804439498827,0.0,0.07242424242424243,121.15757575757574
20151111123124-25km-D1-NORMAL-MOTORWAY,D1,motorway,highway,normal,596.88,0.6325883950617284,0.016197242653727524,0.0,0.14913333333333334,119.30000000000003
20151111123124-25km-D1-NORMAL-MOTORWAY,D1,motorway,highway,normal,601.88,0.6301743802469135,0.014965073140479674,0.0,0.14413333333333334,119.07333333333331
20151111123124-25km-D1-NORMAL-MOTORWAY,D1,motorway,highway,normal,606.88,0.6465242814814814,0.019406101819767728,0.0,0.25653333333333334,120.60333333333332
20151111123124-25km-D1-NORMAL-MOTORWAY,D1,motorway,highway,normal,611.88,0.6636965596707819,0.013528537997179294,0.0,0.26785185185185184,122.19999999999999
20151111123124-25km-D1-NORMAL-MOTORWAY,D1,motorway,highway,normal,616.88,0.6689458814814815,0.012829013909696912,0.0,0.08860000000000001,122.68333333333335
20151111123124-25km-D1-NORMAL-MOTORWAY,D1,motorway,highway,normal,621.88,0.6695899034792369,0.009300560026700695,0.0,0.126,122.74242424242425
20151111123124-25km-D1-NORMAL-MOTORWAY,D1,motorway,highway,normal,626.88,0.6714560790123457,0.007954768591750608,0.0,0.14513333333333334,122.9133333333333
20151111123124-25km-D1-NORMAL-MOTORWAY,D1,motorway,highway,normal,631.88,0.6686972938271605,0.01193096809956515,0.0,0.1796,122.66
20151111123124-25km-D1-NORMAL-MOTORWAY,D1,motorway,highway,normal,636.88,0.6638695555555556,0.011356741513758381,0.0,0.18993333333333334,122.21666666666667
20151111123124-25km-D1-NORMAL-MOTORWAY,D1,motorway,highway,normal,641.88,0.6636841185185186,0.0057589184287552084,0.0,0.2028,122.2
20151111123124-25km-D1-NORMAL-MOTORWAY,D1,motorway,highway,normal,646.88,0.6608797695473251,0.010230195960042229,0.0,0.26651851851851854,121.94074074074075
20151111123124-25km-D1-NORMAL-MOTORWAY,D1,motorway,highway,normal,651.88,0.6447777234567902,0.016907359008731044,0.0,0.25733333333333336,120.44333333333334
20151111123124-25km-D1-NORMAL-MOTORWAY,D1,motorway,highway,normal,656.88,0.6321952049382716,0.016035518273245942,0.0,0.1836,119.26333333333335
20151111123124-25km-D1-NORMAL-MOTORWAY,D1,motorway,highway,normal,661.88,0.6225258913580246,0.013362407602773204,0.0,0.11686666666666665,118.35
20151111123124-25km-D1-NORMAL-MOTORWAY,D1,motorway,highway,normal,666.88,0.6217750751964086,0.011413708373379287,0.0,0.13399999999999998,118.27878787878787
20151111123124-25km-D1-NORMAL-MOTORWAY,D1,motorway,highway,normal,671.88,0.6270295753086419,0.010497120478381987,0.0,0.23700000000000002,118.77666666666667
20151111123124-25km-D1-NORMAL-MOTORWAY,D1,motorway,highway,normal,676.88,0.6276272691358024,0.016668819621064056,0.0,0.2472666666666667,118.83333333333333
20151111123124-25km-D1-NORMAL-MOTORWAY,D1,motorway,highway,normal,681.88,0.6014493234567901,0.03653363801767923,0.0,0.25073333333333336,116.30666666666669
20151111123124-25km-D1-NORMAL-MOTORWAY,D1,motorway,highway,normal,686.88,0.5662283753086419,0.03770105775110778,0.0013187080000000007,0.2752,112.85999999999999
20151111123124-25km-D1-NORMAL-MOTORWAY,D1,motorway,highway,normal,691.88,0.5417396395061729,0.02881935917194543,0.03809454799999999,0.22246666666666665,110.39666666666668
20151111123124-25km-D1-NORMAL-MOTORWAY,D1,motorway,highway,normal,696.88,0.5107415506172839,0.038420409772185665,0.12899792,0.17126666666666668,107.17333333333333
20151111123124-25km-D1-NORMAL-MOTORWAY,D1,motorway,highway,normal,701.88,0.49190423209876544,0.0395606920578843,0.09222208000000001,0.14126666666666665,105.19666666666667
20151111123124-25km-D1-NORMAL-MOTORWAY,D1,motorway,highway,normal,706.88,0.4993646320987654,0.024529755145753715,0.009031948000000001,0.16799999999999998,105.99333333333334
20151111123124-25km-D1-NORMAL-MOTORWAY,D1,motorway,highway,normal,711.88,0.5123704746227709,0.015553666910111057,0.04241238222222221,0.1465925925925926,107.36666666666666
20151111123124-25km-D1-NORMAL-MOTORWAY,D1,motorway,highway,normal,716.88,0.5211125486968451,0.016253949087993727,0.08389943999999999,0.08051851851851852,108.28148148148146
20151111123124-25km-D1-NORMAL-MOTORWAY,D1,motorway,highway,normal,721.88,0.510312049382716,0.018503505675002006,0.139466004,0.07606666666666667,107.14666666666668
20151111123124-25km-D1-NORMAL-MOTORWAY,D1,motorway,highway,normal,726.88,0.5019785140291807,0.024543516869899598,0.1700825963636363,0.0593939393939394,106.27272727272725
20151111123124-25km-D1-NORMAL-MOTORWAY,D1,motorway,highway,normal,731.88,0.5178322154882153,0.025233685817910353,0.16290265818181815,0.035393939393939394,107.92727272727271
20151111123124-25km-D1-NORMAL-MOTORWAY,D1,motorway,highway,normal,736.88,0.5387192888888889,0.020744052793104262,0.200001048,0.0816,110.09333333333332
20151111123124-25km-D1-NORMAL-MOTORWAY,D1,motorway,highway,normal,741.88,0.5374705777777777,0.03499572662615695,0.25545178,0.08366666666666667,109.96000000000001
20151111123124-25km-D1-NORMAL-MOTORWAY,D1,motorway,highway,normal,746.88,0.5225200049382716,0.039856650699679363,0.298237908,0.03906666666666666,108.41666666666666
20151111123124-25km-D1-NORMAL-MOTORWAY,D1,motorway,highway,normal,751.88,0.5202972543209877,0.018693125076927154,0.294761256,0.14013333333333333,108.19333333333334
20151111123124-25km-D1-NORMAL-MOTORWAY,D1,motorway,highway,normal,756.88,0.5321290150891633,0.01515331187311912,0.24885376444444443,0.16985185185185184,109.41851851851852
20151111123124-25km-D1-NORMAL-MOTORWAY,D1,motorway,highway,normal,761.88,0.540628874074074,0.01597232126711088,0.18348408400000002,0.06586666666666666,110.28999999999999
20151111123124-25km-D1-NORMAL-MOTORWAY,D1,motorway,highway,normal,766.88,0.5350168664421998,0.02247183057481272,0.17695003999999998,0.06133333333333333,109.71212121212123
20151111123124-25km-D1-NORMAL-MOTORWAY,D1,motorway,highway,normal,771.88,0.5172520049382715,0.039789220075225486,0.17493277599999998,0.1314,107.87
20151111123124-25km-D1-NORMAL-MOTORWAY,D1,motorway,highway,normal,776.88,0.5064109080932784,0.05363758636628194,0.0855280888888889,0.12933333333333336,106.73333333333332
20151111123124-25km-D1-NORMAL-MOTORWAY,D1,motorway,highway,normal,781.88,0.5010791440329219,0.05263839703422977,0.0,0.03659259259259259,106.17037037037036
20151111123124-25km-D1-NORMAL-MOTORWAY,D1,motorway,highway,normal,786.88,0.4968403546576879,0.04436894367080672,0.0,0.04648484848484848,105.72424242424243
20151111123124-25km-D1-NORMAL-MOTORWAY,D1,motorway,highway,normal,791.88,0.5006986469135801,0.04191362520998599,0.0,0.09366666666666666,106.13333333333333
20151111123124-25km-D1-NORMAL-MOTORWAY,D1,motorway,highway,normal,796.88,0.4831750172839505,0.04307009271607274,0.0,0.10906666666666667,104.23666666666668
20151111123124-25km-D1-NORMAL-MOTORWAY,D1,motorway,highway,normal,801.88,0.4447662985409652,0.05190854756304814,0.0,0.2283030303030303,99.99090909090908
20151111123124-25km-D1-NORMAL-MOTORWAY,D1,motorway,highway,normal,806.88,0.40857293278463647,0.04259363895982615,0.19714180444444446,0.30770370370370365,95.86296296296297
20151111123124-25km-D1-NORMAL-MOTORWAY,D1,motorway,highway,normal,811.88,0.3708084592592593,0.041869505557112455,0.496050696,0.1442,91.29666666666668
20151111123124-25km-D1-NORMAL-MOTORWAY,D1,motorway,highway,normal,816.88,0.3499121234567901,0.04196635856284562,0.46729306800000003,0.07879999999999998,88.71666666666667
20151111123124-25km-D1-NORMAL-MOTORWAY,D1,motorway,highway,normal,821.88,0.3534763555555555,0.021695280082988228,0.25254025999999996,0.059199999999999996,89.17333333333333
20151111123124-25km-D1-NORMAL-MOTORWAY,D1,motorway,highway,normal,826.88,0.36932567901234575,0.02166155502851136,0.12098465454545454,0.1358787878787879,91.14848484848484
20151111123124-25km-D1-NORMAL-MOTORWAY,D1,motorway,highway,normal,831.88,0.3861951209876543,0.02027373129910991,0.04454136400000001,0.25680000000000003,93.21333333333332
20151111123124-25km-D1-NORMAL-MOTORWAY,D1,motorway,highway,normal,836.88,0.38388758847736626,0.02906530605036816,0.033531991111111124,0.2674074074074074,92.92962962962963
20151111123124-25km-D1-NORMAL-MOTORWAY,D1,motorway,highway,normal,841.88,0.3384557432098766,0.0834746487621886,0.055553600000000015,0.19246666666666662,87.13333333333333
20151111123124-25km-D1-NORMAL-MOTORWAY,D1,motorway,highway,normal,846.88,0.29756381593714926,0.06545529611873635,0.037370523636363645,0.2531515151515151,81.73333333333333
20151111123124-25km-D1-NORMAL-MOTORWAY,D1,motorway,highway,normal,851.88,0.27435838134430734,0.01935583990079649,0.000449177777777778,0.23414814814814816,78.56666666666666
20151111123124-25km-D1-NORMAL-MOTORWAY,D1,motorway,highway,normal,856.88,0.2502311654320988,0.07533122026552398,0.024137364,0.09173333333333332,74.94333333333334
20151111123124-25km-D1-NORMAL-MOTORWAY,D1,motorway,highway,normal,861.88,0.19770675196408535,0.13299689844801343,0.04409223636363637,0.19866666666666666,66.19696969696972
20151111134545-16km-D1-AGGRESSIVE-SECONDARY,D1,secondary,urban,aggressive,22.19,0.4857699901234568,0.07035875437250635,0.0,0.06673333333333334,104.47
20151111134545-16km-D1-AGGRESSIVE-SECONDARY,D1,secondary,urban,aggressive,27.19,0.5616536987654321,0.08849496069517644,0.0,0.1442,112.3
20151111134545-16km-D1-AGGRESSIVE-SECONDARY,D1,secondary,urban,aggressive,32.19,0.6272581414141415,0.041276788242677394,0.0,0.33672727272727276,118.77878787878787
20151111134545-16km-D1-AGGRESSIVE-SECONDARY,D1,secondary,urban,aggressive,37.19,0.648869688888889,0.01483787565915037,0.0,0.39180000000000004,120.82666666666668
20151111134545-16km-D1-AGGRESSIVE-SECONDARY,D1,secondary,urban,aggressive,42.19,0.6608825283950617,0.01602743488920943,0.0,0.38346666666666673,121.94000000000001
20151111134545-16km-D1-AGGRESSIVE-SECONDARY,D1,secondary,urban,aggressive,47.19,0.6551784098765432,0.031194155729183992,0.0,0.38033333333333336,121.40666666666667
20151111134545-16km-D1-AGGRESSIVE-SECONDARY,D1,secondary,urban,aggressive,52.19,0.609157111111111,0.06416638369621662,0.0,0.4644666666666667,117.01666666666668
20151111134545-16km-D1-AGGRESSIVE-SECONDARY,D1,secondary,urban,aggressive,57.19,0.5863100157126824,0.07196546425827835,0.0,0.5198181818181818,114.82424242424241
20151111134545-16km-D1-AGGRESSIVE-SECONDARY,D1,secondary,urban,aggressive,62.19,0.6000128504801097,0.0457861946344328,0.0,0.43792592592592594,116.17037037037036
20151111134545-16km-D1-AGGRESSIVE-SECONDARY,D1,secondary,urban,aggressive,67.19,0.6026932839506173,0.04569355270109073,0.0,0.426962962962963,116.43333333333334
20151111134545-16km-D1-AGGRESSIVE-SECONDARY,D1,secondary,urban,aggressive,72.19,0.5673187160493828,0.03833181582232541,0.0,0.27496969696969703,112.95757575757575
20151111134545-16km-D1-AGGRESSIVE-SECONDARY,D1,secondary,urban,aggressive,77.19,0.547871911111111,0.018603530749081436,0.0,0.18206666666666668,111.02666666666667
20151111134545-16km-D1-AGGRESSIVE-SECONDARY,D1,secondary,urban,aggressive,82.19,0.5309914666666666,0.028370872235106714,0.0,0.2564,109.29333333333334
20151111134545-16km-D1-AGGRESSIVE-SECONDARY,D1,secondary,urban,aggressive,87.19,0.5101282918069583,0.02968141165558891,0.0,0.17175757575757578,107.12424242424241
20151111134545-16km-D1-AGGRESSIVE-SECONDARY,D1,secondary,urban,aggressive,92.19,0.48603145679012333,0.018781718563074572,0.0,0.09826666666666668,104.56666666666665
20151111134545-16km-D1-AGGRESSIVE-SECONDARY,D1,secondary,urban,aggressive,97.19,0.47607063209876543,0.009080849670591284,0.0,0.1692,103.49666666666667
20151111134545-16km-D1-AGGRESSIVE-SECONDARY,D1,secondary,urban,aggressive,102.19,0.4711071506172839,0.012260114412896534,0.0,0.19206666666666666,102.95333333333333
20151111134545-16km-D1-AGGRESSIVE-SECONDARY,D1,secondary,urban,aggressive,107.19,0.4623483259259259,0.013254175487714548,0.0,0.32039999999999996,101.99333333333331
20151111134545-16km-D1-AGGRESSIVE-SECONDARY,D1,secondary,urban,aggressive,112.19,0.47171820740740733,0.03144670584172669,0.0,0.38313333333333327,103.00999999999999
20151111134545-16km-D1-AGGRESSIVE-SECONDARY,D1,secondary,urban,aggressive,117.19,0.512194360493827,0.06153443032259678,0.0,0.27080000000000004,107.29999999999998
20151111134545-16km-D1-AGGRESSIVE-SECONDARY,D1,secondary,urban,aggressive,122.19,0.5739069283950615,0.07127830580198204,0.0,0.12726666666666664,113.57000000000001
20151111134545-16km-D1-AGGRESSIVE-SECONDARY,D1,secondary,urban,aggressive,127.19,0.6284411407407406,0.04892151527523402,0.0,0.032266666666666666,118.88333333333333
20151111134545-16km-D1-AGGRESSIVE-SECONDARY,D1,secondary,urban,aggressive,132.19,0.6535295802469135,0.018475393121242686,0.0,0.030518518518518514,121.25925925925925
20151111134545-16km-D1-AGGRESSIVE-SECONDARY,D1,secondary,urban,aggressive,137.19,0.6579854156378598,0.009342204266558693,0.0,0.06725925925925927,121.67407407407407
20151111134545-16km-D1-AGGRESSIVE-SECONDARY,D1,secondary,urban,aggressive,142.19,0.6592391259259258,0.0064424131823899,0.0,0.11040000000000001,121.78999999999999
20151111134545-16km-D1-AGGRESSIVE-SECONDARY,D1,secondary,urban,aggressive,147.19,0.6589848592592591,0.003711581323219946,0.0,0.08086666666666667,121.76666666666665
20151111134545-16km-D1-AGGRESSIVE-SECONDARY,D1,secondary,urban,aggressive,152.19,0.6577055173961839,0.004816177349703112,0.0,0.03496969696969697,121.64848484848484
20151111134545-16km-D1-AGGRESSIVE-SECONDARY,D1,secondary,urban,aggressive,157.19,0.6588254365881032,0.012006343016172526,0.0,0.0446060606060606,121.75151515151515
20151111134545-16km-D1-AGGRESSIVE-SECONDARY,D1,secondary,urban,aggressive,162.19,0.6456905925925925,0.027287993121564186,0.0,0.0424,120.52333333333334
20151111134545-16km-D1-AGGRESSIVE-SECONDARY,D1,secondary,urban,aggressive,167.19,0.6160581508916322,0.03975980326790768,0.0,0.043555555555555556,117.71851851851852
20151111134545-16km-D1-AGGRESSIVE-SECONDARY,D1,secondary,urban,aggressive,172.19,0.582800515775034,0.03134440843858491,0.0,0.04725925925925926,114.5037037037037
20151111134545-16km-D1-AGGRESSIVE-SECONDARY,D1,secondary,urban,aggressive,177.19,0.5623844691358023,0.019450318067615522,0.0,0.07466666666666667,112.48333333333332
20151111134545-16km-D1-AGGRESSIVE-SECONDARY,D1,secondary,urban,aggressive,182.19,0.5377769530864197,0.031678980400043535,0.0,0.16026666666666667,109.9833333333333
20151111134545-16km-D1-AGGRESSIVE-SECONDARY,D1,secondary,urban,aggressive,187.19,0.5234050415263748,0.04004684633907994,0.0,0.2118787878787879,108.5121212121212
20151111134545-16km-D1-AGGRESSIVE-SECONDARY,D1,secondary,urban,aggressive,192.19,0.5379564049382715,0.035104071013467575,0.0,0.25253333333333333,110.0
20151111134545-16km-D1-AGGRESSIVE-SECONDARY,D1,secondary,urban,aggressive,197.19,0.5652014211248283,0.030176979728509006,0.0,0.33985185185185185,112.76666666666665
20151111134545-16km-D1-AGGRESSIVE-SECONDARY,D1,secondary,urban,aggressive,202.19,0.5880793086419753,0.034520535593237076,0.0,0.26546666666666663,115.01333333333332
20151111134545-16km-D1-AGGRESSIVE-SECONDARY,D1,secondary,urban,aggressive,207.19,0.6219148543209875,0.0331626042001054,0.0,0.22146666666666665,118.28
20151111134545-16km-D1-AGGRESSIVE-SECONDARY,D1,secondary,urban,aggressive,212.19,0.6520636543209876,0.024109644287753054,0.0,0.18048484848484853,121.1181818181818
20151111134545-16km-D1-AGGRESSIVE-SECONDARY,D1,secondary,urban,aggressive,217.19,0.6683105925925925,0.019053787449198226,0.0,0.0754,122.6233333333333
20151111134545-16km-D1-AGGRESSIVE-SECONDARY,D1,secondary,urban,aggressive,222.19,0.671544434567901,0.02016570120188444,0.0,0.047,122.91999999999999
20151111134545-16km-D1-AGGRESSIVE-SECONDARY,D1,secondary,urban,aggressive,227.19,0.6481867968574634,0.03424431433484937,0.0,0.07024242424242423,120.74242424242424
20151111134545-16km-D1-AGGRESSIVE-SECONDARY,D1,secondary,urban,aggressive,232.19,0.6056161629629628,0.03838797228710764,0.0,0.08953333333333335,116.71666666666665
20151111134545-16km-D1-AGGRESSIVE-SECONDARY,D1,secondary,urban,aggressive,237.19,0.5762673283950616,0.02895557784362481,0.0,0.13419999999999999,113.85999999999999
20151111134545-16km-D1-AGGRESSIVE-SECONDARY,D1,secondary,urban,aggressive,242.19,0.550703281207133,0.04003350892304512,0.0,0.1611851851851852,111.3
20151111134545-16km-D1-AGGRESSIVE-SECONDARY,D1,secondary,urban,aggressive,247.19,0.5119194518518516,0.03537237814804569,0.0,0.13879999999999998,107.30333333333331
20151111134545-16km-D1-AGGRESSIVE-SECONDARY,D1,secondary,urban,aggressive,252.19,0.4926369876543209,0.014943065555153439,0.0,0.10233333333333332,105.27999999999997
20151111134545-16km-D1-AGGRESSIVE-SECONDARY,D1,secondary,urban,aggressive,257.19,0.4872369530864197,0.007550237509356279,0.0,0.09353333333333333,104.7033333333333
20151111134545-16km-D1-AGGRESSIVE-SECONDARY,D1,secondary,urban,aggressive,262.19,0.49081809382716035,0.013282252533215591,0.0,0.08606666666666665,105.08666666666666
20151111134545-16km-D1-AGGRESSIVE-SECONDARY,D1,secondary,urban,aggressive,267.19,0.5084528938271603,0.027474936667902877,0.0,0.025533333333333335,106.94999999999997
20151111134545-16km-D1-AGGRESSIVE-SECONDARY,D1,secondary,urban,aggressive,272.19,0.5382574096520762,0.045218487606545926,0.0,0.05890909090909091,110.0181818181818
20151111134545-16km-D1-AGGRESSIVE-SECONDARY,D1,secondary,urban,aggressive,277.19,0.5920576790123455,0.05949327931868577,0.0,0.08373333333333333,115.3733333333333
20151111134545-16km-D1-AGGRESSIVE-SECONDARY,D1,secondary,urban,aggressive,282.19,0.6401628861454045,0.04976376738036833,0.0,0.07148148148148148,119.99259259259257
20151111134545-16km-D1-AGGRESSIVE-SECONDARY,D1,secondary,urban,aggressive,287.19,0.6851117679012344,0.03647354045844348,0.0,0.09133333333333334,124.14333333333332
20151111134545-16km-D1-AGGRESSIVE-SECONDARY,D1,secondary,urban,aggressive,292.19,0.6849750437710436,0.058141669300174954,0.0,0.1010909090909091,124.1242424242424
20151111134545-16km-D1-AGGRESSIVE-SECONDARY,D1,secondary,urban,aggressive,297.19,0.6371102386831273,0.0715147590989591,0.0,0.08481481481481482,119.67037037037034
20151111134545-16km-D1-AGGRESSIVE-SECONDARY,D1,secondary,urban,aggressive,302.19,0.5903780592592589,0.025775050553413763,0.0,0.11220000000000001,115.24999999999996
20151111134545-16km-D1-AGGRESSIVE-SECONDARY,D1,secondary,urban,aggressive,307.19,0.5844164296296294,0.012826124031744148,0.0,0.19493333333333332,114.66999999999996
20151111134545-16km-D1-AGGRESSIVE-SECONDARY,D1,secondary,urban,aggressive,312.19,0.5817065135802466,0.015309768332000076,0.0,0.33766666666666667,114.40333333333331
20151111134545-16km-D1-AGGRESSIVE-SECONDARY,D1,secondary,urban,aggressive,317.19,0.5869748641975306,0.015966803866422356,0.0,0.3940000000000001,114.9181818181818
20151111134545-16km-D1-AGGRESSIVE-SECONDARY,D1,secondary,urban,aggressive,322.19,0.5899333234567898,0.06378564615070026,0.0,0.33659999999999995,115.18666666666664
20151111134545-16km-D1-AGGRESSIVE-SECONDARY,D1,secondary,urban,aggressive,327.19,0.5589976790123454,0.07600577013736406,0.0,0.28633333333333333,112.09333333333329
20151111134545-16km-D1-AGGRESSIVE-SECONDARY,D1,secondary,urban,aggressive,332.19,0.5555906123456787,0.04787355703457781,0.0,0.21059999999999998,111.77666666666664
20151111134545-16km-D1-AGGRESSIVE-SECONDARY,D1,secondary,urban,aggressive,337.19,0.5957470419753086,0.037802965227126326,0.0,0.09213333333333333,115.75999999999999
20151111134545-16km-D1-AGGRESSIVE-SECONDARY,D1,secondary,urban,aggressive,342.19,0.6257194271604937,0.027830246288047072,0.0,0.1014,118.64666666666665
20151111134545-16km-D1-AGGRESSIVE-SECONDARY,D1,secondary,urban,aggressive,347.19,0.6489756246913579,0.025030109604554058,0.0,0.11286666666666667,120.83333333333333
20151111134545-16km-D1-AGGRESSIVE-SECONDARY,D1,secondary,urban,aggressive,352.19,0.6690262880658433,0.02936143602324566,0.0,0.13303703703703704,122.68518518518516
20151111134545-16km-D1-AGGRESSIVE-SECONDARY,D1,secondary,urban,aggressive,357.19,0.6687718024691356,0.057519018827260654,0.0,0.2228148148148148,122.65555555555554
20151111134545-16km-D1-AGGRESSIVE-SECONDARY,D1,secondary,urban,aggressive,362.19,0.62674732345679,0.06333195715147837,0.0,0.2832,118.70333333333333
20151111134545-16km-D1-AGGRESSIVE-SECONDARY,D1,secondary,urban,aggressive,367.19,0.5967645387205386,0.050440499122765936,0.0,0.31333333333333335,115.86969696969695
20151111134545-16km-D1-AGGRESSIVE-SECONDARY,D1,secondary,urban,aggressive,372.19,0.5984791950617281,0.03988269982982722,0.0,0.3354,116.03666666666663
20151111134545-16km-D1-AGGRESSIVE-SECONDARY,D1,secondary,urban,aggressive,377.19,0.6060484718792865,0.02781650834133968,0.0,0.32029629629629636,116.77037037037036
20151111134545-16km-D1-AGGRESSIVE-SECONDARY,D1,secondary,urban,aggressive,382.19,0.6002849333333331,0.03208197115877102,0.0,0.21333333333333332,116.20999999999997
20151111134545-16km-D1-AGGRESSIVE-SECONDARY,D1,secondary,urban,aggressive,387.19,0.5927182177328842,0.04796492865744262,0.0,0.16072727272727272,115.47575757575756
20151111134545-16km-D1-AGGRESSIVE-SECONDARY,D1,secondary,urban,aggressive,392.19,0.575756148148148,0.047940525186268346,0.0,0.14800000000000002,113.78787878787877
20151111134545-16km-D1-AGGRESSIVE-SECONDARY,D1,secondary,urban,aggressive,397.19,0.5357724444444442,0.03883170533750512,0.0,0.07466666666666667,109.77777777777777
20151111134545-16km-D1-AGGRESSIVE-SECONDARY,D1,secondary,urban,aggressive,402.19,0.5064319506172837,0.02546235035772071,0.0,0.15826666666666664,106.73999999999998
20151111134545-16km-D1-AGGRESSIVE-SECONDARY,D1,secondary,urban,aggressive,407.19,0.4918566814814813,0.01822958466462936,0.0,0.23053333333333334,105.19333333333331
20151111134545-16km-D1-AGGRESSIVE-SECONDARY,D1,secondary,urban,aggressive,412.19,0.4931719506172837,0.03713158095137051,0.0,0.15319999999999998,105.32666666666664
20151111134545-16km-D1-AGGRESSIVE-SECONDARY,D1,secondary,urban,aggressive,417.19,0.5214480148148146,0.05820107657148597,0.0,0.12533333333333335,108.27666666666667
20151111134545-16km-D1-AGGRESSIVE-SECONDARY,D1,secondary,urban,aggressive,422.19,0.5982261925925924,0.08397399581243928,0.0,0.17726666666666668,115.93333333333331
20151111134545-16km-D1-AGGRESSIVE-SECONDARY,D1,secondary,urban,aggressive,427.19,0.6659176520763186,0.06519387438489996,0.0,0.1452727272727273,122.33030303030301
20151111134545-16km-D1-AGGRESSIVE-SECONDARY,D1,secondary,urban,aggressive,432.19,0.7165009975308642,0.021847395149782543,0.0,0.11739999999999999,126.96666666666665
20151111134545-16km-D1-AGGRESSIVE-SECONDARY,D1,secondary,urban,aggressive,437.19,0.7292550397805212,0.016530905098976235,0.0,0.11762962962962963,128.09259259259258
20151111134545-16km-D1-AGGRESSIVE-SECONDARY,D1,secondary,urban,aggressive,442.19,0.7540544395061727,0.02564430577058886,0.0,0.1814,130.2466666666666
20151111134545-16km-D1-AGGRESSIVE-SECONDARY,D1,secondary,urban,aggressive,447.19,0.763445616161616,0.034524534110462794,0.0,0.19315151515151516,131.05757575757573
20151111134545-16km-D1-AGGRESSIVE-SECONDARY,D1,secondary,urban,aggressive,452.19,0.7438836839506171,0.031000013157477968,0.0,0.12446666666666666,129.35999999999996
20151111134545-16km-D1-AGGRESSIVE-SECONDARY,D1,secondary,urban,aggressive,457.19,0.7184929037037036,0.012953903233460549,0.0,0.11106666666666669,127.14333333333332
20151111134545-16km-D1-AGGRESSIVE-SECONDARY,D1,secondary,urban,aggressive,462.19,0.7104266320987652,0.009635639097708976,0.0,0.09353333333333333,126.42999999999999
20151111134545-16km-D1-AGGRESSIVE-SECONDARY,D1,secondary,urban,aggressive,467.19,0.7129877580246913,0.028187132786379188,0.0,0.1096,126.65666666666667
20151111134545-16km-D1-AGGRESSIVE-SECONDARY,D1,secondary,urban,aggressive,472.19,0.6681294101508916,0.139284514149738,0.019136111111111114,0.14192592592592593,122.45555555555555
20151111134545-16km-D1-AGGRESSIVE-SECONDARY,D1,secondary,urban,aggressive,477.19,0.5084223308641972,0.174975604300632,0.26841899599999997,0.1346,106.5333333333333
20151111134545-16km-D1-AGGRESSIVE-SECONDARY,D1,secondary,urban,aggressive,482.19,0.41339424691358007,0.10759749752890486,0.504221452,0.08553333333333334,96.32333333333331
20151111134545-16km-D1-AGGRESSIVE-SECONDARY,D1,secondary,urban,aggressive,487.19,0.33936985679012327,0.07124081083687636,0.634853224,0.061933333333333326,87.30666666666664
20151111134545-16km-D1-AGGRESSIVE-SECONDARY,D1,secondary,urban,aggressive,492.19,0.3309756592592591,0.06518433186698466,0.63123274,0.10846666666666667,86.25666666666666
20151111134545-16km-D1-AGGRESSIVE-SECONDARY,D1,secondary,urban,aggressive,497.19,0.3502041037037036,0.047807999124931735,0.6493185720000001,0.1718,88.75666666666666
20151111134545-16km-D1-AGGRESSIVE-SECONDARY,D1,secondary,urban,aggressive,502.19,0.33853528395061716,0.04490874511099953,0.6151382479999999,0.20059999999999997,87.24999999999999
20151111134545-16km-D1-AGGRESSIVE-SECONDARY,D1,secondary,urban,aggressive,507.19,0.302128661728395,0.04659688607118418,0.551768696,0.1399333333333333,82.41333333333333
20151111134545-16km-D1-AGGRESSIVE-SECONDARY,D1,secondary,urban,aggressive,512.19,0.2807023308641975,0.033774382091529206,0.5920420439999999,0.07640000000000001,79.45333333333332
20151111134545-16km-D1-AGGRESSIVE-SECONDARY,D1,secondary,urban,aggressive,517.19,0.2601440395061728,0.04651660344844537,0.6206109200000001,0.13399999999999998,76.49333333333331
20151111134545-16km-D1-AGGRESSIVE-SECONDARY,D1,secondary,urban,aggressive,522.19,0.2289403142536475,0.06624248324779426,0.6083381127272727,0.1483030303030303,71.6090909090909
20151111135612-13km-D1-DROWSY-SECONDARY,D1,secondary,urban,drowsy,7.72,0.25830358024691363,0.0521720660452222,0.0,0.09666666666666666,76.17666666666665
20151111135612-13km-D1-DROWSY-SECONDARY,D1,secondary,urban,drowsy,12.719999999999999,0.2876265333333334,0.03726255640971018,0.0,0.10413333333333333,80.42333333333333
20151111135612-13km-D1-DROWSY-SECONDARY,D1,secondary,urban,drowsy,17.72,0.3034068641975308,0.015700501944504456,0.0,0.03986666666666667,82.61999999999999
20151111135612-13km-D1-DROWSY-SECONDARY,D1,secondary,urban,drowsy,22.72,0.3162423160493827,0.022911255956027752,0.0,0.06386666666666667,84.34333333333333
20151111135612-13km-D1-DROWSY-SECONDARY,D1,secondary,urban,drowsy,27.72,0.33300325432098765,0.02146494075655557,0.0,0.08213333333333334,86.55000000000001
20151111135612-13km-D1-DROWSY-SECONDARY,D1,secondary,urban,drowsy,32.72,0.3486577037037037,0.024851722427134782,0.0,0.1418,88.56333333333333
20151111135612-13km-D1-DROWSY-SECONDARY,D1,secondary,urban,drowsy,37.72,0.37214124938271603,0.041027952191418644,0.0,0.3152666666666667,91.47666666666666
20151111135612-13km-D1-DROWSY-SECONDARY,D1,secondary,urban,drowsy,42.72,0.4020469037037038,0.03243967752917321,0.0,0.6018666666666667,95.09333333333333
20151111135612-13km-D1-DROWSY-SECONDARY,D1,secondary,urban,drowsy,47.72,0.41888587654320986,0.019983689290136934,0.0,0.8486,97.08
20151111135612-13km-D1-DROWSY-SECONDARY,D1,secondary,urban,drowsy,52.72,0.4317129234567901,0.018358226814624744,0.0,0.6068,98.54999999999998
20151111135612-13km-D1-DROWSY-SECONDARY,D1,secondary,urban,drowsy,57.72,0.44258354074074074,0.007850385301606942,0.0,0.15586666666666665,99.78999999999999
20151111135612-13km-D1-DROWSY-SECONDARY,D1,secondary,urban,drowsy,62.72,0.444920237037037,0.005598773954996261,0.0,0.05513333333333333,100.05333333333331
20151111135612-13km-D1-DROWSY-SECONDARY,D1,secondary,urban,drowsy,67.72,0.45229889876543206,0.013234861525395302,0.0,0.22493333333333335,100.87666666666667
20151111135612-13km-D1-DROWSY-SECONDARY,D1,secondary,urban,drowsy,72.72,0.46326185679012344,0.012396009648515616,0.0,0.28600000000000003,102.09333333333333
20151111135612-13km-D1-DROWSY-SECONDARY,D1,secondary,urban,drowsy,77.72,0.47618735308641974,0.021561339275491562,0.0,0.32633333333333336,103.50333333333336
20151111135612-13km-D1-DROWSY-SECONDARY,D1,secondary,urban,drowsy,82.72,0.49323671111111117,0.022085040962460455,0.0,0.31953333333333334,105.34
20151111135612-13km-D1-DROWSY-SECONDARY,D1,secondary,urban,drowsy,87.72,0.5060399654320988,0.012157125227389435,0.0,0.36866666666666664,106.70333333333333
20151111135612-13km-D1-DROWSY-SECONDARY,D1,secondary,urban,drowsy,92.72,0.5098091654320988,0.02144632112415671,0.0,0.3364,107.1
20151111135612-13km-D1-DROWSY-SECONDARY,D1,secondary,urban,drowsy,97.72,0.4801958518518519,0.06063162932411835,0.0,0.21486666666666668,103.88000000000002
20151111135612-13km-D1-DROWSY-SECONDARY,D1,secondary,urban,drowsy,102.72,0.42250507654320985,0.06940829675760977,0.0,0.23066666666666671,97.42666666666666
20151111135612-13km-D1-DROWSY-SECONDARY,D1,secondary,urban,drowsy,107.72,0.3863712938271605,0.02624890376678401,0.0,0.29333333333333333,93.23
20151111135612-13km-D1-DROWSY-SECONDARY,D1,secondary,urban,drowsy,112.72,0.37736408395061727,0.016215336766223276,0.0,0.3031333333333333,92.14333333333335
20151111135612-13km-D1-DROWSY-SECONDARY,D1,secondary,urban,drowsy,117.72,0.3700297580246913,0.02198714143707132,0.0,0.24473333333333333,91.23999999999998
20151111135612-13km-D1-DROWSY-SECONDARY,D1,secondary,urban,drowsy,122.72,0.3665474814814814,0.03049618247635504,0.0,0.2687333333333334,90.80999999999999
20151111135612-13km-D1-DROWSY-SECONDARY,D1,secondary,urban,drowsy,127.72,0.3847320049382716,0.03313714282212725,0.0,0.28326666666666667,93.01666666666667
20151111135612-13km-D1-DROWSY-SECONDARY,D1,secondary,urban,drowsy,132.72,0.4034374222222222,0.02002305305910394,0.0,0.19766666666666668,95.27333333333334
20151111135612-13km-D1-DROWSY-SECONDARY,D1,secondary,urban,drowsy,137.72,0.4091499308641976,0.02755259266515477,0.0,0.23713333333333333,95.94333333333333
20151111135612-13km-D1-DROWSY-SECONDARY,D1,secondary,urban,drowsy,142.72,0.42665416296296294,0.030506208702911052,0.0,0.2781333333333333,97.96
20151111135612-13km-D1-DROWSY-SECONDARY,D1,secondary,urban,drowsy,147.72,0.43635541234567904,0.018993783201882157,0.0,0.28246666666666664,99.08333333333333
20151111135612-13km-D1-DROWSY-SECONDARY,D1,secondary,urban,drowsy,152.72,0.43311835555555556,0.013926038016703474,0.0,0.45,98.71666666666665
20151111135612-13km-D1-DROWSY-SECONDARY,D1,secondary,urban,drowsy,157.72,0.43551861234567896,0.014995079113920371,0.0,0.4329333333333333,98.98999999999998
20151111135612-13km-D1-DROWSY-SECONDARY,D1,secondary,urban,drowsy,162.72,0.4405589530864198,0.015570458945524276,0.0,0.31339999999999996,99.56
20151111135612-13km-D1-DROWSY-SECONDARY,D1,secondary,urban,drowsy,167.72,0.4479247851851852,0.013347595363454054,0.0,0.28966666666666663,100.39
20151111135612-13km-D1-DROWSY-SECONDARY,D1,secondary,urban,drowsy,172.72,0.4438975209876543,0.025576973803086246,0.0,0.21960000000000002,99.93333333333334
20151111135612-13km-D1-DROWSY-SECONDARY,D1,secondary,urban,drowsy,177.72,0.42375029629629635,0.029759702291219697,0.0,0.15333333333333338,97.63000000000001
20151111135612-13km-D1-DROWSY-SECONDARY,D1,secondary,urban,drowsy,182.72,0.4050662074074074,0.02499182342256191,0.0,0.16326666666666667,95.46333333333334
20151111135612-13km-D1-DROWSY-SECONDARY,D1,secondary,urban,drowsy,187.72,0.38970766913580246,0.02293677202765547,0.0,0.18300000000000002,93.63
20151111135612-13km-D1-DROWSY-SECONDARY,D1,secondary,urban,drowsy,192.72,0.3766548,0.013910275222920382,0.0,0.1506,92.05666666666667
20151111135612-13km-D1-DROWSY-SECONDARY,D1,secondary,urban,drowsy,197.72,0.36962516543209883,0.013610463524050898,0.0,0.06720000000000001,91.19333333333334
20151111135612-13km-D1-DROWSY-SECONDARY,D1,secondary,urban,drowsy,202.72,0.35746940740740746,0.0172740515269486,0.0,0.0988,89.67666666666668
20151111135612-13km-D1-DROWSY-SECONDARY,D1,secondary,urban,drowsy,207.72,0.35334055308641976,0.022307489066919785,0.060466964,0.1886,89.16
20151111135612-13km-D1-DROWSY-SECONDARY,D1,secondary,urban,drowsy,212.72,0.3695340938271605,0.03357639492738255,0.060466964,0.27780000000000005,91.16666666666669
20151111135612-13km-D1-DROWSY-SECONDARY,D1,secondary,urban,drowsy,217.72,0.3885201827160495,0.025500287245872427,0.0,0.3126666666666666,93.49
20151111135612-13km-D1-DROWSY-SECONDARY,D1,secondary,urban,drowsy,222.72,0.3928859160493827,0.011054136620793712,0.0,0.3022666666666667,94.02000000000001
20151111135612-13km-D1-DROWSY-SECONDARY,D1,secondary,urban,drowsy,227.72,0.3868967111111111,0.011978014148202121,0.0,0.2524666666666667,93.3
20151111135612-13km-D1-DROWSY-SECONDARY,D1,secondary,urban,drowsy,232.72,0.3835828543209876,0.015260473453088355,0.0,0.18146666666666667,92.9
20151111135612-13km-D1-DROWSY-SECONDARY,D1,secondary,urban,drowsy,237.72,0.3919047555555556,0.023315262689139686,0.0,0.14473333333333335,93.89666666666668
20151111135612-13km-D1-DROWSY-SECONDARY,D1,secondary,urban,drowsy,242.72,0.4242733580246913,0.058172056197312895,0.0,0.20106666666666664,97.65
20151111135612-13km-D1-DROWSY-SECONDARY,D1,secondary,urban,drowsy,247.72,0.46933687407407393,0.05016570109497419,0.0,0.17986666666666667,102.72333333333333
20151111135612-13km-D1-DROWSY-SECONDARY,D1,secondary,urban,drowsy,252.72,0.4926215308641974,0.013575855687736508,0.0,0.10653333333333334,105.28
20151111135612-13km-D1-DROWSY-SECONDARY,D1,secondary,urban,drowsy,257.72,0.4821409925925925,0.04289411285886846,0.0,0.3487333333333333,104.13666666666668
20151111135612-13km-D1-DROWSY-SECONDARY,D1,secondary,urban,drowsy,262.72,0.44383434567901225,0.07697573996700453,0.0,0.4957999999999999,99.87666666666667
20151111135612-13km-D1-DROWSY-SECONDARY,D1,secondary,urban,drowsy,267.72,0.44489854320987654,0.06977084117743514,0.0,0.4480666666666666,99.99666666666667
20151111135612-13km-D1-DROWSY-SECONDARY,D1,secondary,urban,drowsy,272.72,0.4769482222222222,0.0421720975839612,0.0,0.45233333333333325,103.58333333333333
20151111135612-13km-D1-DROWSY-SECONDARY,D1,secondary,urban,drowsy,277.72,0.45770655308641983,0.08726639661004729,0.010565619999999994,0.39380000000000004,101.38999999999999
20151111135612-13km-D1-DROWSY-SECONDARY,D1,secondary,urban,drowsy,282.72,0.3937107901234567,0.08658919062068407,0.049997111999999996,0.34113333333333334,93.94999999999999
20151111135612-13km-D1-DROWSY-SECONDARY,D1,secondary,urban,drowsy,287.72,0.35751595061728386,0.020252258865018788,0.04990323600000002,0.27380000000000004,89.68666666666665
20151111135612-13km-D1-DROWSY-SECONDARY,D1,secondary,urban,drowsy,292.72,0.3728873086419753,0.028515727419551884,0.010471744000000009,0.30826666666666663,91.58000000000001
20151111135612-13km-D1-DROWSY-SECONDARY,D1,secondary,urban,drowsy,297.72,0.38628303703703704,0.027228767303644652,0.0,0.43340000000000006,93.22333333333333
20151111135612-13km-D1-DROWSY-SECONDARY,D1,secondary,urban,drowsy,302.72,0.3788170666666667,0.04343038165818808,0.0,0.4631333333333333,92.3
20151111135612-13km-D1-DROWSY-SECONDARY,D1,secondary,urban,drowsy,307.72,0.3574719851851852,0.0539936493721877,0.0,0.38373333333333337,89.65
20151111135612-13km-D1-DROWSY-SECONDARY,D1,secondary,urban,drowsy,312.72,0.3610817481481482,0.03393191567992893,0.0,0.23573333333333335,90.10666666666665
20151111135612-13km-D1-DROWSY-SECONDARY,D1,secondary,urban,drowsy,317.72,0.38457178271604936,0.02888614576546871,0.0,0.2673333333333333,93.01333333333332
20151111135612-13km-D1-DROWSY-SECONDARY,D1,secondary,urban,drowsy,322.72,0.40535385185185185,0.02875555764213548,0.0,0.3116,95.48333333333332
20151111135612-13km-D1-DROWSY-SECONDARY,D1,secondary,urban,drowsy,327.72,0.4203653876543211,0.025496999849877328,0.0,0.2678,97.25
20151111135612-13km-D1-DROWSY-SECONDARY,D1,secondary,urban,drowsy,332.72,0.4134256790123457,0.015331202084168572,0.0,0.326,96.44242424242425
20151111135612-13km-D1-DROWSY-SECONDARY,D1,secondary,urban,drowsy,337.72,0.40707660740740736,0.011693059041379215,0.0,0.35993333333333327,95.70333333333333
20151111135612-13km-D1-DROWSY-SECONDARY,D1,secondary,urban,drowsy,342.72,0.4039955061728396,0.010786255004005268,0.0,0.35653333333333326,95.34
20151111135612-13km-D1-DROWSY-SECONDARY,D1,secondary,urban,drowsy,347.72,0.39397591604938265,0.01914036074484613,0.0,0.2735333333333333,94.14333333333335
20151111135612-13km-D1-DROWSY-SECONDARY,D1,secondary,urban,drowsy,352.72,0.38276331412894377,0.020521269569729363,0.0,0.31059259259259264,92.8
20151111135612-13km-D1-DROWSY-SECONDARY,D1,secondary,urban,drowsy,357.72,0.3831384493827161,0.011223615469610346,0.0,0.3655999999999999,92.84666666666666
20151111135612-13km-D1-DROWSY-SECONDARY,D1,secondary,urban,drowsy,362.72,0.38498263075196415,0.01315550713374824,0.0,0.32533333333333336,93.06969696969698
20151111135612-13km-D1-DROWSY-SECONDARY,D1,secondary,urban,drowsy,367.72,0.38405077037037033,0.01331508820624908,0.0,0.3429999999999999,92.95666666666668
20151111135612-13km-D1-DROWSY-SECONDARY,D1,secondary,urban,drowsy,372.72,0.38367055144032924,0.00798916942874881,0.0,0.3471111111111111,92.9111111111111
20151111135612-13km-D1-DROWSY-SECONDARY,D1,secondary,urban,drowsy,377.72,0.3875547950617284,0.011065359914264442,0.0,0.33186666666666664,93.38
20151111135612-13km-D1-DROWSY-SECONDARY,D1,secondary,urban,drowsy,382.72,0.38700574320987663,0.04704677990568097,0.0,0.2605333333333333,93.30333333333333
20151111135612-13km-D1-DROWSY-SECONDARY,D1,secondary,urban,drowsy,387.72,0.3496356345679013,0.08569839027999983,0.0,0.18913333333333332,88.56666666666666
20151111135612-13km-D1-DROWSY-SECONDARY,D1,secondary,urban,drowsy,392.72,0.3382357728395061,0.08323808126424828,0.138818584,0.19093333333333334,87.16666666666666
20151111135612-13km-D1-DROWSY-SECONDARY,D1,secondary,urban,drowsy,397.72,0.3798471160493827,0.05304522119371299,0.22303888400000002,0.21993333333333337,92.41
20151111135612-13km-D1-DROWSY-SECONDARY,D1,secondary,urban,drowsy,402.72,0.3918024197530864,0.0278801485731578,0.17090656399999998,0.16019999999999998,93.88666666666668
20151111135612-13km-D1-DROWSY-SECONDARY,D1,secondary,urban,drowsy,407.72,0.39792540740740745,0.04506319091323065,0.15686735599999999,0.18420000000000003,94.60333333333335
20151111135612-13km-D1-DROWSY-SECONDARY,D1,secondary,urban,drowsy,412.72,0.43798696296296297,0.05199714386816394,0.09345343636363634,0.23503030303030303,99.21818181818183
20151111135612-13km-D1-DROWSY-SECONDARY,D1,secondary,urban,drowsy,417.72,0.46458878518518515,0.029206481606334482,0.032617688000000006,0.2581333333333334,102.23666666666665
20151111135612-13km-D1-DROWSY-SECONDARY,D1,secondary,urban,drowsy,422.72,0.47185583539094655,0.01082862445483895,0.0,0.2363703703703704,103.03703703703702
20151111135612-13km-D1-DROWSY-SECONDARY,D1,secondary,urban,drowsy,427.72,0.4715459012345679,0.008403534647316241,0.0,0.22166666666666668,103.00333333333333
20151111135612-13km-D1-DROWSY-SECONDARY,D1,secondary,urban,drowsy,432.72,0.46186834074074073,0.019504002112019875,0.0,0.20906666666666665,101.93666666666667
20151111135612-13km-D1-DROWSY-SECONDARY,D1,secondary,urban,drowsy,437.72,0.4413374765432098,0.026345350714376714,0.0,0.16893333333333335,99.63666666666667
20151111135612-13km-D1-DROWSY-SECONDARY,D1,secondary,urban,drowsy,442.72,0.42789584197530867,0.013430285767310257,0.0,0.2679333333333334,98.12
20151111135612-13km-D1-DROWSY-SECONDARY,D1,secondary,urban,drowsy,447.72,0.4274551654320987,0.005362560058974922,0.0,0.31013333333333326,98.07000000000001
20151111135612-13km-D1-DROWSY-SECONDARY,D1,secondary,urban,drowsy,452.72,0.4289874882154882,0.004834669795454519,0.0,0.18472727272727274,98.24545454545455
20151111135612-13km-D1-DROWSY-SECONDARY,D1,secondary,urban,drowsy,457.72,0.43182735308641973,0.007383475135336398,0.0,0.11673333333333333,98.57000000000001
20151111135612-13km-D1-DROWSY-SECONDARY,D1,secondary,urban,drowsy,462.72,0.4380163950617284,0.00756887357578453,0.0,0.1416,99.27333333333334
20151111135612-13km-D1-DROWSY-SECONDARY,D1,secondary,urban,drowsy,467.72,0.4410439061728395,0.003935342083790587,0.0,0.23886666666666664,99.61666666666665
20151111135612-13km-D1-DROWSY-SECONDARY,D1,secondary,urban,drowsy,472.72,0.44408950891632365,0.010626527899537939,0.0,0.2994074074074074,99.95925925925926
20151111135612-13km-D1-DROWSY-SECONDARY,D1,secondary,urban,drowsy,477.72,0.4598098469135802,0.027689072341716033,0.0,0.2295333333333333,101.7
20151111135612-13km-D1-DROWSY-SECONDARY,D1,secondary,urban,drowsy,482.72,0.4836030074074074,0.028863025374493534,0.0,0.2860666666666666,104.30333333333331
20151111135612-13km-D1-DROWSY-SECONDARY,D1,secondary,urban,drowsy,487.72,0.4990273580246914,0.014928404990924982,0.0,0.24953333333333333,105.96000000000001
20151111135612-13km-D1-DROWSY-SECONDARY,D1,secondary,urban,drowsy,492.72,0.511744464197531,0.019514660202177687,0.0,0.22519999999999998,107.3
20151110175712-16km-D1-NORMAL1-SECONDARY,D1,secondary,urban,normal,7.85,0.18624064309764313,0.07319471514530546,0.3687889563636363,0.25757575757575757,64.6621212121212
20151110175712-16km-D1-NORMAL1-SECONDARY,D1,secondary,urban,normal,12.85,0.21879450205761322,0.09079007572309063,0.1838036488888889,0.3643703703703704,70.02222222222223
20151110175712-16km-D1-NORMAL1-SECONDARY,D1,secondary,urban,normal,17.85,0.2649326617283951,0.0526915234919166,0.11523723999999999,0.19346666666666668,77.16
20151110175712-16km-D1-NORMAL1-SECONDARY,D1,secondary,urban,normal,22.85,0.3094824242424242,0.10131537170666999,0.08062363272727273,0.2347272727272727,83.26060606060607
20151110175712-16km-D1-NORMAL1-SECONDARY,D1,secondary,urban,normal,27.85,0.3859109849108368,0.11897643158984367,0.09759339555555559,0.28081481481481485,92.95925925925926
20151110175712-16km-D1-NORMAL1-SECONDARY,D1,secondary,urban,normal,32.85,0.4704182666666667,0.06827011352919812,0.11196308000000003,0.16580000000000003,102.81666666666668
20151110175712-16km-D1-NORMAL1-SECONDARY,D1,secondary,urban,normal,37.85,0.5187014725028058,0.05957841727448472,0.03921693090909092,0.09484848484848483,107.97878787878788
20151110175712-16km-D1-NORMAL1-SECONDARY,D1,secondary,urban,normal,42.85,0.5482973728395062,0.03388505657247186,0.0,0.12653333333333333,111.06666666666668
20151110175712-16km-D1-NORMAL1-SECONDARY,D1,secondary,urban,normal,47.85,0.5319665827160495,0.02894277562935172,0.0,0.14466666666666667,109.39000000000001
20151110175712-16km-D1-NORMAL1-SECONDARY,D1,secondary,urban,normal,52.85,0.5119455555555554,0.024743482874527135,0.0,0.09746666666666666,107.32333333333334
20151110175712-16km-D1-NORMAL1-SECONDARY,D1,secondary,urban,normal,57.85,0.5139293679012346,0.018634904159453465,0.0,0.1494,107.53
20151110175712-16km-D1-NORMAL1-SECONDARY,D1,secondary,urban,normal,62.85,0.5018464395061729,0.05523901226203034,0.033431272,0.1596,106.22666666666666
20151110175712-16km-D1-NORMAL1-SECONDARY,D1,secondary,urban,normal,67.85,0.4583181481481482,0.06464987256176377,0.11007365999999999,0.11113333333333333,101.49
20151110175712-16km-D1-NORMAL1-SECONDARY,D1,secondary,urban,normal,72.85,0.41408933827160493,0.052590284282396385,0.329673252,0.29733333333333334,96.49
20151110175712-16km-D1-NORMAL1-SECONDARY,D1,secondary,urban,normal,77.85,0.3731415061728395,0.05196452115047766,0.45915192400000004,0.5129333333333334,91.57666666666667
20151110175712-16km-D1-NORMAL1-SECONDARY,D1,secondary,urban,normal,82.85,0.3423801975308641,0.030253657129104355,0.474830356,0.40413333333333334,87.76000000000002
20151110175712-16km-D1-NORMAL1-SECONDARY,D1,secondary,urban,normal,87.85,0.32991053827160494,0.02010947905884777,0.47482968000000014,0.29506666666666664,86.15333333333334
20151110175712-16km-D1-NORMAL1-SECONDARY,D1,secondary,urban,normal,92.85,0.32633242469135804,0.018571134892902564,0.436929852,0.31533333333333335,85.68666666666667
20151110175712-16km-D1-NORMAL1-SECONDARY,D1,secondary,urban,normal,97.85,0.31708573827160497,0.023618408505461305,0.44904997199999996,0.30773333333333336,84.45333333333335
20151110175712-16km-D1-NORMAL1-SECONDARY,D1,secondary,urban,normal,102.85,0.3168789432098766,0.03992272783817129,0.295908768,0.2064,84.42
20151110175712-16km-D1-NORMAL1-SECONDARY,D1,secondary,urban,normal,107.85,0.33507185185185184,0.03503734562135265,0.09559592,0.0724,86.81333333333335
20151110175712-16km-D1-NORMAL1-SECONDARY,D1,secondary,urban,normal,112.85,0.35244496296296296,0.021654819213426886,0.10587810800000001,0.07006666666666667,89.04333333333334
20151110175712-16km-D1-NORMAL1-SECONDARY,D1,secondary,urban,normal,117.85,0.3475943061728395,0.043902840140330926,0.21317046,0.1412,88.41
20151110175712-16km-D1-NORMAL1-SECONDARY,D1,secondary,urban,normal,122.85,0.3264229086419753,0.04661384851027946,0.234439148,0.1088666666666667,85.68333333333334
20151110175712-16km-D1-NORMAL1-SECONDARY,D1,secondary,urban,normal,127.85,0.33203815308641976,0.028307567698488967,0.21251296000000003,0.07680000000000001,86.41333333333334
20151110175712-16km-D1-NORMAL1-SECONDARY,D1,secondary,urban,normal,132.85,0.34739258271604934,0.028817096911280836,0.21713668400000002,0.122,88.40666666666667
20151110175712-16km-D1-NORMAL1-SECONDARY,D1,secondary,urban,normal,137.85,0.3393825283950617,0.02291518301771262,0.2659767600000001,0.089,87.37333333333332
20151110175712-16km-D1-NORMAL1-SECONDARY,D1,secondary,urban,normal,142.85,0.3317001207133059,0.013499210734820643,0.2816920044444445,0.07859259259259259,86.3888888888889
20151110175712-16km-D1-NORMAL1-SECONDARY,D1,secondary,urban,normal,147.85,0.33775294814814816,0.01174180024842027,0.25785746,0.14740000000000003,87.17333333333333
20151110175712-16km-D1-NORMAL1-SECONDARY,D1,secondary,urban,normal,152.85,0.34677586083052747,0.017153938114949696,0.2883167163636363,0.2505454545454545,88.32424242424244
20151110175712-16km-D1-NORMAL1-SECONDARY,D1,secondary,urban,normal,157.85,0.35372728395061726,0.02277262437113127,0.31749774799999997,0.27299999999999996,89.21000000000001
20151110175712-16km-D1-NORMAL1-SECONDARY,D1,secondary,urban,normal,162.85,0.3496675604938272,0.019889847465792233,0.410564484,0.15033333333333335,88.69666666666667
20151110175712-16km-D1-NORMAL1-SECONDARY,D1,secondary,urban,normal,167.85,0.3507211901234568,0.016349010656597225,0.5138303399999999,0.18053333333333335,88.83000000000001
20151110175712-16km-D1-NORMAL1-SECONDARY,D1,secondary,urban,normal,172.85,0.3555128641975308,0.013030900181884597,0.49529705999999984,0.17293333333333333,89.43666666666667
20151110175712-16km-D1-NORMAL1-SECONDARY,D1,secondary,urban,normal,177.85,0.35096579753086415,0.014809990986689208,0.47687914400000003,0.08420000000000002,88.85999999999999
20151110175712-16km-D1-NORMAL1-SECONDARY,D1,secondary,urban,normal,182.85,0.3423671111111112,0.01373049829398891,0.43256780399999994,0.12033333333333333,87.76666666666667
20151110175712-16km-D1-NORMAL1-SECONDARY,D1,secondary,urban,normal,187.85,0.3412458913580247,0.01640293123532164,0.376898664,0.15039999999999998,87.62333333333333
20151110175712-16km-D1-NORMAL1-SECONDARY,D1,secondary,urban,normal,192.85,0.36706860905349786,0.10238226309032537,0.3731793911111111,0.2659259259259259,90.77777777777777
20151110175712-16km-D1-NORMAL1-SECONDARY,D1,secondary,urban,normal,197.85,0.5009738716049383,0.15208178567563554,0.14986474,0.26093333333333335,105.70333333333333
20151110175712-16km-D1-NORMAL1-SECONDARY,D1,secondary,urban,normal,202.85,0.5770253288439955,0.08700605458659877,0.0,0.12606060606060607,113.9090909090909
20151110175712-16km-D1-NORMAL1-SECONDARY,D1,secondary,urban,normal,207.85,0.5576647209876543,0.055154052784304755,0.0,0.054599999999999996,111.97333333333333
20151110175712-16km-D1-NORMAL1-SECONDARY,D1,secondary,urban,normal,212.85,0.501396024691358,0.06528640127377922,0.0,0.06000000000000001,106.15666666666667
20151110175712-16km-D1-NORMAL1-SECONDARY,D1,secondary,urban,normal,217.85,0.45668888395061724,0.041158135825893394,0.0,0.12466666666666666,101.34333333333332
20151110175712-16km-D1-NORMAL1-SECONDARY,D1,secondary,urban,normal,222.85,0.4360887791495198,0.02409444517146038,0.0,0.20874074074074075,99.05185185185184
20151110175712-16km-D1-NORMAL1-SECONDARY,D1,secondary,urban,normal,227.85,0.4176824395061728,0.025916781811057454,0.0021280879999999993,0.19260000000000002,96.93333333333332
20151110175712-16km-D1-NORMAL1-SECONDARY,D1,secondary,urban,normal,232.85,0.40676805387205395,0.01539145946946131,0.03654372363636363,0.08878787878787878,95.66666666666669
20151110175712-16km-D1-NORMAL1-SECONDARY,D1,secondary,urban,normal,237.85,0.4027482469135803,0.011288652758080742,0.15870968400000002,0.09019999999999999,95.19333333333336
20151110175712-16km-D1-NORMAL1-SECONDARY,D1,secondary,urban,normal,242.85,0.3992147983539094,0.012581399531584206,0.21985438222222223,0.1945185185185185,94.77407407407408
20151110175712-16km-D1-NORMAL1-SECONDARY,D1,secondary,urban,normal,247.85,0.3921574172839506,0.025120561275420457,0.220698884,0.28713333333333335,93.92999999999999
20151110175712-16km-D1-NORMAL1-SECONDARY,D1,secondary,urban,normal,252.85,0.3670512502805836,0.05862877505537343,0.28991101454545454,0.3126060606060606,90.80606060606061
20151110175712-16km-D1-NORMAL1-SECONDARY,D1,secondary,urban,normal,257.85,0.3245648669410152,0.06864223818587965,0.238189,0.3591851851851852,85.40370370370371
20151110175712-16km-D1-NORMAL1-SECONDARY,D1,secondary,urban,normal,262.85,0.32656233580246913,0.05252377793264007,0.0389376,0.3869333333333334,85.67666666666668
20151110175712-16km-D1-NORMAL1-SECONDARY,D1,secondary,urban,normal,267.85,0.3643347070707071,0.06424971140597413,0.0,0.36284848484848486,90.46666666666665
20151110175712-16km-D1-NORMAL1-SECONDARY,D1,secondary,urban,normal,272.85,0.4051709684499314,0.043316640525853684,0.0024942311111111103,0.2706666666666667,95.45555555555556
20151110175712-16km-D1-NORMAL1-SECONDARY,D1,secondary,urban,normal,277.85,0.42418051577503424,0.0170978989755602,0.01214982666666667,0.1877037037037037,97.69259259259259
20151110175712-16km-D1-NORMAL1-SECONDARY,D1,secondary,urban,normal,282.85,0.4250342760942761,0.016836234343020094,0.03777020363636364,0.16599999999999998,97.7909090909091
20151110175712-16km-D1-NORMAL1-SECONDARY,D1,secondary,urban,normal,287.85,0.4215042244668911,0.020141460078758975,0.08653007636363638,0.1678787878787879,97.38181818181816
20151110175712-16km-D1-NORMAL1-SECONDARY,D1,secondary,urban,normal,292.85,0.4175184888888889,0.025854384218479222,0.15372444799999999,0.17040000000000002,96.91999999999999
20151110175712-16km-D1-NORMAL1-SECONDARY,D1,secondary,urban,normal,297.85,0.4070174101508916,0.04113097290754498,0.21326548888888885,0.1502962962962963,95.68518518518519
20151110175712-16km-D1-NORMAL1-SECONDARY,D1,secondary,urban,normal,302.85,0.3702257887517147,0.06517998875169523,0.2511692355555555,0.13837037037037037,91.21481481481482
20151110175712-16km-D1-NORMAL1-SECONDARY,D1,secondary,urban,normal,307.85,0.3411369427609428,0.05207606163566993,0.19793747272727272,0.12303030303030303,87.59393939393941
20151110175712-16km-D1-NORMAL1-SECONDARY,D1,secondary,urban,normal,312.85,0.3581192592592593,0.05723025007802509,0.1476183309090909,0.08624242424242425,89.68787878787879
20151110175712-16km-D1-NORMAL1-SECONDARY,D1,secondary,urban,normal,317.85,0.40283151165980785,0.05606327434086253,0.18058383555555557,0.09348148148148148,95.16666666666666
20151110175712-16km-D1-NORMAL1-SECONDARY,D1,secondary,urban,normal,322.85,0.41865324444444435,0.022953414020001547,0.30107522800000003,0.217,97.05333333333333
20151110175712-16km-D1-NORMAL1-SECONDARY,D1,secondary,urban,normal,327.85,0.4062473221099887,0.02077845823297321,0.3756126727272727,0.22606060606060607,95.5969696969697
20151110175712-16km-D1-NORMAL1-SECONDARY,D1,secondary,urban,normal,332.85,0.3984284148148148,0.021556703425711563,0.396894956,0.20886666666666667,94.67999999999999
20151110175712-16km-D1-NORMAL1-SECONDARY,D1,secondary,urban,normal,337.85,0.40061154567901236,0.016397619378274015,0.374111132,0.18046666666666664,94.93999999999998
20151110175712-16km-D1-NORMAL1-SECONDARY,D1,secondary,urban,normal,342.85,0.40678512592592597,0.030029375492378135,0.33071656800000004,0.1924666666666667,95.66
20151110175712-16km-D1-NORMAL1-SECONDARY,D1,secondary,urban,normal,347.85,0.4445194913580247,0.058674929575530034,0.30174312400000003,0.20400000000000001,99.93666666666665
20151110175712-16km-D1-NORMAL1-SECONDARY,D1,secondary,urban,normal,352.85,0.4811542518518518,0.04478099495965289,0.3487540800000001,0.14813333333333334,104.0333333333333
20151110175712-16km-D1-NORMAL1-SECONDARY,D1,secondary,urban,normal,357.85,0.49143207133058975,0.017330931829254857,0.4084604888888889,0.10325925925925925,105.15185185185184
20151110175712-16km-D1-NORMAL1-SECONDARY,D1,secondary,urban,normal,362.85,0.5013395308641975,0.0232389234868613,0.44217186,0.0714,106.20333333333333
20151110175712-16km-D1-NORMAL1-SECONDARY,D1,secondary,urban,normal,367.85,0.511418455667789,0.029823045735346877,0.4786947236363636,0.08818181818181815,107.26363636363637
20151110175712-16km-D1-NORMAL1-SECONDARY,D1,secondary,urban,normal,372.85,0.48886648395061727,0.054781960020116635,0.5206498719999999,0.09179999999999999,104.81666666666668
20151110175712-16km-D1-NORMAL1-SECONDARY,D1,secondary,urban,normal,377.85,0.44508482853223597,0.05324236333732865,0.508862671111111,0.10207407407407407,100.04444444444445
20151110175712-16km-D1-NORMAL1-SECONDARY,D1,secondary,urban,normal,382.85,0.42565958299039774,0.012657991750644372,0.46160636888888884,0.0614814814814815,97.86296296296297
20151110175712-16km-D1-NORMAL1-SECONDARY,D1,secondary,urban,normal,387.85,0.4312303434343434,0.023212249260224704,0.4267963381818182,0.022,98.49393939393939
20151110175712-16km-D1-NORMAL1-SECONDARY,D1,secondary,urban,normal,392.85,0.43160932435465765,0.03815922574540183,0.43972393818181826,0.12133333333333333,98.53636363636362
20151110175712-16km-D1-NORMAL1-SECONDARY,D1,secondary,urban,normal,397.85,0.4123985514403291,0.035298005042487895,0.42310117333333336,0.31592592592592594,96.3111111111111
20151110175712-16km-D1-NORMAL1-SECONDARY,D1,secondary,urban,normal,402.85,0.38152609876543203,0.03765916640768395,0.39554633200000006,0.29760000000000003,92.63
20151110175712-16km-D1-NORMAL1-SECONDARY,D1,secondary,urban,normal,407.85,0.37356317530864197,0.038145119933374334,0.34923939600000004,0.24033333333333337,91.66999999999999
20151110175712-16km-D1-NORMAL1-SECONDARY,D1,secondary,urban,normal,412.85,0.38731299259259255,0.02443083903377424,0.3201555,0.32839999999999997,93.34333333333333
20151110175712-16km-D1-NORMAL1-SECONDARY,D1,secondary,urban,normal,417.85,0.39587431649831645,0.015212367221467295,0.3885880436363637,0.2649090909090909,94.37575757575759
20151110175712-16km-D1-NORMAL1-SECONDARY,D1,secondary,urban,normal,422.85,0.38625637037037036,0.023411825573749923,0.41783052400000004,0.09893333333333335,93.21000000000001
20151110175712-16km-D1-NORMAL1-SECONDARY,D1,secondary,urban,normal,427.85,0.3738129679012346,0.024068911335796063,0.417907524,0.047799999999999995,91.70666666666668
20151110175712-16km-D1-NORMAL1-SECONDARY,D1,secondary,urban,normal,432.85,0.37172747654320987,0.012238342789148789,0.41570423200000006,0.05519999999999999,91.45333333333333
20151110175712-16km-D1-NORMAL1-SECONDARY,D1,secondary,urban,normal,437.85,0.37168418655692725,0.011502084232078937,0.42489056444444445,0.060592592592592594,91.44814814814815
20151110175712-16km-D1-NORMAL1-SECONDARY,D1,secondary,urban,normal,442.85,0.37734268641975305,0.015498462054641388,0.419026276,0.15739999999999998,92.14
20151110175712-16km-D1-NORMAL1-SECONDARY,D1,secondary,urban,normal,447.85,0.3871611043771043,0.015519858567816834,0.4172991309090909,0.282,93.32727272727271
20151110175712-16km-D1-NORMAL1-SECONDARY,D1,secondary,urban,normal,452.85,0.3942027604938271,0.0202211092824658,0.43689506000000006,0.2517333333333333,94.17666666666666
20151110175712-16km-D1-NORMAL1-SECONDARY,D1,secondary,urban,normal,457.85,0.3805379478737997,0.028875664998062926,0.4276717377777778,0.1817037037037037,92.51481481481481
20151110175712-16km-D1-NORMAL1-SECONDARY,D1,secondary,urban,normal,462.85,0.37219628148148143,0.03348745400121039,0.36699997199999995,0.25393333333333334,91.50333333333332
20151110175712-16km-D1-NORMAL1-SECONDARY,D1,secondary,urban,normal,467.85,0.37879026262626253,0.044416701440652455,0.3711807345454545,0.24254545454545456,92.30606060606061
20151110175712-16km-D1-NORMAL1-SECONDARY,D1,secondary,urban,normal,472.85,0.3713468098765432,0.03724354746308809,0.40666122799999993,0.18940000000000004,91.39
20151110175712-16km-D1-NORMAL1-SECONDARY,D1,secondary,urban,normal,477.85,0.3652933481481482,0.018068695466141985,0.41902601599999995,0.17253333333333334,90.65666666666667
20151110175712-16km-D1-NORMAL1-SECONDARY,D1,secondary,urban,normal,482.85,0.37179516049382705,0.02980853961326496,0.3956444755555556,0.192,91.45925925925926
20151110175712-16km-D1-NORMAL1-SECONDARY,D1,secondary,urban,normal,487.85,0.43325998024691365,0.0999878401956428,0.14223522400000002,0.15186666666666665,98.52666666666667
20151110175712-16km-D1-NORMAL1-SECONDARY,D1,secondary,urban,normal,492.85,0.503685189674523,0.08135532455453778,0.0,0.10042424242424243,106.34545454545454
20151110175712-16km-D1-NORMAL1-SECONDARY,D1,secondary,urban,normal,497.85,0.5418303901234568,0.012255161689342877,0.0,0.08833333333333335,110.41333333333334
20151110175712-16km-D1-NORMAL1-SECONDARY,D1,secondary,urban,normal,502.85,0.5366308049382715,0.014739691593436497,0.0,0.08553333333333334,109.88
20151110175712-16km-D1-NORMAL1-SECONDARY,D1,secondary,urban,normal,507.85,0.5232632592592592,0.01919762713763432,0.0,0.10614814814814816,108.49999999999999
20151110175712-16km-D1-NORMAL1-SECONDARY,D1,secondary,urban,normal,512.85,0.5093306814814813,0.012355593582811757,0.0,0.08753333333333332,107.05
20151110175712-16km-D1-NORMAL1-SECONDARY,D1,secondary,urban,normal,517.85,0.502821822222222,0.009407803573741552,0.0,0.08433333333333334,106.36333333333332
20151110175712-16km-D1-NORMAL1-SECONDARY,D1,secondary,urban,normal,522.85,0.5027251193415637,0.02052012580721253,0.0,0.09962962962962962,106.35185185185185
20151110175712-16km-D1-NORMAL1-SECONDARY,D1,secondary,urban,normal,527.85,0.5289919456790122,0.04094636897525956,0.0,0.07926666666666668,109.07000000000001
20151110175712-16km-D1-NORMAL1-SECONDARY,D1,secondary,urban,normal,532.85,0.566388529741863,0.03292542434787694,0.0,0.21890909090909086,112.87575757575756
20151110175712-16km-D1-NORMAL1-SECONDARY,D1,secondary,urban,normal,537.85,0.5695513679012347,0.034471854641313936,0.0,0.34519999999999995,113.19333333333334
20151110175712-16km-D1-NORMAL1-SECONDARY,D1,secondary,urban,normal,542.85,0.5346726310013717,0.037468370112541484,0.0,0.3595555555555555,109.66296296296296
20151110175712-16km-D1-NORMAL1-SECONDARY,D1,secondary,urban,normal,547.85,0.5169699604938273,0.01938579404027994,0.0,0.33153333333333335,107.85
20151110175712-16km-D1-NORMAL1-SECONDARY,D1,secondary,urban,normal,552.85,0.525067012345679,0.013035207733748807,0.0,0.18406060606060606,108.68787878787879
20151110175712-16km-D1-NORMAL1-SECONDARY,D1,secondary,urban,normal,557.85,0.5329675456790123,0.009248326597477428,0.0,0.1018,109.50666666666666
20151110175712-16km-D1-NORMAL1-SECONDARY,D1,secondary,urban,normal,562.85,0.5336185283950616,0.01268251816746826,0.0,0.09566666666666666,109.57333333333334
20151110175712-16km-D1-NORMAL1-SECONDARY,D1,secondary,urban,normal,567.85,0.520177620650954,0.03782640527494972,0.0,0.10775757575757576,108.16666666666666
20151110175712-16km-D1-NORMAL1-SECONDARY,D1,secondary,urban,normal,572.85,0.4827233481481481,0.04533549491047439,0.0,0.18133333333333332,104.18666666666665
20151110175712-16km-D1-NORMAL1-SECONDARY,D1,secondary,urban,normal,577.85,0.457963670781893,0.020939322545535752,0.0,0.17607407407407405,101.50740740740741
20151110175712-16km-D1-NORMAL1-SECONDARY,D1,secondary,urban,normal,582.85,0.4671582617283951,0.02562084188442132,0.0,0.17193333333333333,102.51333333333332
20151110175712-16km-D1-NORMAL1-SECONDARY,D1,secondary,urban,normal,587.85,0.47410256790123456,0.027126206535843557,0.0,0.1766,103.28
20151110175712-16km-D1-NORMAL1-SECONDARY,D1,secondary,urban,normal,592.85,0.45790732839506176,0.0282028462620945,0.0,0.1992,101.49333333333334
20151110175712-16km-D1-NORMAL1-SECONDARY,D1,secondary,urban,normal,597.85,0.43518215488215495,0.03299894345303814,0.0,0.23375757575757578,98.93030303030304
20151110175712-16km-D1-NORMAL1-SECONDARY,D1,secondary,urban,normal,602.85,0.41180340740740745,0.021605735310030592,0.0,0.22693333333333338,96.25333333333334
20151110175712-16km-D1-NORMAL1-SECONDARY,D1,secondary,urban,normal,607.85,0.4105542074074074,0.010543837313864834,0.0,0.2220666666666667,96.11
20151110175712-16km-D1-NORMAL1-SECONDARY,D1,secondary,urban,normal,612.85,0.4174098320987654,0.016263770381858045,0.0,0.21526666666666666,96.91000000000001
20151110175712-16km-D1-NORMAL1-SECONDARY,D1,secondary,urban,normal,617.85,0.4021799654320987,0.04228572058047124,0.0,0.18980000000000002,95.09666666666666
20151110180824-16km-D1-NORMAL2-SECONDARY,D1,secondary,urban,normal,31.87,0.2623463271604939,0.10423485158108167,0.0,0.11779999999999999,76.63166666666666
20151110180824-16km-D1-NORMAL2-SECONDARY,D1,secondary,urban,normal,36.870000000000005,0.3258575982042649,0.06946934600758803,0.0,0.15024242424242426,85.52121212121212
20151110180824-16km-D1-NORMAL2-SECONDARY,D1,secondary,urban,normal,41.870000000000005,0.3649682320987654,0.04373978301276714,0.0,0.1444,90.59
20151110180824-16km-D1-NORMAL2-SECONDARY,D1,secondary,urban,normal,46.870000000000005,0.38578436762688617,0.014299895333630944,0.0,0.10274074074074073,93.16666666666667
20151110180824-16km-D1-NORMAL2-SECONDARY,D1,secondary,urban,normal,51.870000000000005,0.38438275645342307,0.01324667117853315,0.0,0.11242424242424241,92.99696969696969
20151110180824-16km-D1-NORMAL2-SECONDARY,D1,secondary,urban,normal,56.870000000000005,0.3861608839506173,0.016362672184968827,0.0,0.12633333333333333,93.21000000000001
20151110180824-16km-D1-NORMAL2-SECONDARY,D1,secondary,urban,normal,61.870000000000005,0.4002985777777778,0.01802653327656422,0.0,0.16773333333333332,94.9
20151110180824-16km-D1-NORMAL2-SECONDARY,D1,secondary,urban,normal,66.87,0.4027351245791246,0.016625937310775253,0.0,0.17509090909090907,95.19090909090909
20151110180824-16km-D1-NORMAL2-SECONDARY,D1,secondary,urban,normal,71.87,0.3987621530864197,0.018701492373595023,0.0,0.1206,94.72
20151110180824-16km-D1-NORMAL2-SECONDARY,D1,secondary,urban,normal,76.87,0.39400682030178324,0.018578766687224087,0.0,0.11237037037037038,94.15185185185184
20151110180824-16km-D1-NORMAL2-SECONDARY,D1,secondary,urban,normal,81.87,0.3963435171467764,0.017145205276205326,0.0,0.12214814814814814,94.42962962962963
20151110180824-16km-D1-NORMAL2-SECONDARY,D1,secondary,urban,normal,86.87,0.4067506518518519,0.014079079877334703,0.0,0.17093333333333333,95.66333333333333
20151110180824-16km-D1-NORMAL2-SECONDARY,D1,secondary,urban,normal,91.87,0.40787804938271605,0.011931511939322128,0.0,0.2253333333333333,95.79666666666667
20151110180824-16km-D1-NORMAL2-SECONDARY,D1,secondary,urban,normal,96.87,0.40039416296296293,0.01233446339371973,0.0,0.26993333333333336,94.91333333333334
20151110180824-16km-D1-NORMAL2-SECONDARY,D1,secondary,urban,normal,101.87,0.394749437037037,0.008142118005270867,0.0,0.2356666666666667,94.24333333333333
20151110180824-16km-D1-NORMAL2-SECONDARY,D1,secondary,urban,normal,106.87,0.39575880987654316,0.010508795311976016,0.0,0.10513333333333334,94.36333333333333
20151110180824-16km-D1-NORMAL2-SECONDARY,D1,secondary,urban,normal,111.87,0.3950075259259259,0.01188207098163705,0.0,0.07886666666666667,94.27333333333334
20151110180824-16km-D1-NORMAL2-SECONDARY,D1,secondary,urban,normal,116.87,0.39146103209876537,0.010160374451153517,0.0,0.08633333333333335,93.85
20151110180824-16km-D1-NORMAL2-SECONDARY,D1,secondary,urban,normal,121.87,0.3988991964085296,0.012120575876624752,0.0,0.1129090909090909,94.73333333333333
20151110180824-16km-D1-NORMAL2-SECONDARY,D1,secondary,urban,normal,126.87,0.40899888395061723,0.01813909528551193,0.0,0.16366666666666668,95.92666666666665
20151110180824-16km-D1-NORMAL2-SECONDARY,D1,secondary,urban,normal,131.87,0.4270409086419752,0.022270503391596145,0.0,0.10513333333333334,98.01333333333335
20151110180824-16km-D1-NORMAL2-SECONDARY,D1,secondary,urban,normal,136.87,0.43479652345679015,0.02037305187547681,0.0,0.0746,98.90666666666667
20151110180824-16km-D1-NORMAL2-SECONDARY,D1,secondary,urban,normal,141.87,0.4289286145404663,0.01429271780740271,0.0,0.14725925925925926,98.23703703703704
20151110180824-16km-D1-NORMAL2-SECONDARY,D1,secondary,urban,normal,146.87,0.4293331012345679,0.014619762119262239,0.0,0.19339999999999996,98.28333333333333
20151110180824-16km-D1-NORMAL2-SECONDARY,D1,secondary,urban,normal,151.87,0.4364947070707071,0.030714063479955457,0.0,0.17703030303030304,99.09696969696971
20151110180824-16km-D1-NORMAL2-SECONDARY,D1,secondary,urban,normal,156.87,0.42663624197530864,0.03413351842845724,0.0,0.12293333333333334,97.95666666666668
20151110180824-16km-D1-NORMAL2-SECONDARY,D1,secondary,urban,normal,161.87,0.4018876268861454,0.017501182820173728,0.0,0.061777777777777786,95.0888888888889
20151110180824-16km-D1-NORMAL2-SECONDARY,D1,secondary,urban,normal,166.87,0.4051339259259259,0.025797940484464273,0.0,0.0678,95.46666666666667
20151110180824-16km-D1-NORMAL2-SECONDARY,D1,secondary,urban,normal,171.87,0.425683492704826,0.032042356952152413,0.0,0.1546060606060606,97.85454545454546
20151110180824-16km-D1-NORMAL2-SECONDARY,D1,secondary,urban,normal,176.87,0.43015975308641974,0.03279462446069988,0.0,0.268,98.37333333333333
20151110180824-16km-D1-NORMAL2-SECONDARY,D1,secondary,urban,normal,181.87,0.40581395336076814,0.033797891074155276,0.0,0.2988148148148148,95.53703703703702
20151110180824-16km-D1-NORMAL2-SECONDARY,D1,secondary,urban,normal,186.87,0.3874633185185185,0.01559913151889816,0.0,0.18293333333333334,93.36666666666666
20151110180824-16km-D1-NORMAL2-SECONDARY,D1,secondary,urban,normal,191.87,0.38253187160493823,0.009875341752918168,0.0,0.15773333333333334,92.77333333333333
20151110180824-16km-D1-NORMAL2-SECONDARY,D1,secondary,urban,normal,196.87,0.3931319308641975,0.024396486808054403,0.0,0.14173333333333332,94.03999999999999
20151110180824-16km-D1-NORMAL2-SECONDARY,D1,secondary,urban,normal,201.87,0.41111125432098766,0.020094027477524357,0.0,0.06920000000000001,96.17
20151110180824-16km-D1-NORMAL2-SECONDARY,D1,secondary,urban,normal,206.87,0.41459243456790124,0.01775613151098263,0.0,0.0772,96.58
20151110180824-16km-D1-NORMAL2-SECONDARY,D1,secondary,urban,normal,211.87,0.40070366913580246,0.022913859837152304,0.0,0.054333333333333345,94.94333333333333
20151110180824-16km-D1-NORMAL2-SECONDARY,D1,secondary,urban,normal,216.87,0.37738076318742986,0.027219819732711193,0.0,0.013333333333333334,92.13030303030303
20151110180824-16km-D1-NORMAL2-SECONDARY,D1,secondary,urban,normal,221.87,0.3574028686868687,0.02481802154793245,0.0,0.022424242424242426,89.66363636363636
20151110180824-16km-D1-NORMAL2-SECONDARY,D1,secondary,urban,normal,226.87,0.3500347604938271,0.01756360818578834,0.0,0.09366666666666665,88.74333333333333
20151110180824-16km-D1-NORMAL2-SECONDARY,D1,secondary,urban,normal,231.87,0.36223904526748973,0.029497109344422193,0.0,0.1805185185185185,90.26666666666667
20151110180824-16km-D1-NORMAL2-SECONDARY,D1,secondary,urban,normal,236.87,0.3837900466392318,0.0239066318114079,0.0,0.24007407407407402,92.91851851851851
20151110180824-16km-D1-NORMAL2-SECONDARY,D1,secondary,urban,normal,241.87,0.39803655802469134,0.02186078601186061,0.0,0.25726666666666664,94.63000000000001
20151110180824-16km-D1-NORMAL2-SECONDARY,D1,secondary,urban,normal,246.87,0.41539781728395064,0.024622828957433108,0.0,0.18580000000000002,96.66666666666667
20151110180824-16km-D1-NORMAL2-SECONDARY,D1,secondary,urban,normal,251.87,0.42022534320987653,0.02051033019541645,0.0,0.14173333333333332,97.23333333333333
20151110180824-16km-D1-NORMAL2-SECONDARY,D1,secondary,urban,normal,256.87,0.41466702132435473,0.015163115108624902,0.0,0.197030303030303,96.5909090909091
20151110180824-16km-D1-NORMAL2-SECONDARY,D1,secondary,urban,normal,261.87,0.41674837530864195,0.012156508312628845,0.0,0.18853333333333336,96.83333333333333
20151110180824-16km-D1-NORMAL2-SECONDARY,D1,secondary,urban,normal,266.87,0.42373192318244174,0.012538940668231921,0.0,0.12681481481481482,97.64074074074074
20151110180824-16km-D1-NORMAL2-SECONDARY,D1,secondary,urban,normal,271.87,0.43501266172839503,0.024735690163251077,0.0,0.10266666666666666,98.92666666666665
20151110180824-16km-D1-NORMAL2-SECONDARY,D1,secondary,urban,normal,276.87,0.4546181037037037,0.027676870466358673,0.0,0.05966666666666666,101.12666666666667
20151110180824-16km-D1-NORMAL2-SECONDARY,D1,secondary,urban,normal,281.87,0.46551509135802477,0.02602210132353136,0.0,0.055600000000000004,102.33999999999999
20151110180824-16km-D1-NORMAL2-SECONDARY,D1,secondary,urban,normal,286.87,0.4515864888888889,0.03025663291079112,0.0,0.0844,100.78666666666666
20151110180824-16km-D1-NORMAL2-SECONDARY,D1,secondary,urban,normal,291.87,0.42825148641975314,0.02376362105077487,0.012027024000000008,0.2139333333333333,98.15333333333334
20151110180824-16km-D1-NORMAL2-SECONDARY,D1,secondary,urban,normal,296.87,0.4030108013468013,0.0319168659446389,0.16606147272727273,0.3463636363636363,95.20606060606063
20151110180824-16km-D1-NORMAL2-SECONDARY,D1,secondary,urban,normal,301.87,0.3817480938271604,0.0342469816654128,0.34086351600000003,0.33133333333333337,92.66333333333334
20151110180824-16km-D1-NORMAL2-SECONDARY,D1,secondary,urban,normal,306.87,0.3577699314128943,0.02544003487494836,0.46869828444444445,0.24977777777777777,89.71111111111111
20151110180824-16km-D1-NORMAL2-SECONDARY,D1,secondary,urban,normal,311.87,0.3530946024691358,0.024231171863715845,0.502480572,0.184,89.13000000000001
20151110180824-16km-D1-NORMAL2-SECONDARY,D1,secondary,urban,normal,316.87,0.34766597530864196,0.02457713986396196,0.4880287272727272,0.20951515151515154,88.43636363636365
20151110180824-16km-D1-NORMAL2-SECONDARY,D1,secondary,urban,normal,321.87,0.33959162962962963,0.020847406380576493,0.41875416000000004,0.2552,87.41
20151110180824-16km-D1-NORMAL2-SECONDARY,D1,secondary,urban,normal,326.87,0.34851006310013716,0.021494599647842703,0.3568967777777778,0.22599999999999998,88.54444444444442
20151110180824-16km-D1-NORMAL2-SECONDARY,D1,secondary,urban,normal,331.87,0.3698964691358025,0.047223432075216995,0.41515243599999996,0.24506666666666668,91.19666666666667
20151110180824-16km-D1-NORMAL2-SECONDARY,D1,secondary,urban,normal,336.87,0.389559486419753,0.05330650094089808,0.5245898680000001,0.26560000000000006,93.6
20151110180824-16km-D1-NORMAL2-SECONDARY,D1,secondary,urban,normal,341.87,0.38329502716049385,0.024962876919584362,0.592598632,0.24700000000000003,92.85
20151110180824-16km-D1-NORMAL2-SECONDARY,D1,secondary,urban,normal,346.87,0.37112764444444435,0.009427727698543045,0.539936236,0.15793333333333331,91.38000000000001
20151110180824-16km-D1-NORMAL2-SECONDARY,D1,secondary,urban,normal,351.87,0.37863325432098766,0.020200519082298772,0.4053563520000001,0.10286666666666666,92.29333333333332
20151110180824-16km-D1-NORMAL2-SECONDARY,D1,secondary,urban,normal,356.87,0.3977024345679012,0.025862564514425264,0.271717372,0.14786666666666665,94.58333333333334
20151110180824-16km-D1-NORMAL2-SECONDARY,D1,secondary,urban,normal,361.87,0.4136411407407407,0.01744910375033463,0.15522734000000002,0.19206666666666666,96.47
20151110180824-16km-D1-NORMAL2-SECONDARY,D1,secondary,urban,normal,366.87,0.42695870617283943,0.017163876409260155,0.04368178,0.2384,98.00666666666666
20151110180824-16km-D1-NORMAL2-SECONDARY,D1,secondary,urban,normal,371.87,0.43517234074074074,0.017695802545445893,0.05128067599999999,0.2142666666666667,98.95
20151110180824-16km-D1-NORMAL2-SECONDARY,D1,secondary,urban,normal,376.87,0.42664756049382707,0.026596378859823955,0.13868411599999997,0.19346666666666662,97.97
20151110180824-16km-D1-NORMAL2-SECONDARY,D1,secondary,urban,normal,381.87,0.405672311111111,0.026353967010705227,0.24515647999999998,0.1954,95.52333333333334
20151110180824-16km-D1-NORMAL2-SECONDARY,D1,secondary,urban,normal,386.87,0.3863406240179573,0.01784439862343422,0.2576003309090909,0.1866060606060606,93.23030303030303
20151110180824-16km-D1-NORMAL2-SECONDARY,D1,secondary,urban,normal,391.87,0.37655472951739616,0.015018554949332952,0.17632441090909093,0.20430303030303032,92.04242424242425
20151110180824-16km-D1-NORMAL2-SECONDARY,D1,secondary,urban,normal,396.87,0.3734653388203018,0.012187237027073451,0.12930061777777777,0.22451851851851856,91.66666666666667
20151110180824-16km-D1-NORMAL2-SECONDARY,D1,secondary,urban,normal,401.87,0.38160570644718794,0.015059236106879188,0.13583853777777777,0.20666666666666667,92.65925925925926
20151110180824-16km-D1-NORMAL2-SECONDARY,D1,secondary,urban,normal,406.87,0.3825916740740741,0.011226421874464413,0.124309292,0.15773333333333334,92.78
20151110180824-16km-D1-NORMAL2-SECONDARY,D1,secondary,urban,normal,411.87,0.3780654469135802,0.012253212655450907,0.12444482400000001,0.08106666666666666,92.23
20151110180824-16km-D1-NORMAL2-SECONDARY,D1,secondary,urban,normal,416.87,0.38458770819304144,0.016742263409633328,0.19195870181818184,0.12824242424242424,93.01818181818182
20151110180824-16km-D1-NORMAL2-SECONDARY,D1,secondary,urban,normal,421.87,0.3904108296296296,0.01959303250565924,0.28086868800000003,0.18613333333333332,93.72333333333333
20151110180824-16km-D1-NORMAL2-SECONDARY,D1,secondary,urban,normal,426.87,0.3769759176954733,0.025019839698450615,0.3679647911111112,0.11488888888888889,92.08518518518518
20151110180824-16km-D1-NORMAL2-SECONDARY,D1,secondary,urban,normal,431.87,0.3654499012345679,0.019939083766433646,0.400227644,0.10066666666666668,90.67666666666668
20151110180824-16km-D1-NORMAL2-SECONDARY,D1,secondary,urban,normal,436.87,0.3589357086419752,0.01842311738321744,0.43048487199999996,0.1472,89.86333333333332
20151110180824-16km-D1-NORMAL2-SECONDARY,D1,secondary,urban,normal,441.87,0.3489188049382716,0.017822037809818884,0.407248316,0.16853333333333334,88.6
20151110180824-16km-D1-NORMAL2-SECONDARY,D1,secondary,urban,normal,446.87,0.34727267160493824,0.01053748398700204,0.3705152440000001,0.16693333333333332,88.39333333333333
20151110180824-16km-D1-NORMAL2-SECONDARY,D1,secondary,urban,normal,451.87,0.34912636543209874,0.009020938751013327,0.38746121999999994,0.14106666666666667,88.63
20151110180824-16km-D1-NORMAL2-SECONDARY,D1,secondary,urban,normal,456.87,0.3436923771043771,0.01528651592367874,0.40691941454545455,0.11254545454545455,87.93636363636364
20151110180824-16km-D1-NORMAL2-SECONDARY,D1,secondary,urban,normal,461.87,0.3412219358024691,0.022305067237059363,0.40266423599999995,0.15419999999999998,87.62
20151110180824-16km-D1-NORMAL2-SECONDARY,D1,secondary,urban,normal,466.87,0.3317963456790123,0.021446785427330854,0.38908991111111113,0.1753333333333333,86.39259259259259
20151110180824-16km-D1-NORMAL2-SECONDARY,D1,secondary,urban,normal,471.87,0.3214978419753086,0.013318216659987456,0.21579984800000002,0.15919999999999998,85.04999999999998
20151110180824-16km-D1-NORMAL2-SECONDARY,D1,secondary,urban,normal,476.87,0.3270750864197531,0.02181625329195075,0.127322512,0.18793333333333334,85.77666666666667
20151110180824-16km-D1-NORMAL2-SECONDARY,D1,secondary,urban,normal,481.87,0.33732958922558914,0.02558288373554841,0.29222710181818184,0.23115151515151516,87.11515151515151
20151110180824-16km-D1-NORMAL2-SECONDARY,D1,secondary,urban,normal,486.87,0.3401382320987655,0.017204973051604747,0.34581867600000005,0.21993333333333337,87.47999999999999
20151110180824-16km-D1-NORMAL2-SECONDARY,D1,secondary,urban,normal,491.87,0.3458622277091907,0.021709224879543694,0.27850417333333327,0.24155555555555555,88.21111111111111
20151110180824-16km-D1-NORMAL2-SECONDARY,D1,secondary,urban,normal,496.87,0.35418923456790125,0.020481188350511166,0.306720588,0.28546666666666665,89.26666666666667
20151110180824-16km-D1-NORMAL2-SECONDARY,D1,secondary,urban,normal,501.87,0.356049061728395,0.014148805298065633,0.41810432,0.22586666666666666,89.50333333333333
20151110180824-16km-D1-NORMAL2-SECONDARY,D1,secondary,urban,normal,506.87,0.34643810864197533,0.015266415029316,0.4670778400000001,0.18439999999999998,88.28333333333333
20151110180824-16km-D1-NORMAL2-SECONDARY,D1,secondary,urban,normal,511.87,0.3383178864197531,0.015309849286081664,0.34839143600000005,0.2032,87.24666666666667
20151110180824-16km-D1-NORMAL2-SECONDARY,D1,secondary,urban,normal,516.87,0.3436481876543209,0.020484588242956896,0.309872496,0.2040666666666667,87.92666666666666
20151110180824-16km-D1-NORMAL2-SECONDARY,D1,secondary,urban,normal,521.87,0.35671941234567905,0.021612111430610488,0.36018709600000004,0.1813333333333333,89.58333333333334
20151110180824-16km-D1-NORMAL2-SECONDARY,D1,secondary,urban,normal,526.87,0.3717661679012345,0.03921589478298741,0.33363099200000007,0.2068666666666667,91.44333333333334
20151110180824-16km-D1-NORMAL2-SECONDARY,D1,secondary,urban,normal,531.87,0.3981059034792368,0.05326583684296599,0.30692292,0.14654545454545456,94.61212121212121
20151110180824-16km-D1-NORMAL2-SECONDARY,D1,secondary,urban,normal,536.87,0.39785368350168343,0.0401122864358358,0.33229572727272727,0.10048484848484848,94.58787878787876
20151110180824-16km-D1-NORMAL2-SECONDARY,D1,secondary,urban,normal,541.87,0.3786746392318243,0.037971748697543835,0.37176153777777776,0.2197777777777778,92.30000000000001
20151110180824-16km-D1-NORMAL2-SECONDARY,D1,secondary,urban,normal,546.87,0.39134885048010964,0.0353955966690016,0.34433741777777777,0.37592592592592594,93.82222222222222
20151110180824-16km-D1-NORMAL2-SECONDARY,D1,secondary,urban,normal,551.87,0.40310407901234574,0.036087818383748034,0.429493672,0.3852666666666667,95.23333333333332
20151110180824-16km-D1-NORMAL2-SECONDARY,D1,secondary,urban,normal,556.87,0.39234133827160506,0.033349362138709,0.5284335760000001,0.37659999999999993,93.94333333333333
20151110180824-16km-D1-NORMAL2-SECONDARY,D1,secondary,urban,normal,561.87,0.39371659259259256,0.03861667614916979,0.47414653199999995,0.3801333333333334,94.1
20151110180824-16km-D1-NORMAL2-SECONDARY,D1,secondary,urban,normal,566.87,0.40489017283950607,0.05621225494747641,0.45666216400000004,0.3379333333333333,95.43333333333332
20151110180824-16km-D1-NORMAL2-SECONDARY,D1,secondary,urban,normal,571.87,0.36627425813692477,0.06628115983084434,0.5376421672727273,0.24096969696969694,90.66363636363636
20151110180824-16km-D1-NORMAL2-SECONDARY,D1,secondary,urban,normal,576.87,0.3274451492704827,0.04910160441339975,0.4812292000000001,0.14,85.80909090909091
20151110180824-16km-D1-NORMAL2-SECONDARY,D1,secondary,urban,normal,581.87,0.32410889986282587,0.023263898918023194,0.2075138577777778,0.16385185185185183,85.3888888888889
20151110180824-16km-D1-NORMAL2-SECONDARY,D1,secondary,urban,normal,586.87,0.34931834842249654,0.03809762234516469,0.0,0.2051851851851852,88.62592592592593
20151110180824-16km-D1-NORMAL2-SECONDARY,D1,secondary,urban,normal,591.87,0.36077443456790126,0.05303853317874563,0.166379288,0.13033333333333336,90.08333333333333
20151110180824-16km-D1-NORMAL2-SECONDARY,D1,secondary,urban,normal,596.87,0.3359869360269361,0.04268533686991179,0.3438986945454545,0.12200000000000001,86.89696969696969
20151110180824-16km-D1-NORMAL2-SECONDARY,D1,secondary,urban,normal,601.87,0.31966589629629627,0.04082723583445827,0.34505539599999996,0.15506666666666666,84.8
20151110180824-16km-D1-NORMAL2-SECONDARY,D1,secondary,urban,normal,606.87,0.33164588641975307,0.035334147280212315,0.18849119600000003,0.15520000000000003,86.37333333333332
20151110180824-16km-D1-NORMAL2-SECONDARY,D1,secondary,urban,normal,611.87,0.34016327407407404,0.01854489211441781,0.101589244,0.2490666666666667,87.48333333333332
20151110180824-16km-D1-NORMAL2-SECONDARY,D1,secondary,urban,normal,616.87,0.33789426063100136,0.018403071985470573,0.12156263555555553,0.4304444444444444,87.18888888888888
20151110180824-16km-D1-NORMAL2-SECONDARY,D1,secondary,urban,normal,621.87,0.34124522558922554,0.040362443568575504,0.12001326909090909,0.46721212121212125,87.6
20151110180824-16km-D1-NORMAL2-SECONDARY,D1,secondary,urban,normal,626.87,0.36474984960718293,0.05146196358939561,0.11325382909090909,0.476969696969697,90.54242424242426
20151110180824-16km-D1-NORMAL2-SECONDARY,D1,secondary,urban,normal,631.87,0.3968493388203018,0.033274461177171234,0.12165007555555557,0.4564444444444445,94.47407407407408
20151110180824-16km-D1-NORMAL2-SECONDARY,D1,secondary,urban,normal,636.87,0.4182636323731138,0.03710540060402564,0.18768358666666668,0.3606666666666667,97.0037037037037
20151110180824-16km-D1-NORMAL2-SECONDARY,D1,secondary,urban,normal,641.87,0.4678752888888888,0.08753469818919266,0.148164796,0.24633333333333335,102.45333333333333
20151110180824-16km-D1-NORMAL2-SECONDARY,D1,secondary,urban,normal,646.87,0.5396094913580247,0.07740796785112476,0.042313435999999996,0.19173333333333334,110.12666666666667
20151120133502-26km-D2-AGGRESSIVE-MOTORWAY,D2,motorway,highway,aggressive,24.56,0.35575890493827156,0.06761145623303441,0.42276532000000006,0.15146666666666667,89.38833333333332
20151120133502-26km-D2-AGGRESSIVE-MOTORWAY,D2,motorway,highway,aggressive,29.56,0.38121768998628264,0.037843690785982737,0.35015296,0.516962962962963,92.60740740740741
20151120133502-26km-D2-AGGRESSIVE-MOTORWAY,D2,motorway,highway,aggressive,34.56,0.39477758518518524,0.08992396131535894,0.221528132,0.4389999999999999,94.17666666666666
20151120133502-26km-D2-AGGRESSIVE-MOTORWAY,D2,motorway,highway,aggressive,39.56,0.47158555555555565,0.11727922212351109,0.131454904,0.34273333333333333,102.74333333333334
20151120133502-26km-D2-AGGRESSIVE-MOTORWAY,D2,motorway,highway,aggressive,44.56,0.5401334370370371,0.06537835751019519,0.16715930399999998,0.5993333333333333,110.21666666666667
20151120133502-26km-D2-AGGRESSIVE-MOTORWAY,D2,motorway,highway,aggressive,49.56,0.5416922172839507,0.03329087911891353,0.07203440400000001,0.5892000000000001,110.39333333333335
20151120133502-26km-D2-AGGRESSIVE-MOTORWAY,D2,motorway,highway,aggressive,54.56,0.5217246567901234,0.03811734377752856,0.008133904,0.27880000000000005,108.33666666666666
20151120133502-26km-D2-AGGRESSIVE-MOTORWAY,D2,motorway,highway,aggressive,59.56,0.5312949719416387,0.04353408080621654,0.0,0.3147272727272727,109.3121212121212
20151120133502-26km-D2-AGGRESSIVE-MOTORWAY,D2,motorway,highway,aggressive,64.56,0.5503536049382716,0.05455838899799759,0.0,0.5886666666666667,111.27000000000001
20151120133502-26km-D2-AGGRESSIVE-MOTORWAY,D2,motorway,highway,aggressive,69.56,0.5081484444444444,0.06585405675021931,0.0,0.4659999999999999,106.84666666666666
20151120133502-26km-D2-AGGRESSIVE-MOTORWAY,D2,motorway,highway,aggressive,74.56,0.4806941054994388,0.053203602874535474,0.0,0.3189090909090909,103.9878787878788
20151120133502-26km-D2-AGGRESSIVE-MOTORWAY,D2,motorway,highway,aggressive,79.56,0.47507179753086415,0.03361692380479994,0.0,0.42493333333333344,103.38333333333333
20151120133502-26km-D2-AGGRESSIVE-MOTORWAY,D2,motorway,highway,aggressive,84.56,0.44972290260631,0.0475655149932301,0.0,0.40777777777777774,100.55925925925925
20151120133502-26km-D2-AGGRESSIVE-MOTORWAY,D2,motorway,highway,aggressive,89.56,0.4120609053497943,0.0426851585641023,0.0,0.1645925925925926,96.26666666666667
20151120133502-26km-D2-AGGRESSIVE-MOTORWAY,D2,motorway,highway,aggressive,94.56,0.39599642199775525,0.017465034435578827,0.01469127272727273,0.22957575757575757,94.39090909090909
20151120133502-26km-D2-AGGRESSIVE-MOTORWAY,D2,motorway,highway,aggressive,99.56,0.4158471209876543,0.0718555718900443,0.016160400000000002,0.44313333333333327,96.65333333333334
20151120133502-26km-D2-AGGRESSIVE-MOTORWAY,D2,motorway,highway,aggressive,104.56,0.4905339972565158,0.11281764015638084,0.0,0.5604444444444444,104.95925925925924
20151120133502-26km-D2-AGGRESSIVE-MOTORWAY,D2,motorway,highway,aggressive,109.56,0.4947158617283951,0.06894932704931428,0.0,0.39126666666666665,105.45333333333333
20151120133502-26km-D2-AGGRESSIVE-MOTORWAY,D2,motorway,highway,aggressive,114.56,0.4729899932659933,0.06149652077655862,0.05602045454545455,0.36121212121212126,103.14848484848484
20151120133502-26km-D2-AGGRESSIVE-MOTORWAY,D2,motorway,highway,aggressive,119.56,0.4734624870931538,0.05404567929720449,0.2845774327272727,0.562,103.2030303030303
20151120133502-26km-D2-AGGRESSIVE-MOTORWAY,D2,motorway,highway,aggressive,124.56,0.47067168175582985,0.03345565746955504,0.3688875466666667,0.6914074074074075,102.90370370370371
20151120133502-26km-D2-AGGRESSIVE-MOTORWAY,D2,motorway,highway,aggressive,129.56,0.4875384493827162,0.05165005434511834,0.12247893999999997,0.4094666666666667,104.71333333333334
20151120133502-26km-D2-AGGRESSIVE-MOTORWAY,D2,motorway,highway,aggressive,134.56,0.5255066172839506,0.08523783430819322,0.06810842,0.25526666666666664,108.65333333333334
20151120133502-26km-D2-AGGRESSIVE-MOTORWAY,D2,motorway,highway,aggressive,139.56,0.6179441262002743,0.0937688344269067,0.09607783555555555,0.29488888888888887,117.82592592592593
20151120133502-26km-D2-AGGRESSIVE-MOTORWAY,D2,motorway,highway,aggressive,144.56,0.6369202716049382,0.07391278035710803,0.176127776,0.2828,119.68333333333332
20151120133502-26km-D2-AGGRESSIVE-MOTORWAY,D2,motorway,highway,aggressive,149.56,0.5975640148148149,0.049495365390477344,0.272771768,0.25593333333333335,115.93000000000002
20151120133502-26km-D2-AGGRESSIVE-MOTORWAY,D2,motorway,highway,aggressive,154.56,0.5780735358024692,0.037204614324365975,0.326014884,0.24653333333333333,114.04333333333336
20151120133502-26km-D2-AGGRESSIVE-MOTORWAY,D2,motorway,highway,aggressive,159.56,0.5599545499438835,0.03188180401543044,0.3248551854545455,0.2497575757575758,112.23030303030305
20151120133502-26km-D2-AGGRESSIVE-MOTORWAY,D2,motorway,highway,aggressive,164.56,0.5461839685746351,0.03194455049985811,0.29441587636363636,0.28406060606060607,110.85151515151516
20151120133502-26km-D2-AGGRESSIVE-MOTORWAY,D2,motorway,highway,aggressive,169.56,0.5489830617283951,0.046188992593336205,0.25468274,0.32186666666666663,111.13333333333335
20151120133502-26km-D2-AGGRESSIVE-MOTORWAY,D2,motorway,highway,aggressive,174.56,0.5648169925925925,0.04977438163176455,0.21849359999999995,0.27613333333333334,112.71666666666667
20151120133502-26km-D2-AGGRESSIVE-MOTORWAY,D2,motorway,highway,aggressive,179.56,0.5887482304526749,0.04309280410312775,0.1273878977777778,0.2596296296296296,115.08518518518518
20151120133502-26km-D2-AGGRESSIVE-MOTORWAY,D2,motorway,highway,aggressive,184.56,0.5699351703703703,0.045938198553607035,0.111722872,0.1912,113.20666666666666
20151120133502-26km-D2-AGGRESSIVE-MOTORWAY,D2,motorway,highway,aggressive,189.56,0.5537185827160493,0.04672487641435996,0.21506700799999998,0.1596,111.61000000000001
20151120133502-26km-D2-AGGRESSIVE-MOTORWAY,D2,motorway,highway,aggressive,194.56,0.5421464855967078,0.04697207239209812,0.3564313911111111,0.11829629629629629,110.42592592592592
20151120133502-26km-D2-AGGRESSIVE-MOTORWAY,D2,motorway,highway,aggressive,199.56,0.5318894769921436,0.05181971768224113,0.44762734545454547,0.15490909090909089,109.38484848484849
20151120133502-26km-D2-AGGRESSIVE-MOTORWAY,D2,motorway,highway,aggressive,204.56,0.5638328641975309,0.07880970974262572,0.482537876,0.15953333333333336,112.56333333333332
20151120133502-26km-D2-AGGRESSIVE-MOTORWAY,D2,motorway,highway,aggressive,209.56,0.6742154172839506,0.0940219045199296,0.36908569199999997,0.055933333333333335,123.03999999999999
20151120133502-26km-D2-AGGRESSIVE-MOTORWAY,D2,motorway,highway,aggressive,214.56,0.7245563802469136,0.048851307808877635,0.27116215600000004,0.07553333333333333,127.67
20151120133502-26km-D2-AGGRESSIVE-MOTORWAY,D2,motorway,highway,aggressive,219.56,0.7216317679012347,0.04054331587103864,0.192094812,0.14886666666666665,127.41000000000001
20151120133502-26km-D2-AGGRESSIVE-MOTORWAY,D2,motorway,highway,aggressive,224.56,0.703260686419753,0.06310673681287149,0.16407394800000002,0.11246666666666665,125.76999999999998
20151120133502-26km-D2-AGGRESSIVE-MOTORWAY,D2,motorway,highway,aggressive,229.56,0.7406486748971193,0.08121039817678871,0.18316960888888892,0.035259259259259254,129.00370370370368
20151120133502-26km-D2-AGGRESSIVE-MOTORWAY,D2,motorway,highway,aggressive,234.56,0.8116073679012346,0.07557700063936465,0.26053633600000004,0.045200000000000004,135.09999999999997
20151120133502-26km-D2-AGGRESSIVE-MOTORWAY,D2,motorway,highway,aggressive,239.56,0.7758215398428732,0.12605361965959772,0.49187685454545454,0.05381818181818183,131.93939393939397
20151120133502-26km-D2-AGGRESSIVE-MOTORWAY,D2,motorway,highway,aggressive,244.56,0.6619864197530865,0.12312372365939028,0.6079089454545454,0.04157575757575757,121.7969696969697
20151120133502-26km-D2-AGGRESSIVE-MOTORWAY,D2,motorway,highway,aggressive,249.56,0.6041265788751715,0.04430398305315578,0.5527564533333335,0.02688888888888889,116.57407407407406
20151120133502-26km-D2-AGGRESSIVE-MOTORWAY,D2,motorway,highway,aggressive,254.56,0.6367727012345681,0.043525376122083834,0.43953416,0.0746,119.68666666666668
20151120133502-26km-D2-AGGRESSIVE-MOTORWAY,D2,motorway,highway,aggressive,259.56,0.6705848641975308,0.05307931492672814,0.255333716,0.11573333333333333,122.79666666666667
20151120133502-26km-D2-AGGRESSIVE-MOTORWAY,D2,motorway,highway,aggressive,264.56,0.6543080493827159,0.13265879441679543,0.08621851600000002,0.07266666666666667,121.16666666666667
20151120133502-26km-D2-AGGRESSIVE-MOTORWAY,D2,motorway,highway,aggressive,269.56,0.5642994814814813,0.14147489793673754,0.20847050400000003,0.07606666666666667,112.37666666666667
20151120133502-26km-D2-AGGRESSIVE-MOTORWAY,D2,motorway,highway,aggressive,274.56,0.43713935253772296,0.08495909241367486,0.50635752,0.15792592592592591,99.05555555555556
20151120133502-26km-D2-AGGRESSIVE-MOTORWAY,D2,motorway,highway,aggressive,279.56,0.4271737149270482,0.11953400387471601,0.5605965636363637,0.19042424242424244,97.92424242424241
20151120133502-26km-D2-AGGRESSIVE-MOTORWAY,D2,motorway,highway,aggressive,284.56,0.5129187209876542,0.16490570661188386,0.4520633919999999,0.1420666666666667,107.02333333333331
20151120133502-26km-D2-AGGRESSIVE-MOTORWAY,D2,motorway,highway,aggressive,289.56,0.6532974320987656,0.12984787025694558,0.3885287155555555,0.041111111111111105,121.14444444444445
20151120133502-26km-D2-AGGRESSIVE-MOTORWAY,D2,motorway,highway,aggressive,294.56,0.6386146320987655,0.09009170151658843,0.5060463719999999,0.04513333333333334,119.75
20151120133502-26km-D2-AGGRESSIVE-MOTORWAY,D2,motorway,highway,aggressive,299.56,0.5826960044893378,0.07078864009276095,0.5502681454545455,0.12490909090909091,114.47575757575758
20151120133502-26km-D2-AGGRESSIVE-MOTORWAY,D2,motorway,highway,aggressive,304.56,0.5955527901234569,0.04523147057959485,0.3982514363636364,0.1633939393939394,115.73333333333333
20151120133502-26km-D2-AGGRESSIVE-MOTORWAY,D2,motorway,highway,aggressive,309.56,0.6087832976680383,0.06422793041863824,0.14945576000000002,0.15037037037037038,117.02222222222223
20151120133502-26km-D2-AGGRESSIVE-MOTORWAY,D2,motorway,highway,aggressive,314.56,0.5670303703703703,0.06447892255119586,0.014641573333333336,0.12733333333333333,112.9074074074074
20151120133502-26km-D2-AGGRESSIVE-MOTORWAY,D2,motorway,highway,aggressive,319.56,0.5460376444444445,0.05254003369750141,0.182567168,0.1388,110.83666666666667
20151120133502-26km-D2-AGGRESSIVE-MOTORWAY,D2,motorway,highway,aggressive,324.56,0.5945427259259259,0.07968839009497415,0.29709424,0.10573333333333332,115.57333333333331
20151120133502-26km-D2-AGGRESSIVE-MOTORWAY,D2,motorway,highway,aggressive,329.56,0.6136956839506172,0.08307482358219946,0.20411505599999996,0.12119999999999997,117.47333333333333
20151120133502-26km-D2-AGGRESSIVE-MOTORWAY,D2,motorway,highway,aggressive,334.56,0.5985773916947251,0.054299870701123056,0.17937570545454545,0.15115151515151515,116.04242424242422
20151120133502-26km-D2-AGGRESSIVE-MOTORWAY,D2,motorway,highway,aggressive,339.56,0.6375724579124579,0.06732002872954977,0.26445069090909096,0.17072727272727273,119.72424242424243
20151120133502-26km-D2-AGGRESSIVE-MOTORWAY,D2,motorway,highway,aggressive,344.56,0.6467645580246913,0.07507772147089845,0.37849319200000003,0.19326666666666664,120.59666666666665
20151120133502-26km-D2-AGGRESSIVE-MOTORWAY,D2,motorway,highway,aggressive,349.56,0.603900060356653,0.08109778368992522,0.36781784000000006,0.1691111111111111,116.54074074074076
20151120133502-26km-D2-AGGRESSIVE-MOTORWAY,D2,motorway,highway,aggressive,354.56,0.5372399067215363,0.09750480033696346,0.40463613777777785,0.12274074074074075,109.84074074074073
20151120133502-26km-D2-AGGRESSIVE-MOTORWAY,D2,motorway,highway,aggressive,359.56,0.5398849086419754,0.1104779647194289,0.357533528,0.042466666666666666,110.1
20151120133502-26km-D2-AGGRESSIVE-MOTORWAY,D2,motorway,highway,aggressive,364.56,0.5340560359147027,0.1755030135398685,0.30852849090909085,0.12248484848484847,109.4
20151120133502-26km-D2-AGGRESSIVE-MOTORWAY,D2,motorway,highway,aggressive,369.56,0.41725628282828287,0.18261546398889505,0.42600850545454544,0.16593939393939394,96.22727272727273
20151120133502-26km-D2-AGGRESSIVE-MOTORWAY,D2,motorway,highway,aggressive,374.56,0.33648631604938267,0.16498056215578705,0.448636592,0.21953333333333336,86.86333333333334
20151120133502-26km-D2-AGGRESSIVE-MOTORWAY,D2,motorway,highway,aggressive,379.56,0.37721283950617285,0.12091968589723777,0.22612406222222223,0.22829629629629633,91.94814814814815
20151120133502-26km-D2-AGGRESSIVE-MOTORWAY,D2,motorway,highway,aggressive,384.56,0.4300484197530864,0.062087698217219725,0.0,0.16973333333333335,98.32999999999998
20151120133502-26km-D2-AGGRESSIVE-MOTORWAY,D2,motorway,highway,aggressive,389.56,0.45537560987654324,0.06805716493647992,0.020246103999999997,0.17033333333333336,101.18333333333332
20151120133502-26km-D2-AGGRESSIVE-MOTORWAY,D2,motorway,highway,aggressive,394.56,0.41878446090534976,0.14750015586032597,0.18441627111111114,0.14222222222222225,96.76296296296296
20151120133502-26km-D2-AGGRESSIVE-MOTORWAY,D2,motorway,highway,aggressive,399.56,0.32142605925925927,0.1527368735401443,0.40861770399999997,0.11246666666666667,84.63666666666667
20151120133502-26km-D2-AGGRESSIVE-MOTORWAY,D2,motorway,highway,aggressive,404.56,0.25018252345679015,0.06481044805875946,0.48741058,0.1588,74.95
20151120133502-26km-D2-AGGRESSIVE-MOTORWAY,D2,motorway,highway,aggressive,409.56,0.22077210774410772,0.053489967394262615,0.3390899090909091,0.18666666666666665,70.45757575757574
20151120133502-26km-D2-AGGRESSIVE-MOTORWAY,D2,motorway,highway,aggressive,414.56,0.22951430303030307,0.0504340672450793,0.1349795309090909,0.09060606060606059,71.79696969696968
20151120133502-26km-D2-AGGRESSIVE-MOTORWAY,D2,motorway,highway,aggressive,419.56,0.24070880109739376,0.05512946479131994,0.0,0.057629629629629635,73.56666666666666
20151120133502-26km-D2-AGGRESSIVE-MOTORWAY,D2,motorway,highway,aggressive,424.56,0.205890024691358,0.08310721387286149,0.09344468888888888,0.21407407407407408,67.94444444444444
20151120133502-26km-D2-AGGRESSIVE-MOTORWAY,D2,motorway,highway,aggressive,429.56,0.1665821135802469,0.08349429106450665,0.3176942039999999,0.31986666666666663,61.06666666666666
20151120133502-26km-D2-AGGRESSIVE-MOTORWAY,D2,motorway,highway,aggressive,434.56,0.13951107160493822,0.07885165066521822,0.5335023640000001,0.3556,55.973333333333336
20151120133502-26km-D2-AGGRESSIVE-MOTORWAY,D2,motorway,highway,aggressive,439.56,0.16184517171717172,0.08629205700286367,0.35764779636363636,0.27072727272727276,60.096969696969694
20151120133502-26km-D2-AGGRESSIVE-MOTORWAY,D2,motorway,highway,aggressive,444.56,0.19914364983164984,0.0818404893446819,0.09518173818181817,0.10593939393939394,66.86060606060606
20151120133502-26km-D2-AGGRESSIVE-MOTORWAY,D2,motorway,highway,aggressive,449.56,0.19607677914951993,0.07315214416867058,0.012439684444444437,0.12785185185185183,66.3
20151120133502-26km-D2-AGGRESSIVE-MOTORWAY,D2,motorway,highway,aggressive,454.56,0.16368117969821674,0.0559686270722486,0.10443477777777778,0.25740740740740736,60.64814814814815
20151120133502-26km-D2-AGGRESSIVE-MOTORWAY,D2,motorway,highway,aggressive,459.56,0.14634050729517398,0.039355771729151195,0.14469052363636362,0.14696969696969697,57.33333333333334
20151120133502-26km-D2-AGGRESSIVE-MOTORWAY,D2,motorway,highway,aggressive,464.56,0.13889486419753086,0.0909259889488098,0.065168276,0.08013333333333333,55.84666666666667
20151120133502-26km-D2-AGGRESSIVE-MOTORWAY,D2,motorway,highway,aggressive,469.56,0.2241509465020576,0.2597590446366235,0.0,0.09207407407407407,69.62222222222222
20151120133502-26km-D2-AGGRESSIVE-MOTORWAY,D2,motorway,highway,aggressive,474.56,0.35124906397306394,0.18074175829983344,0.0,0.11084848484848488,88.38484848484848
20151120133502-26km-D2-AGGRESSIVE-MOTORWAY,D2,motorway,highway,aggressive,479.56,0.3732148888888888,0.09964583059135439,0.040461448000000004,0.14013333333333336,91.48333333333333
20151120133502-26km-D2-AGGRESSIVE-MOTORWAY,D2,motorway,highway,aggressive,484.56,0.294003387654321,0.13592732721766165,0.23928156400000003,0.2162,81.12
20151120133502-26km-D2-AGGRESSIVE-MOTORWAY,D2,motorway,highway,aggressive,489.56,0.2468413679012346,0.08676243369632389,0.37912819200000003,0.1872,74.34333333333333
20151120133502-26km-D2-AGGRESSIVE-MOTORWAY,D2,motorway,highway,aggressive,494.56,0.25865239506172844,0.15799606016472037,0.3349852488888889,0.14748148148148144,75.87777777777778
20151120133502-26km-D2-AGGRESSIVE-MOTORWAY,D2,motorway,highway,aggressive,499.56,0.3790869925925927,0.23768222859841712,0.27988810399999997,0.20140000000000002,91.52666666666667
20151120133502-26km-D2-AGGRESSIVE-MOTORWAY,D2,motorway,highway,aggressive,504.56,0.5385408098765433,0.16364157562280274,0.173103892,0.18659999999999996,109.68666666666668
20151120133502-26km-D2-AGGRESSIVE-MOTORWAY,D2,motorway,highway,aggressive,509.56,0.6252613481481484,0.07957423593651314,0.139733916,0.17786666666666667,118.59000000000003
20151120133502-26km-D2-AGGRESSIVE-MOTORWAY,D2,motorway,highway,aggressive,514.56,0.6870876273849608,0.08877005277906634,0.2952565018181818,0.13472727272727272,124.24545454545456
20151120133502-26km-D2-AGGRESSIVE-MOTORWAY,D2,motorway,highway,aggressive,519.56,0.7420730549943884,0.10498064489666806,0.31814729818181814,0.17454545454545453,129.1787878787879
20151120133502-26km-D2-AGGRESSIVE-MOTORWAY,D2,motorway,highway,aggressive,524.56,0.7965174705075445,0.07683972213847572,0.1672437288888889,0.15948148148148145,133.80370370370372
20151120133502-26km-D2-AGGRESSIVE-MOTORWAY,D2,motorway,highway,aggressive,529.56,0.8493239176954734,0.0614192156866622,0.0,0.08533333333333333,138.22962962962964
20151120133502-26km-D2-AGGRESSIVE-MOTORWAY,D2,motorway,highway,aggressive,534.56,0.7985526554433222,0.0695241518371285,0.028257909090909084,0.18733333333333332,133.96363636363637
20151120133502-26km-D2-AGGRESSIVE-MOTORWAY,D2,motorway,highway,aggressive,539.56,0.7591134635241303,0.056053900226234715,0.028257909090909084,0.15006060606060612,130.67878787878792
20151120133502-26km-D2-AGGRESSIVE-MOTORWAY,D2,motorway,highway,aggressive,544.56,0.7895711989026064,0.06883728834706615,0.0,0.07555555555555554,133.2555555555556
20151120133502-26km-D2-AGGRESSIVE-MOTORWAY,D2,motorway,highway,aggressive,549.56,0.8250141975308644,0.07495297179686225,0.08197708000000001,0.16093333333333332,136.23
20151120133502-26km-D2-AGGRESSIVE-MOTORWAY,D2,motorway,highway,aggressive,554.56,0.8505328592592594,0.0791903942399167,0.190936844,0.20946666666666663,138.30666666666667
20151120133502-26km-D2-AGGRESSIVE-MOTORWAY,D2,motorway,highway,aggressive,559.56,0.9109890962962964,0.07384060987589613,0.108959764,0.19186666666666666,143.1466666666667
20151120133502-26km-D2-AGGRESSIVE-MOTORWAY,D2,motorway,highway,aggressive,564.56,0.9342098716049385,0.05421415543795952,0.026710164,0.11446666666666667,144.9766666666667
20151120133502-26km-D2-AGGRESSIVE-MOTORWAY,D2,motorway,highway,aggressive,569.56,0.8765829234567903,0.10434496238123273,0.211756204,0.03773333333333333,140.34
20151120133502-26km-D2-AGGRESSIVE-MOTORWAY,D2,motorway,highway,aggressive,574.56,0.7702835106621774,0.10534088130394383,0.37118507272727275,0.054484848484848476,131.47878787878787
20151120133502-26km-D2-AGGRESSIVE-MOTORWAY,D2,motorway,highway,aggressive,579.56,0.7034580082304528,0.06234347613754976,0.41878524,0.1683703703703704,125.80000000000001
20151120133502-26km-D2-AGGRESSIVE-MOTORWAY,D2,motorway,highway,aggressive,584.56,0.723849157750343,0.044723638651021684,0.35486628000000003,0.20274074074074078,127.61111111111111
20151120133502-26km-D2-AGGRESSIVE-MOTORWAY,D2,motorway,highway,aggressive,589.56,0.7487814635241302,0.043975462945060204,0.3478012763636364,0.17636363636363636,129.7848484848485
20151120133502-26km-D2-AGGRESSIVE-MOTORWAY,D2,motorway,highway,aggressive,594.56,0.7397272197530865,0.054946239449324065,0.399473496,0.17526666666666668,128.98000000000002
20151120133502-26km-D2-AGGRESSIVE-MOTORWAY,D2,motorway,highway,aggressive,599.56,0.7073135604938272,0.04684153916508848,0.4661825759999999,0.08426666666666664,126.14666666666668
20151120133502-26km-D2-AGGRESSIVE-MOTORWAY,D2,motorway,highway,aggressive,604.56,0.7209119371492707,0.03626842726638886,0.4440075345454545,0.07957575757575758,127.35151515151516
20151120133502-26km-D2-AGGRESSIVE-MOTORWAY,D2,motorway,highway,aggressive,609.56,0.74642055308642,0.03551063004777674,0.369097664,0.19726666666666665,129.5866666666667
20151120133502-26km-D2-AGGRESSIVE-MOTORWAY,D2,motorway,highway,aggressive,614.56,0.7597516543209877,0.024492969080646534,0.3120323688888889,0.26333333333333336,130.74444444444447
20151120133502-26km-D2-AGGRESSIVE-MOTORWAY,D2,motorway,highway,aggressive,619.56,0.7409588312757203,0.04569351768697756,0.2748119955555555,0.1585925925925926,129.1
20151120133502-26km-D2-AGGRESSIVE-MOTORWAY,D2,motorway,highway,aggressive,624.56,0.6941466307519641,0.05409969780465218,0.3033585709090909,0.06606060606060606,124.93939393939395
20151120133502-26km-D2-AGGRESSIVE-MOTORWAY,D2,motorway,highway,aggressive,629.56,0.6443004493827162,0.04837729385168306,0.37872316400000006,0.09353333333333333,120.36333333333334
20151120133502-26km-D2-AGGRESSIVE-MOTORWAY,D2,motorway,highway,aggressive,634.56,0.6488962074074075,0.09355641410152188,0.44923962,0.15146666666666667,120.74000000000001
20151120133502-26km-D2-AGGRESSIVE-MOTORWAY,D2,motorway,highway,aggressive,639.56,0.6815107604938272,0.11900073611898991,0.5046255239999999,0.08480000000000001,123.77000000000001
20151120133502-26km-D2-AGGRESSIVE-MOTORWAY,D2,motorway,highway,aggressive,644.56,0.6576712373113854,0.06460827419154742,0.5951620888888889,0.08903703703703703,121.60370370370372
20151120133502-26km-D2-AGGRESSIVE-MOTORWAY,D2,motorway,highway,aggressive,649.56,0.6366681750841751,0.03370295673076162,0.5833972327272726,0.1304242424242424,119.68484848484849
20151120133502-26km-D2-AGGRESSIVE-MOTORWAY,D2,motorway,highway,aggressive,654.56,0.6135566509539843,0.05701084224954723,0.55864936,0.09612121212121211,117.45454545454544
20151120133502-26km-D2-AGGRESSIVE-MOTORWAY,D2,motorway,highway,aggressive,659.56,0.5847652888888888,0.061741053183042106,0.5422279999999999,0.07473333333333335,114.69666666666667
20151120133502-26km-D2-AGGRESSIVE-MOTORWAY,D2,motorway,highway,aggressive,664.56,0.5616114271604936,0.05695928915981365,0.5453819679999999,0.05653333333333334,112.37333333333333
20151120133502-26km-D2-AGGRESSIVE-MOTORWAY,D2,motorway,highway,aggressive,669.56,0.5306339259259258,0.05503139367972957,0.5755263555555556,0.03740740740740741,109.25555555555555
20151120133502-26km-D2-AGGRESSIVE-MOTORWAY,D2,motorway,highway,aggressive,674.56,0.541298024691358,0.033162321986514025,0.5770139599999999,0.08237037037037037,110.34444444444443
20151120133502-26km-D2-AGGRESSIVE-MOTORWAY,D2,motorway,highway,aggressive,679.56,0.5745184,0.041132269702620794,0.40958945999999996,0.1038,113.66666666666666
20151120133502-26km-D2-AGGRESSIVE-MOTORWAY,D2,motorway,highway,aggressive,684.56,0.5757262940516275,0.10327650643516789,0.40028211636363636,0.058787878787878785,113.73939393939393
20151120133502-26km-D2-AGGRESSIVE-MOTORWAY,D2,motorway,highway,aggressive,689.56,0.5214512839506174,0.0955456955079288,0.583127552,0.06999999999999999,108.14333333333335
20151120133502-26km-D2-AGGRESSIVE-MOTORWAY,D2,motorway,highway,aggressive,694.56,0.45424783703703697,0.03719216840440303,0.65429998,0.09426666666666668,101.09
20151120133502-26km-D2-AGGRESSIVE-MOTORWAY,D2,motorway,highway,aggressive,699.56,0.45082592098765434,0.043647160383473785,0.61696264,0.07133333333333333,100.71000000000001
20151120133502-26km-D2-AGGRESSIVE-MOTORWAY,D2,motorway,highway,aggressive,704.56,0.4924625349794238,0.0855550686862811,0.5994460711111111,0.13318518518518518,105.18888888888888
20151120133502-26km-D2-AGGRESSIVE-MOTORWAY,D2,motorway,highway,aggressive,709.56,0.4945625454545453,0.11595796299278915,0.6084448472727272,0.15303030303030304,105.43333333333334
20151120133502-26km-D2-AGGRESSIVE-MOTORWAY,D2,motorway,highway,aggressive,714.56,0.5246648395061727,0.1299077378080337,0.5510025090909091,0.1278787878787879,108.43939393939394
20151120133502-26km-D2-AGGRESSIVE-MOTORWAY,D2,motorway,highway,aggressive,719.56,0.6124898913580247,0.09803630237641346,0.38387455600000003,0.10499999999999998,117.33
20151120133502-26km-D2-AGGRESSIVE-MOTORWAY,D2,motorway,highway,aggressive,724.56,0.6407357185185184,0.05772904997723956,0.35029811200000005,0.15013333333333334,120.05666666666664
20151120133502-26km-D2-AGGRESSIVE-MOTORWAY,D2,motorway,highway,aggressive,729.56,0.6295974485596708,0.07238379290068511,0.4900425466666667,0.16614814814814816,118.9962962962963
20151120133502-26km-D2-AGGRESSIVE-MOTORWAY,D2,motorway,highway,aggressive,734.56,0.6110364828532234,0.06837734294586925,0.5625360933333332,0.13622222222222224,117.24074074074072
20151120133502-26km-D2-AGGRESSIVE-MOTORWAY,D2,motorway,highway,aggressive,739.56,0.618415721661055,0.06556368001559222,0.5249301345454546,0.2326666666666667,117.93939393939394
20151120133502-26km-D2-AGGRESSIVE-MOTORWAY,D2,motorway,highway,aggressive,744.56,0.6298449037037037,0.06289322959014551,0.49235630399999997,0.24580000000000002,119.02333333333334
20151120133502-26km-D2-AGGRESSIVE-MOTORWAY,D2,motorway,highway,aggressive,749.56,0.6517317860082305,0.0658877196534694,0.4632362533333333,0.13837037037037037,121.07407407407408
20151120133502-26km-D2-AGGRESSIVE-MOTORWAY,D2,motorway,highway,aggressive,754.56,0.6626746271604939,0.07181288074695663,0.45389051599999997,0.12253333333333334,122.09333333333333
20151120133502-26km-D2-AGGRESSIVE-MOTORWAY,D2,motorway,highway,aggressive,759.56,0.6843470172839506,0.04440456526503408,0.44439974800000004,0.15219999999999997,124.06999999999998
20151120133502-26km-D2-AGGRESSIVE-MOTORWAY,D2,motorway,highway,aggressive,764.56,0.731285461728395,0.05491448575467204,0.261675948,0.1602666666666667,128.23999999999998
20151120133502-26km-D2-AGGRESSIVE-MOTORWAY,D2,motorway,highway,aggressive,769.56,0.7577612098765434,0.08743852215816204,0.081138252,0.20939999999999998,130.54999999999998
20151120133502-26km-D2-AGGRESSIVE-MOTORWAY,D2,motorway,highway,aggressive,774.56,0.7184405432098765,0.06838427901360294,0.27675601454545457,0.17812121212121215,127.0878787878788
20151120133502-26km-D2-AGGRESSIVE-MOTORWAY,D2,motorway,highway,aggressive,779.56,0.6735581925925926,0.05746686453479446,0.46761531199999995,0.08206666666666666,123.09333333333333
20151120133502-26km-D2-AGGRESSIVE-MOTORWAY,D2,motorway,highway,aggressive,784.56,0.6369692455418381,0.04323749120340234,0.4922656711111112,0.13533333333333333,119.69999999999999
20151120133502-26km-D2-AGGRESSIVE-MOTORWAY,D2,motorway,highway,aggressive,789.56,0.6413110168350168,0.05418394541681967,0.4967061454545455,0.17696969696969697,120.1
20151120133502-26km-D2-AGGRESSIVE-MOTORWAY,D2,motorway,highway,aggressive,794.56,0.6616759703703703,0.0661886137976198,0.31920589200000005,0.10713333333333333,122.0
20151120133502-26km-D2-AGGRESSIVE-MOTORWAY,D2,motorway,highway,aggressive,799.56,0.5957065975308643,0.16710491307168646,0.08348620799999999,0.16633333333333333,115.39333333333332
20151120133502-26km-D2-AGGRESSIVE-MOTORWAY,D2,motorway,highway,aggressive,804.56,0.494721461728395,0.16074808867259463,0.194234584,0.1684,105.03333333333333
20151120133502-26km-D2-AGGRESSIVE-MOTORWAY,D2,motorway,highway,aggressive,809.56,0.39526313305898486,0.06895308463419347,0.25518778222222216,0.06666666666666667,94.25925925925925
20151120133502-26km-D2-AGGRESSIVE-MOTORWAY,D2,motorway,highway,aggressive,814.56,0.39050551604938266,0.09548209180550318,0.10352345599999999,0.11380000000000001,93.70333333333333
20151120133502-26km-D2-AGGRESSIVE-MOTORWAY,D2,motorway,highway,aggressive,819.56,0.37127985634118965,0.09613916870583844,0.2479324072727273,0.1450909090909091,91.32121212121211
20151120133502-26km-D2-AGGRESSIVE-MOTORWAY,D2,motorway,highway,aggressive,824.56,0.3534912938271605,0.062134171893494815,0.4761297000000001,0.12260000000000001,89.16333333333333
20151120133502-26km-D2-AGGRESSIVE-MOTORWAY,D2,motorway,highway,aggressive,829.56,0.3568417942386831,0.02269765326142278,0.6185320755555557,0.17066666666666666,89.5962962962963
20151120133502-26km-D2-AGGRESSIVE-MOTORWAY,D2,motorway,highway,aggressive,834.56,0.3511689158249158,0.033271664956837727,0.6985012218181818,0.2724848484848485,88.88484848484849
20151120133502-26km-D2-AGGRESSIVE-MOTORWAY,D2,motorway,highway,aggressive,839.56,0.35520692255892256,0.03227721239482151,0.6621414363636363,0.29878787878787877,89.39393939393939
20151120133502-26km-D2-AGGRESSIVE-MOTORWAY,D2,motorway,highway,aggressive,844.56,0.3664619802469136,0.033273073197969585,0.61558456,0.231,90.79666666666667
20151120133502-26km-D2-AGGRESSIVE-MOTORWAY,D2,motorway,highway,aggressive,849.56,0.369806524005487,0.04993809986209056,0.38008023111111106,0.20125925925925925,91.21111111111111
20151120133502-26km-D2-AGGRESSIVE-MOTORWAY,D2,motorway,highway,aggressive,854.56,0.3835160823045267,0.10156004734561372,0.3723538577777778,0.1691111111111111,92.85185185185185
20151120133502-26km-D2-AGGRESSIVE-MOTORWAY,D2,motorway,highway,aggressive,859.56,0.3280546962962962,0.19663829879006448,0.6261379400000001,0.13606666666666667,85.26666666666668
20151120133502-26km-D2-AGGRESSIVE-MOTORWAY,D2,motorway,highway,aggressive,864.56,0.1962885746352413,0.17719899292258237,0.40682822909090904,0.3386060606060606,65.63636363636364
20151120135152-25km-D2-DROWSY-MOTORWAY,D2,motorway,highway,drowsy,24.8,0.2903067351290685,0.11778892691023707,0.0,0.13103030303030302,80.46515151515152
20151120135152-25km-D2-DROWSY-MOTORWAY,D2,motorway,highway,drowsy,29.8,0.34566556049382713,0.03429901600321426,0.0,0.0942,88.17333333333333
20151120135152-25km-D2-DROWSY-MOTORWAY,D2,motorway,highway,drowsy,34.8,0.37117424197530857,0.042622860789349806,0.08978203599999998,0.061933333333333326,91.36666666666666
20151120135152-25km-D2-DROWSY-MOTORWAY,D2,motorway,highway,drowsy,39.8,0.3803309283950617,0.027677377176848806,0.223432448,0.06733333333333333,92.50333333333333
20151120135152-25km-D2-DROWSY-MOTORWAY,D2,motorway,highway,drowsy,44.8,0.37528839012345677,0.01575060976212434,0.224540648,0.13679999999999998,91.88999999999999
20151120135152-25km-D2-DROWSY-MOTORWAY,D2,motorway,highway,drowsy,49.8,0.36813652345679004,0.01851569207241635,0.23891967200000003,0.18673333333333328,91.00666666666666
20151120135152-25km-D2-DROWSY-MOTORWAY,D2,motorway,highway,drowsy,54.8,0.36119322469135795,0.025763138041246702,0.367225268,0.12393333333333334,90.14666666666668
20151120135152-25km-D2-DROWSY-MOTORWAY,D2,motorway,highway,drowsy,59.8,0.3455392197530863,0.04179095813091557,0.5130415279999999,0.16493333333333332,88.14666666666668
20151120135152-25km-D2-DROWSY-MOTORWAY,D2,motorway,highway,drowsy,64.8,0.3100061135802469,0.059772823487742786,0.43429323599999997,0.23366666666666663,83.46000000000001
20151120135152-25km-D2-DROWSY-MOTORWAY,D2,motorway,highway,drowsy,69.8,0.31172064197530863,0.10412526850747184,0.14044753999999998,0.2827333333333334,83.65333333333334
20151120135152-25km-D2-DROWSY-MOTORWAY,D2,motorway,highway,drowsy,74.8,0.37791355061728393,0.11158058154605725,0.029964676000000003,0.32860000000000006,92.00666666666666
20151120135152-25km-D2-DROWSY-MOTORWAY,D2,motorway,highway,drowsy,79.8,0.4380875610425241,0.06809234503860949,0.15260803111111113,0.18785185185185183,99.24444444444445
20151120135152-25km-D2-DROWSY-MOTORWAY,D2,motorway,highway,drowsy,84.8,0.479117975308642,0.03838575232211497,0.258671824,0.09966666666666665,103.80666666666666
20151120135152-25km-D2-DROWSY-MOTORWAY,D2,motorway,highway,drowsy,89.8,0.5009373916947251,0.03870102116871369,0.2705202109090909,0.1879393939393939,106.15757575757578
20151120135152-25km-D2-DROWSY-MOTORWAY,D2,motorway,highway,drowsy,94.8,0.49414216735253774,0.04433580704085307,0.29692785333333327,0.3950370370370371,105.42222222222222
20151120135152-25km-D2-DROWSY-MOTORWAY,D2,motorway,highway,drowsy,99.8,0.49317512098765437,0.041988660709897374,0.304343164,0.5441333333333332,105.32000000000001
20151120135152-25km-D2-DROWSY-MOTORWAY,D2,motorway,highway,drowsy,104.8,0.5044301863075197,0.03786216817985972,0.30833916363636366,0.44139393939393945,106.52727272727272
20151120135152-25km-D2-DROWSY-MOTORWAY,D2,motorway,highway,drowsy,109.8,0.49517930864197535,0.031587062392651966,0.296327696,0.2962666666666667,105.54666666666665
20151120135152-25km-D2-DROWSY-MOTORWAY,D2,motorway,highway,drowsy,114.8,0.4739023604938272,0.042122347122601905,0.249278816,0.3474,103.24666666666667
20151120135152-25km-D2-DROWSY-MOTORWAY,D2,motorway,highway,drowsy,119.8,0.4880920839506172,0.06021019223239417,0.203533692,0.4242,104.74333333333334
20151120135152-25km-D2-DROWSY-MOTORWAY,D2,motorway,highway,drowsy,124.8,0.522322898765432,0.0459103605221971,0.172374588,0.4202,108.39666666666668
20151120135152-25km-D2-DROWSY-MOTORWAY,D2,motorway,highway,drowsy,129.8,0.5208625234567902,0.02289080175331165,0.19286492000000002,0.3083333333333333,108.25000000000003
20151120135152-25km-D2-DROWSY-MOTORWAY,D2,motorway,highway,drowsy,134.8,0.5142655604938271,0.018551067602372302,0.271096804,0.3285333333333333,107.56666666666668
20151120135152-25km-D2-DROWSY-MOTORWAY,D2,motorway,highway,drowsy,139.8,0.509872350617284,0.026442668873036222,0.250402028,0.33599999999999997,107.10333333333332
20151120135152-25km-D2-DROWSY-MOTORWAY,D2,motorway,highway,drowsy,144.8,0.49713891906721547,0.032302246310556865,0.2146571377777778,0.2648148148148148,105.75555555555555
20151120135152-25km-D2-DROWSY-MOTORWAY,D2,motorway,highway,drowsy,149.8,0.49687087517146783,0.020617850249237357,0.27953615555555555,0.23192592592592595,105.72962962962963
20151120135152-25km-D2-DROWSY-MOTORWAY,D2,motorway,highway,drowsy,154.8,0.4928259618406285,0.03552143637681617,0.37185685454545453,0.16896969696969696,105.2878787878788
20151120135152-25km-D2-DROWSY-MOTORWAY,D2,motorway,highway,drowsy,159.8,0.48001292480359153,0.058753494002118795,0.36687455999999996,0.19654545454545455,103.9060606060606
20151120135152-25km-D2-DROWSY-MOTORWAY,D2,motorway,highway,drowsy,164.8,0.4987702386831275,0.05031219501504027,0.31418701777777774,0.1242222222222222,105.88888888888889
20151120135152-25km-D2-DROWSY-MOTORWAY,D2,motorway,highway,drowsy,169.8,0.5305822320987653,0.026257201864253798,0.26961225599999994,0.18313333333333331,109.25999999999999
20151120135152-25km-D2-DROWSY-MOTORWAY,D2,motorway,highway,drowsy,174.8,0.5382897149270481,0.0251967545096494,0.1766062,0.21551515151515152,110.04848484848485
20151120135152-25km-D2-DROWSY-MOTORWAY,D2,motorway,highway,drowsy,179.8,0.5475065086419753,0.02884713278175439,0.07812407600000001,0.17373333333333335,110.98666666666668
20151120135152-25km-D2-DROWSY-MOTORWAY,D2,motorway,highway,drowsy,184.8,0.5499327604938271,0.023954613247615913,0.021362159999999998,0.17306666666666667,111.23333333333335
20151120135152-25km-D2-DROWSY-MOTORWAY,D2,motorway,highway,drowsy,189.8,0.553172286419753,0.021637697856927506,0.006704164000000007,0.1973333333333333,111.55999999999999
20151120135152-25km-D2-DROWSY-MOTORWAY,D2,motorway,highway,drowsy,194.8,0.5533568938271605,0.03459573702486867,0.005687340000000004,0.2673333333333333,111.57666666666667
20151120135152-25km-D2-DROWSY-MOTORWAY,D2,motorway,highway,drowsy,199.8,0.5303565102880659,0.050177767970938765,0.020466479999999995,0.18481481481481482,109.20740740740742
20151120135152-25km-D2-DROWSY-MOTORWAY,D2,motorway,highway,drowsy,204.8,0.5028551604938272,0.042666983455512945,0.036443956,0.07206666666666667,106.35999999999999
20151120135152-25km-D2-DROWSY-MOTORWAY,D2,motorway,highway,drowsy,209.8,0.5081366765432097,0.023949757564919454,0.024239083999999998,0.2006666666666667,106.91666666666666
20151120135152-25km-D2-DROWSY-MOTORWAY,D2,motorway,highway,drowsy,214.8,0.5230499862825789,0.02306150676471353,0.0047290133333333295,0.2588888888888889,108.48148148148147
20151120135152-25km-D2-DROWSY-MOTORWAY,D2,motorway,highway,drowsy,219.8,0.5125709809203143,0.02155344062535185,0.0011608181818181815,0.11454545454545452,107.38181818181819
20151120135152-25km-D2-DROWSY-MOTORWAY,D2,motorway,highway,drowsy,224.8,0.49842078563411896,0.018521277438693383,0.03716693818181819,0.20327272727272724,105.8969696969697
20151120135152-25km-D2-DROWSY-MOTORWAY,D2,motorway,highway,drowsy,229.8,0.4841508395061728,0.02036125676169391,0.106695036,0.4564666666666667,104.36333333333332
20151120135152-25km-D2-DROWSY-MOTORWAY,D2,motorway,highway,drowsy,234.8,0.47816297283950615,0.021009326591876164,0.09838852000000001,0.4376666666666667,103.71999999999998
20151120135152-25km-D2-DROWSY-MOTORWAY,D2,motorway,highway,drowsy,239.8,0.47940035555555555,0.031829075915649666,0.12993716800000002,0.31039999999999995,103.85333333333332
20151120135152-25km-D2-DROWSY-MOTORWAY,D2,motorway,highway,drowsy,244.8,0.4627785728395062,0.03662762654209964,0.27870482799999996,0.24173333333333336,102.03
20151120135152-25km-D2-DROWSY-MOTORWAY,D2,motorway,highway,drowsy,249.8,0.4551096049382716,0.029327845946649982,0.352416628,0.17653333333333332,101.19
20151120135152-25km-D2-DROWSY-MOTORWAY,D2,motorway,highway,drowsy,254.8,0.4622758189300411,0.024095665586159064,0.3357484666666666,0.12496296296296294,101.98518518518519
20151120135152-25km-D2-DROWSY-MOTORWAY,D2,motorway,highway,drowsy,259.8,0.4594908098765432,0.021377718843278014,0.325259664,0.12046666666666668,101.67666666666666
20151120135152-25km-D2-DROWSY-MOTORWAY,D2,motorway,highway,drowsy,264.8,0.4515787429854097,0.028574092092935387,0.34177472727272723,0.281030303030303,100.7969696969697
20151120135152-25km-D2-DROWSY-MOTORWAY,D2,motorway,highway,drowsy,269.8,0.4589667802469135,0.03765027814828766,0.379886732,0.40413333333333334,101.61
20151120135152-25km-D2-DROWSY-MOTORWAY,D2,motorway,highway,drowsy,274.8,0.46305423209876545,0.026912189008146792,0.416293264,0.2707333333333334,102.06666666666668
20151120135152-25km-D2-DROWSY-MOTORWAY,D2,motorway,highway,drowsy,279.8,0.4575779407407407,0.024747207346490184,0.41846576000000013,0.2492,101.46333333333334
20151120135152-25km-D2-DROWSY-MOTORWAY,D2,motorway,highway,drowsy,284.8,0.4662250913580247,0.01933467944118526,0.331399964,0.293,102.41666666666667
20151120135152-25km-D2-DROWSY-MOTORWAY,D2,motorway,highway,drowsy,289.8,0.47732623703703697,0.018080751962416063,0.22761289599999998,0.20073333333333335,103.63
20151120135152-25km-D2-DROWSY-MOTORWAY,D2,motorway,highway,drowsy,294.8,0.48735310617283945,0.015079603959367593,0.31331508399999997,0.29566666666666663,104.71333333333332
20151120135152-25km-D2-DROWSY-MOTORWAY,D2,motorway,highway,drowsy,299.8,0.4893545728395061,0.010409270499870863,0.343192328,0.4996666666666667,104.93000000000002
20151120135152-25km-D2-DROWSY-MOTORWAY,D2,motorway,highway,drowsy,304.8,0.4727457975308642,0.02859117037123124,0.18461006,0.4188666666666667,103.12
20151120135152-25km-D2-DROWSY-MOTORWAY,D2,motorway,highway,drowsy,309.8,0.46281847901234563,0.035308539309405765,0.069716592,0.19466666666666668,102.04
20151120135152-25km-D2-DROWSY-MOTORWAY,D2,motorway,highway,drowsy,314.8,0.4570688493827161,0.04950174261777725,0.041037779999999996,0.18513333333333332,101.39333333333333
20151120135152-25km-D2-DROWSY-MOTORWAY,D2,motorway,highway,drowsy,319.8,0.42380765432098766,0.0542618885003137,0.043982144,0.22279999999999994,97.6
20151120135152-25km-D2-DROWSY-MOTORWAY,D2,motorway,highway,drowsy,324.8,0.39940093278463645,0.03544013767604296,0.1027638311111111,0.32540740740740737,94.79259259259258
20151120135152-25km-D2-DROWSY-MOTORWAY,D2,motorway,highway,drowsy,329.8,0.411389787654321,0.028436930467825118,0.22640412799999998,0.38119999999999993,96.2
20151120135152-25km-D2-DROWSY-MOTORWAY,D2,motorway,highway,drowsy,334.8,0.41999433894500554,0.028792780116881224,0.13583725454545456,0.3563636363636364,97.20909090909093
20151120135152-25km-D2-DROWSY-MOTORWAY,D2,motorway,highway,drowsy,339.8,0.39952107160493827,0.047383988524053997,0.0,0.3528,94.77
20151120135152-25km-D2-DROWSY-MOTORWAY,D2,motorway,highway,drowsy,344.8,0.3683747259259259,0.048755580901919046,0.07289266000000001,0.2242,91.02
20151120135152-25km-D2-DROWSY-MOTORWAY,D2,motorway,highway,drowsy,349.8,0.33161125925925916,0.06752047686020843,0.29056107600000003,0.12726666666666667,86.28
20151120135152-25km-D2-DROWSY-MOTORWAY,D2,motorway,highway,drowsy,354.8,0.29908972345679014,0.07894930766700468,0.49209842400000003,0.21013333333333334,81.99
20151120135152-25km-D2-DROWSY-MOTORWAY,D2,motorway,highway,drowsy,359.8,0.3189921925925926,0.0837297143636189,0.5421124360000001,0.20686666666666667,84.61666666666667
20151120135152-25km-D2-DROWSY-MOTORWAY,D2,motorway,highway,drowsy,364.8,0.38870223209876537,0.10193855093164857,0.441286384,0.16919999999999996,93.33999999999999
20151120135152-25km-D2-DROWSY-MOTORWAY,D2,motorway,highway,drowsy,369.8,0.45035427654320986,0.0525298073922161,0.345338296,0.2358,100.62999999999998
20151120135152-25km-D2-DROWSY-MOTORWAY,D2,motorway,highway,drowsy,374.8,0.46287818765432087,0.02260781202107545,0.350626896,0.1482,102.05
20151120135152-25km-D2-DROWSY-MOTORWAY,D2,motorway,highway,drowsy,379.8,0.46449633580246913,0.027934193032315018,0.37523514,0.24786666666666668,102.22666666666666
20151120135152-25km-D2-DROWSY-MOTORWAY,D2,motorway,highway,drowsy,384.8,0.4584282962962963,0.03985718912592155,0.401359028,0.48553333333333326,101.54666666666665
20151120135152-25km-D2-DROWSY-MOTORWAY,D2,motorway,highway,drowsy,389.8,0.46198360987654324,0.05847628960635561,0.38243224000000003,0.6019333333333332,101.93
20151120135152-25km-D2-DROWSY-MOTORWAY,D2,motorway,highway,drowsy,394.8,0.4739816148148148,0.04927668755570842,0.330036832,0.5925333333333334,103.26333333333332
20151120135152-25km-D2-DROWSY-MOTORWAY,D2,motorway,highway,drowsy,399.8,0.4634027308641975,0.05360356346473292,0.17879449199999997,0.3831333333333333,102.09666666666665
20151120135152-25km-D2-DROWSY-MOTORWAY,D2,motorway,highway,drowsy,404.8,0.4252545827160493,0.0717758778252259,0.07349397599999999,0.13193333333333332,97.72333333333333
20151120135152-25km-D2-DROWSY-MOTORWAY,D2,motorway,highway,drowsy,409.8,0.3810642469135803,0.05256628376734064,0.17921373599999998,0.1993333333333333,92.57333333333332
20151120135152-25km-D2-DROWSY-MOTORWAY,D2,motorway,highway,drowsy,414.8,0.36978888395061726,0.053589515661407315,0.13189321599999998,0.293,91.20333333333333
20151120135152-25km-D2-DROWSY-MOTORWAY,D2,motorway,highway,drowsy,419.8,0.4074810913580246,0.07474800964104741,0.0,0.1784,95.63000000000001
20151120135152-25km-D2-DROWSY-MOTORWAY,D2,motorway,highway,drowsy,424.8,0.4326394962962962,0.07470124701115594,0.0,0.2215333333333333,98.63333333333333
20151120135152-25km-D2-DROWSY-MOTORWAY,D2,motorway,highway,drowsy,429.8,0.4089513283950617,0.05684148543677579,0.0,0.2970666666666667,95.9
20151120135152-25km-D2-DROWSY-MOTORWAY,D2,motorway,highway,drowsy,434.8,0.3927226765432098,0.052378674857691154,0.0,0.27473333333333333,93.98666666666666
20151120135152-25km-D2-DROWSY-MOTORWAY,D2,motorway,highway,drowsy,439.8,0.36085518518518517,0.07231667913191032,0.0,0.17373333333333332,90.02333333333333
20151120135152-25km-D2-DROWSY-MOTORWAY,D2,motorway,highway,drowsy,444.8,0.30700582716049385,0.07973640661625106,0.0,0.13473333333333332,83.00666666666667
20151120135152-25km-D2-DROWSY-MOTORWAY,D2,motorway,highway,drowsy,449.8,0.25797800000000004,0.06895970214196583,0.0,0.12393333333333331,76.09
20151120135152-25km-D2-DROWSY-MOTORWAY,D2,motorway,highway,drowsy,454.8,0.2316467950617284,0.04418130812517397,0.0,0.035,72.17999999999999
20151120135152-25km-D2-DROWSY-MOTORWAY,D2,motorway,highway,drowsy,459.8,0.21316517530864193,0.052981227203135604,0.0,0.05793333333333332,69.2
20151120135152-25km-D2-DROWSY-MOTORWAY,D2,motorway,highway,drowsy,464.8,0.1906726864197531,0.06182209260054043,0.0,0.12533333333333335,65.46333333333332
20151120135152-25km-D2-DROWSY-MOTORWAY,D2,motorway,highway,drowsy,469.8,0.188291575308642,0.05052296282616482,0.0,0.14826666666666669,65.06666666666666
20151120135152-25km-D2-DROWSY-MOTORWAY,D2,motorway,highway,drowsy,474.8,0.19186100740740739,0.0528682210336632,0.044205592,0.16300000000000003,65.67999999999999
20151120135152-25km-D2-DROWSY-MOTORWAY,D2,motorway,highway,drowsy,479.8,0.19402019259259257,0.04449757493513758,0.12912699600000002,0.20406666666666667,66.05000000000001
20151120135152-25km-D2-DROWSY-MOTORWAY,D2,motorway,highway,drowsy,484.8,0.2046923950617284,0.057631630376097046,0.13772330000000002,0.14419999999999997,67.84666666666666
20151120135152-25km-D2-DROWSY-MOTORWAY,D2,motorway,highway,drowsy,489.8,0.1951124060356653,0.08484235353732791,0.07503379555555556,0.0637037037037037,66.17037037037035
20151120135152-25km-D2-DROWSY-MOTORWAY,D2,motorway,highway,drowsy,494.8,0.15287448395061726,0.07068048644237282,0.19464264800000003,0.1496,58.516666666666666
20151120135152-25km-D2-DROWSY-MOTORWAY,D2,motorway,highway,drowsy,499.8,0.13083623344556677,0.04609291371197823,0.25368769818181813,0.17945454545454548,54.209090909090904
20151120135152-25km-D2-DROWSY-MOTORWAY,D2,motorway,highway,drowsy,504.8,0.13528393580246917,0.10080680001184383,0.09914234,0.1698,55.010000000000005
20151120135152-25km-D2-DROWSY-MOTORWAY,D2,motorway,highway,drowsy,509.8,0.20757885925925926,0.19195795118504014,0.0,0.161,67.43
20151120135152-25km-D2-DROWSY-MOTORWAY,D2,motorway,highway,drowsy,514.8,0.3123841234567901,0.13891394510100682,0.0,0.14279999999999998,83.50333333333333
20151120135152-25km-D2-DROWSY-MOTORWAY,D2,motorway,highway,drowsy,519.8,0.34640886913580243,0.06819910259299079,0.0,0.23500000000000001,88.25999999999999
20151120135152-25km-D2-DROWSY-MOTORWAY,D2,motorway,highway,drowsy,524.8,0.3081335802469135,0.07583469139548189,0.0,0.30500000000000005,83.16666666666666
20151120135152-25km-D2-DROWSY-MOTORWAY,D2,motorway,highway,drowsy,529.8,0.258704824691358,0.0766372591006532,0.09908485199999999,0.19060000000000002,76.19666666666667
20151120135152-25km-D2-DROWSY-MOTORWAY,D2,motorway,highway,drowsy,534.8,0.2226340543209877,0.07351793356343972,0.22666557599999998,0.09906666666666666,70.72666666666667
20151120135152-25km-D2-DROWSY-MOTORWAY,D2,motorway,highway,drowsy,539.8,0.24632695308641978,0.10417908683950294,0.277640244,0.21893333333333334,74.18666666666667
20151120135152-25km-D2-DROWSY-MOTORWAY,D2,motorway,highway,drowsy,544.8,0.31826718518518515,0.12418938250673657,0.18129309199999996,0.2229333333333333,84.42333333333333
20151120135152-25km-D2-DROWSY-MOTORWAY,D2,motorway,highway,drowsy,549.8,0.38610731358024686,0.0841275807119774,0.040778448,0.10980000000000001,93.09
20151120135152-25km-D2-DROWSY-MOTORWAY,D2,motorway,highway,drowsy,554.8,0.4294469530864197,0.061742914497749726,0.088205864,0.0788,98.28
20151120135152-25km-D2-DROWSY-MOTORWAY,D2,motorway,highway,drowsy,559.8,0.43441927572016464,0.064257540795642,0.11919109777777777,0.05014814814814814,98.84814814814816
20151120135152-25km-D2-DROWSY-MOTORWAY,D2,motorway,highway,drowsy,564.8,0.4601953854595336,0.07375494947219809,0.05785514222222224,0.04407407407407407,101.68518518518518
20151120135152-25km-D2-DROWSY-MOTORWAY,D2,motorway,highway,drowsy,569.8,0.5103021863075196,0.0607411091381522,0.07035175272727275,0.09478787878787881,107.11515151515151
20151120135152-25km-D2-DROWSY-MOTORWAY,D2,motorway,highway,drowsy,574.8,0.5130998787878788,0.040984731448889984,0.1179336981818182,0.11636363636363636,107.42424242424241
20151120135152-25km-D2-DROWSY-MOTORWAY,D2,motorway,highway,drowsy,579.8,0.4865483209876543,0.03730710779953637,0.15637192800000002,0.07546666666666668,104.62333333333333
20151120135152-25km-D2-DROWSY-MOTORWAY,D2,motorway,highway,drowsy,584.8,0.5009047308641975,0.04509038755257745,0.11839672000000004,0.30706666666666665,106.13333333333333
20151120135152-25km-D2-DROWSY-MOTORWAY,D2,motorway,highway,drowsy,589.8,0.5321100938271605,0.03646864277332903,0.08784043200000002,0.42633333333333334,109.40666666666667
20151120135152-25km-D2-DROWSY-MOTORWAY,D2,motorway,highway,drowsy,594.8,0.5414755308641975,0.012486527288784507,0.133420388,0.16773333333333335,110.37666666666667
20151120135152-25km-D2-DROWSY-MOTORWAY,D2,motorway,highway,drowsy,599.8,0.5309001728395062,0.034041322601890155,0.21168243599999997,0.07606666666666667,109.28333333333335
20151120135152-25km-D2-DROWSY-MOTORWAY,D2,motorway,highway,drowsy,604.8,0.5069463045267489,0.03972613135113962,0.2933064311111111,0.11303703703703705,106.77777777777777
20151120135152-25km-D2-DROWSY-MOTORWAY,D2,motorway,highway,drowsy,609.8,0.4805349794238683,0.016771121081869386,0.36520237777777775,0.15866666666666668,103.97777777777777
20151120135152-25km-D2-DROWSY-MOTORWAY,D2,motorway,highway,drowsy,614.8,0.470609925925926,0.016927643228649748,0.41294938545454535,0.13042424242424244,102.89999999999999
20151120135152-25km-D2-DROWSY-MOTORWAY,D2,motorway,highway,drowsy,619.8,0.46980181369248036,0.01620369917259281,0.44449398909090904,0.228969696969697,102.81212121212121
20151120135152-25km-D2-DROWSY-MOTORWAY,D2,motorway,highway,drowsy,624.8,0.45976959012345675,0.03891500848864797,0.458780332,0.2794666666666667,101.69333333333333
20151120135152-25km-D2-DROWSY-MOTORWAY,D2,motorway,highway,drowsy,629.8,0.43661134814814817,0.04954532927100022,0.42312234000000004,0.16706666666666667,99.10000000000001
20151120135152-25km-D2-DROWSY-MOTORWAY,D2,motorway,highway,drowsy,634.8,0.44134756543209874,0.033935089054476716,0.32589134799999997,0.11579999999999999,99.63333333333334
20151120135152-25km-D2-DROWSY-MOTORWAY,D2,motorway,highway,drowsy,639.8,0.4644451654320988,0.026689954410537557,0.293983452,0.1992,102.22
20151120135152-25km-D2-DROWSY-MOTORWAY,D2,motorway,highway,drowsy,644.8,0.496039787654321,0.04913009015101203,0.390275048,0.29619999999999996,105.61000000000001
20151120135152-25km-D2-DROWSY-MOTORWAY,D2,motorway,highway,drowsy,649.8,0.515763837037037,0.06293426984526963,0.31911812399999995,0.17373333333333335,107.71666666666667
20151120135152-25km-D2-DROWSY-MOTORWAY,D2,motorway,highway,drowsy,654.8,0.5494667555555556,0.07186947119169904,0.10229536400000001,0.08893333333333334,111.1
20151120135152-25km-D2-DROWSY-MOTORWAY,D2,motorway,highway,drowsy,659.8,0.5842061530864199,0.09425737124365394,0.022884599999999998,0.1502,114.61333333333334
20151120135152-25km-D2-DROWSY-MOTORWAY,D2,motorway,highway,drowsy,664.8,0.5468051851851852,0.07525064339861762,0.04550900000000001,0.18046666666666666,110.84666666666669
20151120135152-25km-D2-DROWSY-MOTORWAY,D2,motorway,highway,drowsy,669.8,0.5135083555555557,0.031108837877902147,0.03595824000000001,0.3488666666666667,107.48666666666668
20151120135152-25km-D2-DROWSY-MOTORWAY,D2,motorway,highway,drowsy,674.8,0.5133914222222222,0.008261015052726925,0.0,0.5677333333333334,107.47666666666666
20151120135152-25km-D2-DROWSY-MOTORWAY,D2,motorway,highway,drowsy,679.8,0.5064917481481481,0.014843356726696264,0.0,0.5650000000000001,106.75
20151120135152-25km-D2-DROWSY-MOTORWAY,D2,motorway,highway,drowsy,684.8,0.5078205530864199,0.027938101502964902,0.010037979999999998,0.466,106.88666666666668
20151120135152-25km-D2-DROWSY-MOTORWAY,D2,motorway,highway,drowsy,689.8,0.5124650617283952,0.03281581172982352,0.010037979999999998,0.3077333333333333,107.37666666666667
20151120135152-25km-D2-DROWSY-MOTORWAY,D2,motorway,highway,drowsy,694.8,0.5175557695473252,0.03032146209270113,0.0033872399999999993,0.25362962962962965,107.90740740740742
20151120135152-25km-D2-DROWSY-MOTORWAY,D2,motorway,highway,drowsy,699.8,0.5362910370370372,0.030762710523164604,0.04463548800000001,0.29700000000000004,109.84333333333333
20151120135152-25km-D2-DROWSY-MOTORWAY,D2,motorway,highway,drowsy,704.8,0.5329662267115601,0.028947859859115677,0.06012338909090909,0.3201818181818182,109.5
20151120135152-25km-D2-DROWSY-MOTORWAY,D2,motorway,highway,drowsy,709.8,0.5309246271604938,0.03022056580251924,0.128207428,0.4222666666666667,109.29
20151120135152-25km-D2-DROWSY-MOTORWAY,D2,motorway,highway,drowsy,714.8,0.5553751901234569,0.03123594250522661,0.257143132,0.43373333333333336,111.77333333333334
20151120135152-25km-D2-DROWSY-MOTORWAY,D2,motorway,highway,drowsy,719.8,0.5851711753086422,0.04380809731965115,0.269094464,0.3905333333333333,114.72999999999999
20151120135152-25km-D2-DROWSY-MOTORWAY,D2,motorway,highway,drowsy,724.8,0.5916068916323732,0.056330107216377406,0.19558804444444444,0.31044444444444447,115.36296296296297
20151120135152-25km-D2-DROWSY-MOTORWAY,D2,motorway,highway,drowsy,729.8,0.5641071358024693,0.03934109548342722,0.08254512,0.08820000000000001,112.65
20151120135152-25km-D2-DROWSY-MOTORWAY,D2,motorway,highway,drowsy,734.8,0.5678073975308643,0.03583946392782291,0.030063351999999988,0.14620000000000002,113.01333333333335
20151120135152-25km-D2-DROWSY-MOTORWAY,D2,motorway,highway,drowsy,739.8,0.5925618617283951,0.034108188868837847,0.011047843999999996,0.27819999999999995,115.46333333333332
20151120135152-25km-D2-DROWSY-MOTORWAY,D2,motorway,highway,drowsy,744.8,0.5799095667789,0.0325530825517476,0.0028276145454545457,0.19406060606060604,114.2121212121212
20151120135152-25km-D2-DROWSY-MOTORWAY,D2,motorway,highway,drowsy,749.8,0.5430388395061729,0.04749932410516969,0.0,0.1905333333333333,110.51000000000002
20151120135152-25km-D2-DROWSY-MOTORWAY,D2,motorway,highway,drowsy,754.8,0.5115396543209877,0.04851223569042197,0.0,0.2357333333333333,107.26666666666668
20151120135152-25km-D2-DROWSY-MOTORWAY,D2,motorway,highway,drowsy,759.8,0.5087201728395062,0.04266741659013732,0.055404964,0.2472666666666667,106.97666666666666
20151120135152-25km-D2-DROWSY-MOTORWAY,D2,motorway,highway,drowsy,764.8,0.5288767555555556,0.037374545164134965,0.19805028,0.38793333333333335,109.07666666666667
20151120135152-25km-D2-DROWSY-MOTORWAY,D2,motorway,highway,drowsy,769.8,0.5382303259259259,0.05342035374982697,0.17344173600000004,0.3192,110.03666666666668
20151120135152-25km-D2-DROWSY-MOTORWAY,D2,motorway,highway,drowsy,774.8,0.5715005530864197,0.057329915303951096,0.030796419999999998,0.13673333333333332,113.33333333333333
20151120135152-25km-D2-DROWSY-MOTORWAY,D2,motorway,highway,drowsy,779.8,0.608872212345679,0.029119111706263117,0.0,0.25326666666666664,117.04333333333332
20151120135152-25km-D2-DROWSY-MOTORWAY,D2,motorway,highway,drowsy,784.8,0.6060007626886146,0.01695996901540708,0.0,0.3711851851851852,116.76666666666665
20151120135152-25km-D2-DROWSY-MOTORWAY,D2,motorway,highway,drowsy,789.8,0.6073107012345679,0.037315615536780235,0.0,0.4942000000000001,116.88333333333335
20151120135152-25km-D2-DROWSY-MOTORWAY,D2,motorway,highway,drowsy,794.8,0.6259903479236812,0.04058507804023402,0.0,0.5630909090909091,118.66060606060606
20151120135152-25km-D2-DROWSY-MOTORWAY,D2,motorway,highway,drowsy,799.8,0.6346853827160495,0.039244981032849756,0.0,0.5372666666666668,119.49333333333337
20151120135152-25km-D2-DROWSY-MOTORWAY,D2,motorway,highway,drowsy,804.8,0.5893423358024691,0.07326694854998479,0.032252196,0.39659999999999995,115.07666666666667
20151120135152-25km-D2-DROWSY-MOTORWAY,D2,motorway,highway,drowsy,809.8,0.5268446518518519,0.05665581599439819,0.14387847199999998,0.2122,108.83333333333333
20151120135152-25km-D2-DROWSY-MOTORWAY,D2,motorway,highway,drowsy,814.8,0.5105262441700961,0.030065859273825726,0.20089319555555557,0.256,107.17037037037036
20151120135152-25km-D2-DROWSY-MOTORWAY,D2,motorway,highway,drowsy,819.8,0.5204179901234568,0.036543103467008,0.0691776,0.18246666666666664,108.20333333333333
20151120135152-25km-D2-DROWSY-MOTORWAY,D2,motorway,highway,drowsy,824.8,0.5221294545454545,0.03055052040173956,0.0,0.13333333333333333,108.38181818181816
20151120135152-25km-D2-DROWSY-MOTORWAY,D2,motorway,highway,drowsy,829.8,0.5137851654320987,0.035294298902100826,0.0,0.21939999999999998,107.50666666666666
20151120135152-25km-D2-DROWSY-MOTORWAY,D2,motorway,highway,drowsy,834.8,0.4604367999999999,0.13105607839888184,0.17514311600000002,0.1326,101.51333333333334
20151120135152-25km-D2-DROWSY-MOTORWAY,D2,motorway,highway,drowsy,839.8,0.38383004938271603,0.13498468482284437,0.17514311600000002,0.066,92.67666666666666
20151120135152-25km-D2-DROWSY-MOTORWAY,D2,motorway,highway,drowsy,844.8,0.3667019160493827,0.07115951935151468,0.258876384,0.1704,90.78666666666668
20151120135152-25km-D2-DROWSY-MOTORWAY,D2,motorway,highway,drowsy,849.8,0.4342635259259259,0.11165559360378788,0.471109768,0.16373333333333334,98.64
20151120135152-25km-D2-DROWSY-MOTORWAY,D2,motorway,highway,drowsy,854.8,0.5320052938271604,0.10574325788042767,0.294125584,0.10373333333333332,109.27333333333334
20151120135152-25km-D2-DROWSY-MOTORWAY,D2,motorway,highway,drowsy,859.8,0.5435111358024691,0.09784562203534611,0.2842984,0.1286,110.49666666666667
20151120135152-25km-D2-DROWSY-MOTORWAY,D2,motorway,highway,drowsy,864.8,0.48125263209876545,0.07326813599094843,0.44647088,0.17046666666666668,103.99333333333331
20151120135152-25km-D2-DROWSY-MOTORWAY,D2,motorway,highway,drowsy,869.8,0.45332709629629625,0.034236111617695145,0.473397388,0.28966666666666663,100.99000000000001
20151120135152-25km-D2-DROWSY-MOTORWAY,D2,motorway,highway,drowsy,874.8,0.4550747506172839,0.032470541288635316,0.453784924,0.23506666666666662,101.18333333333332
20151120135152-25km-D2-DROWSY-MOTORWAY,D2,motorway,highway,drowsy,879.8,0.46037688888888884,0.024768579259112255,0.44028248400000003,0.21880000000000002,101.77333333333333
20151120135152-25km-D2-DROWSY-MOTORWAY,D2,motorway,highway,drowsy,884.8,0.4644448839506173,0.02956169887637653,0.4237187240000001,0.2518,102.22333333333333
20151120135152-25km-D2-DROWSY-MOTORWAY,D2,motorway,highway,drowsy,889.8,0.4762606469135803,0.03862907322113596,0.41115131600000004,0.22433333333333336,103.50999999999999
20151120135152-25km-D2-DROWSY-MOTORWAY,D2,motorway,highway,drowsy,894.8,0.4737567703703703,0.044759711815555644,0.303752704,0.29773333333333335,103.23333333333332
20151120135152-25km-D2-DROWSY-MOTORWAY,D2,motorway,highway,drowsy,899.8,0.4685729283950616,0.038971541460740756,0.15725326399999998,0.3401333333333333,102.67333333333333
20151120135152-25km-D2-DROWSY-MOTORWAY,D2,motorway,highway,drowsy,904.8,0.4501606024691358,0.05484229801847061,0.070957284,0.2667333333333334,100.58666666666666
20151120135152-25km-D2-DROWSY-MOTORWAY,D2,motorway,highway,drowsy,909.8,0.4247873827160493,0.05944924185053765,0.014193864,0.21013333333333334,97.74999999999999
20151120135152-25km-D2-DROWSY-MOTORWAY,D2,motorway,highway,drowsy,914.8,0.4125448938271605,0.042187489784078956,0.0,0.21146666666666664,96.33
20151120135152-25km-D2-DROWSY-MOTORWAY,D2,motorway,highway,drowsy,919.8,0.39642129876543214,0.04024072380882224,0.0,0.18653333333333333,94.43666666666668
20151120135152-25km-D2-DROWSY-MOTORWAY,D2,motorway,highway,drowsy,924.8,0.3782891358024692,0.041828869458216435,4.579599999999989e-05,0.1508,92.23333333333333
20151120135152-25km-D2-DROWSY-MOTORWAY,D2,motorway,highway,drowsy,929.8,0.33988889382716053,0.062149314068472496,0.0013775120000000013,0.12786666666666668,87.38333333333334
20151120135152-25km-D2-DROWSY-MOTORWAY,D2,motorway,highway,drowsy,934.8,0.26885790123456793,0.17659542879084036,0.0013317160000000015,0.21206666666666668,77.27666666666667
20151120135152-25km-D2-DROWSY-MOTORWAY,D2,motorway,highway,drowsy,939.8,0.16610893333333332,0.1919345618419645,0.16156809599999997,0.20739999999999997,60.03666666666667
20151120131714-26km-D2-NORMAL-MOTORWAY,D2,motorway,highway,normal,22.97,0.2878321049382716,0.13923025154571836,0.011329956,0.27026666666666666,80.03166666666667
20151120131714-26km-D2-NORMAL-MOTORWAY,D2,motorway,highway,normal,27.97,0.3372667564534232,0.0675664875317007,0.0,0.23587878787878783,87.0909090909091
20151120131714-26km-D2-NORMAL-MOTORWAY,D2,motorway,highway,normal,32.97,0.32358511604938267,0.03962471616934689,0.0,0.17166666666666663,85.29333333333334
20151120131714-26km-D2-NORMAL-MOTORWAY,D2,motorway,highway,normal,37.97,0.3041737283950618,0.0201584938885642,0.0,0.1628,82.72666666666667
20151120131714-26km-D2-NORMAL-MOTORWAY,D2,motorway,highway,normal,42.97,0.31948063299663304,0.04569141698077562,0.0,0.16145454545454546,84.73636363636363
20151120131714-26km-D2-NORMAL-MOTORWAY,D2,motorway,highway,normal,47.97,0.33857401481481475,0.07236452219575404,0.0,0.16266666666666668,87.25333333333333
20151120131714-26km-D2-NORMAL-MOTORWAY,D2,motorway,highway,normal,52.97,0.32009243347050753,0.05748526042183907,0.0001152044444444445,0.11370370370370371,84.80740740740741
20151120131714-26km-D2-NORMAL-MOTORWAY,D2,motorway,highway,normal,57.97,0.3114361975308642,0.06173646562615189,0.007856467999999995,0.17566666666666667,83.67333333333335
20151120131714-26km-D2-NORMAL-MOTORWAY,D2,motorway,highway,normal,62.97,0.34916847901234566,0.09669450437656775,0.01649465999999999,0.16019999999999998,88.49000000000001
20151120131714-26km-D2-NORMAL-MOTORWAY,D2,motorway,highway,normal,67.97,0.4269041234567902,0.07164280054068146,0.026763492,0.07740000000000001,97.93666666666665
20151120131714-26km-D2-NORMAL-MOTORWAY,D2,motorway,highway,normal,72.97,0.45132620246913574,0.03625391986984755,0.023610112000000006,0.04986666666666667,100.76666666666667
20151120131714-26km-D2-NORMAL-MOTORWAY,D2,motorway,highway,normal,77.97,0.4459928641975309,0.023565460968487315,0.021725784000000005,0.10913333333333333,100.17
20151120131714-26km-D2-NORMAL-MOTORWAY,D2,motorway,highway,normal,82.97,0.43029745185185175,0.035410939151349255,0.092019472,0.13600000000000004,98.38
20151120131714-26km-D2-NORMAL-MOTORWAY,D2,motorway,highway,normal,87.97,0.4093719122085048,0.07989013654910875,0.3484305422222222,0.2117037037037037,95.95185185185186
20151120131714-26km-D2-NORMAL-MOTORWAY,D2,motorway,highway,normal,92.97,0.46157229180695847,0.08546634651087379,0.3749389418181818,0.14133333333333334,101.72121212121213
20151120131714-26km-D2-NORMAL-MOTORWAY,D2,motorway,highway,normal,97.97,0.5240951425364759,0.057835413650652194,0.258571229090909,0.07218181818181818,108.56060606060605
20151120131714-26km-D2-NORMAL-MOTORWAY,D2,motorway,highway,normal,102.97,0.5283925876543208,0.035803749215746986,0.22342215199999998,0.13406666666666664,109.02333333333334
20151120131714-26km-D2-NORMAL-MOTORWAY,D2,motorway,highway,normal,107.97,0.5135790913580246,0.038184925030847944,0.22579836800000003,0.11386666666666667,107.49333333333334
20151120131714-26km-D2-NORMAL-MOTORWAY,D2,motorway,highway,normal,112.97,0.5026320444444444,0.023618028840887532,0.24608611599999994,0.07479999999999999,106.33666666666666
20151120131714-26km-D2-NORMAL-MOTORWAY,D2,motorway,highway,normal,117.97,0.4903155939643347,0.008108580119180746,0.26492158222222223,0.06444444444444444,105.03333333333335
20151120131714-26km-D2-NORMAL-MOTORWAY,D2,motorway,highway,normal,122.97,0.4929852691358024,0.02643522789179279,0.22719625600000004,0.09559999999999999,105.31666666666665
20151120131714-26km-D2-NORMAL-MOTORWAY,D2,motorway,highway,normal,127.97,0.4843276493827159,0.036585835075613,0.19476005999999998,0.10093333333333332,104.37666666666667
20151120131714-26km-D2-NORMAL-MOTORWAY,D2,motorway,highway,normal,132.97,0.4531904801097392,0.03341285519615242,0.14451051111111107,0.07037037037037036,100.96666666666665
20151120131714-26km-D2-NORMAL-MOTORWAY,D2,motorway,highway,normal,137.97,0.44896860246913584,0.060759264077982135,0.07820221600000002,0.11986666666666665,100.48666666666665
20151120131714-26km-D2-NORMAL-MOTORWAY,D2,motorway,highway,normal,142.97,0.4877345333333333,0.057962708612691746,0.051174660000000004,0.17773333333333333,104.68333333333335
20151120131714-26km-D2-NORMAL-MOTORWAY,D2,motorway,highway,normal,147.97,0.5167454765432098,0.034608239049412924,0.045429416,0.12653333333333333,107.82333333333334
20151120131714-26km-D2-NORMAL-MOTORWAY,D2,motorway,highway,normal,152.97,0.5007941593714927,0.04581727259833566,0.03775859272727273,0.10648484848484849,106.13636363636361
20151120131714-26km-D2-NORMAL-MOTORWAY,D2,motorway,highway,normal,157.97,0.5067493063973063,0.040525890465483626,0.07008976363636363,0.17387878787878785,106.75757575757575
20151120131714-26km-D2-NORMAL-MOTORWAY,D2,motorway,highway,normal,162.97,0.5250516296296297,0.017977261492980675,0.13090549999999998,0.2464,108.69000000000001
20151120131714-26km-D2-NORMAL-MOTORWAY,D2,motorway,highway,normal,167.97,0.5200209218106997,0.018166718163651965,0.1807609866666667,0.2342222222222222,108.16666666666667
20151120131714-26km-D2-NORMAL-MOTORWAY,D2,motorway,highway,normal,172.97,0.500310261728395,0.02799978877197919,0.192436096,0.12673333333333334,106.08666666666667
20151120131714-26km-D2-NORMAL-MOTORWAY,D2,motorway,highway,normal,177.97,0.48931164938271604,0.020754807411214667,0.16405063999999997,0.1092,104.92333333333333
20151120131714-26km-D2-NORMAL-MOTORWAY,D2,motorway,highway,normal,182.97,0.49372992592592585,0.018626678645550933,0.07369246222222223,0.12200000000000001,105.3962962962963
20151120131714-26km-D2-NORMAL-MOTORWAY,D2,motorway,highway,normal,187.97,0.5064093108866442,0.022916718911652464,0.012166145454545458,0.06115151515151515,106.73939393939395
20151120131714-26km-D2-NORMAL-MOTORWAY,D2,motorway,highway,normal,192.97,0.5203276888888889,0.02172130286455204,0.0005530879999999991,0.03226666666666667,108.19666666666667
20151120131714-26km-D2-NORMAL-MOTORWAY,D2,motorway,highway,normal,197.97,0.5278895061728395,0.019581716768207396,0.0010105999999999993,0.07333333333333333,108.98333333333335
20151120131714-26km-D2-NORMAL-MOTORWAY,D2,motorway,highway,normal,202.97,0.5352478222222222,0.02852388973248019,0.0008569359999999993,0.12113333333333334,109.73333333333332
20151120131714-26km-D2-NORMAL-MOTORWAY,D2,motorway,highway,normal,207.97,0.5711967061728395,0.035491907132205965,0.0,0.15960000000000002,113.35
20151120131714-26km-D2-NORMAL-MOTORWAY,D2,motorway,highway,normal,212.97,0.5813747250280583,0.02349493353777916,0.0,0.12618181818181815,114.36969696969696
20151120131714-26km-D2-NORMAL-MOTORWAY,D2,motorway,highway,normal,217.97,0.5668542074074074,0.017670026694082887,0.009542336000000002,0.07346666666666667,112.92999999999999
20151120131714-26km-D2-NORMAL-MOTORWAY,D2,motorway,highway,normal,222.97,0.5519930480109739,0.024192276140911025,0.031236648888888885,0.053111111111111116,111.44074074074074
20151120131714-26km-D2-NORMAL-MOTORWAY,D2,motorway,highway,normal,227.97,0.5291030320987654,0.023159856757998264,0.07990795199999999,0.064,109.1
20151120131714-26km-D2-NORMAL-MOTORWAY,D2,motorway,highway,normal,232.97,0.5224061997755332,0.015212228555905033,0.11382948727272729,0.10109090909090908,108.4151515151515
20151120131714-26km-D2-NORMAL-MOTORWAY,D2,motorway,highway,normal,237.97,0.5227834172839506,0.019800682662685355,0.17595016000000002,0.09833333333333334,108.45333333333333
20151120131714-26km-D2-NORMAL-MOTORWAY,D2,motorway,highway,normal,242.97,0.5040795604938272,0.031016581244734453,0.254764924,0.0822,106.48333333333335
20151120131714-26km-D2-NORMAL-MOTORWAY,D2,motorway,highway,normal,247.97,0.48118969547325097,0.03214777870986565,0.25838832,0.12281481481481481,104.04444444444444
20151120131714-26km-D2-NORMAL-MOTORWAY,D2,motorway,highway,normal,252.97,0.4958791440329217,0.05311329143572349,0.18557488,0.08992592592592592,105.59259259259258
20151120131714-26km-D2-NORMAL-MOTORWAY,D2,motorway,highway,normal,257.97,0.5253654864197531,0.04907905170920554,0.141437176,0.09240000000000001,108.71
20151120131714-26km-D2-NORMAL-MOTORWAY,D2,motorway,highway,normal,262.97,0.5144068911335578,0.04472913728243655,0.2636345636363637,0.08575757575757578,107.55454545454546
20151120131714-26km-D2-NORMAL-MOTORWAY,D2,motorway,highway,normal,267.97,0.47055942087542096,0.056414079092775564,0.44702550909090916,0.05145454545454546,102.83333333333334
20151120131714-26km-D2-NORMAL-MOTORWAY,D2,motorway,highway,normal,272.97,0.45314788148148144,0.05035310371699993,0.30914804000000007,0.19333333333333333,100.95333333333335
20151120131714-26km-D2-NORMAL-MOTORWAY,D2,motorway,highway,normal,277.97,0.48006370370370377,0.04841327478410859,0.05340780444444446,0.29488888888888887,103.91111111111111
20151120131714-26km-D2-NORMAL-MOTORWAY,D2,motorway,highway,normal,282.97,0.5021707802469136,0.03294839242043248,0.04039443199999999,0.1724,106.29
20151120131714-26km-D2-NORMAL-MOTORWAY,D2,motorway,highway,normal,287.97,0.51486911335578,0.039488769970645876,0.07330601818181819,0.11690909090909091,107.62121212121211
20151120131714-26km-D2-NORMAL-MOTORWAY,D2,motorway,highway,normal,292.97,0.5428229465020576,0.05169016238945573,0.11631372888888891,0.12644444444444444,110.4888888888889
20151120131714-26km-D2-NORMAL-MOTORWAY,D2,motorway,highway,normal,297.97,0.5426744691358026,0.05043791736231046,0.223334688,0.08613333333333333,110.47333333333333
20151120131714-26km-D2-NORMAL-MOTORWAY,D2,motorway,highway,normal,302.97,0.515118,0.037792940902220386,0.29189606800000006,0.12120000000000002,107.63666666666666
20151120131714-26km-D2-NORMAL-MOTORWAY,D2,motorway,highway,normal,307.97,0.4873680790123456,0.019226790440020236,0.266761032,0.23573333333333335,104.71333333333332
20151120131714-26km-D2-NORMAL-MOTORWAY,D2,motorway,highway,normal,312.97,0.4823594913580246,0.025558147996604462,0.21320538,0.1926,104.17666666666666
20151120131714-26km-D2-NORMAL-MOTORWAY,D2,motorway,highway,normal,317.97,0.4572469185185186,0.05317477172519901,0.129555708,0.1811333333333333,101.38333333333334
20151120131714-26km-D2-NORMAL-MOTORWAY,D2,motorway,highway,normal,322.97,0.42280650370370376,0.053398692406862125,0.08983264400000003,0.21626666666666666,97.49
20151120131714-26km-D2-NORMAL-MOTORWAY,D2,motorway,highway,normal,327.97,0.41294945679012346,0.05333810658654022,0.07040744000000002,0.12333333333333334,96.37666666666667
20151120131714-26km-D2-NORMAL-MOTORWAY,D2,motorway,highway,normal,332.97,0.3949371111111112,0.11563948273510402,0.113878232,0.09019999999999999,94.13666666666667
20151120131714-26km-D2-NORMAL-MOTORWAY,D2,motorway,highway,normal,337.97,0.2953528543209877,0.12392306083947971,0.39901933200000006,0.10433333333333335,81.21000000000001
20151120131714-26km-D2-NORMAL-MOTORWAY,D2,motorway,highway,normal,342.97,0.25130677037037036,0.07303531346502418,0.5402696080000001,0.1292,75.16333333333333
20151120131714-26km-D2-NORMAL-MOTORWAY,D2,motorway,highway,normal,347.97,0.2852527358024691,0.09899829575145035,0.26759529600000004,0.19053333333333333,79.89
20151120131714-26km-D2-NORMAL-MOTORWAY,D2,motorway,highway,normal,352.97,0.34112650056116717,0.07881920784063451,0.06661141454545455,0.1836969696969697,87.46060606060605
20151120131714-26km-D2-NORMAL-MOTORWAY,D2,motorway,highway,normal,357.97,0.37391760219478737,0.019028066459064283,0.03699188888888888,0.11896296296296299,91.72222222222223
20151120131714-26km-D2-NORMAL-MOTORWAY,D2,motorway,highway,normal,362.97,0.3963886803840878,0.05966994960601958,0.04013971555555556,0.10325925925925925,94.38148148148149
20151120131714-26km-D2-NORMAL-MOTORWAY,D2,motorway,highway,normal,367.97,0.43259008395061727,0.05388449489028185,0.03038383200000001,0.11780000000000002,98.61333333333334
20151120131714-26km-D2-NORMAL-MOTORWAY,D2,motorway,highway,normal,372.97,0.44280597037037045,0.03259527196363042,0.016673932,0.11033333333333332,99.80333333333334
20151120131714-26km-D2-NORMAL-MOTORWAY,D2,motorway,highway,normal,377.97,0.42519497194163874,0.04959961285262893,0.05323974181818183,0.1383030303030303,97.7939393939394
20151120131714-26km-D2-NORMAL-MOTORWAY,D2,motorway,highway,normal,382.97,0.3962347111111112,0.060783031487965045,0.06642443600000002,0.16760000000000003,94.36333333333332
20151120131714-26km-D2-NORMAL-MOTORWAY,D2,motorway,highway,normal,387.97,0.3403422320987654,0.05811570382201904,0.18591209999999997,0.18306666666666666,87.46000000000001
20151120131714-26km-D2-NORMAL-MOTORWAY,D2,motorway,highway,normal,392.97,0.3220624915824916,0.031325946177160155,0.3246427563636364,0.15121212121212124,85.12121212121212
20151120131714-26km-D2-NORMAL-MOTORWAY,D2,motorway,highway,normal,397.97,0.3269810567901234,0.020518835653830187,0.37775908799999997,0.09233333333333334,85.76666666666667
20151120131714-26km-D2-NORMAL-MOTORWAY,D2,motorway,highway,normal,402.97,0.3365734222222222,0.019907381204050122,0.37803514399999993,0.12066666666666666,87.02
20151120131714-26km-D2-NORMAL-MOTORWAY,D2,motorway,highway,normal,407.97,0.3504354617283951,0.023199267231719424,0.235508512,0.2222666666666667,88.78333333333333
20151120131714-26km-D2-NORMAL-MOTORWAY,D2,motorway,highway,normal,412.97,0.3527509728395062,0.04335750244001528,0.0418609,0.22959999999999997,89.07333333333334
20151120131714-26km-D2-NORMAL-MOTORWAY,D2,motorway,highway,normal,417.97,0.33709312482853215,0.04881848210110608,0.0,0.1751111111111111,87.07407407407408
20151120131714-26km-D2-NORMAL-MOTORWAY,D2,motorway,highway,normal,422.97,0.3436153629629629,0.04216319618237342,0.0,0.17440000000000003,87.91
20151120131714-26km-D2-NORMAL-MOTORWAY,D2,motorway,highway,normal,427.97,0.34826732210998873,0.03264072416738712,0.0,0.20993939393939395,88.51515151515152
20151120131714-26km-D2-NORMAL-MOTORWAY,D2,motorway,highway,normal,432.97,0.34861030452674896,0.033121427372684274,0.0,0.16903703703703704,88.55555555555556
20151120131714-26km-D2-NORMAL-MOTORWAY,D2,motorway,highway,normal,437.97,0.37144177777777776,0.053446764388656316,0.0,0.10474074074074075,91.4
20151120131714-26km-D2-NORMAL-MOTORWAY,D2,motorway,highway,normal,442.97,0.35286557575757577,0.0702824078309971,0.0,0.08999999999999998,89.01515151515152
20151120131714-26km-D2-NORMAL-MOTORWAY,D2,motorway,highway,normal,447.97,0.30298418406285077,0.07893169177315397,0.0,0.12296969696969696,82.45151515151515
20151120131714-26km-D2-NORMAL-MOTORWAY,D2,motorway,highway,normal,452.97,0.25003558518518515,0.06571354244185637,0.0,0.16493333333333335,74.90666666666667
20151120131714-26km-D2-NORMAL-MOTORWAY,D2,motorway,highway,normal,457.97,0.22509448395061726,0.04712629680241871,0.0,0.11780000000000002,71.15666666666668
20151120131714-26km-D2-NORMAL-MOTORWAY,D2,motorway,highway,normal,462.97,0.21061226172839506,0.0493150960965145,0.0,0.13726666666666668,68.80333333333334
20151120131714-26km-D2-NORMAL-MOTORWAY,D2,motorway,highway,normal,467.97,0.20795797530864196,0.04446973800253769,0.0,0.2686,68.38
20151120131714-26km-D2-NORMAL-MOTORWAY,D2,motorway,highway,normal,472.97,0.2158375582990398,0.022036428493601316,0.0,0.36888888888888893,69.68518518518519
20151120131714-26km-D2-NORMAL-MOTORWAY,D2,motorway,highway,normal,477.97,0.20340446913580248,0.033158429103569455,0.0,0.2856666666666667,67.62333333333335
20151120131714-26km-D2-NORMAL-MOTORWAY,D2,motorway,highway,normal,482.97,0.18593292031425365,0.050413081909572506,0.07656656363636363,0.1524242424242424,64.63030303030303
20151120131714-26km-D2-NORMAL-MOTORWAY,D2,motorway,highway,normal,487.97,0.181821426611797,0.051038268365921784,0.15224450666666667,0.08074074074074074,63.92962962962963
20151120131714-26km-D2-NORMAL-MOTORWAY,D2,motorway,highway,normal,492.97,0.18167418271604938,0.06687699036572047,0.052796836,0.1044,63.879999999999995
20151120131714-26km-D2-NORMAL-MOTORWAY,D2,motorway,highway,normal,497.97,0.15832118518518518,0.06580194019745363,0.0,0.12672727272727274,59.56363636363637
20151120131714-26km-D2-NORMAL-MOTORWAY,D2,motorway,highway,normal,502.97,0.14545325102880657,0.03940495034909294,0.0,0.11,57.18888888888888
20151120131714-26km-D2-NORMAL-MOTORWAY,D2,motorway,highway,normal,507.97,0.1834748790123457,0.10706385348404121,0.070402444,0.1186,63.95
20151120131714-26km-D2-NORMAL-MOTORWAY,D2,motorway,highway,normal,512.97,0.2301973925925926,0.10976194195046633,0.087726044,0.13679999999999998,71.64666666666668
20151120131714-26km-D2-NORMAL-MOTORWAY,D2,motorway,highway,normal,517.97,0.25504615637860084,0.05478354386959698,0.27389925777777774,0.1802962962962963,75.71851851851851
20151120131714-26km-D2-NORMAL-MOTORWAY,D2,motorway,highway,normal,522.97,0.21500162962962963,0.08999861046506463,0.5880578240000001,0.23633333333333334,69.36
20151120131714-26km-D2-NORMAL-MOTORWAY,D2,motorway,highway,normal,527.97,0.17216866442199777,0.08424030565590757,0.5590254109090909,0.22224242424242424,62.15757575757577
20151120131714-26km-D2-NORMAL-MOTORWAY,D2,motorway,highway,normal,532.97,0.18720291806958478,0.08169606791660165,0.39404501090909094,0.18242424242424243,64.66666666666666
20151120131714-26km-D2-NORMAL-MOTORWAY,D2,motorway,highway,normal,537.97,0.22310956049382719,0.08001534188470252,0.389967772,0.1906,70.82000000000001
20151120131714-26km-D2-NORMAL-MOTORWAY,D2,motorway,highway,normal,542.97,0.24042143209876546,0.05774895260230685,0.4102621111111111,0.17888888888888888,73.5037037037037
20151120131714-26km-D2-NORMAL-MOTORWAY,D2,motorway,highway,normal,547.97,0.28444060740740745,0.09814679858578892,0.5246951480000001,0.1522,79.88333333333334
20151120131714-26km-D2-NORMAL-MOTORWAY,D2,motorway,highway,normal,552.97,0.35550454320987657,0.15376738442353513,0.43317846000000004,0.1724,88.97999999999999
20151120131714-26km-D2-NORMAL-MOTORWAY,D2,motorway,highway,normal,557.97,0.510161086419753,0.13376987324772893,0.06514509200000002,0.12046666666666668,106.89333333333335
20151120131714-26km-D2-NORMAL-MOTORWAY,D2,motorway,highway,normal,562.97,0.5658822913580248,0.0833478783184593,0.039614132,0.08613333333333333,112.81333333333335
20151120131714-26km-D2-NORMAL-MOTORWAY,D2,motorway,highway,normal,567.97,0.533054364883402,0.0819524547477119,0.29037620444444445,0.09355555555555556,109.42962962962963
20151120131714-26km-D2-NORMAL-MOTORWAY,D2,motorway,highway,normal,572.97,0.4672081827160494,0.07338942546783872,0.5341697400000001,0.099,102.45
20151120131714-26km-D2-NORMAL-MOTORWAY,D2,motorway,highway,normal,577.97,0.4661886868686869,0.09736625034889344,0.42932828,0.09121212121212122,102.30909090909091
20151120131714-26km-D2-NORMAL-MOTORWAY,D2,motorway,highway,normal,582.97,0.5432622267115601,0.11047227584592165,0.22110897090909096,0.1286060606060606,110.34848484848486
20151120131714-26km-D2-NORMAL-MOTORWAY,D2,motorway,highway,normal,587.97,0.5959570260631001,0.09246540845132989,0.09267116444444445,0.15044444444444444,115.77037037037037
20151120131714-26km-D2-NORMAL-MOTORWAY,D2,motorway,highway,normal,592.97,0.535985802469136,0.08782539138399562,0.009119096000000002,0.1751333333333333,109.71666666666667
20151120131714-26km-D2-NORMAL-MOTORWAY,D2,motorway,highway,normal,597.97,0.4788025333333333,0.07417288785562227,0.03997580399999999,0.2397333333333333,103.72333333333333
20151120131714-26km-D2-NORMAL-MOTORWAY,D2,motorway,highway,normal,602.97,0.42239847407407416,0.04365409132485308,0.167328112,0.18246666666666667,97.46333333333334
20151120131714-26km-D2-NORMAL-MOTORWAY,D2,motorway,highway,normal,607.97,0.4004812704826039,0.0345255168111678,0.3163197781818182,0.11812121212121211,94.9121212121212
20151120131714-26km-D2-NORMAL-MOTORWAY,D2,motorway,highway,normal,612.97,0.38207916049382706,0.03680515273914523,0.3943698560000001,0.13926666666666668,92.70666666666666
20151120131714-26km-D2-NORMAL-MOTORWAY,D2,motorway,highway,normal,617.97,0.3797906995884774,0.03379853613047222,0.3931192044444444,0.11148148148148149,92.43333333333334
20151120131714-26km-D2-NORMAL-MOTORWAY,D2,motorway,highway,normal,622.97,0.3995460795610425,0.031296944656751556,0.2640923822222222,0.1234814814814815,94.8037037037037
20151120131714-26km-D2-NORMAL-MOTORWAY,D2,motorway,highway,normal,627.97,0.3983751456790123,0.033122498951087244,0.272675868,0.11373333333333333,94.66333333333333
20151120131714-26km-D2-NORMAL-MOTORWAY,D2,motorway,highway,normal,632.97,0.3970681032547699,0.053296945649748156,0.3663881963636364,0.17145454545454544,94.4969696969697
20151120131714-26km-D2-NORMAL-MOTORWAY,D2,motorway,highway,normal,637.97,0.42531017777777774,0.0666795752266134,0.349736884,0.2708,97.76333333333332
20151120131714-26km-D2-NORMAL-MOTORWAY,D2,motorway,highway,normal,642.97,0.4932051111111111,0.05838823140077658,0.282273996,0.1421333333333333,105.28333333333333
20151120131714-26km-D2-NORMAL-MOTORWAY,D2,motorway,highway,normal,647.97,0.5294728709315376,0.057625014717431575,0.18048146181818184,0.06000000000000001,109.12727272727274
20151120131714-26km-D2-NORMAL-MOTORWAY,D2,motorway,highway,normal,652.97,0.5454489766803842,0.06525580309009496,0.1252709555555556,0.09577777777777778,110.76296296296296
20151120131714-26km-D2-NORMAL-MOTORWAY,D2,motorway,highway,normal,657.97,0.5560952098765432,0.07718084496097088,0.105995192,0.10033333333333332,111.82666666666667
20151120131714-26km-D2-NORMAL-MOTORWAY,D2,motorway,highway,normal,662.97,0.5855413737373737,0.07821578503839711,0.12329100000000003,0.08503030303030303,114.72424242424243
20151120131714-26km-D2-NORMAL-MOTORWAY,D2,motorway,highway,normal,667.97,0.5799468477366256,0.08325189531983931,0.1595394222222222,0.05607407407407407,114.15185185185186
20151120131714-26km-D2-NORMAL-MOTORWAY,D2,motorway,highway,normal,672.97,0.5253175802469136,0.06886504788158444,0.16092784,0.02540740740740741,108.7
20151120131714-26km-D2-NORMAL-MOTORWAY,D2,motorway,highway,normal,677.97,0.5145730864197532,0.05036220002572961,0.09931252000000002,0.097,107.59333333333333
20151120131714-26km-D2-NORMAL-MOTORWAY,D2,motorway,highway,normal,682.97,0.5382110437710438,0.048657416215557,0.033182047272727284,0.11503030303030304,110.01212121212122
20151120131714-26km-D2-NORMAL-MOTORWAY,D2,motorway,highway,normal,687.97,0.5561184511784513,0.04447386593687489,0.059994174545454554,0.05927272727272726,111.85151515151516
20151120131714-26km-D2-NORMAL-MOTORWAY,D2,motorway,highway,normal,692.97,0.5382324148148148,0.034949614799700914,0.141543904,0.06460000000000002,110.03333333333335
20151120131714-26km-D2-NORMAL-MOTORWAY,D2,motorway,highway,normal,697.97,0.539433695473251,0.04117680802162372,0.12269587111111112,0.12496296296296294,110.15185185185186
20151120131714-26km-D2-NORMAL-MOTORWAY,D2,motorway,highway,normal,702.97,0.5598110271604939,0.056385722900166725,0.030797084000000002,0.095,112.22333333333333
20151120131714-26km-D2-NORMAL-MOTORWAY,D2,motorway,highway,normal,707.97,0.5872380606060608,0.0627893633515317,0.007137458181818182,0.036727272727272726,114.90303030303033
20151120131714-26km-D2-NORMAL-MOTORWAY,D2,motorway,highway,normal,712.97,0.6403182271604939,0.0660332813736963,0.0,0.05186666666666666,120.00333333333336
20151120131714-26km-D2-NORMAL-MOTORWAY,D2,motorway,highway,normal,717.97,0.6402814419753088,0.04790340253808261,0.025633191999999992,0.10979999999999998,120.00666666666669
20151120131714-26km-D2-NORMAL-MOTORWAY,D2,motorway,highway,normal,722.97,0.5963977722908094,0.057685567706522174,0.047938413333333325,0.10407407407407407,115.80740740740741
20151120131714-26km-D2-NORMAL-MOTORWAY,D2,motorway,highway,normal,727.97,0.5586426518518519,0.04156556320783321,0.04188113200000001,0.099,112.10333333333335
20151120131714-26km-D2-NORMAL-MOTORWAY,D2,motorway,highway,normal,732.97,0.5564169292929294,0.015404043773997794,0.02215432000000001,0.13715151515151514,111.88787878787879
20151120131714-26km-D2-NORMAL-MOTORWAY,D2,motorway,highway,normal,737.97,0.5527826282578876,0.021080597471086353,0.0,0.16325925925925924,111.51851851851853
20151120131714-26km-D2-NORMAL-MOTORWAY,D2,motorway,highway,normal,742.97,0.5342296131687244,0.01998391481703652,0.0,0.19466666666666668,109.63333333333334
20151120131714-26km-D2-NORMAL-MOTORWAY,D2,motorway,highway,normal,747.97,0.5372012395061728,0.03232296061072322,0.0,0.192,109.92999999999999
20151120131714-26km-D2-NORMAL-MOTORWAY,D2,motorway,highway,normal,752.97,0.5495162783389451,0.04588194257547329,0.01856309090909091,0.14024242424242425,111.18484848484849
20151120131714-26km-D2-NORMAL-MOTORWAY,D2,motorway,highway,normal,757.97,0.5454799371492706,0.04881342918654332,0.1160329672727273,0.08812121212121213,110.76969696969697
20151120131714-26km-D2-NORMAL-MOTORWAY,D2,motorway,highway,normal,762.97,0.5327256406035665,0.056822294138570845,0.2703209733333333,0.03733333333333333,109.46666666666667
20151120131714-26km-D2-NORMAL-MOTORWAY,D2,motorway,highway,normal,767.97,0.5675975753086421,0.06103599219300979,0.352991168,0.13193333333333332,112.95
20151120131714-26km-D2-NORMAL-MOTORWAY,D2,motorway,highway,normal,772.97,0.6149909180695847,0.049151264207609575,0.2607721345454545,0.3269090909090909,117.60303030303034
20151120131714-26km-D2-NORMAL-MOTORWAY,D2,motorway,highway,normal,777.97,0.6329351703703704,0.0438916715583374,0.07128043600000002,0.2822,119.32666666666667
20151120131714-26km-D2-NORMAL-MOTORWAY,D2,motorway,highway,normal,782.97,0.6004033580246915,0.04711635846023736,0.023173516000000012,0.09019999999999999,116.19333333333334
20151120131714-26km-D2-NORMAL-MOTORWAY,D2,motorway,highway,normal,787.97,0.5761575407407407,0.036069752922550644,0.021823272000000008,0.09893333333333333,113.85333333333332
20151120131714-26km-D2-NORMAL-MOTORWAY,D2,motorway,highway,normal,792.97,0.5961675884773663,0.04021797765706339,0.0,0.1623703703703704,115.7962962962963
20151120131714-26km-D2-NORMAL-MOTORWAY,D2,motorway,highway,normal,797.97,0.628730814814815,0.02902114192257994,0.0,0.21620000000000003,118.93333333333332
20151120131714-26km-D2-NORMAL-MOTORWAY,D2,motorway,highway,normal,802.97,0.6426900650953984,0.013513951611461001,0.0,0.20503030303030306,120.24848484848484
20151120131714-26km-D2-NORMAL-MOTORWAY,D2,motorway,highway,normal,807.97,0.6493637421124827,0.01684556436588826,0.0,0.12866666666666665,120.87407407407406
20151120131714-26km-D2-NORMAL-MOTORWAY,D2,motorway,highway,normal,812.97,0.6183782935528122,0.04523805798248735,0.01732738222222221,0.07259259259259258,117.92592592592592
20151120131714-26km-D2-NORMAL-MOTORWAY,D2,motorway,highway,normal,817.97,0.5947860740740741,0.03837335534507563,0.0717840109090909,0.07157575757575757,115.67878787878789
20151120131714-26km-D2-NORMAL-MOTORWAY,D2,motorway,highway,normal,822.97,0.5843128839506174,0.038960271522192974,0.16087327599999995,0.08620000000000001,114.65000000000002
20151120131714-26km-D2-NORMAL-MOTORWAY,D2,motorway,highway,normal,827.97,0.5477980192043896,0.043170448461863326,0.30762976,0.128,110.9962962962963
20151120131714-26km-D2-NORMAL-MOTORWAY,D2,motorway,highway,normal,832.97,0.542882024691358,0.053676486329651094,0.35191476,0.1892666666666667,110.5
20151120131714-26km-D2-NORMAL-MOTORWAY,D2,motorway,highway,normal,837.97,0.6117529292929293,0.07737747900232661,0.15686680363636363,0.1635151515151515,117.19696969696969
20151120131714-26km-D2-NORMAL-MOTORWAY,D2,motorway,highway,normal,842.97,0.6816713355780023,0.060227573854994824,0.0,0.198969696969697,123.8121212121212
20151120131714-26km-D2-NORMAL-MOTORWAY,D2,motorway,highway,normal,847.97,0.6814313283950616,0.05941109205432539,0.0,0.196,123.78666666666666
20151120131714-26km-D2-NORMAL-MOTORWAY,D2,motorway,highway,normal,852.97,0.6449491802469135,0.05019847003448654,0.0,0.08826666666666667,120.45
20151120131714-26km-D2-NORMAL-MOTORWAY,D2,motorway,highway,normal,857.97,0.643522063100137,0.018617176068566842,0.0,0.10022222222222221,120.32592592592593
20151120131714-26km-D2-NORMAL-MOTORWAY,D2,motorway,highway,normal,862.97,0.627754449382716,0.043001467409071875,0.0,0.19726666666666665,118.81333333333332
20151120131714-26km-D2-NORMAL-MOTORWAY,D2,motorway,highway,normal,867.97,0.5911779259259259,0.04564473499660296,0.0,0.3127878787878788,115.29393939393937
20151120131714-26km-D2-NORMAL-MOTORWAY,D2,motorway,highway,normal,872.97,0.5610126200274348,0.018782661070359,0.0,0.3614074074074074,112.34814814814814
20151120131714-26km-D2-NORMAL-MOTORWAY,D2,motorway,highway,normal,877.97,0.5667324098765432,0.021606118951683764,0.0012826920000000006,0.32200000000000006,112.91666666666666
20151120131714-26km-D2-NORMAL-MOTORWAY,D2,motorway,highway,normal,882.97,0.567538985409652,0.030570878312367513,0.00935705818181818,0.2327272727272727,112.9969696969697
20151120131714-26km-D2-NORMAL-MOTORWAY,D2,motorway,highway,normal,887.97,0.5422944581618655,0.04685220680357325,0.04210859555555555,0.19303703703703703,110.44074074074075
20151120131714-26km-D2-NORMAL-MOTORWAY,D2,motorway,highway,normal,892.97,0.5074345530864197,0.051915517345457476,0.048540311999999995,0.20940000000000003,106.83666666666666
20151120131714-26km-D2-NORMAL-MOTORWAY,D2,motorway,highway,normal,897.97,0.5076830707070706,0.039794054384558845,0.022306134545454544,0.21,106.86666666666665
20151120131714-26km-D2-NORMAL-MOTORWAY,D2,motorway,highway,normal,902.97,0.49842965157750346,0.05825562246390115,0.005426777777777777,0.22444444444444445,105.85925925925926
20151120131714-26km-D2-NORMAL-MOTORWAY,D2,motorway,highway,normal,907.97,0.4491041207133059,0.05359894641785926,0.0,0.18925925925925927,100.48888888888888
20151120131714-26km-D2-NORMAL-MOTORWAY,D2,motorway,highway,normal,912.97,0.41920127901234566,0.037148104272127225,0.0,0.21353333333333335,97.10333333333332
20151120131714-26km-D2-NORMAL-MOTORWAY,D2,motorway,highway,normal,917.97,0.38615385409652075,0.048549765376139066,0.0,0.17999999999999997,93.17272727272726
20151120131714-26km-D2-NORMAL-MOTORWAY,D2,motorway,highway,normal,922.97,0.3506647901234569,0.05643457971800614,0.0,0.23872727272727276,88.77575757575757
20151120131714-26km-D2-NORMAL-MOTORWAY,D2,motorway,highway,normal,927.97,0.3073718244170096,0.07283963438988587,5.877777777777788e-05,0.2992592592592593,83.07777777777778
20151120131714-26km-D2-NORMAL-MOTORWAY,D2,motorway,highway,normal,932.97,0.25119589629629624,0.0882018589692023,0.00025123999999999985,0.11573333333333333,75.05666666666666
20151120131714-26km-D2-NORMAL-MOTORWAY,D2,motorway,highway,normal,937.97,0.20544400000000002,0.11004155214876213,0.0015611639999999994,0.10699999999999998,67.70666666666668
20151120131714-26km-D2-NORMAL-MOTORWAY,D2,motorway,highway,normal,942.97,0.14047535802469138,0.11906852628390754,0.0023851159999999996,0.35419999999999996,56.00666666666666
20151120163350-16km-D2-AGGRESSIVE-SECONDARY,D2,secondary,urban,aggressive,16.53,0.4569924111111111,0.15634224240050873,0.0,0.10200000000000001,100.97166666666666
20151120163350-16km-D2-AGGRESSIVE-SECONDARY,D2,secondary,urban,aggressive,21.53,0.5487773037037037,0.07381764785521544,0.0,0.07800000000000001,111.1
20151120163350-16km-D2-AGGRESSIVE-SECONDARY,D2,secondary,urban,aggressive,26.53,0.5411465481481481,0.07028572170168325,0.0,0.06133333333333333,110.32000000000001
20151120163350-16km-D2-AGGRESSIVE-SECONDARY,D2,secondary,urban,aggressive,31.53,0.5496679122085047,0.09335445136771096,0.0,0.26666666666666666,111.16666666666667
20151120163350-16km-D2-AGGRESSIVE-SECONDARY,D2,secondary,urban,aggressive,36.53,0.5180575578002244,0.09510493092742513,0.0,0.4715151515151515,107.82727272727271
20151120163350-16km-D2-AGGRESSIVE-SECONDARY,D2,secondary,urban,aggressive,41.53,0.4943567676767676,0.08341032392375453,0.0,0.5103030303030303,105.41818181818181
20151120163350-16km-D2-AGGRESSIVE-SECONDARY,D2,secondary,urban,aggressive,46.53,0.5191793909465019,0.0662395795578999,0.0,0.3414814814814815,108.06666666666666
20151120163350-16km-D2-AGGRESSIVE-SECONDARY,D2,secondary,urban,aggressive,51.53,0.4973421234567901,0.049282464634604596,0.0,0.1888888888888889,105.75555555555555
20151120163350-16km-D2-AGGRESSIVE-SECONDARY,D2,secondary,urban,aggressive,56.53,0.5025575039281706,0.058459729604931954,0.0,0.19757575757575763,106.2969696969697
20151120163350-16km-D2-AGGRESSIVE-SECONDARY,D2,secondary,urban,aggressive,61.53,0.5165771986531987,0.06166992726342506,0.0,0.21818181818181817,107.7909090909091
20151120163350-16km-D2-AGGRESSIVE-SECONDARY,D2,secondary,urban,aggressive,66.53,0.5288690814814816,0.06654248714915291,0.0,0.252,109.05
20151120163350-16km-D2-AGGRESSIVE-SECONDARY,D2,secondary,urban,aggressive,71.53,0.5481440790123456,0.05915392236937671,0.0,0.174,111.04
20151120163350-16km-D2-AGGRESSIVE-SECONDARY,D2,secondary,urban,aggressive,76.53,0.5605888691358024,0.03620682972770201,0.0,0.16066666666666668,112.3
20151120163350-16km-D2-AGGRESSIVE-SECONDARY,D2,secondary,urban,aggressive,81.53,0.5873553185185184,0.04396409839781938,0.0,0.20600000000000002,114.94666666666667
20151120163350-16km-D2-AGGRESSIVE-SECONDARY,D2,secondary,urban,aggressive,86.53,0.5694708203017833,0.07838890197010491,0.009489422222222217,0.14666666666666664,113.12222222222223
20151120163350-16km-D2-AGGRESSIVE-SECONDARY,D2,secondary,urban,aggressive,91.53,0.5407688504801098,0.09199564407837721,0.07235051999999999,0.1385185185185185,110.27777777777777
20151120163350-16km-D2-AGGRESSIVE-SECONDARY,D2,secondary,urban,aggressive,96.53,0.5657282154882156,0.046102377017634616,0.23776855636363636,0.22545454545454546,112.80606060606061
20151120163350-16km-D2-AGGRESSIVE-SECONDARY,D2,secondary,urban,aggressive,101.53,0.5576758469135804,0.04639979569114011,0.394085256,0.29333333333333333,111.98333333333335
20151120163350-16km-D2-AGGRESSIVE-SECONDARY,D2,secondary,urban,aggressive,106.53,0.5319401086419754,0.06749829369072853,0.500066748,0.25866666666666666,109.39333333333335
20151120163350-16km-D2-AGGRESSIVE-SECONDARY,D2,secondary,urban,aggressive,111.53,0.5174607317620652,0.04774925043129108,0.5240763672727272,0.1303030303030303,107.87878787878789
20151120163350-16km-D2-AGGRESSIVE-SECONDARY,D2,secondary,urban,aggressive,116.53,0.5066011209876544,0.06205086154696619,0.524262164,0.10333333333333332,106.73666666666668
20151120163350-16km-D2-AGGRESSIVE-SECONDARY,D2,secondary,urban,aggressive,121.53,0.5363935901234569,0.0524978518715874,0.5239808119999999,0.2693333333333333,109.82000000000001
20151120163350-16km-D2-AGGRESSIVE-SECONDARY,D2,secondary,urban,aggressive,126.53,0.5516361185185186,0.01840360037292118,0.5078852439999999,0.3586666666666667,111.40666666666667
20151120163350-16km-D2-AGGRESSIVE-SECONDARY,D2,secondary,urban,aggressive,131.53,0.5528300790123456,0.03782572632023957,0.49811514399999995,0.31733333333333336,111.52333333333334
20151120163350-16km-D2-AGGRESSIVE-SECONDARY,D2,secondary,urban,aggressive,136.53,0.5363467950617282,0.03976761563992998,0.51637626,0.24466666666666667,109.82666666666667
20151120163350-16km-D2-AGGRESSIVE-SECONDARY,D2,secondary,urban,aggressive,141.53,0.5219985679012346,0.03295594027771894,0.451829868,0.20333333333333337,108.36666666666667
20151120163350-16km-D2-AGGRESSIVE-SECONDARY,D2,secondary,urban,aggressive,146.53,0.5344401865569273,0.028093394246491956,0.3485680444444444,0.25925925925925924,109.65185185185186
20151120163350-16km-D2-AGGRESSIVE-SECONDARY,D2,secondary,urban,aggressive,151.53,0.5388271209876544,0.015215227246605244,0.28326961599999995,0.23800000000000004,110.10666666666668
20151120163350-16km-D2-AGGRESSIVE-SECONDARY,D2,secondary,urban,aggressive,156.53,0.5547598074074075,0.05594055599064596,0.2668175840000001,0.21533333333333332,111.69000000000001
20151120163350-16km-D2-AGGRESSIVE-SECONDARY,D2,secondary,urban,aggressive,161.53,0.598512187654321,0.07999615554088439,0.289322572,0.254,116.02000000000001
20151120163350-16km-D2-AGGRESSIVE-SECONDARY,D2,secondary,urban,aggressive,166.53,0.6144373468013469,0.044485498375916914,0.3328763018181818,0.27575757575757576,117.57272727272726
20151120163350-16km-D2-AGGRESSIVE-SECONDARY,D2,secondary,urban,aggressive,171.53,0.6082531358024693,0.050995504776155796,0.43323342800000003,0.28666666666666674,116.97333333333333
20151120163350-16km-D2-AGGRESSIVE-SECONDARY,D2,secondary,urban,aggressive,176.53,0.5503206074074075,0.07307877785027103,0.505768876,0.25666666666666665,111.16333333333334
20151120163350-16km-D2-AGGRESSIVE-SECONDARY,D2,secondary,urban,aggressive,181.53,0.49705856241426616,0.053412129659054286,0.4905698222222222,0.2251851851851852,105.74444444444445
20151120163350-16km-D2-AGGRESSIVE-SECONDARY,D2,secondary,urban,aggressive,186.53,0.4605356345679013,0.049474062800320094,0.479094008,0.18933333333333333,101.74666666666667
20151120163350-16km-D2-AGGRESSIVE-SECONDARY,D2,secondary,urban,aggressive,191.53,0.43498382042648714,0.06212993763940176,0.4723676581818182,0.1315151515151515,98.9090909090909
20151120163350-16km-D2-AGGRESSIVE-SECONDARY,D2,secondary,urban,aggressive,196.53,0.4039327654320989,0.05519251829057918,0.477490748,0.10400000000000001,95.28333333333333
20151120163350-16km-D2-AGGRESSIVE-SECONDARY,D2,secondary,urban,aggressive,201.53,0.3783457393689987,0.04350487750384389,0.5065412844444445,0.18814814814814815,92.25555555555556
20151120163350-16km-D2-AGGRESSIVE-SECONDARY,D2,secondary,urban,aggressive,206.53,0.3719468246913581,0.06715518977264061,0.4841923680000001,0.12399999999999997,91.46666666666667
20151120163350-16km-D2-AGGRESSIVE-SECONDARY,D2,secondary,urban,aggressive,211.53,0.3985902716049383,0.08011435371985037,0.46801202799999997,0.11066666666666666,94.59333333333333
20151120163350-16km-D2-AGGRESSIVE-SECONDARY,D2,secondary,urban,aggressive,216.53,0.44013877037037047,0.05924413281777603,0.515235284,0.29533333333333334,99.50333333333334
20151120163350-16km-D2-AGGRESSIVE-SECONDARY,D2,secondary,urban,aggressive,221.53,0.39973300112233456,0.1033491708749461,0.6064305599999998,0.3072727272727272,94.64242424242424
20151120163350-16km-D2-AGGRESSIVE-SECONDARY,D2,secondary,urban,aggressive,226.53,0.30883274567901237,0.14759780635373174,0.6564355879999999,0.2633333333333333,83.08333333333334
20151120163350-16km-D2-AGGRESSIVE-SECONDARY,D2,secondary,urban,aggressive,231.53,0.2988549975308642,0.1535164411597371,0.5745752640000001,0.31599999999999995,81.83666666666667
20151120163350-16km-D2-AGGRESSIVE-SECONDARY,D2,secondary,urban,aggressive,236.53,0.3000888065843622,0.14231184284171783,0.5461181733333333,0.3155555555555556,81.9888888888889
20151120163350-16km-D2-AGGRESSIVE-SECONDARY,D2,secondary,urban,aggressive,241.53,0.2773751851851852,0.09638409556839377,0.520757608,0.3026666666666667,78.95666666666668
20151120163350-16km-D2-AGGRESSIVE-SECONDARY,D2,secondary,urban,aggressive,246.53,0.2864858900112234,0.09164891302811577,0.4741980400000001,0.3036363636363636,80.25454545454546
20151120163350-16km-D2-AGGRESSIVE-SECONDARY,D2,secondary,urban,aggressive,251.53,0.3113650320987655,0.08280061806036326,0.46835341999999996,0.3173333333333333,83.57666666666668
20151120163350-16km-D2-AGGRESSIVE-SECONDARY,D2,secondary,urban,aggressive,256.53,0.3583827851851852,0.04745112202971043,0.5112826279999999,0.28400000000000003,89.75333333333334
20151120163350-16km-D2-AGGRESSIVE-SECONDARY,D2,secondary,urban,aggressive,261.53,0.37218565925925934,0.05155354960236429,0.609444724,0.14133333333333334,91.5
20151120163350-16km-D2-AGGRESSIVE-SECONDARY,D2,secondary,urban,aggressive,266.53,0.3683823950617285,0.06918764505418246,0.688221628,0.11466666666666667,91.02333333333334
20151120163350-16km-D2-AGGRESSIVE-SECONDARY,D2,secondary,urban,aggressive,271.53,0.3683411111111112,0.05415175274160838,0.6812065239999999,0.16,91.01666666666668
20151120163350-16km-D2-AGGRESSIVE-SECONDARY,D2,secondary,urban,aggressive,276.53,0.3540900641975309,0.0817549993807901,0.683877244,0.182,89.20000000000002
20151120163350-16km-D2-AGGRESSIVE-SECONDARY,D2,secondary,urban,aggressive,281.53,0.32953813991769554,0.08735393669153174,0.6986197822222222,0.19037037037037038,86.05185185185185
20151120163350-16km-D2-AGGRESSIVE-SECONDARY,D2,secondary,urban,aggressive,286.53,0.3276059555555556,0.05288849253874282,0.6776650120000001,0.192,85.83333333333334
20151120163350-16km-D2-AGGRESSIVE-SECONDARY,D2,secondary,urban,aggressive,291.53,0.3305940444444445,0.03664854604400513,0.6786153519999999,0.18733333333333332,86.23333333333335
20151120163350-16km-D2-AGGRESSIVE-SECONDARY,D2,secondary,urban,aggressive,296.53,0.32611317037037046,0.02814908360475481,0.66529884,0.16799999999999998,85.65666666666667
20151120163350-16km-D2-AGGRESSIVE-SECONDARY,D2,secondary,urban,aggressive,301.53,0.33001339259259266,0.051051434606778204,0.656683036,0.16466666666666666,86.16
20151120163350-16km-D2-AGGRESSIVE-SECONDARY,D2,secondary,urban,aggressive,306.53,0.3288771555555556,0.07091015399405996,0.6323623480000001,0.11466666666666667,85.99333333333335
20151120163350-16km-D2-AGGRESSIVE-SECONDARY,D2,secondary,urban,aggressive,311.53,0.3476418585858586,0.08502098768830985,0.601736141818182,0.06606060606060606,88.33939393939394
20151120163350-16km-D2-AGGRESSIVE-SECONDARY,D2,secondary,urban,aggressive,316.53,0.3756335528120713,0.08834619570791058,0.6044701555555556,0.07037037037037037,91.8851851851852
20151120163350-16km-D2-AGGRESSIVE-SECONDARY,D2,secondary,urban,aggressive,321.53,0.3574836104252401,0.08966187637347017,0.6312191066666666,0.08222222222222221,89.62222222222223
20151120163350-16km-D2-AGGRESSIVE-SECONDARY,D2,secondary,urban,aggressive,326.53,0.3128219703703704,0.09005419722004435,0.608785956,0.17466666666666666,83.78333333333335
20151120163350-16km-D2-AGGRESSIVE-SECONDARY,D2,secondary,urban,aggressive,331.53,0.3002814365881034,0.056769832884077324,0.5005747163636364,0.2284848484848485,82.16363636363636
20151120163350-16km-D2-AGGRESSIVE-SECONDARY,D2,secondary,urban,aggressive,336.53,0.30853208529741877,0.0332561727527934,0.43240534545454545,0.17878787878787877,83.30909090909091
20151120163350-16km-D2-AGGRESSIVE-SECONDARY,D2,secondary,urban,aggressive,341.53,0.30407119890260637,0.036102516781746787,0.4675309377777777,0.18444444444444447,82.71111111111112
20151120163350-16km-D2-AGGRESSIVE-SECONDARY,D2,secondary,urban,aggressive,346.53,0.33374526913580255,0.11766513736051691,0.561029528,0.15266666666666667,86.57000000000001
20151120163350-16km-D2-AGGRESSIVE-SECONDARY,D2,secondary,urban,aggressive,351.53,0.32547122334455675,0.11316752293806975,0.6296886363636364,0.09575757575757576,85.45151515151517
20151120163350-16km-D2-AGGRESSIVE-SECONDARY,D2,secondary,urban,aggressive,356.53,0.28843091358024703,0.05495511312303903,0.5905409288888888,0.0962962962962963,80.54814814814816
20151120163350-16km-D2-AGGRESSIVE-SECONDARY,D2,secondary,urban,aggressive,361.53,0.27828113580246916,0.03281604969188699,0.5864277511111111,0.11925925925925925,79.12222222222222
20151120163350-16km-D2-AGGRESSIVE-SECONDARY,D2,secondary,urban,aggressive,366.53,0.2566963995510662,0.04236262425237414,0.6297662545454545,0.1921212121212121,75.95454545454544
20151120163350-16km-D2-AGGRESSIVE-SECONDARY,D2,secondary,urban,aggressive,371.53,0.22726663524130197,0.06927608312350428,0.6383836654545454,0.1903030303030303,71.45151515151515
20151120163350-16km-D2-AGGRESSIVE-SECONDARY,D2,secondary,urban,aggressive,376.53,0.21969064471879293,0.06511789556305862,0.661920391111111,0.06740740740740743,70.2740740740741
20151120163350-16km-D2-AGGRESSIVE-SECONDARY,D2,secondary,urban,aggressive,381.53,0.25153035555555564,0.045307582436754784,0.6506959800000001,0.10266666666666666,75.18333333333335
20151120163350-16km-D2-AGGRESSIVE-SECONDARY,D2,secondary,urban,aggressive,386.53,0.2684529023569024,0.030155579922749476,0.642356090909091,0.1606060606060606,77.70909090909093
20151120163350-16km-D2-AGGRESSIVE-SECONDARY,D2,secondary,urban,aggressive,391.53,0.27688918024691367,0.029897736747059513,0.55682794,0.09533333333333334,78.92333333333335
20151120163350-16km-D2-AGGRESSIVE-SECONDARY,D2,secondary,urban,aggressive,396.53,0.30148291358024704,0.06901003966071607,0.45448543111111106,0.05925925925925926,82.2777777777778
20151120163350-16km-D2-AGGRESSIVE-SECONDARY,D2,secondary,urban,aggressive,401.53,0.34291120493827176,0.045464331070418855,0.42854516800000003,0.076,87.81000000000002
20151120163350-16km-D2-AGGRESSIVE-SECONDARY,D2,secondary,urban,aggressive,406.53,0.3536623950617285,0.015074687741315351,0.463237636,0.1,89.20333333333335
20151120163350-16km-D2-AGGRESSIVE-SECONDARY,D2,secondary,urban,aggressive,411.53,0.35995184691358023,0.03236488215349632,0.476092888,0.10999999999999999,89.98333333333333
20151120163350-16km-D2-AGGRESSIVE-SECONDARY,D2,secondary,urban,aggressive,416.53,0.37154998428731767,0.034731368353399045,0.4900132509090909,0.1515151515151515,91.41515151515152
20151120163350-16km-D2-AGGRESSIVE-SECONDARY,D2,secondary,urban,aggressive,421.53,0.37541764444444453,0.04596262188391276,0.5758844999999999,0.22000000000000003,91.89000000000001
20151120163350-16km-D2-AGGRESSIVE-SECONDARY,D2,secondary,urban,aggressive,426.53,0.3692282864197532,0.046285508068633165,0.57790964,0.12333333333333334,91.13333333333333
20151120163350-16km-D2-AGGRESSIVE-SECONDARY,D2,secondary,urban,aggressive,431.53,0.3752781185185186,0.028522603287284204,0.4708068119999999,0.042666666666666665,91.88333333333335
20151120163350-16km-D2-AGGRESSIVE-SECONDARY,D2,secondary,urban,aggressive,436.53,0.3828445975308643,0.020547074889497453,0.41753111600000004,0.05666666666666668,92.81000000000002
20151120163350-16km-D2-AGGRESSIVE-SECONDARY,D2,secondary,urban,aggressive,441.53,0.37803543484224966,0.022233223221511306,0.43055982666666665,0.08518518518518518,92.22222222222223
20151120163350-16km-D2-AGGRESSIVE-SECONDARY,D2,secondary,urban,aggressive,446.53,0.3611733925925927,0.026112185704786444,0.45776379200000006,0.132,90.14
20151120163350-16km-D2-AGGRESSIVE-SECONDARY,D2,secondary,urban,aggressive,451.53,0.3403592233445567,0.03857962252199498,0.5097480327272728,0.18969696969696972,87.48181818181818
20151120163350-16km-D2-AGGRESSIVE-SECONDARY,D2,secondary,urban,aggressive,456.53,0.3476597256515776,0.10321699177724991,0.5139263022222222,0.2192592592592593,88.33703703703705
20151120163350-16km-D2-AGGRESSIVE-SECONDARY,D2,secondary,urban,aggressive,461.53,0.42026518518518524,0.09487217113183143,0.452435908,0.21666666666666665,97.12000000000002
20151120163350-16km-D2-AGGRESSIVE-SECONDARY,D2,secondary,urban,aggressive,466.53,0.4578043506172841,0.044923601272651326,0.4678694440000001,0.22133333333333333,101.47
20151120163350-16km-D2-AGGRESSIVE-SECONDARY,D2,secondary,urban,aggressive,471.53,0.47885484444444454,0.03567160245589883,0.44807472,0.16399999999999998,103.79333333333334
20151120163350-16km-D2-AGGRESSIVE-SECONDARY,D2,secondary,urban,aggressive,476.53,0.4854652076318743,0.046573512880675794,0.4066816763636364,0.10969696969696971,104.5060606060606
20151120163350-16km-D2-AGGRESSIVE-SECONDARY,D2,secondary,urban,aggressive,481.53,0.49210616186556927,0.053574602454285664,0.3948608,0.11555555555555554,105.21481481481482
20151120163350-16km-D2-AGGRESSIVE-SECONDARY,D2,secondary,urban,aggressive,486.53,0.5009652510288067,0.05904230416198929,0.4153741866666667,0.16592592592592592,106.15925925925927
20151120163350-16km-D2-AGGRESSIVE-SECONDARY,D2,secondary,urban,aggressive,491.53,0.4871349360269361,0.0484558733028487,0.45431117090909096,0.27878787878787875,104.6757575757576
20151120163350-16km-D2-AGGRESSIVE-SECONDARY,D2,secondary,urban,aggressive,496.53,0.48149589225589223,0.025186761992354045,0.4650585054545454,0.36363636363636365,104.07878787878789
20151120163350-16km-D2-AGGRESSIVE-SECONDARY,D2,secondary,urban,aggressive,501.53,0.49704207407407414,0.02205443011994272,0.4368248311111111,0.337037037037037,105.74814814814815
20151120163350-16km-D2-AGGRESSIVE-SECONDARY,D2,secondary,urban,aggressive,506.53,0.5007270342935529,0.02215560569944996,0.41365327999999996,0.257037037037037,106.14074074074074
20151120163350-16km-D2-AGGRESSIVE-SECONDARY,D2,secondary,urban,aggressive,511.53,0.4934797086419754,0.014474649158798595,0.433409084,0.26333333333333336,105.37
20151120163350-16km-D2-AGGRESSIVE-SECONDARY,D2,secondary,urban,aggressive,516.53,0.48230855218855223,0.014026160709904966,0.4685478181818182,0.2745454545454545,104.16969696969696
20151120163350-16km-D2-AGGRESSIVE-SECONDARY,D2,secondary,urban,aggressive,521.53,0.48420211447811445,0.03156456475582268,0.4494840472727272,0.1903030303030303,104.36666666666666
20151120163350-16km-D2-AGGRESSIVE-SECONDARY,D2,secondary,urban,aggressive,526.53,0.4943765596707819,0.04097561128650773,0.42641467999999993,0.12666666666666665,105.45925925925927
20151120163350-16km-D2-AGGRESSIVE-SECONDARY,D2,secondary,urban,aggressive,531.53,0.5133654271604938,0.05458951513339764,0.47192856799999994,0.16999999999999998,107.45666666666666
20151120163350-16km-D2-AGGRESSIVE-SECONDARY,D2,secondary,urban,aggressive,536.53,0.5022469432098766,0.0801004498724738,0.534180456,0.13533333333333336,106.24666666666667
20151120163350-16km-D2-AGGRESSIVE-SECONDARY,D2,secondary,urban,aggressive,541.53,0.46183428641975316,0.06827182969424903,0.555973832,0.08066666666666666,101.92333333333333
20151120163350-16km-D2-AGGRESSIVE-SECONDARY,D2,secondary,urban,aggressive,546.53,0.48144964938271617,0.05941754924905439,0.520879196,0.192,104.02666666666669
20151120163350-16km-D2-AGGRESSIVE-SECONDARY,D2,secondary,urban,aggressive,551.53,0.5049467873799728,0.05145689902273528,0.5328658311111111,0.1637037037037037,106.57777777777781
20151120163350-16km-D2-AGGRESSIVE-SECONDARY,D2,secondary,urban,aggressive,556.53,0.4893563950617284,0.02778186829667544,0.53171928,0.13466666666666666,104.92666666666669
20151120163350-16km-D2-AGGRESSIVE-SECONDARY,D2,secondary,urban,aggressive,561.53,0.4687610913580248,0.04658192637358272,0.539613884,0.1993333333333333,102.67
20151120163350-16km-D2-AGGRESSIVE-SECONDARY,D2,secondary,urban,aggressive,566.53,0.4415657333333334,0.05954886752007915,0.556564076,0.11866666666666666,99.65
20151120163350-16km-D2-AGGRESSIVE-SECONDARY,D2,secondary,urban,aggressive,571.53,0.4169551012345679,0.05102159830595217,0.570036172,0.04466666666666667,96.84
20151120163350-16km-D2-AGGRESSIVE-SECONDARY,D2,secondary,urban,aggressive,576.53,0.37865307744107746,0.04725601256214957,0.6191988254545455,0.05333333333333334,92.25151515151515
20151120163350-16km-D2-AGGRESSIVE-SECONDARY,D2,secondary,urban,aggressive,581.53,0.3660277975308643,0.05061155073940284,0.602892392,0.05533333333333333,90.73
20151120163350-16km-D2-AGGRESSIVE-SECONDARY,D2,secondary,urban,aggressive,586.53,0.3652660888888889,0.07141678539192535,0.569916356,0.034666666666666665,90.61000000000001
20151120163350-16km-D2-AGGRESSIVE-SECONDARY,D2,secondary,urban,aggressive,591.53,0.34607377777777787,0.0735439878985084,0.5976275672727273,0.12484848484848486,88.2
20151120163350-16km-D2-AGGRESSIVE-SECONDARY,D2,secondary,urban,aggressive,596.53,0.29626215802469147,0.09014190586830033,0.6349066119999999,0.2,81.45666666666668
20151120163350-16km-D2-AGGRESSIVE-SECONDARY,D2,secondary,urban,aggressive,601.53,0.2376616345679013,0.08615920491171306,0.6393584880000001,0.134,73.03666666666666
20151120163350-16km-D2-AGGRESSIVE-SECONDARY,D2,secondary,urban,aggressive,606.53,0.20082881975308647,0.05884792675375241,0.6183839040000001,0.09533333333333333,67.16000000000001
20151120163350-16km-D2-AGGRESSIVE-SECONDARY,D2,secondary,urban,aggressive,611.53,0.16631710288065846,0.11181690931292149,0.6163353555555555,0.1837037037037037,60.97777777777779
20151120164606-16km-D2-DROWSY-SECONDARY,D2,secondary,urban,drowsy,22.97,0.3334782814814815,0.04785951324198373,0.0,0.06333333333333332,86.57333333333334
20151120164606-16km-D2-DROWSY-SECONDARY,D2,secondary,urban,drowsy,27.97,0.3699779111111111,0.06667106192079766,0.0,0.12533333333333332,91.20333333333335
20151120164606-16km-D2-DROWSY-SECONDARY,D2,secondary,urban,drowsy,32.97,0.37527904691358027,0.03980496940885341,0.0,0.22166666666666668,91.87666666666665
20151120164606-16km-D2-DROWSY-SECONDARY,D2,secondary,urban,drowsy,37.97,0.3663016345679012,0.01816769542674116,0.0,0.29766666666666663,90.78333333333333
20151120164606-16km-D2-DROWSY-SECONDARY,D2,secondary,urban,drowsy,42.97,0.3775716197530864,0.022006125309730822,0.0,0.2976,92.16333333333333
20151120164606-16km-D2-DROWSY-SECONDARY,D2,secondary,urban,drowsy,47.97,0.37875633580246915,0.03081483794664127,0.0,0.17306666666666665,92.30666666666667
20151120164606-16km-D2-DROWSY-SECONDARY,D2,secondary,urban,drowsy,52.97,0.35636953086419754,0.029066788841173266,0.0,0.25721212121212117,89.52424242424242
20151120164606-16km-D2-DROWSY-SECONDARY,D2,secondary,urban,drowsy,57.97,0.3418319851851852,0.01799408950396845,0.0,0.3145333333333334,87.69666666666666
20151120164606-16km-D2-DROWSY-SECONDARY,D2,secondary,urban,drowsy,62.97,0.34779328395061726,0.022184984016467468,0.0,0.20422222222222222,88.45185185185186
20151120164606-16km-D2-DROWSY-SECONDARY,D2,secondary,urban,drowsy,67.97,0.35966620246913583,0.02849989762093024,0.0,0.2915333333333333,89.95333333333333
20151120164606-16km-D2-DROWSY-SECONDARY,D2,secondary,urban,drowsy,72.97,0.3701557086419754,0.02219579101262557,0.0,0.2639333333333333,91.25666666666667
20151120164606-16km-D2-DROWSY-SECONDARY,D2,secondary,urban,drowsy,77.97,0.36550986666666674,0.02849332951252858,0.0,0.2202,90.67333333333332
20151120164606-16km-D2-DROWSY-SECONDARY,D2,secondary,urban,drowsy,82.97,0.3501634222222222,0.02530114068411024,0.0,0.2161333333333333,88.75666666666666
20151120164606-16km-D2-DROWSY-SECONDARY,D2,secondary,urban,drowsy,87.97,0.35054904691358024,0.018187404488062952,0.0,0.2430666666666667,88.80666666666666
20151120164606-16km-D2-DROWSY-SECONDARY,D2,secondary,urban,drowsy,92.97,0.35724831604938273,0.01697356538462376,0.0,0.32993333333333336,89.65333333333334
20151120164606-16km-D2-DROWSY-SECONDARY,D2,secondary,urban,drowsy,97.97,0.3578497283950617,0.008093910150888917,0.0,0.37096969696969695,89.73030303030303
20151120164606-16km-D2-DROWSY-SECONDARY,D2,secondary,urban,drowsy,102.97,0.3559627654320987,0.010740318968566776,0.0,0.3556,89.49333333333333
20151120164606-16km-D2-DROWSY-SECONDARY,D2,secondary,urban,drowsy,107.97,0.3484740356652949,0.011876269410825951,0.0,0.3546666666666667,88.54444444444444
20151120164606-16km-D2-DROWSY-SECONDARY,D2,secondary,urban,drowsy,112.97,0.3449865499438832,0.006991944544185232,0.0,0.1970909090909091,88.10303030303031
20151120164606-16km-D2-DROWSY-SECONDARY,D2,secondary,urban,drowsy,117.97,0.3419636228956229,0.022024073806615876,0.0,0.13466666666666668,87.7121212121212
20151120164606-16km-D2-DROWSY-SECONDARY,D2,secondary,urban,drowsy,122.97,0.3241047572016461,0.03793885052295261,0.0,0.32022222222222224,85.37037037037038
20151120164606-16km-D2-DROWSY-SECONDARY,D2,secondary,urban,drowsy,127.97,0.32084814320987665,0.03220585088530757,0.0,0.33940000000000003,84.95
20151120164606-16km-D2-DROWSY-SECONDARY,D2,secondary,urban,drowsy,132.97,0.3341724938271606,0.021008439362509113,0.0,0.3643636363636364,86.7060606060606
20151120164606-16km-D2-DROWSY-SECONDARY,D2,secondary,urban,drowsy,137.97,0.33905254320987654,0.020060016378952304,0.0,0.33829629629629626,87.34074074074073
20151120164606-16km-D2-DROWSY-SECONDARY,D2,secondary,urban,drowsy,142.97,0.325249048010974,0.040414465777990766,0.0,0.15785185185185185,85.52962962962962
20151120164606-16km-D2-DROWSY-SECONDARY,D2,secondary,urban,drowsy,147.97,0.32719077037037037,0.03781841976267668,0.0,0.16419999999999998,85.78333333333333
20151120164606-16km-D2-DROWSY-SECONDARY,D2,secondary,urban,drowsy,152.97,0.34076326913580246,0.028964443665612117,0.0,0.1966,87.56
20151120164606-16km-D2-DROWSY-SECONDARY,D2,secondary,urban,drowsy,157.97,0.36222663703703706,0.044419487979928216,0.0,0.11726666666666667,90.23333333333333
20151120164606-16km-D2-DROWSY-SECONDARY,D2,secondary,urban,drowsy,162.97,0.384259624691358,0.045727366455247706,0.0,0.17586666666666667,92.97333333333333
20151120164606-16km-D2-DROWSY-SECONDARY,D2,secondary,urban,drowsy,167.97,0.3746951604938271,0.04540126353194735,0.0,0.26212121212121214,91.7909090909091
20151120164606-16km-D2-DROWSY-SECONDARY,D2,secondary,urban,drowsy,172.97,0.3553921975308642,0.035285773563823015,0.011873632727272732,0.33369696969696966,89.39393939393939
20151120164606-16km-D2-DROWSY-SECONDARY,D2,secondary,urban,drowsy,177.97,0.3468035950617284,0.013205180842049307,0.013352596000000005,0.4458666666666667,88.33333333333333
20151120164606-16km-D2-DROWSY-SECONDARY,D2,secondary,urban,drowsy,182.97,0.35332347325102886,0.01488558215370514,0.0003240000000000006,0.46170370370370367,89.15925925925927
20151120164606-16km-D2-DROWSY-SECONDARY,D2,secondary,urban,drowsy,187.97,0.3560879604938272,0.019972903689857196,0.0,0.35080000000000006,89.50666666666666
20151120164606-16km-D2-DROWSY-SECONDARY,D2,secondary,urban,drowsy,192.97,0.3507989777777778,0.024513905036370288,0.0,0.24173333333333336,88.83666666666667
20151120164606-16km-D2-DROWSY-SECONDARY,D2,secondary,urban,drowsy,197.97,0.36034862002743484,0.03053984971368627,0.0,0.19074074074074074,90.02222222222221
20151120164606-16km-D2-DROWSY-SECONDARY,D2,secondary,urban,drowsy,202.97,0.3672148790123456,0.04865624067354961,0.0,0.3091333333333333,90.88333333333333
20151120164606-16km-D2-DROWSY-SECONDARY,D2,secondary,urban,drowsy,207.97,0.3509677234567901,0.05675846325919291,0.0,0.39673333333333327,88.84
20151120164606-16km-D2-DROWSY-SECONDARY,D2,secondary,urban,drowsy,212.97,0.35398679012345685,0.03480067702838603,0.0,0.3495333333333333,89.22333333333334
20151120164606-16km-D2-DROWSY-SECONDARY,D2,secondary,urban,drowsy,217.97,0.368804750617284,0.013939713892833796,0.0,0.3125333333333334,91.09333333333333
20151120164606-16km-D2-DROWSY-SECONDARY,D2,secondary,urban,drowsy,222.97,0.3730611111111112,0.019745933980724394,0.0,0.25533333333333336,91.61666666666667
20151120164606-16km-D2-DROWSY-SECONDARY,D2,secondary,urban,drowsy,227.97,0.3694540888888889,0.01975205313289362,0.0,0.18259999999999998,91.17
20151120164606-16km-D2-DROWSY-SECONDARY,D2,secondary,urban,drowsy,232.97,0.36480943703703705,0.024866628474319266,0.0,0.2304,90.59666666666668
20151120164606-16km-D2-DROWSY-SECONDARY,D2,secondary,urban,drowsy,237.97,0.3815004624017957,0.03296052134407155,0.004231454545454543,0.2846666666666666,92.63030303030303
20151120164606-16km-D2-DROWSY-SECONDARY,D2,secondary,urban,drowsy,242.97,0.4043869001122335,0.029860393326934284,0.004231454545454543,0.2687272727272727,95.37575757575756
20151120164606-16km-D2-DROWSY-SECONDARY,D2,secondary,urban,drowsy,247.97,0.39859137997256516,0.06378106023175306,0.0,0.48711111111111105,94.65555555555555
20151120164606-16km-D2-DROWSY-SECONDARY,D2,secondary,urban,drowsy,252.97,0.3566487133058984,0.05764689233369077,0.00874957333333333,0.4728888888888888,89.54074074074074
20151120164606-16km-D2-DROWSY-SECONDARY,D2,secondary,urban,drowsy,257.97,0.3364313283950617,0.0321698995661308,0.007874615999999997,0.2714666666666667,87.0
20151120164606-16km-D2-DROWSY-SECONDARY,D2,secondary,urban,drowsy,262.97,0.3417490320987654,0.03485693484819376,0.0029003439999999965,0.34273333333333333,87.67666666666666
20151120164606-16km-D2-DROWSY-SECONDARY,D2,secondary,urban,drowsy,267.97,0.34917503209876544,0.034539821940046164,0.07367478000000001,0.45653333333333335,88.63333333333333
20151120164606-16km-D2-DROWSY-SECONDARY,D2,secondary,urban,drowsy,272.97,0.3523558419753086,0.03423833473402979,0.13991094799999998,0.3791333333333333,89.03333333333333
20151120164606-16km-D2-DROWSY-SECONDARY,D2,secondary,urban,drowsy,277.97,0.3583161234567901,0.036112463540710606,0.08557128,0.4107333333333334,89.78333333333335
20151120164606-16km-D2-DROWSY-SECONDARY,D2,secondary,urban,drowsy,282.97,0.37618972345679014,0.03812133439222094,0.016793456000000002,0.5677333333333333,91.97
20151120164606-16km-D2-DROWSY-SECONDARY,D2,secondary,urban,drowsy,287.97,0.3909989333333333,0.024114065433762592,0.0297879,0.5481333333333333,93.79333333333332
20151120164606-16km-D2-DROWSY-SECONDARY,D2,secondary,urban,drowsy,292.97,0.38203412794612795,0.024764528296864537,0.0867707381818182,0.376969696969697,92.70909090909089
20151120164606-16km-D2-DROWSY-SECONDARY,D2,secondary,urban,drowsy,297.97,0.3838780650953984,0.0225757285341957,0.08891488363636363,0.19284848484848485,92.93030303030304
20151120164606-16km-D2-DROWSY-SECONDARY,D2,secondary,urban,drowsy,302.97,0.39114328120713304,0.022086059073996602,0.08403801333333333,0.20814814814814817,93.8111111111111
20151120164606-16km-D2-DROWSY-SECONDARY,D2,secondary,urban,drowsy,307.97,0.39790069135802475,0.033050605322749185,0.112760092,0.27346666666666664,94.61333333333334
20151120164606-16km-D2-DROWSY-SECONDARY,D2,secondary,urban,drowsy,312.97,0.4080103613916947,0.03548819640760599,0.1379221927272727,0.21060606060606057,95.8060606060606
20151120164606-16km-D2-DROWSY-SECONDARY,D2,secondary,urban,drowsy,317.97,0.4098178216735253,0.047765729677813534,0.1842883022222222,0.13466666666666666,96.01481481481481
20151120164606-16km-D2-DROWSY-SECONDARY,D2,secondary,urban,drowsy,322.97,0.39347564883401914,0.040024944815933154,0.17854849777777773,0.09355555555555556,94.07777777777777
20151120164606-16km-D2-DROWSY-SECONDARY,D2,secondary,urban,drowsy,327.97,0.39919422222222223,0.03487743522000198,0.120182492,0.1772,94.75333333333333
20151120164606-16km-D2-DROWSY-SECONDARY,D2,secondary,urban,drowsy,332.97,0.41539019753086415,0.044930599409103246,0.05458364400000001,0.3711333333333333,96.67
20151120164606-16km-D2-DROWSY-SECONDARY,D2,secondary,urban,drowsy,337.97,0.43192673086419753,0.03533961205583505,0.04006334,0.4053333333333334,98.56333333333335
20151120164606-16km-D2-DROWSY-SECONDARY,D2,secondary,urban,drowsy,342.97,0.43458627160493835,0.030681760854868397,0.14588034545454545,0.2625454545454546,98.87272727272726
20151120164606-16km-D2-DROWSY-SECONDARY,D2,secondary,urban,drowsy,347.97,0.4054005028058361,0.07978037401281167,0.3562469890909091,0.21,95.43636363636364
20151120164606-16km-D2-DROWSY-SECONDARY,D2,secondary,urban,drowsy,352.97,0.3471430781893004,0.10594400134084628,0.5128012177777778,0.15340740740740738,88.18518518518518
20151120164606-16km-D2-DROWSY-SECONDARY,D2,secondary,urban,drowsy,357.97,0.31825065679012343,0.04337956490836777,0.396091712,0.06733333333333333,84.6
20151120164606-16km-D2-DROWSY-SECONDARY,D2,secondary,urban,drowsy,362.97,0.3434384736251403,0.039838224823112584,0.24750218181818184,0.17266666666666666,87.87272727272726
20151120164606-16km-D2-DROWSY-SECONDARY,D2,secondary,urban,drowsy,367.97,0.3696151308641975,0.04051283328249762,0.13355583599999998,0.25120000000000003,91.18
20151120164606-16km-D2-DROWSY-SECONDARY,D2,secondary,urban,drowsy,372.97,0.39582053772290815,0.05919891283921619,0.0736788577777778,0.294,94.32962962962964
20151120164606-16km-D2-DROWSY-SECONDARY,D2,secondary,urban,drowsy,377.97,0.4348724060356653,0.06506375057659525,0.056899262222222226,0.2446666666666667,98.8888888888889
20151120164606-16km-D2-DROWSY-SECONDARY,D2,secondary,urban,drowsy,382.97,0.442303175308642,0.04806447416545114,0.059724507999999996,0.22766666666666663,99.74999999999999
20151120164606-16km-D2-DROWSY-SECONDARY,D2,secondary,urban,drowsy,387.97,0.4585649580246914,0.05601150017694523,0.027018755999999998,0.2802,101.53999999999999
20151120164606-16km-D2-DROWSY-SECONDARY,D2,secondary,urban,drowsy,392.97,0.4669589988776655,0.046966017485632804,0.012519676363636368,0.3416363636363637,102.4878787878788
20151120164606-16km-D2-DROWSY-SECONDARY,D2,secondary,urban,drowsy,397.97,0.4546787753086419,0.04346611442806471,0.006346040000000004,0.4013333333333334,101.13999999999997
20151120164606-16km-D2-DROWSY-SECONDARY,D2,secondary,urban,drowsy,402.97,0.43603462277091903,0.04967666674899126,7.957777777777822e-05,0.2514074074074074,99.02962962962962
20151120164606-16km-D2-DROWSY-SECONDARY,D2,secondary,urban,drowsy,407.97,0.4411584915824916,0.04583190969113699,0.006937850909090909,0.1775757575757576,99.60606060606061
20151120164606-16km-D2-DROWSY-SECONDARY,D2,secondary,urban,drowsy,412.97,0.450628758698092,0.04221974801840884,0.09539655272727274,0.20018181818181818,100.68484848484849
20151120164606-16km-D2-DROWSY-SECONDARY,D2,secondary,urban,drowsy,417.97,0.42145464691358037,0.050067510820081186,0.21267559600000002,0.3184666666666667,97.34
20151120164606-16km-D2-DROWSY-SECONDARY,D2,secondary,urban,drowsy,422.97,0.38771379259259264,0.036247027745342206,0.22987634000000004,0.27273333333333327,93.38333333333333
20151120164606-16km-D2-DROWSY-SECONDARY,D2,secondary,urban,drowsy,427.97,0.3711680713305899,0.02866055005273481,0.2657242266666667,0.1714074074074074,91.38148148148149
20151120164606-16km-D2-DROWSY-SECONDARY,D2,secondary,urban,drowsy,432.97,0.35029573662551433,0.04041918597847302,0.3937175377777778,0.27770370370370373,88.75555555555555
20151120164606-16km-D2-DROWSY-SECONDARY,D2,secondary,urban,drowsy,437.97,0.31559217777777776,0.06630657195184679,0.489721852,0.2546,84.19333333333333
20151120164606-16km-D2-DROWSY-SECONDARY,D2,secondary,urban,drowsy,442.97,0.3025102626262626,0.0612499283395614,0.45024724000000005,0.19842424242424242,82.47575757575757
20151120164606-16km-D2-DROWSY-SECONDARY,D2,secondary,urban,drowsy,447.97,0.3062192592592593,0.035053238862893035,0.41961078400000007,0.26339999999999997,83.0
20151120164606-16km-D2-DROWSY-SECONDARY,D2,secondary,urban,drowsy,452.97,0.30784695308641974,0.030418612376958688,0.446995508,0.2976,83.22
20151120164606-16km-D2-DROWSY-SECONDARY,D2,secondary,urban,drowsy,457.97,0.3172262222222222,0.02789704276366766,0.421457192,0.25586666666666663,84.47999999999999
20151120164606-16km-D2-DROWSY-SECONDARY,D2,secondary,urban,drowsy,462.97,0.3254717827160493,0.03442904960225537,0.35778048,0.2538,85.56666666666665
20151120164606-16km-D2-DROWSY-SECONDARY,D2,secondary,urban,drowsy,467.97,0.32910353310886636,0.02992066735895416,0.30604778181818176,0.34454545454545454,86.04242424242423
20151120164606-16km-D2-DROWSY-SECONDARY,D2,secondary,urban,drowsy,472.97,0.3332011028806584,0.026964057085363022,0.28523351555555554,0.3874814814814815,86.58148148148149
20151120164606-16km-D2-DROWSY-SECONDARY,D2,secondary,urban,drowsy,477.97,0.3292294101508916,0.04882026234867406,0.2934669555555556,0.3185925925925926,86.05185185185185
20151120164606-16km-D2-DROWSY-SECONDARY,D2,secondary,urban,drowsy,482.97,0.31700418271604935,0.045205725194646426,0.281311692,0.3783333333333333,84.43666666666667
20151120164606-16km-D2-DROWSY-SECONDARY,D2,secondary,urban,drowsy,487.97,0.32813045432098764,0.04091285426810547,0.249372772,0.38180000000000003,85.88333333333334
20151120164606-16km-D2-DROWSY-SECONDARY,D2,secondary,urban,drowsy,492.97,0.34699813827160486,0.03218538402832323,0.24334700799999998,0.31779999999999997,88.35666666666665
20151120164606-16km-D2-DROWSY-SECONDARY,D2,secondary,urban,drowsy,497.97,0.3403641185185185,0.04026449522092396,0.29472537600000004,0.3090666666666666,87.49333333333333
20151120164606-16km-D2-DROWSY-SECONDARY,D2,secondary,urban,drowsy,502.97,0.32589312098765433,0.06112453303873263,0.338550292,0.25326666666666664,85.60333333333332
20151120164606-16km-D2-DROWSY-SECONDARY,D2,secondary,urban,drowsy,507.97,0.34897098271604937,0.06703892765299141,0.3723310120000001,0.28079999999999994,88.5
20151120164606-16km-D2-DROWSY-SECONDARY,D2,secondary,urban,drowsy,512.97,0.38307526823793486,0.04654390410276838,0.45571419272727276,0.34648484848484845,92.82424242424241
20151120164606-16km-D2-DROWSY-SECONDARY,D2,secondary,urban,drowsy,517.97,0.3850189234567901,0.015148046768630866,0.5096581600000001,0.2578666666666667,93.07333333333334
20151120164606-16km-D2-DROWSY-SECONDARY,D2,secondary,urban,drowsy,522.97,0.38722906666666657,0.01051325998169986,0.51501456,0.23833333333333329,93.34
20151120164606-16km-D2-DROWSY-SECONDARY,D2,secondary,urban,drowsy,527.97,0.3866866442199775,0.020374103696975964,0.51146344,0.22103030303030308,93.27272727272727
20151120164606-16km-D2-DROWSY-SECONDARY,D2,secondary,urban,drowsy,532.97,0.38724680493827157,0.029370552003832418,0.48669384000000004,0.21073333333333336,93.33999999999999
20151120164606-16km-D2-DROWSY-SECONDARY,D2,secondary,urban,drowsy,537.97,0.36708748422496573,0.08174754097238299,0.5286729066666667,0.32162962962962965,90.78518518518518
20151120164606-16km-D2-DROWSY-SECONDARY,D2,secondary,urban,drowsy,542.97,0.32456893333333336,0.07388282040404243,0.6398124999999999,0.2349333333333333,85.41000000000001
20151120164606-16km-D2-DROWSY-SECONDARY,D2,secondary,urban,drowsy,547.97,0.31027335802469136,0.044616261891397786,0.640819668,0.2194666666666667,83.53666666666666
20151120164606-16km-D2-DROWSY-SECONDARY,D2,secondary,urban,drowsy,552.97,0.3126079451303155,0.08535957329154681,0.4791959377777778,0.3785925925925926,83.82962962962964
20151120164606-16km-D2-DROWSY-SECONDARY,D2,secondary,urban,drowsy,557.97,0.3391500641975308,0.06232852950333843,0.34120274,0.44713333333333327,87.30666666666669
20151120164606-16km-D2-DROWSY-SECONDARY,D2,secondary,urban,drowsy,562.97,0.35221364938271604,0.03979141113504866,0.329783512,0.5002666666666667,89.01333333333334
20151120164606-16km-D2-DROWSY-SECONDARY,D2,secondary,urban,drowsy,567.97,0.3340502617283951,0.035821401771392834,0.388623552,0.45246666666666674,86.67333333333333
20151120164606-16km-D2-DROWSY-SECONDARY,D2,secondary,urban,drowsy,572.97,0.31317024466891136,0.03556465006628868,0.3919227090909091,0.29084848484848486,83.93333333333334
20151120164606-16km-D2-DROWSY-SECONDARY,D2,secondary,urban,drowsy,577.97,0.3205163111111112,0.0567213068276319,0.33676364000000003,0.3112,84.88333333333333
20151120164606-16km-D2-DROWSY-SECONDARY,D2,secondary,urban,drowsy,582.97,0.35207608888888886,0.06312177515850614,0.35074362400000003,0.25126666666666664,88.98666666666666
20151120164606-16km-D2-DROWSY-SECONDARY,D2,secondary,urban,drowsy,587.97,0.3492130172839506,0.059359384580564264,0.41044061200000004,0.25793333333333335,88.61999999999999
20151120164606-16km-D2-DROWSY-SECONDARY,D2,secondary,urban,drowsy,592.97,0.3455456296296296,0.06063311057815595,0.36497502666666665,0.24696296296296294,88.15925925925926
20151120164606-16km-D2-DROWSY-SECONDARY,D2,secondary,urban,drowsy,597.97,0.3872403591470258,0.06894053392052629,0.24870674181818184,0.17763636363636362,93.26060606060607
20151120164606-16km-D2-DROWSY-SECONDARY,D2,secondary,urban,drowsy,602.97,0.42153337777777783,0.06838140591463596,0.24375946,0.21353333333333335,97.36333333333333
20151120164606-16km-D2-DROWSY-SECONDARY,D2,secondary,urban,drowsy,607.97,0.44316599506172843,0.07360159171425892,0.312707288,0.15226666666666666,99.81333333333333
20151120164606-16km-D2-DROWSY-SECONDARY,D2,secondary,urban,drowsy,612.97,0.4647857135802469,0.06292044396709988,0.320467184,0.24713333333333334,102.21000000000001
20151120164606-16km-D2-DROWSY-SECONDARY,D2,secondary,urban,drowsy,617.97,0.49005638957475994,0.03762565294434058,0.2990128444444445,0.3508148148148148,104.9962962962963
20151120164606-16km-D2-DROWSY-SECONDARY,D2,secondary,urban,drowsy,622.97,0.5105039012345679,0.03417154783760349,0.23168592727272727,0.3556969696969698,107.15151515151516
20151120164606-16km-D2-DROWSY-SECONDARY,D2,secondary,urban,drowsy,627.97,0.5201206666666667,0.042337764373013724,0.14737108399999999,0.3799333333333333,108.17
20151120164606-16km-D2-DROWSY-SECONDARY,D2,secondary,urban,drowsy,632.97,0.48492040054869684,0.06346382630460957,0.2127969866666667,0.21785185185185185,104.4111111111111
20151120164606-16km-D2-DROWSY-SECONDARY,D2,secondary,urban,drowsy,637.97,0.4444217432098765,0.04518613737330142,0.244038148,0.21013333333333334,99.97
20151120164606-16km-D2-DROWSY-SECONDARY,D2,secondary,urban,drowsy,642.97,0.4424840269360269,0.044786437508561795,0.11960571636363641,0.3299393939393939,99.75454545454546
20151120160904-16km-D2-NORMAL1-SECONDARY,D2,secondary,urban,normal,15.83,0.281433859708193,0.03425343724322715,0.0,0.247030303030303,79.5469696969697
20151120160904-16km-D2-NORMAL1-SECONDARY,D2,secondary,urban,normal,20.83,0.2998860888888889,0.03890682227216679,0.0,0.2599333333333333,82.13000000000001
20151120160904-16km-D2-NORMAL1-SECONDARY,D2,secondary,urban,normal,25.83,0.3220067012345679,0.04081534136369186,0.0,0.25926666666666665,85.07666666666668
20151120160904-16km-D2-NORMAL1-SECONDARY,D2,secondary,urban,normal,30.83,0.3441891802469136,0.024117849846640668,0.0,0.2680666666666667,87.99666666666667
20151120160904-16km-D2-NORMAL1-SECONDARY,D2,secondary,urban,normal,35.83,0.36546820740740743,0.037388108755948155,0.0,0.3084666666666666,90.65333333333334
20151120160904-16km-D2-NORMAL1-SECONDARY,D2,secondary,urban,normal,40.83,0.3844608938271604,0.06587636305087514,0.0,0.33333333333333337,92.99000000000001
20151120160904-16km-D2-NORMAL1-SECONDARY,D2,secondary,urban,normal,45.83,0.3523309382716049,0.07589954203932997,0.0,0.41080000000000005,88.90333333333334
20151120160904-16km-D2-NORMAL1-SECONDARY,D2,secondary,urban,normal,50.83,0.31638818765432086,0.06840743861669171,0.0,0.3030666666666667,84.35333333333332
20151120160904-16km-D2-NORMAL1-SECONDARY,D2,secondary,urban,normal,55.83,0.349062686419753,0.06965653205968073,0.0,0.1326,88.49999999999999
20151120160904-16km-D2-NORMAL1-SECONDARY,D2,secondary,urban,normal,60.83,0.386559412345679,0.046778779425621475,0.0,0.198,93.25
20151120160904-16km-D2-NORMAL1-SECONDARY,D2,secondary,urban,normal,65.83,0.3851176839506173,0.02612625881148173,0.07523827599999999,0.264,93.08333333333334
20151120160904-16km-D2-NORMAL1-SECONDARY,D2,secondary,urban,normal,70.83,0.38986956543209866,0.03156076531692396,0.07523827599999999,0.29826666666666657,93.64999999999999
20151120160904-16km-D2-NORMAL1-SECONDARY,D2,secondary,urban,normal,75.83,0.4030412938271605,0.041932248152845235,0.0,0.35013333333333335,95.22
20151120160904-16km-D2-NORMAL1-SECONDARY,D2,secondary,urban,normal,80.83,0.4182747456790123,0.0430836026218634,0.0,0.34340000000000004,96.99333333333334
20151120160904-16km-D2-NORMAL1-SECONDARY,D2,secondary,urban,normal,85.83,0.4236065283950617,0.04077546003801963,0.0,0.21213333333333334,97.61999999999999
20151120160904-16km-D2-NORMAL1-SECONDARY,D2,secondary,urban,normal,90.83,0.4201034765432099,0.054883228984708834,0.0,0.17113333333333333,97.20666666666666
20151120160904-16km-D2-NORMAL1-SECONDARY,D2,secondary,urban,normal,95.83,0.4236135703703704,0.06098829731584178,0.0,0.25126666666666664,97.60666666666667
20151120160904-16km-D2-NORMAL1-SECONDARY,D2,secondary,urban,normal,100.83,0.4345137283950617,0.035446897722702174,0.0,0.2552,98.86
20151120160904-16km-D2-NORMAL1-SECONDARY,D2,secondary,urban,normal,105.83,0.4423002271604938,0.034962667924830514,0.0,0.2160666666666667,99.75333333333332
20151120160904-16km-D2-NORMAL1-SECONDARY,D2,secondary,urban,normal,110.83,0.4060568,0.05842926548915557,0.0,0.21820000000000003,95.49333333333331
20151120160904-16km-D2-NORMAL1-SECONDARY,D2,secondary,urban,normal,115.83,0.3635914518518518,0.03718534965750439,0.0,0.24853333333333336,90.43666666666668
20151120160904-16km-D2-NORMAL1-SECONDARY,D2,secondary,urban,normal,120.83,0.3532699950617284,0.01774691976319453,0.0,0.2416666666666667,89.15333333333334
20151120160904-16km-D2-NORMAL1-SECONDARY,D2,secondary,urban,normal,125.83,0.34806508641975314,0.015332839728971629,0.0,0.14006666666666667,88.49333333333334
20151120160904-16km-D2-NORMAL1-SECONDARY,D2,secondary,urban,normal,130.82999999999998,0.3416104345679012,0.01049157249694133,0.0,0.04786666666666666,87.67
20151120160904-16km-D2-NORMAL1-SECONDARY,D2,secondary,urban,normal,135.82999999999998,0.33769777777777776,0.01742945752962953,0.0,0.06939999999999999,87.16666666666666
20151120160904-16km-D2-NORMAL1-SECONDARY,D2,secondary,urban,normal,140.82999999999998,0.35159318518518523,0.03216101550218347,0.0,0.06406666666666666,88.92
20151120160904-16km-D2-NORMAL1-SECONDARY,D2,secondary,urban,normal,145.82999999999998,0.388390637037037,0.05300961164211635,0.0,0.058733333333333325,93.43333333333332
20151120160904-16km-D2-NORMAL1-SECONDARY,D2,secondary,urban,normal,150.82999999999998,0.4219216197530865,0.04260812902169597,0.0,0.06133333333333334,97.41333333333334
20151120160904-16km-D2-NORMAL1-SECONDARY,D2,secondary,urban,normal,155.82999999999998,0.4401895555555556,0.015309002611919701,0.0,0.08346666666666666,99.51666666666668
20151120160904-16km-D2-NORMAL1-SECONDARY,D2,secondary,urban,normal,160.82999999999998,0.45126248888888904,0.021517054627134585,0.0,0.09226666666666666,100.76
20151120160904-16km-D2-NORMAL1-SECONDARY,D2,secondary,urban,normal,165.82999999999998,0.45935507654320984,0.037455748121073065,0.0,0.03899999999999999,101.65666666666667
20151120160904-16km-D2-NORMAL1-SECONDARY,D2,secondary,urban,normal,170.82999999999998,0.44585601481481485,0.032597063893164094,0.0,0.016733333333333333,100.13666666666668
20151120160904-16km-D2-NORMAL1-SECONDARY,D2,secondary,urban,normal,175.82999999999998,0.41869502222222216,0.03588941051580249,0.0,0.04846666666666667,97.04666666666667
20151120160904-16km-D2-NORMAL1-SECONDARY,D2,secondary,urban,normal,180.82999999999998,0.39678679012345686,0.031117182489465305,0.0,0.0606,94.47
20151120160904-16km-D2-NORMAL1-SECONDARY,D2,secondary,urban,normal,185.82999999999998,0.3798915604938272,0.01293046631351899,0.0,0.059333333333333335,92.45
20151120160904-16km-D2-NORMAL1-SECONDARY,D2,secondary,urban,normal,190.82999999999998,0.37068125925925927,0.014416611320433185,0.0,0.17253333333333334,91.32333333333335
20151120160904-16km-D2-NORMAL1-SECONDARY,D2,secondary,urban,normal,195.82999999999998,0.3633607259259259,0.01912607252690929,0.0,0.20606666666666668,90.41666666666666
20151120160904-16km-D2-NORMAL1-SECONDARY,D2,secondary,urban,normal,200.82999999999998,0.36073151111111107,0.017760961528861086,0.0,0.09826666666666665,90.09
20151120160904-16km-D2-NORMAL1-SECONDARY,D2,secondary,urban,normal,205.82999999999998,0.35549096790123463,0.020003329536833116,0.0,0.0768,89.42999999999999
20151120160904-16km-D2-NORMAL1-SECONDARY,D2,secondary,urban,normal,210.82999999999998,0.35768250864197526,0.03978738199851943,0.0,0.10373333333333332,89.70000000000002
20151120160904-16km-D2-NORMAL1-SECONDARY,D2,secondary,urban,normal,215.82999999999998,0.36219487901234565,0.03353961638312253,0.0,0.08279999999999998,90.27
20151120160904-16km-D2-NORMAL1-SECONDARY,D2,secondary,urban,normal,220.82999999999998,0.3520741086419753,0.024762872951250937,0.0,0.03973333333333333,88.99666666666667
20151120160904-16km-D2-NORMAL1-SECONDARY,D2,secondary,urban,normal,225.82999999999998,0.34441351604938275,0.03640874535819343,0.0,0.07606666666666666,88.02333333333334
20151120160904-16km-D2-NORMAL1-SECONDARY,D2,secondary,urban,normal,230.82999999999998,0.35438150123456785,0.030659694328505616,0.0,0.17773333333333335,89.28
20151120160904-16km-D2-NORMAL1-SECONDARY,D2,secondary,urban,normal,235.82999999999998,0.3597355308641975,0.020112234704228803,0.0,0.23633333333333334,89.96333333333332
20151120160904-16km-D2-NORMAL1-SECONDARY,D2,secondary,urban,normal,240.82999999999998,0.3633326074074074,0.02822259828840149,0.0,0.2248666666666667,90.40333333333335
20151120160904-16km-D2-NORMAL1-SECONDARY,D2,secondary,urban,normal,245.82999999999998,0.3733438419753087,0.043293814086548185,0.0,0.1448,91.64666666666668
20151120160904-16km-D2-NORMAL1-SECONDARY,D2,secondary,urban,normal,250.82999999999998,0.39013144691358026,0.05874669793640987,0.0,0.05720000000000001,93.66666666666666
20151120160904-16km-D2-NORMAL1-SECONDARY,D2,secondary,urban,normal,255.82999999999998,0.38610221728395067,0.055515900146584016,0.0,0.04233333333333333,93.16999999999999
20151120160904-16km-D2-NORMAL1-SECONDARY,D2,secondary,urban,normal,260.83,0.36483217777777777,0.02880243659171721,0.0,0.05186666666666667,90.6
20151120160904-16km-D2-NORMAL1-SECONDARY,D2,secondary,urban,normal,265.83,0.3719679061728395,0.022283718028906635,0.0,0.06133333333333333,91.47666666666666
20151120160904-16km-D2-NORMAL1-SECONDARY,D2,secondary,urban,normal,270.83,0.3748788987654321,0.025122434610261445,0.0,0.0748,91.83666666666667
20151120160904-16km-D2-NORMAL1-SECONDARY,D2,secondary,urban,normal,275.83,0.36313946666666663,0.02047085536338628,0.0,0.14613333333333334,90.38666666666666
20151120160904-16km-D2-NORMAL1-SECONDARY,D2,secondary,urban,normal,280.83,0.3600127802469136,0.018951607955251363,0.0,0.1501333333333333,89.99999999999999
20151120160904-16km-D2-NORMAL1-SECONDARY,D2,secondary,urban,normal,285.83,0.3603063593964335,0.01664756186961347,0.0,0.06881481481481483,90.03703703703704
20151120160904-16km-D2-NORMAL1-SECONDARY,D2,secondary,urban,normal,290.83,0.37160559012345684,0.03138954648818081,0.0,0.10506666666666667,91.42
20151120160904-16km-D2-NORMAL1-SECONDARY,D2,secondary,urban,normal,295.83,0.3847635824915825,0.03327870845104228,0.0,0.14515151515151514,93.03636363636363
20151120160904-16km-D2-NORMAL1-SECONDARY,D2,secondary,urban,normal,300.83,0.3851641333333334,0.021124848263711797,0.0,0.09773333333333332,93.09
20151120160904-16km-D2-NORMAL1-SECONDARY,D2,secondary,urban,normal,305.83,0.3810207023319616,0.021864236885272188,0.0,0.10407407407407407,92.58888888888889
20151120160904-16km-D2-NORMAL1-SECONDARY,D2,secondary,urban,normal,310.83,0.3805304395061728,0.0269191371369877,0.0,0.15026666666666666,92.52666666666667
20151120160904-16km-D2-NORMAL1-SECONDARY,D2,secondary,urban,normal,315.83,0.39105522783389457,0.02712271488204375,0.0,0.10539393939393939,93.7878787878788
20151120160904-16km-D2-NORMAL1-SECONDARY,D2,secondary,urban,normal,320.83,0.41109769382716055,0.020345115800235868,0.0,0.15153333333333335,96.17
20151120160904-16km-D2-NORMAL1-SECONDARY,D2,secondary,urban,normal,325.83,0.4105111012345679,0.022164831464406946,0.0,0.1972,96.10000000000001
20151120160904-16km-D2-NORMAL1-SECONDARY,D2,secondary,urban,normal,330.83,0.3971822765432099,0.020351606327600323,0.0,0.18846666666666664,94.53
20151120160904-16km-D2-NORMAL1-SECONDARY,D2,secondary,urban,normal,335.83,0.39282515555555547,0.009520065998585176,0.0,0.2048,94.01333333333334
20151120160904-16km-D2-NORMAL1-SECONDARY,D2,secondary,urban,normal,340.83,0.393772424691358,0.01050533228106616,0.0,0.2290666666666667,94.12666666666667
20151120160904-16km-D2-NORMAL1-SECONDARY,D2,secondary,urban,normal,345.83,0.39251547654320984,0.02481691502354135,0.0,0.16833333333333336,93.97333333333333
20151120160904-16km-D2-NORMAL1-SECONDARY,D2,secondary,urban,normal,350.83,0.39584937777777773,0.020687681035219077,0.0,0.15893333333333332,94.37
20151120160904-16km-D2-NORMAL1-SECONDARY,D2,secondary,urban,normal,355.83,0.3993167308641975,0.009964133344316225,0.0,0.26539999999999997,94.78666666666666
20151120160904-16km-D2-NORMAL1-SECONDARY,D2,secondary,urban,normal,360.83,0.39945672592592596,0.01346471672068425,0.0,0.24779999999999996,94.80333333333334
20151120160904-16km-D2-NORMAL1-SECONDARY,D2,secondary,urban,normal,365.83,0.40650758518518526,0.0246574494653256,0.0,0.1744,95.63333333333334
20151120160904-16km-D2-NORMAL1-SECONDARY,D2,secondary,urban,normal,370.83,0.4066205234567901,0.020767893792002813,0.0,0.12526666666666667,95.64666666666668
20151120160904-16km-D2-NORMAL1-SECONDARY,D2,secondary,urban,normal,375.83,0.39825271111111105,0.009855083121676315,0.0,0.07139999999999999,94.66
20151120160904-16km-D2-NORMAL1-SECONDARY,D2,secondary,urban,normal,380.83,0.3896101432098765,0.029079020131937305,0.0,0.05393333333333333,93.62
20151120160904-16km-D2-NORMAL1-SECONDARY,D2,secondary,urban,normal,385.83,0.3790945086419753,0.03560241440403114,0.0,0.12326666666666666,92.34666666666666
20151120160904-16km-D2-NORMAL1-SECONDARY,D2,secondary,urban,normal,390.83,0.376010187654321,0.025798899092406985,0.0,0.16293333333333332,91.97666666666666
20151120160904-16km-D2-NORMAL1-SECONDARY,D2,secondary,urban,normal,395.83,0.37382802469135806,0.02018203711521249,0.0,0.1306,91.71000000000001
20151120160904-16km-D2-NORMAL1-SECONDARY,D2,secondary,urban,normal,400.83,0.36598355061728394,0.011135100382197224,0.0,0.12326666666666666,90.74333333333334
20151120160904-16km-D2-NORMAL1-SECONDARY,D2,secondary,urban,normal,405.83,0.3618176888888888,0.009089153962361608,0.0,0.11586666666666667,90.22666666666666
20151120160904-16km-D2-NORMAL1-SECONDARY,D2,secondary,urban,normal,410.83,0.37453668148148145,0.030946462964618743,0.0,0.1602666666666667,91.78
20151120160904-16km-D2-NORMAL1-SECONDARY,D2,secondary,urban,normal,415.83,0.397992024691358,0.03031592301781011,0.0,0.23173333333333335,94.61666666666666
20151120160904-16km-D2-NORMAL1-SECONDARY,D2,secondary,urban,normal,420.83,0.4077546320987654,0.00721460129627598,0.0,0.2062,95.78333333333333
20151120160904-16km-D2-NORMAL1-SECONDARY,D2,secondary,urban,normal,425.83,0.40585545679012347,0.003807468351341826,0.0,0.2088,95.56
20151120160904-16km-D2-NORMAL1-SECONDARY,D2,secondary,urban,normal,430.83,0.40342394074074067,0.0038361098498320345,0.0,0.1778,95.27333333333334
20151120160904-16km-D2-NORMAL1-SECONDARY,D2,secondary,urban,normal,435.83,0.40229725432098756,0.011405479143774145,0.0,0.11586666666666665,95.13999999999999
20151120160904-16km-D2-NORMAL1-SECONDARY,D2,secondary,urban,normal,440.83,0.4021646666666666,0.018787671024919562,0.0,0.10506666666666668,95.12333333333335
20151120160904-16km-D2-NORMAL1-SECONDARY,D2,secondary,urban,normal,445.83,0.39999064197530865,0.02612827937670829,0.0,0.15693333333333334,94.86333333333333
20151120160904-16km-D2-NORMAL1-SECONDARY,D2,secondary,urban,normal,450.83,0.3856617728395062,0.03040565000481969,0.0,0.16233333333333336,93.13666666666668
20151120160904-16km-D2-NORMAL1-SECONDARY,D2,secondary,urban,normal,455.83,0.36772648395061724,0.01946399953599815,0.0,0.06333333333333332,90.95666666666666
20151120160904-16km-D2-NORMAL1-SECONDARY,D2,secondary,urban,normal,460.83,0.37084585185185187,0.02104311095313811,0.0,0.06666666666666668,91.33666666666667
20151120160904-16km-D2-NORMAL1-SECONDARY,D2,secondary,urban,normal,465.83,0.3846975061728395,0.028773811703184504,0.0,0.1718,93.03
20151120160904-16km-D2-NORMAL1-SECONDARY,D2,secondary,urban,normal,470.83,0.3983082864197531,0.030981278101680904,0.0,0.21966666666666673,94.66
20151120160904-16km-D2-NORMAL1-SECONDARY,D2,secondary,urban,normal,475.83,0.40072042962962967,0.021701884333462332,0.0,0.223,94.95000000000002
20151120160904-16km-D2-NORMAL1-SECONDARY,D2,secondary,urban,normal,480.83,0.3987380197530864,0.016650046343404234,0.0,0.23840000000000003,94.71666666666667
20151120160904-16km-D2-NORMAL1-SECONDARY,D2,secondary,urban,normal,485.83,0.40553580246913584,0.027815049116412284,0.0,0.14880000000000002,95.52
20151120160904-16km-D2-NORMAL1-SECONDARY,D2,secondary,urban,normal,490.83,0.403932261728395,0.026372757260417923,0.0,0.0634,95.33
20151120160904-16km-D2-NORMAL1-SECONDARY,D2,secondary,urban,normal,495.83,0.3942130518518519,0.015242389292481884,0.0,0.12733333333333333,94.17666666666666
20151120160904-16km-D2-NORMAL1-SECONDARY,D2,secondary,urban,normal,500.83,0.3848879654320988,0.013946543069742318,0.0,0.15486666666666665,93.05666666666667
20151120160904-16km-D2-NORMAL1-SECONDARY,D2,secondary,urban,normal,505.83,0.37775162962962966,0.01770201544428687,0.0,0.11186666666666667,92.18999999999998
20151120160904-16km-D2-NORMAL1-SECONDARY,D2,secondary,urban,normal,510.83,0.3761578271604938,0.027069968449793362,0.0,0.2156,91.99333333333331
20151120160904-16km-D2-NORMAL1-SECONDARY,D2,secondary,urban,normal,515.8299999999999,0.3909372098765432,0.028329599741904587,0.0,0.33199999999999996,93.77000000000001
20151120160904-16km-D2-NORMAL1-SECONDARY,D2,secondary,urban,normal,520.8299999999999,0.4020213728395062,0.016358869409373967,0.0,0.2949333333333333,95.10666666666665
20151120160904-16km-D2-NORMAL1-SECONDARY,D2,secondary,urban,normal,525.8299999999999,0.3943285481481481,0.01612741775388827,0.0,0.19659999999999997,94.19
20151120160904-16km-D2-NORMAL1-SECONDARY,D2,secondary,urban,normal,530.8299999999999,0.38761610864197527,0.015827416037004736,0.0,0.1892,93.38666666666667
20151120160904-16km-D2-NORMAL1-SECONDARY,D2,secondary,urban,normal,535.8299999999999,0.39144065679012346,0.021089975406603578,0.0,0.18520000000000003,93.84333333333333
20151120160904-16km-D2-NORMAL1-SECONDARY,D2,secondary,urban,normal,540.8299999999999,0.4039838123456791,0.02007951089626907,0.0,0.10573333333333332,95.33333333333333
20151120160904-16km-D2-NORMAL1-SECONDARY,D2,secondary,urban,normal,545.8299999999999,0.4147177728395063,0.016361472774563523,0.0,0.08413333333333334,96.59666666666666
20151120160904-16km-D2-NORMAL1-SECONDARY,D2,secondary,urban,normal,550.8299999999999,0.4248867407407408,0.027288091528021353,0.0,0.16026666666666667,97.77
20151120160904-16km-D2-NORMAL1-SECONDARY,D2,secondary,urban,normal,555.8299999999999,0.43664922469135803,0.03888524677286852,0.0,0.21419999999999995,99.11333333333332
20151120160904-16km-D2-NORMAL1-SECONDARY,D2,secondary,urban,normal,560.8299999999999,0.42032224691358017,0.04452502211590915,0.0,0.25046666666666667,97.21
20151120160904-16km-D2-NORMAL1-SECONDARY,D2,secondary,urban,normal,565.8299999999999,0.3951623901234568,0.032701987649520495,0.0,0.31779999999999997,94.28666666666666
20151120160904-16km-D2-NORMAL1-SECONDARY,D2,secondary,urban,normal,570.8299999999999,0.3838042419753086,0.018806095879107546,0.0,0.3097333333333333,92.92333333333332
20151120160904-16km-D2-NORMAL1-SECONDARY,D2,secondary,urban,normal,575.8299999999999,0.3700869827160494,0.021422315622815907,0.0,0.19726666666666667,91.24666666666666
20151120160904-16km-D2-NORMAL1-SECONDARY,D2,secondary,urban,normal,580.8299999999999,0.3653457382716049,0.029602534749810266,0.0,0.14406666666666668,90.66
20151120160904-16km-D2-NORMAL1-SECONDARY,D2,secondary,urban,normal,585.8299999999999,0.3669488691358024,0.030247986445859527,0.0,0.16153333333333333,90.86
20151120160904-16km-D2-NORMAL1-SECONDARY,D2,secondary,urban,normal,590.8299999999999,0.37191391604938273,0.0254124323359931,0.0,0.12120000000000002,91.47333333333334
20151120160904-16km-D2-NORMAL1-SECONDARY,D2,secondary,urban,normal,595.8299999999999,0.38497407901234565,0.02121679313246389,0.0,0.09373333333333334,93.06333333333332
20151120160904-16km-D2-NORMAL1-SECONDARY,D2,secondary,urban,normal,600.8299999999999,0.3960031061728395,0.02435514335753947,0.0,0.155,94.38999999999999
20151120160904-16km-D2-NORMAL1-SECONDARY,D2,secondary,urban,normal,605.8299999999999,0.3950952,0.029334233532132038,0.0,0.16973333333333335,94.28
20151120160904-16km-D2-NORMAL1-SECONDARY,D2,secondary,urban,normal,610.8299999999999,0.38365122469135804,0.0235972777542273,0.0,0.15626666666666666,92.90333333333332
20151120160904-16km-D2-NORMAL1-SECONDARY,D2,secondary,urban,normal,615.8299999999999,0.3790904098765432,0.0258008655422913,0.0,0.13266666666666668,92.35333333333332
20151120160904-16km-D2-NORMAL1-SECONDARY,D2,secondary,urban,normal,620.8299999999999,0.36693768888888884,0.03731068153867031,0.0,0.10573333333333335,90.84
20151120160904-16km-D2-NORMAL1-SECONDARY,D2,secondary,urban,normal,625.8299999999999,0.3373553728395062,0.04395872149563847,0.0,0.1764666666666667,87.09666666666668
20151120160904-16km-D2-NORMAL1-SECONDARY,D2,secondary,urban,normal,630.8299999999999,0.2955760691358024,0.0952100693206744,0.0,0.262,81.40666666666667
20151120160904-16km-D2-NORMAL1-SECONDARY,D2,secondary,urban,normal,635.8299999999999,0.2306981728395062,0.10963305223887143,0.0,0.3420666666666667,71.74
20151120160904-16km-D2-NORMAL1-SECONDARY,D2,secondary,urban,normal,640.8299999999999,0.17948319506172838,0.066839464876389,0.0,0.3884,63.483333333333334
20151120162105-17km-D2-NORMAL2-SECONDARY,D2,secondary,urban,normal,14.9,0.2678313135802469,0.06088322916651512,0.0,0.1318,77.57000000000001
20151120162105-17km-D2-NORMAL2-SECONDARY,D2,secondary,urban,normal,19.9,0.28857373333333336,0.05079572211765161,0.0,0.10820000000000003,80.55
20151120162105-17km-D2-NORMAL2-SECONDARY,D2,secondary,urban,normal,24.9,0.31631847811447816,0.05321073203266691,0.0,0.0853939393939394,84.28787878787877
20151120162105-17km-D2-NORMAL2-SECONDARY,D2,secondary,urban,normal,29.9,0.3465231456790123,0.017635562487300506,0.0,0.09193333333333334,88.29666666666667
20151120162105-17km-D2-NORMAL2-SECONDARY,D2,secondary,urban,normal,34.9,0.35669946172839506,0.016488114541870262,0.0,0.08993333333333334,89.58333333333333
20151120162105-17km-D2-NORMAL2-SECONDARY,D2,secondary,urban,normal,39.9,0.3567827160493827,0.02072752787036556,0.0,0.10473333333333332,89.59333333333333
20151120162105-17km-D2-NORMAL2-SECONDARY,D2,secondary,urban,normal,44.9,0.35835416296296296,0.024786582431614794,0.0,0.07766666666666668,89.78666666666666
20151120162105-17km-D2-NORMAL2-SECONDARY,D2,secondary,urban,normal,49.9,0.36594024197530867,0.02103974053082254,0.0,0.05333333333333333,90.73666666666666
20151120162105-17km-D2-NORMAL2-SECONDARY,D2,secondary,urban,normal,54.9,0.37158465185185185,0.015544488035920026,0.0,0.06486666666666667,91.43333333333334
20151120162105-17km-D2-NORMAL2-SECONDARY,D2,secondary,urban,normal,59.9,0.3724915111111111,0.027359492919851396,0.0,0.056666666666666664,91.54333333333334
20151120162105-17km-D2-NORMAL2-SECONDARY,D2,secondary,urban,normal,64.9,0.3605165777777778,0.023094498432850587,0.0,0.05466666666666666,90.05666666666667
20151120162105-17km-D2-NORMAL2-SECONDARY,D2,secondary,urban,normal,69.9,0.3572562172839507,0.018915801373243363,0.0,0.03919999999999999,89.65333333333334
20151120162105-17km-D2-NORMAL2-SECONDARY,D2,secondary,urban,normal,74.9,0.37042433580246914,0.017283836201322202,0.0,0.030333333333333334,91.28666666666666
20151120162105-17km-D2-NORMAL2-SECONDARY,D2,secondary,urban,normal,79.9,0.3776544691358024,0.01043674585859364,0.0,0.03513333333333333,92.17999999999999
20151120162105-17km-D2-NORMAL2-SECONDARY,D2,secondary,urban,normal,84.9,0.37932850864197537,0.012808429956360178,0.0,0.04126666666666666,92.38333333333334
20151120162105-17km-D2-NORMAL2-SECONDARY,D2,secondary,urban,normal,89.9,0.3877959901234568,0.02226654107325981,0.0,0.041199999999999994,93.40666666666667
20151120162105-17km-D2-NORMAL2-SECONDARY,D2,secondary,urban,normal,94.9,0.38878708148148156,0.022258943224491536,0.0,0.0452,93.52666666666667
20151120162105-17km-D2-NORMAL2-SECONDARY,D2,secondary,urban,normal,99.9,0.3819058518518518,0.01576801951073318,0.0,0.08306666666666666,92.69666666666667
20151120162105-17km-D2-NORMAL2-SECONDARY,D2,secondary,urban,normal,104.9,0.3822076740740741,0.014991477907291934,0.0,0.1317333333333333,92.73333333333332
20151120162105-17km-D2-NORMAL2-SECONDARY,D2,secondary,urban,normal,109.9,0.3834948197530864,0.010433934247250639,0.0,0.13786666666666667,92.88999999999999
20151120162105-17km-D2-NORMAL2-SECONDARY,D2,secondary,urban,normal,114.9,0.3763966271604938,0.012879391456844544,0.0,0.17786666666666667,92.02333333333334
20151120162105-17km-D2-NORMAL2-SECONDARY,D2,secondary,urban,normal,119.9,0.3719440592592592,0.012777297733708828,0.0,0.14126666666666665,91.47999999999999
20151120162105-17km-D2-NORMAL2-SECONDARY,D2,secondary,urban,normal,124.9,0.3736989190672154,0.005385828370368115,0.0,0.040518518518518516,91.6962962962963
20151120162105-17km-D2-NORMAL2-SECONDARY,D2,secondary,urban,normal,129.9,0.3695599670781894,0.00974911455140557,0.0,0.05792592592592592,91.18518518518518
20151120162105-17km-D2-NORMAL2-SECONDARY,D2,secondary,urban,normal,134.9,0.36559864197530867,0.0096962120469027,0.0,0.07773333333333335,90.69666666666667
20151120162105-17km-D2-NORMAL2-SECONDARY,D2,secondary,urban,normal,139.9,0.3550372884399551,0.027208811474876363,0.0,0.07242424242424242,89.36363636363636
20151120162105-17km-D2-NORMAL2-SECONDARY,D2,secondary,urban,normal,144.9,0.3346299932659932,0.03581601134878831,0.0,0.049090909090909095,86.74848484848485
20151120162105-17km-D2-NORMAL2-SECONDARY,D2,secondary,urban,normal,149.9,0.33177856296296304,0.0314891613753635,0.0,0.037066666666666664,86.38333333333334
20151120162105-17km-D2-NORMAL2-SECONDARY,D2,secondary,urban,normal,154.9,0.3488683802469136,0.025700129688830526,0.0,0.047933333333333335,88.59
20151120162105-17km-D2-NORMAL2-SECONDARY,D2,secondary,urban,normal,159.9,0.35820909190672157,0.011779818063341966,0.0,0.03903703703703703,89.77407407407408
20151120162105-17km-D2-NORMAL2-SECONDARY,D2,secondary,urban,normal,164.9,0.3534097338820302,0.025504461481661325,0.0,0.07437037037037036,89.16296296296298
20151120162105-17km-D2-NORMAL2-SECONDARY,D2,secondary,urban,normal,169.9,0.3323179304152638,0.04474592420204844,0.0,0.14933333333333335,86.43939393939395
20151120162105-17km-D2-NORMAL2-SECONDARY,D2,secondary,urban,normal,174.9,0.313192938271605,0.0422043369618472,0.16191467636363635,0.18,83.92424242424244
20151120162105-17km-D2-NORMAL2-SECONDARY,D2,secondary,urban,normal,179.9,0.29186043456790134,0.055736329043752905,0.323280876,0.15066666666666667,81.01333333333332
20151120162105-17km-D2-NORMAL2-SECONDARY,D2,secondary,urban,normal,184.9,0.29960249382716053,0.06696488430799,0.145174732,0.07086666666666668,82.05
20151120162105-17km-D2-NORMAL2-SECONDARY,D2,secondary,urban,normal,189.9,0.3381871012345679,0.05390792510553719,0.0,0.029733333333333334,87.18666666666667
20151120162105-17km-D2-NORMAL2-SECONDARY,D2,secondary,urban,normal,194.9,0.3602501037037037,0.044277763209115126,0.0,0.08579999999999999,90.02000000000001
20151120162105-17km-D2-NORMAL2-SECONDARY,D2,secondary,urban,normal,199.9,0.35670409876543213,0.02167516097437176,0.0,0.10955555555555556,89.57777777777778
20151120162105-17km-D2-NORMAL2-SECONDARY,D2,secondary,urban,normal,204.9,0.34444694320987657,0.008718486627137024,0.0,0.0878,88.03333333333333
20151120162105-17km-D2-NORMAL2-SECONDARY,D2,secondary,urban,normal,209.9,0.3445657553310887,0.010870149385164297,0.0,0.1596969696969697,88.04848484848486
20151120162105-17km-D2-NORMAL2-SECONDARY,D2,secondary,urban,normal,214.9,0.35273094814814815,0.014128212148231293,0.0,0.19053333333333333,89.08333333333334
20151120162105-17km-D2-NORMAL2-SECONDARY,D2,secondary,urban,normal,219.9,0.36237645432098764,0.01537354443664693,0.0,0.14253333333333332,90.29333333333332
20151120162105-17km-D2-NORMAL2-SECONDARY,D2,secondary,urban,normal,224.9,0.3673542716049383,0.013683703916974963,0.0,0.08246666666666666,90.91333333333333
20151120162105-17km-D2-NORMAL2-SECONDARY,D2,secondary,urban,normal,229.9,0.36582005432098763,0.013004461155424956,0.0,0.04326666666666667,90.72333333333333
20151120162105-17km-D2-NORMAL2-SECONDARY,D2,secondary,urban,normal,234.9,0.36075690864197524,0.014298538259049778,0.0,0.05006666666666666,90.09333333333333
20151120162105-17km-D2-NORMAL2-SECONDARY,D2,secondary,urban,normal,239.9,0.3660219368998628,0.025218771315919496,0.0,0.03985185185185185,90.74074074074073
20151120162105-17km-D2-NORMAL2-SECONDARY,D2,secondary,urban,normal,244.9,0.3828185514403292,0.03241794007834026,0.0,0.06296296296296296,92.80370370370369
20151120162105-17km-D2-NORMAL2-SECONDARY,D2,secondary,urban,normal,249.9,0.38344748372615045,0.022259118485307348,0.0,0.15406060606060604,92.88181818181818
20151120162105-17km-D2-NORMAL2-SECONDARY,D2,secondary,urban,normal,254.9,0.3832632098765432,0.01143575672011039,0.06531872400000001,0.16753333333333334,92.86
20151120162105-17km-D2-NORMAL2-SECONDARY,D2,secondary,urban,normal,259.9,0.3880521086419753,0.011634637486031564,0.45732806400000003,0.11286666666666664,93.43999999999998
20151120162105-17km-D2-NORMAL2-SECONDARY,D2,secondary,urban,normal,264.9,0.38685293378226704,0.02145592652962233,0.35637212727272727,0.11369696969696969,93.29393939393937
20151120162105-17km-D2-NORMAL2-SECONDARY,D2,secondary,urban,normal,269.9,0.3982127846364883,0.03684102147770941,0.0,0.08266666666666667,94.63703703703703
20151120162105-17km-D2-NORMAL2-SECONDARY,D2,secondary,urban,normal,274.9,0.41593879012345675,0.046951801429656506,0.0,0.07573333333333333,96.72999999999999
20151120162105-17km-D2-NORMAL2-SECONDARY,D2,secondary,urban,normal,279.9,0.406552632996633,0.04901776014254669,0.0,0.20272727272727273,95.62121212121214
20151120162105-17km-D2-NORMAL2-SECONDARY,D2,secondary,urban,normal,284.9,0.4051478024691358,0.047682637849710864,0.0,0.3121333333333333,95.46000000000001
20151120162105-17km-D2-NORMAL2-SECONDARY,D2,secondary,urban,normal,289.9,0.4057956839506172,0.040829614897609515,0.0,0.19253333333333333,95.53999999999999
20151120162105-17km-D2-NORMAL2-SECONDARY,D2,secondary,urban,normal,294.9,0.39758493278463647,0.031716138949667814,0.0,0.06681481481481481,94.57777777777778
20151120162105-17km-D2-NORMAL2-SECONDARY,D2,secondary,urban,normal,299.9,0.39878265569272975,0.015786936396061317,0.0,0.035333333333333335,94.72222222222221
20151120162105-17km-D2-NORMAL2-SECONDARY,D2,secondary,urban,normal,304.9,0.39548384736251396,0.012676231511288837,0.0,0.13333333333333333,94.33030303030304
20151120162105-17km-D2-NORMAL2-SECONDARY,D2,secondary,urban,normal,309.9,0.3945649696969697,0.01003214478355513,0.0,0.13818181818181818,94.22121212121213
20151120162105-17km-D2-NORMAL2-SECONDARY,D2,secondary,urban,normal,314.9,0.39218950617283943,0.007125116389395848,0.0,0.0628,93.93666666666665
20151120162105-17km-D2-NORMAL2-SECONDARY,D2,secondary,urban,normal,319.9,0.3885168285322359,0.0066719803140228755,0.0,0.05474074074074073,93.4962962962963
20151120162105-17km-D2-NORMAL2-SECONDARY,D2,secondary,urban,normal,324.9,0.3950144839506172,0.02210777291026879,0.0,0.03986666666666667,94.27000000000001
20151120162105-17km-D2-NORMAL2-SECONDARY,D2,secondary,urban,normal,329.9,0.39875544332210994,0.02513762351043111,0.0,0.04733333333333334,94.7181818181818
20151120162105-17km-D2-NORMAL2-SECONDARY,D2,secondary,urban,normal,334.9,0.40237203950617284,0.014007795310275881,0.0,0.03246666666666666,95.14666666666668
20151120162105-17km-D2-NORMAL2-SECONDARY,D2,secondary,urban,normal,339.9,0.4047599451303155,0.017516757878224355,0.0,0.024740740740740744,95.42962962962963
20151120162105-17km-D2-NORMAL2-SECONDARY,D2,secondary,urban,normal,344.9,0.3884143407407407,0.025659001461210806,0.0,0.04646666666666667,93.47333333333333
20151120162105-17km-D2-NORMAL2-SECONDARY,D2,secondary,urban,normal,349.9,0.3732771802469136,0.024673851221389605,0.0,0.0438,91.63666666666667
20151120162105-17km-D2-NORMAL2-SECONDARY,D2,secondary,urban,normal,354.9,0.37015344307270237,0.021855335000730374,0.0,0.03066666666666667,91.25555555555553
20151120162105-17km-D2-NORMAL2-SECONDARY,D2,secondary,urban,normal,359.9,0.37852518069584734,0.012403778805328386,0.0,0.04169696969696969,92.28484848484847
20151120162105-17km-D2-NORMAL2-SECONDARY,D2,secondary,urban,normal,364.9,0.3819531407407407,0.007571449960284618,0.0,0.08646666666666666,92.70333333333333
20151120162105-17km-D2-NORMAL2-SECONDARY,D2,secondary,urban,normal,369.9,0.37758621728395064,0.015067001748142772,0.0,0.16353333333333336,92.16999999999999
20151120162105-17km-D2-NORMAL2-SECONDARY,D2,secondary,urban,normal,374.9,0.3765147555555555,0.013615927293247055,0.0,0.16560000000000002,92.04
20151120162105-17km-D2-NORMAL2-SECONDARY,D2,secondary,urban,normal,379.9,0.3824522359396434,0.022444228561267425,0.0,0.11266666666666666,92.76296296296297
20151120162105-17km-D2-NORMAL2-SECONDARY,D2,secondary,urban,normal,384.9,0.36928353310886647,0.03585087500794786,0.0,0.13024242424242424,91.13636363636364
20151120162105-17km-D2-NORMAL2-SECONDARY,D2,secondary,urban,normal,389.9,0.36274326419753083,0.03300467750373947,0.0,0.18039999999999995,90.33666666666667
20151120162105-17km-D2-NORMAL2-SECONDARY,D2,secondary,urban,normal,394.9,0.366086145404664,0.01812422783095605,0.0,0.11637037037037036,90.75555555555556
20151120162105-17km-D2-NORMAL2-SECONDARY,D2,secondary,urban,normal,399.9,0.3523546217732884,0.02127410532705631,0.0,0.12593939393939396,89.03030303030303
20151120162105-17km-D2-NORMAL2-SECONDARY,D2,secondary,urban,normal,404.9,0.34666848035914705,0.024048428524367116,0.0,0.2585454545454545,88.31515151515151
20151120162105-17km-D2-NORMAL2-SECONDARY,D2,secondary,urban,normal,409.9,0.351376474074074,0.0201435835745038,0.0,0.2850666666666667,88.91333333333333
20151120162105-17km-D2-NORMAL2-SECONDARY,D2,secondary,urban,normal,414.9,0.3508938419753086,0.02396071698023103,0.0,0.28313333333333335,88.85
20151120162105-17km-D2-NORMAL2-SECONDARY,D2,secondary,urban,normal,419.9,0.3472801207133059,0.02323352225752152,0.0,0.307037037037037,88.39259259259259
20151120162105-17km-D2-NORMAL2-SECONDARY,D2,secondary,urban,normal,424.9,0.3431493113854595,0.024352544479867393,0.0,0.2192592592592593,87.86666666666665
20151120162105-17km-D2-NORMAL2-SECONDARY,D2,secondary,urban,normal,429.9,0.34392501234567907,0.03203855383449565,0.0,0.19060000000000002,87.96333333333332
20151120162105-17km-D2-NORMAL2-SECONDARY,D2,secondary,urban,normal,434.9,0.3392803308641975,0.027219274331239413,0.0,0.18639999999999998,87.36333333333333
20151120162105-17km-D2-NORMAL2-SECONDARY,D2,secondary,urban,normal,439.9,0.33314795061728397,0.02215454635765229,0.0,0.14739393939393938,86.57575757575758
20151120162105-17km-D2-NORMAL2-SECONDARY,D2,secondary,urban,normal,444.9,0.3271550258136925,0.0178082865586981,0.0,0.12715151515151515,85.7878787878788
20151120162105-17km-D2-NORMAL2-SECONDARY,D2,secondary,urban,normal,449.9,0.32644880987654323,0.02358200851118923,0.0,0.10879999999999998,85.69333333333333
20151120162105-17km-D2-NORMAL2-SECONDARY,D2,secondary,urban,normal,454.9,0.33504566913580247,0.03112705725503347,0.0,0.10540000000000001,86.82000000000001
20151120162105-17km-D2-NORMAL2-SECONDARY,D2,secondary,urban,normal,459.9,0.3394378518518519,0.017522026089316967,0.0,0.07693333333333333,87.39
20151120162105-17km-D2-NORMAL2-SECONDARY,D2,secondary,urban,normal,464.9,0.34038879012345674,0.014929384960323411,0.0,0.031733333333333336,87.51333333333334
20151120162105-17km-D2-NORMAL2-SECONDARY,D2,secondary,urban,normal,469.9,0.35079355061728396,0.03733562848022643,0.0,0.046,88.82
20151120162105-17km-D2-NORMAL2-SECONDARY,D2,secondary,urban,normal,474.9,0.3670763237311385,0.059106294878055486,0.0,0.060148148148148145,90.86666666666667
20151120162105-17km-D2-NORMAL2-SECONDARY,D2,secondary,urban,normal,479.9,0.3483923407407407,0.061936984386695634,0.0,0.04326666666666666,88.49666666666667
20151120162105-17km-D2-NORMAL2-SECONDARY,D2,secondary,urban,normal,484.9,0.3491207856341189,0.05624455443101939,0.0,0.045454545454545456,88.5969696969697
20151120162105-17km-D2-NORMAL2-SECONDARY,D2,secondary,urban,normal,489.9,0.3572846310013717,0.049248937307372426,0.0,0.05562962962962962,89.64444444444443
20151120162105-17km-D2-NORMAL2-SECONDARY,D2,secondary,urban,normal,494.9,0.3323113135802468,0.05564155489917638,0.010056271999999996,0.06353333333333333,86.43666666666667
20151120162105-17km-D2-NORMAL2-SECONDARY,D2,secondary,urban,normal,499.9,0.31870764085297415,0.051331303613077695,0.07231877818181819,0.11115151515151514,84.65151515151516
20151120162105-17km-D2-NORMAL2-SECONDARY,D2,secondary,urban,normal,504.9,0.30774306172839505,0.059904384220938564,0.20794968799999997,0.1568,83.18666666666667
20151120162105-17km-D2-NORMAL2-SECONDARY,D2,secondary,urban,normal,509.9,0.2876769327846365,0.06308709227919611,0.3205409422222222,0.12466666666666668,80.38888888888889
20151120162105-17km-D2-NORMAL2-SECONDARY,D2,secondary,urban,normal,514.9,0.2820506913580247,0.03819265472056813,0.312905824,0.2426,79.63666666666666
20151120162105-17km-D2-NORMAL2-SECONDARY,D2,secondary,urban,normal,519.9,0.29581057777777786,0.02789068489153316,0.241356992,0.29733333333333334,81.57333333333334
20151120162105-17km-D2-NORMAL2-SECONDARY,D2,secondary,urban,normal,524.9,0.31253575802469136,0.026804852268221137,0.16752654800000003,0.23853333333333335,83.84333333333333
20151120162105-17km-D2-NORMAL2-SECONDARY,D2,secondary,urban,normal,529.9,0.3264544242424242,0.02539631447540891,0.17718953818181818,0.20272727272727273,85.69393939393939
20151120162105-17km-D2-NORMAL2-SECONDARY,D2,secondary,urban,normal,534.9,0.3121900345679012,0.0911049974641422,0.293854472,0.09793333333333333,83.68666666666665
20151120162105-17km-D2-NORMAL2-SECONDARY,D2,secondary,urban,normal,539.9,0.2548839012345679,0.11907356642646501,0.366541892,0.077,75.47333333333333
20151120162105-17km-D2-NORMAL2-SECONDARY,D2,secondary,urban,normal,544.9,0.23538476268861455,0.07194777799126138,0.2849211555555555,0.21999999999999997,72.71481481481482
20151120162105-17km-D2-NORMAL2-SECONDARY,D2,secondary,urban,normal,549.9,0.28090319012345677,0.06274806296487323,0.10099014799999999,0.36019999999999996,79.42666666666666
20151120162105-17km-D2-NORMAL2-SECONDARY,D2,secondary,urban,normal,554.9,0.30732111111111104,0.04009670972132107,0.023113184000000002,0.28726666666666667,83.13000000000001
20151120162105-17km-D2-NORMAL2-SECONDARY,D2,secondary,urban,normal,559.9,0.3266446748971193,0.015269684492729065,0.0,0.12088888888888888,85.72592592592592
20151120162105-17km-D2-NORMAL2-SECONDARY,D2,secondary,urban,normal,564.9,0.33725577777777777,0.02443409693572075,0.0,0.08180000000000001,87.10333333333332
20151120162105-17km-D2-NORMAL2-SECONDARY,D2,secondary,urban,normal,569.9,0.3492091672278339,0.04110556034560657,0.012591832727272722,0.07496969696969696,88.63030303030304
20151120162105-17km-D2-NORMAL2-SECONDARY,D2,secondary,urban,normal,574.9,0.324984835016835,0.07404211909031919,0.22769325818181818,0.0773939393939394,85.38181818181818
20151120162105-17km-D2-NORMAL2-SECONDARY,D2,secondary,urban,normal,579.9,0.2646245048010974,0.09953782940911268,0.5488701600000001,0.1097037037037037,77.0148148148148
20151120162105-17km-D2-NORMAL2-SECONDARY,D2,secondary,urban,normal,584.9,0.22088232592592588,0.04466379662073833,0.571159336,0.18246666666666664,70.47
20151120162105-17km-D2-NORMAL2-SECONDARY,D2,secondary,urban,normal,589.9,0.22408354657687993,0.03623899847461064,0.46526607999999997,0.15412121212121213,70.96969696969698
20151120162105-17km-D2-NORMAL2-SECONDARY,D2,secondary,urban,normal,594.9,0.24717458271604936,0.04141255784994417,0.373327148,0.0696,74.55
20151120162105-17km-D2-NORMAL2-SECONDARY,D2,secondary,urban,normal,599.9,0.24784771851851847,0.020918861738079643,0.3127896200000001,0.08046666666666666,74.66333333333333
20151120162105-17km-D2-NORMAL2-SECONDARY,D2,secondary,urban,normal,604.9,0.23786115775034292,0.015391646163750553,0.23456945333333332,0.07355555555555555,73.15555555555555
20151120162105-17km-D2-NORMAL2-SECONDARY,D2,secondary,urban,normal,609.9,0.25589521481481475,0.05609066198501718,0.19337276,0.11013333333333333,75.80999999999999
20151120162105-17km-D2-NORMAL2-SECONDARY,D2,secondary,urban,normal,614.9,0.2972781135802469,0.10757791817694717,0.11972765199999999,0.17026666666666668,81.59333333333333
20151120162105-17km-D2-NORMAL2-SECONDARY,D2,secondary,urban,normal,619.9,0.36242517037037036,0.08482284262908588,0.0,0.28446666666666665,90.24333333333334
20151120162105-17km-D2-NORMAL2-SECONDARY,D2,secondary,urban,normal,624.9,0.3778346442199776,0.04299487144814346,0.0,0.2770909090909091,92.19090909090909
20151120162105-17km-D2-NORMAL2-SECONDARY,D2,secondary,urban,normal,629.9,0.39147356543209877,0.03951193667981013,0.0012633759999999988,0.12499999999999996,93.83
20151120162105-17km-D2-NORMAL2-SECONDARY,D2,secondary,urban,normal,634.9,0.4169491851851851,0.03264529300823437,0.0012633759999999988,0.0392,96.84
20151120162105-17km-D2-NORMAL2-SECONDARY,D2,secondary,urban,normal,639.9,0.4254633305898491,0.02878718896868509,0.0,0.05488888888888889,97.83703703703704
20151120162105-17km-D2-NORMAL2-SECONDARY,D2,secondary,urban,normal,644.9,0.4122364592592593,0.021948430533858598,0.0,0.24666666666666667,96.30333333333334
20151120162105-17km-D2-NORMAL2-SECONDARY,D2,secondary,urban,normal,649.9,0.3960095654320987,0.03005809903729443,0.0,0.2662666666666667,94.37666666666667
20151120162105-17km-D2-NORMAL2-SECONDARY,D2,secondary,urban,normal,654.9,0.3783869086419753,0.03799818809166492,0.0,0.09326666666666668,92.26333333333334
20151120162105-17km-D2-NORMAL2-SECONDARY,D2,secondary,urban,normal,659.9,0.368194101010101,0.04392631823522167,0.0,0.2493939393939394,91.00000000000001
20151120162105-17km-D2-NORMAL2-SECONDARY,D2,secondary,urban,normal,664.9,0.3380557256515775,0.0592397120208121,0.0,0.3138518518518518,87.15555555555555
20151120162105-17km-D2-NORMAL2-SECONDARY,D2,secondary,urban,normal,669.9,0.3095401185185185,0.043226873971760935,0.0,0.08446666666666666,83.44666666666666
20151120162105-17km-D2-NORMAL2-SECONDARY,D2,secondary,urban,normal,674.9,0.29249201795735125,0.04652937025946196,0.0,0.07181818181818182,81.08787878787876
20151120162105-17km-D2-NORMAL2-SECONDARY,D2,secondary,urban,normal,679.9,0.2557146995884773,0.08404592269881468,0.0,0.05918518518518518,75.75555555555555
20151126134736-26km-D3-AGGRESSIVE-MOTORWAY,D3,motorway,highway,aggressive,12.34,0.29781142087542084,0.31878271486993187,0.21000667636363637,0.044121212121212124,80.07272727272726
20151126134736-26km-D3-AGGRESSIVE-MOTORWAY,D3,motorway,highway,aggressive,17.34,0.43457451851851847,0.1332198377770101,0.14894984800000002,0.13740000000000002,98.61333333333333
20151126134736-26km-D3-AGGRESSIVE-MOTORWAY,D3,motorway,highway,aggressive,22.34,0.522265037037037,0.10320228224290287,0.002708715555555556,0.22674074074074074,108.30740740740741
20151126134736-26km-D3-AGGRESSIVE-MOTORWAY,D3,motorway,highway,aggressive,27.34,0.5990604296296296,0.07052731501680419,0.07235996,0.3213333333333333,116.04999999999998
20151126134736-26km-D3-AGGRESSIVE-MOTORWAY,D3,motorway,highway,aggressive,32.34,0.6678294545454544,0.08169528546118998,0.06356556000000001,0.30806060606060603,122.48181818181818
20151126134736-26km-D3-AGGRESSIVE-MOTORWAY,D3,motorway,highway,aggressive,37.34,0.753823122085048,0.0798677933976478,0.0,0.2313333333333333,130.1777777777778
20151126134736-26km-D3-AGGRESSIVE-MOTORWAY,D3,motorway,highway,aggressive,42.34,0.8169293629629628,0.03671179505686212,0.0,0.2869333333333334,135.56666666666666
20151126134736-26km-D3-AGGRESSIVE-MOTORWAY,D3,motorway,highway,aggressive,47.34,0.8181325970819304,0.04020848464906948,0.0,0.25042424242424244,135.66666666666669
20151126134736-26km-D3-AGGRESSIVE-MOTORWAY,D3,motorway,highway,aggressive,52.34,0.7732701234567901,0.05425210447941302,0.049391748,0.12053333333333334,131.8733333333333
20151126134736-26km-D3-AGGRESSIVE-MOTORWAY,D3,motorway,highway,aggressive,57.34,0.7252911506172837,0.06738956390253178,0.263570392,0.14,127.72666666666666
20151126134736-26km-D3-AGGRESSIVE-MOTORWAY,D3,motorway,highway,aggressive,62.34,0.757798948148148,0.07895188015003739,0.21417864400000003,0.1212,130.49
20151126134736-26km-D3-AGGRESSIVE-MOTORWAY,D3,motorway,highway,aggressive,67.34,0.8252812400548697,0.05703647640497146,0.0,0.08007407407407408,136.25185185185185
20151126134736-26km-D3-AGGRESSIVE-MOTORWAY,D3,motorway,highway,aggressive,72.34,0.8254742386831275,0.031767735843714534,0.0,0.17814814814814817,136.27407407407406
20151126134736-26km-D3-AGGRESSIVE-MOTORWAY,D3,motorway,highway,aggressive,77.34,0.807125022222222,0.03668252491442971,0.0,0.19133333333333333,134.75666666666666
20151126134736-26km-D3-AGGRESSIVE-MOTORWAY,D3,motorway,highway,aggressive,82.34,0.8281713759820426,0.042159059404660845,0.0,0.2173939393939394,136.4909090909091
20151126134736-26km-D3-AGGRESSIVE-MOTORWAY,D3,motorway,highway,aggressive,87.34,0.8290992502805836,0.03561000848845389,0.0,0.2259393939393939,136.569696969697
20151126134736-26km-D3-AGGRESSIVE-MOTORWAY,D3,motorway,highway,aggressive,92.34,0.796975259259259,0.024786666488613846,0.0,0.13873333333333332,133.9066666666667
20151126134736-26km-D3-AGGRESSIVE-MOTORWAY,D3,motorway,highway,aggressive,97.34,0.7701556543209873,0.031307855616164414,0.0,0.18726666666666666,131.62666666666664
20151126134736-26km-D3-AGGRESSIVE-MOTORWAY,D3,motorway,highway,aggressive,102.34,0.7376542617283949,0.03314435634646713,0.0,0.2747333333333334,128.82
20151126134736-26km-D3-AGGRESSIVE-MOTORWAY,D3,motorway,highway,aggressive,107.34,0.7253544395061728,0.03295382888549067,0.03416340799999999,0.28880000000000006,127.74666666666667
20151126134736-26km-D3-AGGRESSIVE-MOTORWAY,D3,motorway,highway,aggressive,112.34,0.7556858320987654,0.048189575641394776,0.03416340799999999,0.1945333333333333,130.36333333333334
20151126134736-26km-D3-AGGRESSIVE-MOTORWAY,D3,motorway,highway,aggressive,117.34,0.7818407462277093,0.05708409155085351,0.029384484444444452,0.09800000000000002,132.6222222222222
20151126134736-26km-D3-AGGRESSIVE-MOTORWAY,D3,motorway,highway,aggressive,122.34,0.751558951989026,0.059517053889906656,0.24888296444444447,0.08222222222222221,130.0111111111111
20151126134736-26km-D3-AGGRESSIVE-MOTORWAY,D3,motorway,highway,aggressive,127.34,0.7025198370370369,0.04460364210492479,0.42563679600000004,0.11573333333333333,125.69666666666664
20151126134736-26km-D3-AGGRESSIVE-MOTORWAY,D3,motorway,highway,aggressive,132.34,0.6647257827160492,0.028081467843775416,0.452652052,0.20873333333333335,122.28999999999999
20151126134736-26km-D3-AGGRESSIVE-MOTORWAY,D3,motorway,highway,aggressive,137.34,0.6875570280583614,0.06648826065253098,0.2397285672727273,0.23563636363636364,124.3212121212121
20151126134736-26km-D3-AGGRESSIVE-MOTORWAY,D3,motorway,highway,aggressive,142.34,0.7537823209876542,0.07471231440665858,0.035579578181818186,0.1726060606060606,130.15757575757576
20151126134736-26km-D3-AGGRESSIVE-MOTORWAY,D3,motorway,highway,aggressive,147.34,0.7796353525377229,0.06573718232215336,0.02363480888888889,0.13392592592592592,132.42592592592592
20151126134736-26km-D3-AGGRESSIVE-MOTORWAY,D3,motorway,highway,aggressive,152.34,0.7059593580246913,0.07296384104887724,0.20677615200000005,0.18453333333333335,125.96666666666665
20151126134736-26km-D3-AGGRESSIVE-MOTORWAY,D3,motorway,highway,aggressive,157.34,0.6567815999999999,0.04611735245816194,0.312383584,0.1576,121.53999999999999
20151126134736-26km-D3-AGGRESSIVE-MOTORWAY,D3,motorway,highway,aggressive,162.34,0.6472710419753085,0.03516677390673855,0.31991378,0.04506666666666666,120.66666666666666
20151126134736-26km-D3-AGGRESSIVE-MOTORWAY,D3,motorway,highway,aggressive,167.34,0.6587137876543209,0.038413392106759474,0.34264006,0.03966666666666667,121.73333333333332
20151126134736-26km-D3-AGGRESSIVE-MOTORWAY,D3,motorway,highway,aggressive,172.34,0.6571932049382715,0.017103002444620395,0.47906848799999996,0.11233333333333333,121.6
20151126134736-26km-D3-AGGRESSIVE-MOTORWAY,D3,motorway,highway,aggressive,177.34,0.6412825382716048,0.03395176686931961,0.5717132000000001,0.17773333333333333,120.10666666666668
20151126134736-26km-D3-AGGRESSIVE-MOTORWAY,D3,motorway,highway,aggressive,182.34,0.6016431506172839,0.041819013422647766,0.506122792,0.1658,116.33333333333333
20151126134736-26km-D3-AGGRESSIVE-MOTORWAY,D3,motorway,highway,aggressive,187.34,0.5973201481481482,0.02505793706248789,0.3861472909090909,0.1421818181818182,115.92424242424244
20151126134736-26km-D3-AGGRESSIVE-MOTORWAY,D3,motorway,highway,aggressive,192.34,0.6031361333333333,0.023354905313752887,0.28653221999999995,0.23313333333333333,116.49000000000001
20151126134736-26km-D3-AGGRESSIVE-MOTORWAY,D3,motorway,highway,aggressive,197.34,0.5865434732510286,0.038389111658453524,0.3948249466666666,0.2313333333333333,114.86666666666666
20151126134736-26km-D3-AGGRESSIVE-MOTORWAY,D3,motorway,highway,aggressive,202.34,0.5499687407407405,0.044823395260159285,0.348076192,0.13213333333333332,111.21999999999998
20151126134736-26km-D3-AGGRESSIVE-MOTORWAY,D3,motorway,highway,aggressive,207.34,0.5409531582491581,0.035338099994063725,0.16743115272727271,0.14327272727272725,110.3212121212121
20151126134736-26km-D3-AGGRESSIVE-MOTORWAY,D3,motorway,highway,aggressive,212.34,0.5752703923182441,0.05807150073114838,0.07447912,0.15407407407407409,113.72222222222221
20151126134736-26km-D3-AGGRESSIVE-MOTORWAY,D3,motorway,highway,aggressive,217.34,0.6415914024691358,0.07157101571855871,0.003333192,0.09966666666666665,120.10333333333331
20151126134736-26km-D3-AGGRESSIVE-MOTORWAY,D3,motorway,highway,aggressive,222.34,0.6820876498316498,0.04169780103817789,0.07338377090909093,0.05266666666666667,123.85454545454544
20151126134736-26km-D3-AGGRESSIVE-MOTORWAY,D3,motorway,highway,aggressive,227.34,0.711568806584362,0.02047040068451567,0.22575643111111113,0.06437037037037036,126.5296296296296
20151126134736-26km-D3-AGGRESSIVE-MOTORWAY,D3,motorway,highway,aggressive,232.34,0.7420021135802468,0.04135307959196126,0.260331544,0.07873333333333332,129.19333333333333
20151126134736-26km-D3-AGGRESSIVE-MOTORWAY,D3,motorway,highway,aggressive,237.34,0.7779119461279461,0.04076527579221272,0.12343057454545457,0.11563636363636363,132.27878787878788
20151126134736-26km-D3-AGGRESSIVE-MOTORWAY,D3,motorway,highway,aggressive,242.34,0.8198111703703704,0.03610916012721226,0.0,0.17980000000000002,135.80666666666667
20151126134736-26km-D3-AGGRESSIVE-MOTORWAY,D3,motorway,highway,aggressive,247.34,0.8081196493827161,0.04885308810994395,0.0,0.16226666666666667,134.81666666666666
20151126134736-26km-D3-AGGRESSIVE-MOTORWAY,D3,motorway,highway,aggressive,252.34,0.762504230452675,0.0568898651005004,0.0,0.14814814814814817,130.96296296296293
20151126134736-26km-D3-AGGRESSIVE-MOTORWAY,D3,motorway,highway,aggressive,257.34000000000003,0.7003111160493827,0.05025814746352274,0.0,0.09773333333333332,125.48333333333332
20151126134736-26km-D3-AGGRESSIVE-MOTORWAY,D3,motorway,highway,aggressive,262.34000000000003,0.6671514837261504,0.03544793311146457,0.001406850909090908,0.036727272727272726,122.51212121212122
20151126134736-26km-D3-AGGRESSIVE-MOTORWAY,D3,motorway,highway,aggressive,267.34000000000003,0.6280874666666666,0.05527175691300031,0.10659918799999998,0.03293333333333333,118.82666666666667
20151126134736-26km-D3-AGGRESSIVE-MOTORWAY,D3,motorway,highway,aggressive,272.34000000000003,0.5716788543209875,0.06107662766124733,0.334589976,0.04173333333333333,113.3733333333333
20151126134736-26km-D3-AGGRESSIVE-MOTORWAY,D3,motorway,highway,aggressive,277.34000000000003,0.5484932938271605,0.04843979490969837,0.45655644800000006,0.15353333333333335,111.08
20151126134736-26km-D3-AGGRESSIVE-MOTORWAY,D3,motorway,highway,aggressive,282.34000000000003,0.5723872296296296,0.044018350020711236,0.4082853,0.1738,113.45333333333333
20151126134736-26km-D3-AGGRESSIVE-MOTORWAY,D3,motorway,highway,aggressive,287.34000000000003,0.6124060592592591,0.03314931044232886,0.319806176,0.11586666666666665,117.37
20151126134736-26km-D3-AGGRESSIVE-MOTORWAY,D3,motorway,highway,aggressive,292.34000000000003,0.6273679561042526,0.02905868569106368,0.2583386844444444,0.15414814814814812,118.80740740740741
20151126134736-26km-D3-AGGRESSIVE-MOTORWAY,D3,motorway,highway,aggressive,297.34000000000003,0.6444307456790123,0.037878959263767734,0.23032387999999995,0.17040000000000002,120.4
20151126134736-26km-D3-AGGRESSIVE-MOTORWAY,D3,motorway,highway,aggressive,302.34000000000003,0.6445980202020203,0.0491352186561571,0.26166584,0.13345454545454546,120.4151515151515
20151126134736-26km-D3-AGGRESSIVE-MOTORWAY,D3,motorway,highway,aggressive,307.34000000000003,0.6072196691358026,0.05868873777665203,0.30066528400000003,0.07139999999999999,116.85666666666665
20151126134736-26km-D3-AGGRESSIVE-MOTORWAY,D3,motorway,highway,aggressive,312.34000000000003,0.5626315802469135,0.07129019121265076,0.24600675999999994,0.09293333333333334,112.47666666666666
20151126134736-26km-D3-AGGRESSIVE-MOTORWAY,D3,motorway,highway,aggressive,317.34000000000003,0.5429796691358024,0.09868413394311848,0.129629816,0.23700000000000002,110.50333333333333
20151126134736-26km-D3-AGGRESSIVE-MOTORWAY,D3,motorway,highway,aggressive,322.34000000000003,0.4716158847736625,0.21033340696233666,0.28901868444444445,0.24022222222222217,102.47037037037038
20151126134736-26km-D3-AGGRESSIVE-MOTORWAY,D3,motorway,highway,aggressive,327.34000000000003,0.2683545925925926,0.2418136614864818,0.446273856,0.19606666666666664,76.42333333333332
20151126134736-26km-D3-AGGRESSIVE-MOTORWAY,D3,motorway,highway,aggressive,332.34000000000003,0.17465896790123459,0.1419072209460417,0.27308456,0.18666666666666665,62.36333333333333
20151126134736-26km-D3-AGGRESSIVE-MOTORWAY,D3,motorway,highway,aggressive,337.34000000000003,0.15042675555555554,0.09276319034266413,0.103158736,0.2082,58.086666666666666
20151126134736-26km-D3-AGGRESSIVE-MOTORWAY,D3,motorway,highway,aggressive,342.34000000000003,0.18923327497194167,0.10818697662499172,0.04458654181818182,0.17812121212121215,64.84242424242424
20151126134736-26km-D3-AGGRESSIVE-MOTORWAY,D3,motorway,highway,aggressive,347.34000000000003,0.2586455111111111,0.09760817834631977,0.0,0.074,76.13333333333334
20151126134736-26km-D3-AGGRESSIVE-MOTORWAY,D3,motorway,highway,aggressive,352.34000000000003,0.31397955061728394,0.08202435279118288,0.0,0.11986666666666668,83.95
20151126134736-26km-D3-AGGRESSIVE-MOTORWAY,D3,motorway,highway,aggressive,357.34000000000003,0.3711920839506172,0.07791379942864171,0.0,0.08826666666666667,91.29666666666667
20151126134736-26km-D3-AGGRESSIVE-MOTORWAY,D3,motorway,highway,aggressive,362.34000000000003,0.42044173936899865,0.07119733200402441,0.0,0.07940740740740741,97.21851851851854
20151126134736-26km-D3-AGGRESSIVE-MOTORWAY,D3,motorway,highway,aggressive,367.34000000000003,0.48224828641975315,0.06701994164109355,0.0,0.15626666666666666,104.1
20151126134736-26km-D3-AGGRESSIVE-MOTORWAY,D3,motorway,highway,aggressive,372.34000000000003,0.4627761346801348,0.1533408743991343,0.0,0.21242424242424243,101.75151515151514
20151126134736-26km-D3-AGGRESSIVE-MOTORWAY,D3,motorway,highway,aggressive,377.34000000000003,0.3624809108367627,0.15545894983314862,0.0,0.16014814814814815,89.9037037037037
20151126134736-26km-D3-AGGRESSIVE-MOTORWAY,D3,motorway,highway,aggressive,382.34000000000003,0.3136691160493828,0.04170719880221124,0.0,0.10033333333333334,84.00000000000001
20151126134736-26km-D3-AGGRESSIVE-MOTORWAY,D3,motorway,highway,aggressive,387.34000000000003,0.29908564309764313,0.07121578434421248,0.0,0.18303030303030302,81.94848484848487
20151126134736-26km-D3-AGGRESSIVE-MOTORWAY,D3,motorway,highway,aggressive,392.34000000000003,0.2531413975308642,0.0748228055297939,0.0,0.2095333333333333,75.37666666666668
20151126134736-26km-D3-AGGRESSIVE-MOTORWAY,D3,motorway,highway,aggressive,397.34000000000003,0.23137493827160488,0.05134371412095462,0.005299203999999998,0.1732,72.13666666666667
20151126134736-26km-D3-AGGRESSIVE-MOTORWAY,D3,motorway,highway,aggressive,402.34000000000003,0.24246318024691355,0.047848670114380695,0.07432050800000001,0.23033333333333333,73.82666666666667
20151126134736-26km-D3-AGGRESSIVE-MOTORWAY,D3,motorway,highway,aggressive,407.34000000000003,0.22711199506172836,0.10893594550337622,0.28504864,0.20739999999999997,71.27666666666667
20151126134736-26km-D3-AGGRESSIVE-MOTORWAY,D3,motorway,highway,aggressive,412.34000000000003,0.1556945185185185,0.14938852870432026,0.28793773600000006,0.1024,58.45333333333333
20151126134736-26km-D3-AGGRESSIVE-MOTORWAY,D3,motorway,highway,aggressive,417.34000000000003,0.10354773333333331,0.07166666666666663,0.0719104,0.0364,48.18
20151126134736-26km-D3-AGGRESSIVE-MOTORWAY,D3,motorway,highway,aggressive,422.34000000000003,0.0928192938271605,0.02584618619407546,0.0,0.0,45.690000000000005
20151126134736-26km-D3-AGGRESSIVE-MOTORWAY,D3,motorway,highway,aggressive,427.34000000000003,0.09617244938271603,0.057181991585854484,0.054730403999999996,0.014133333333333335,46.46333333333333
20151126134736-26km-D3-AGGRESSIVE-MOTORWAY,D3,motorway,highway,aggressive,432.34000000000003,0.13088318518518516,0.10602173892874292,0.2595366,0.15146666666666667,53.86333333333333
20151126134736-26km-D3-AGGRESSIVE-MOTORWAY,D3,motorway,highway,aggressive,437.34000000000003,0.18872308641975308,0.11736064370728286,0.31365743199999996,0.18033333333333332,64.89666666666666
20151126134736-26km-D3-AGGRESSIVE-MOTORWAY,D3,motorway,highway,aggressive,442.34000000000003,0.24030596982167354,0.08678520763796263,0.27320189333333333,0.07096296296296295,73.3962962962963
20151126134736-26km-D3-AGGRESSIVE-MOTORWAY,D3,motorway,highway,aggressive,447.34000000000003,0.2584960054869685,0.08907300358592457,0.3762951466666667,0.07251851851851851,76.2111111111111
20151126134736-26km-D3-AGGRESSIVE-MOTORWAY,D3,motorway,highway,aggressive,452.34000000000003,0.22465361616161614,0.0660167971606711,0.3424032509090909,0.14381818181818182,70.96666666666667
20151126134736-26km-D3-AGGRESSIVE-MOTORWAY,D3,motorway,highway,aggressive,457.34000000000003,0.20968455802469133,0.0327495538826459,0.23343898800000001,0.23226666666666668,68.67
20151126134736-26km-D3-AGGRESSIVE-MOTORWAY,D3,motorway,highway,aggressive,462.34000000000003,0.22387302606310003,0.03802625581206528,0.24965979111111108,0.3493333333333333,70.96666666666664
20151126134736-26km-D3-AGGRESSIVE-MOTORWAY,D3,motorway,highway,aggressive,467.34000000000003,0.28579617508417504,0.13036688805725083,0.16034148727272726,0.3293333333333333,79.66666666666664
20151126134736-26km-D3-AGGRESSIVE-MOTORWAY,D3,motorway,highway,aggressive,472.34000000000003,0.38634162962962953,0.14666299445901412,0.04888634545454545,0.20690909090909093,92.81212121212121
20151126134736-26km-D3-AGGRESSIVE-MOTORWAY,D3,motorway,highway,aggressive,477.34000000000003,0.4486913037037036,0.06710955189667424,0.133859768,0.18786666666666668,100.45666666666665
20151126134736-26km-D3-AGGRESSIVE-MOTORWAY,D3,motorway,highway,aggressive,482.34000000000003,0.4371608285322359,0.0658605200437038,0.20721137777777776,0.23422222222222222,99.15185185185186
20151126134736-26km-D3-AGGRESSIVE-MOTORWAY,D3,motorway,highway,aggressive,487.34000000000003,0.46294539753086417,0.09072668389818773,0.10680149199999997,0.1684,101.95666666666666
20151126134736-26km-D3-AGGRESSIVE-MOTORWAY,D3,motorway,highway,aggressive,492.34000000000003,0.5277923232323232,0.06907799772708016,0.012983036363636364,0.11084848484848485,108.86060606060605
20151126134736-26km-D3-AGGRESSIVE-MOTORWAY,D3,motorway,highway,aggressive,497.34000000000003,0.5601262271604938,0.04456442251239178,0.11679840799999999,0.08560000000000001,112.25
20151126134736-26km-D3-AGGRESSIVE-MOTORWAY,D3,motorway,highway,aggressive,502.34000000000003,0.4957877530864197,0.10647055810886878,0.34465470400000003,0.18793333333333334,105.42666666666666
20151126134736-26km-D3-AGGRESSIVE-MOTORWAY,D3,motorway,highway,aggressive,507.34000000000003,0.4155261432098765,0.08518497777101962,0.5208875319999999,0.18386666666666668,96.58666666666667
20151126134736-26km-D3-AGGRESSIVE-MOTORWAY,D3,motorway,highway,aggressive,512.34,0.38493702222222215,0.01970293540344553,0.51474436,0.07813333333333333,93.06333333333332
20151126134736-26km-D3-AGGRESSIVE-MOTORWAY,D3,motorway,highway,aggressive,517.34,0.3957724987654321,0.062355298958854874,0.38827580800000006,0.07546666666666667,94.32999999999998
20151126134736-26km-D3-AGGRESSIVE-MOTORWAY,D3,motorway,highway,aggressive,522.34,0.44979141289437574,0.11551585556596604,0.22036520888888889,0.116,100.42592592592592
20151126134736-26km-D3-AGGRESSIVE-MOTORWAY,D3,motorway,highway,aggressive,527.34,0.5580439654320987,0.09311335453452341,0.09725566,0.11379999999999998,111.92999999999999
20151126134736-26km-D3-AGGRESSIVE-MOTORWAY,D3,motorway,highway,aggressive,532.34,0.6018881077441077,0.04271169691543832,0.19916875272727272,0.11872727272727274,116.35757575757576
20151126134736-26km-D3-AGGRESSIVE-MOTORWAY,D3,motorway,highway,aggressive,537.34,0.6131654924554186,0.018422047930549666,0.37171866222222216,0.17651851851851852,117.45555555555555
20151126134736-26km-D3-AGGRESSIVE-MOTORWAY,D3,motorway,highway,aggressive,542.34,0.5956543111111111,0.06373353546707741,0.51703776,0.31586666666666663,115.73999999999998
20151126134736-26km-D3-AGGRESSIVE-MOTORWAY,D3,motorway,highway,aggressive,547.34,0.539406962962963,0.0844136969601568,0.5939784872727273,0.37775757575757574,110.05151515151515
20151126134736-26km-D3-AGGRESSIVE-MOTORWAY,D3,motorway,highway,aggressive,552.34,0.5270938716049385,0.10669049002506474,0.5629652319999999,0.3266,108.79666666666667
20151126134736-26km-D3-AGGRESSIVE-MOTORWAY,D3,motorway,highway,aggressive,557.34,0.5796895967078188,0.10540453654054109,0.5390944177777778,0.2102222222222222,114.15185185185184
20151126134736-26km-D3-AGGRESSIVE-MOTORWAY,D3,motorway,highway,aggressive,562.34,0.5632071824417009,0.08584757029508777,0.599132191111111,0.0845925925925926,112.5074074074074
20151126134736-26km-D3-AGGRESSIVE-MOTORWAY,D3,motorway,highway,aggressive,567.34,0.4880651268237934,0.09327934048113637,0.6116497745454545,0.08575757575757575,104.67575757575759
20151126134736-26km-D3-AGGRESSIVE-MOTORWAY,D3,motorway,highway,aggressive,572.34,0.4760960089786756,0.08655911487315147,0.557665101818182,0.18612121212121213,103.43636363636364
20151126134736-26km-D3-AGGRESSIVE-MOTORWAY,D3,motorway,highway,aggressive,577.34,0.5520740987654319,0.0819807373679525,0.43439102799999996,0.27953333333333336,111.35
20151126134736-26km-D3-AGGRESSIVE-MOTORWAY,D3,motorway,highway,aggressive,582.34,0.6283272790123456,0.07172770469201442,0.40045414,0.2088,118.84666666666665
20151126134736-26km-D3-AGGRESSIVE-MOTORWAY,D3,motorway,highway,aggressive,587.34,0.6469284938271606,0.0836457305767233,0.48564366666666664,0.11525925925925924,120.62222222222223
20151126134736-26km-D3-AGGRESSIVE-MOTORWAY,D3,motorway,highway,aggressive,592.34,0.5942689283950617,0.0837992464795935,0.513501896,0.04786666666666666,115.58666666666667
20151126134736-26km-D3-AGGRESSIVE-MOTORWAY,D3,motorway,highway,aggressive,597.34,0.6025505589225589,0.07303165214567518,0.39321798181818174,0.05690909090909091,116.37878787878789
20151126134736-26km-D3-AGGRESSIVE-MOTORWAY,D3,motorway,highway,aggressive,602.34,0.6966777185185187,0.09673903380400681,0.261082284,0.09153333333333333,125.07333333333335
20151126134736-26km-D3-AGGRESSIVE-MOTORWAY,D3,motorway,highway,aggressive,607.34,0.7815198962962965,0.07097096877374917,0.230842672,0.07339999999999999,132.56333333333333
20151126134736-26km-D3-AGGRESSIVE-MOTORWAY,D3,motorway,highway,aggressive,612.34,0.8208105624142663,0.027737845307476444,0.2515660577777778,0.09577777777777778,135.8925925925926
20151126134736-26km-D3-AGGRESSIVE-MOTORWAY,D3,motorway,highway,aggressive,617.34,0.8266671802469135,0.022296815101504205,0.325547264,0.11786666666666665,136.38
20151126134736-26km-D3-AGGRESSIVE-MOTORWAY,D3,motorway,highway,aggressive,622.34,0.841584812570146,0.036801016642810616,0.3380451236363636,0.08636363636363636,137.5909090909091
20151126134736-26km-D3-AGGRESSIVE-MOTORWAY,D3,motorway,highway,aggressive,627.34,0.8805899478738,0.042117883350550674,0.2678487111111111,0.0905925925925926,140.74814814814818
20151126134736-26km-D3-AGGRESSIVE-MOTORWAY,D3,motorway,highway,aggressive,632.34,0.8828847242798356,0.02907885312833519,0.14055811111111113,0.14370370370370372,140.93703703703704
20151126134736-26km-D3-AGGRESSIVE-MOTORWAY,D3,motorway,highway,aggressive,637.34,0.8701199102132435,0.06407402954153701,0.11559438545454545,0.11939393939393939,139.9090909090909
20151126134736-26km-D3-AGGRESSIVE-MOTORWAY,D3,motorway,highway,aggressive,642.34,0.8275257283950619,0.08615082477559949,0.14838070181818183,0.18,136.38181818181818
20151126134736-26km-D3-AGGRESSIVE-MOTORWAY,D3,motorway,highway,aggressive,647.34,0.8218327802469136,0.08502906342377295,0.07850035999999999,0.21620000000000003,135.91333333333336
20151126134736-26km-D3-AGGRESSIVE-MOTORWAY,D3,motorway,highway,aggressive,652.34,0.8962940246913582,0.05550395556773885,0.0,0.16093333333333332,141.98
20151126134736-26km-D3-AGGRESSIVE-MOTORWAY,D3,motorway,highway,aggressive,657.34,0.917926792866941,0.023871010894134296,0.0,0.2932592592592592,143.7111111111111
20151126134736-26km-D3-AGGRESSIVE-MOTORWAY,D3,motorway,highway,aggressive,662.34,0.9183786864197531,0.018989653057073,0.0,0.2457333333333333,143.74666666666667
20151126134736-26km-D3-AGGRESSIVE-MOTORWAY,D3,motorway,highway,aggressive,667.34,0.9103463748597083,0.02505460942479406,0.0,0.12357575757575757,143.11212121212122
20151126134736-26km-D3-AGGRESSIVE-MOTORWAY,D3,motorway,highway,aggressive,672.34,0.9029738491083678,0.03540071974494923,0.0,0.08148148148148146,142.53333333333333
20151126134736-26km-D3-AGGRESSIVE-MOTORWAY,D3,motorway,highway,aggressive,677.34,0.9202317805212622,0.044983319675543025,0.0,0.04111111111111111,143.8888888888889
20151126134736-26km-D3-AGGRESSIVE-MOTORWAY,D3,motorway,highway,aggressive,682.34,0.872084053872054,0.05892033877759207,0.0,0.21151515151515152,140.01515151515153
20151126134736-26km-D3-AGGRESSIVE-MOTORWAY,D3,motorway,highway,aggressive,687.34,0.8183785234567902,0.048349051773900205,0.0,0.2845333333333333,135.68333333333334
20151126134736-26km-D3-AGGRESSIVE-MOTORWAY,D3,motorway,highway,aggressive,692.34,0.8078819703703706,0.04388565075561516,0.0,0.16766666666666669,134.81666666666666
20151126134736-26km-D3-AGGRESSIVE-MOTORWAY,D3,motorway,highway,aggressive,697.34,0.76389519640853,0.08194244377474925,0.011098214545454541,0.16284848484848483,131.0030303030303
20151126134736-26km-D3-AGGRESSIVE-MOTORWAY,D3,motorway,highway,aggressive,702.34,0.6822616570644721,0.09134783977110372,0.14583688444444445,0.17214814814814816,123.84814814814816
20151126134736-26km-D3-AGGRESSIVE-MOTORWAY,D3,motorway,highway,aggressive,707.34,0.7102907555555555,0.0815997834199176,0.168374428,0.18586666666666668,126.32000000000001
20151126134736-26km-D3-AGGRESSIVE-MOTORWAY,D3,motorway,highway,aggressive,712.34,0.7698425975308643,0.06263401898440187,0.049329267999999996,0.22360000000000002,131.57333333333332
20151126134736-26km-D3-AGGRESSIVE-MOTORWAY,D3,motorway,highway,aggressive,717.34,0.7901584888888891,0.020894571184129445,0.0,0.36093333333333333,133.33333333333334
20151126134736-26km-D3-AGGRESSIVE-MOTORWAY,D3,motorway,highway,aggressive,722.34,0.7511474029180696,0.07033934676202952,0.0,0.2895151515151515,129.94545454545457
20151126134736-26km-D3-AGGRESSIVE-MOTORWAY,D3,motorway,highway,aggressive,727.34,0.6567956707818929,0.11932930590717494,0.06226277777777778,0.22066666666666665,121.39629629629628
20151126134736-26km-D3-AGGRESSIVE-MOTORWAY,D3,motorway,highway,aggressive,732.34,0.5540364444444446,0.06332874763189952,0.262601776,0.1878,111.60666666666668
20151126134736-26km-D3-AGGRESSIVE-MOTORWAY,D3,motorway,highway,aggressive,737.34,0.5314879604938273,0.02168964813379947,0.38046043599999996,0.11720000000000001,109.35333333333332
20151126134736-26km-D3-AGGRESSIVE-MOTORWAY,D3,motorway,highway,aggressive,742.34,0.5299650271604939,0.03377942748920716,0.344329164,0.12933333333333333,109.19333333333334
20151126134736-26km-D3-AGGRESSIVE-MOTORWAY,D3,motorway,highway,aggressive,747.34,0.5249883591470259,0.0547533043477126,0.1920136363636364,0.09121212121212122,108.66969696969699
20151126134736-26km-D3-AGGRESSIVE-MOTORWAY,D3,motorway,highway,aggressive,752.34,0.5288679654320988,0.04235348708965347,0.04078099600000001,0.1778,109.07000000000001
20151126134736-26km-D3-AGGRESSIVE-MOTORWAY,D3,motorway,highway,aggressive,757.34,0.5140224444444444,0.06260862130619091,0.0,0.24446666666666667,107.49666666666667
20151126134736-26km-D3-AGGRESSIVE-MOTORWAY,D3,motorway,highway,aggressive,762.34,0.45080301728395067,0.0877402890886398,0.0,0.14273333333333332,100.59
20151126134736-26km-D3-AGGRESSIVE-MOTORWAY,D3,motorway,highway,aggressive,767.34,0.39606226611796985,0.06250806128052953,0.05268555111111111,0.09348148148148147,94.37037037037038
20151126134736-26km-D3-AGGRESSIVE-MOTORWAY,D3,motorway,highway,aggressive,772.34,0.42248472098765444,0.10161738157511946,0.26472608400000003,0.09493333333333334,97.34666666666666
20151126134736-26km-D3-AGGRESSIVE-MOTORWAY,D3,motorway,highway,aggressive,777.34,0.4802091537598205,0.13063553787005852,0.31155457454545454,0.13103030303030302,103.82121212121211
20151126134736-26km-D3-AGGRESSIVE-MOTORWAY,D3,motorway,highway,aggressive,782.34,0.4604864098765433,0.10324437254672177,0.223728184,0.2512666666666667,101.58666666666667
20151126134736-26km-D3-AGGRESSIVE-MOTORWAY,D3,motorway,highway,aggressive,787.34,0.38233742222222233,0.07782699629956062,0.35563472,0.28826666666666667,92.68000000000002
20151126134736-26km-D3-AGGRESSIVE-MOTORWAY,D3,motorway,highway,aggressive,792.34,0.3313968444444445,0.0706859815371386,0.474365068,0.3924666666666667,86.26333333333335
20151126134736-26km-D3-AGGRESSIVE-MOTORWAY,D3,motorway,highway,aggressive,797.34,0.30261672592592603,0.05636322868902279,0.266591032,0.4483333333333334,82.49666666666667
20151126134736-26km-D3-AGGRESSIVE-MOTORWAY,D3,motorway,highway,aggressive,802.34,0.31067739259259264,0.03431921067975889,0.049533443999999996,0.2424666666666667,83.58666666666667
20151126134736-26km-D3-AGGRESSIVE-MOTORWAY,D3,motorway,highway,aggressive,807.34,0.3384091061728396,0.06313051518149534,0.097597392,0.1401333333333333,87.21333333333334
20151126134736-26km-D3-AGGRESSIVE-MOTORWAY,D3,motorway,highway,aggressive,812.34,0.4078043901234569,0.10518635360633588,0.17021242000000003,0.11306666666666668,95.55
20151126134736-26km-D3-AGGRESSIVE-MOTORWAY,D3,motorway,highway,aggressive,817.34,0.4731785459533609,0.07725236909165861,0.08068336444444446,0.16903703703703704,103.14814814814817
20151126134736-26km-D3-AGGRESSIVE-MOTORWAY,D3,motorway,highway,aggressive,822.34,0.47386601481481494,0.025940301273974665,0.027520515999999995,0.23306666666666667,103.2466666666667
20151126134736-26km-D3-AGGRESSIVE-MOTORWAY,D3,motorway,highway,aggressive,827.34,0.458068113580247,0.02421859345678268,0.027520515999999995,0.22426666666666667,101.51666666666668
20151126113754-26km-D3-DROWSY-MOTORWAY,D3,motorway,highway,drowsy,23.62,0.37101540852974185,0.054102546818729544,0.0,0.07054545454545454,91.29545454545455
20151126113754-26km-D3-DROWSY-MOTORWAY,D3,motorway,highway,drowsy,28.62,0.3999921135802469,0.0396785447448227,0.0,0.14486666666666664,94.84333333333333
20151126113754-26km-D3-DROWSY-MOTORWAY,D3,motorway,highway,drowsy,33.620000000000005,0.4094671555555555,0.018156585818116716,0.006715651999999997,0.4935333333333333,95.98333333333332
20151126113754-26km-D3-DROWSY-MOTORWAY,D3,motorway,highway,drowsy,38.620000000000005,0.42747354433221096,0.04984123298344136,0.006105138181818179,0.4364242424242425,98.03030303030302
20151126113754-26km-D3-DROWSY-MOTORWAY,D3,motorway,highway,drowsy,43.620000000000005,0.47288857283950614,0.053009789682972444,0.0001331719999999996,0.1973333333333334,103.10666666666665
20151126113754-26km-D3-DROWSY-MOTORWAY,D3,motorway,highway,drowsy,48.620000000000005,0.48763671879286696,0.02765556364959869,0.004159955555555554,0.23955555555555558,104.74074074074075
20151126113754-26km-D3-DROWSY-MOTORWAY,D3,motorway,highway,drowsy,53.620000000000005,0.4597000219478739,0.04914611528894378,0.02107780888888889,0.29481481481481486,101.67777777777778
20151126113754-26km-D3-DROWSY-MOTORWAY,D3,motorway,highway,drowsy,58.620000000000005,0.42622354074074076,0.0478407120962342,0.06161396,0.2242,97.89666666666668
20151126113754-26km-D3-DROWSY-MOTORWAY,D3,motorway,highway,drowsy,63.620000000000005,0.42214372839506165,0.04921954817986311,0.257130576,0.2740666666666666,97.43666666666667
20151126113754-26km-D3-DROWSY-MOTORWAY,D3,motorway,highway,drowsy,68.62,0.4599406765432098,0.04649094567845121,0.31258280800000005,0.37439999999999996,101.68999999999998
20151126113754-26km-D3-DROWSY-MOTORWAY,D3,motorway,highway,drowsy,73.62,0.48205835555555554,0.028154820528197573,0.27966139599999995,0.3676666666666667,104.14333333333335
20151126113754-26km-D3-DROWSY-MOTORWAY,D3,motorway,highway,drowsy,78.62,0.46111634567901233,0.038599026994372496,0.42593799600000004,0.41079999999999994,101.82666666666667
20151126113754-26km-D3-DROWSY-MOTORWAY,D3,motorway,highway,drowsy,83.62,0.43651822716049377,0.03341405784807829,0.44999804,0.36033333333333334,99.09666666666666
20151126113754-26km-D3-DROWSY-MOTORWAY,D3,motorway,highway,drowsy,88.62,0.4505852641975309,0.036390377006116845,0.239526792,0.21093333333333333,100.66
20151126113754-26km-D3-DROWSY-MOTORWAY,D3,motorway,highway,drowsy,93.62,0.4654099654320988,0.0507928970334899,0.08065445199999999,0.2392,102.32
20151126113754-26km-D3-DROWSY-MOTORWAY,D3,motorway,highway,drowsy,98.62,0.4544549086419753,0.03804897054110444,0.230781044,0.2855333333333333,101.11
20151126113754-26km-D3-DROWSY-MOTORWAY,D3,motorway,highway,drowsy,103.62,0.4455396498316498,0.029352369438716188,0.3102890727272727,0.336060606060606,100.11818181818181
20151126113754-26km-D3-DROWSY-MOTORWAY,D3,motorway,highway,drowsy,108.62,0.43713438024691353,0.02294723891082203,0.230987768,0.4047333333333333,99.16666666666667
20151126113754-26km-D3-DROWSY-MOTORWAY,D3,motorway,highway,drowsy,113.62,0.4233132620027435,0.01817247739903212,0.1459660711111111,0.4654074074074074,97.59259259259258
20151126113754-26km-D3-DROWSY-MOTORWAY,D3,motorway,highway,drowsy,118.62,0.429163525925926,0.01930747591045797,0.072633924,0.39393333333333336,98.26
20151126113754-26km-D3-DROWSY-MOTORWAY,D3,motorway,highway,drowsy,123.62,0.440370101010101,0.011020499790560058,0.020173396363636374,0.3526060606060606,99.53939393939395
20151126113754-26km-D3-DROWSY-MOTORWAY,D3,motorway,highway,drowsy,128.62,0.45654569876543205,0.05256300340481118,0.085543852,0.2942666666666667,101.32
20151126113754-26km-D3-DROWSY-MOTORWAY,D3,motorway,highway,drowsy,133.62,0.5329030836762689,0.1003040407658407,0.1498159911111111,0.20348148148148149,109.35185185185185
20151126113754-26km-D3-DROWSY-MOTORWAY,D3,motorway,highway,drowsy,138.62,0.5855249086419754,0.04913230486600888,0.10981177600000003,0.3111333333333334,114.76666666666668
20151126113754-26km-D3-DROWSY-MOTORWAY,D3,motorway,highway,drowsy,143.62,0.5734178361391695,0.03419030324048665,0.10070347272727273,0.28775757575757577,113.56666666666666
20151126113754-26km-D3-DROWSY-MOTORWAY,D3,motorway,highway,drowsy,148.62,0.5469615160493827,0.03231774755053273,0.079981192,0.26259999999999994,110.92333333333333
20151126113754-26km-D3-DROWSY-MOTORWAY,D3,motorway,highway,drowsy,153.62,0.530023975308642,0.01726483484884479,0.034534444,0.32526666666666665,109.20333333333335
20151126113754-26km-D3-DROWSY-MOTORWAY,D3,motorway,highway,drowsy,158.62,0.5424512817059484,0.028376519841257195,0.007657661818181815,0.28345454545454546,110.46363636363635
20151126113754-26km-D3-DROWSY-MOTORWAY,D3,motorway,highway,drowsy,163.62,0.559027688888889,0.024100986689517684,0.0,0.2477333333333333,112.15
20151126113754-26km-D3-DROWSY-MOTORWAY,D3,motorway,highway,drowsy,168.62,0.5552660641975309,0.010110549136839921,0.0,0.23020000000000002,111.77333333333334
20151126113754-26km-D3-DROWSY-MOTORWAY,D3,motorway,highway,drowsy,173.62,0.5489620356652949,0.011978030675946705,0.0,0.08977777777777778,111.13703703703703
20151126113754-26km-D3-DROWSY-MOTORWAY,D3,motorway,highway,drowsy,178.62,0.5319194787379974,0.0313609283123826,0.0,0.12348148148148147,109.38888888888889
20151126113754-26km-D3-DROWSY-MOTORWAY,D3,motorway,highway,drowsy,183.62,0.5007852740740741,0.047778713764155115,0.0,0.3031333333333333,106.12
20151126113754-26km-D3-DROWSY-MOTORWAY,D3,motorway,highway,drowsy,188.62,0.4582564691358025,0.05310938129866919,0.052736644,0.48966666666666664,101.50333333333333
20151126113754-26km-D3-DROWSY-MOTORWAY,D3,motorway,highway,drowsy,193.62,0.4125382267115601,0.04597151631701658,0.19547473090909093,0.37963636363636355,96.3030303030303
20151126113754-26km-D3-DROWSY-MOTORWAY,D3,motorway,highway,drowsy,198.62,0.3930995802469136,0.05406049850990391,0.163569976,0.2068,94.03666666666668
20151126113754-26km-D3-DROWSY-MOTORWAY,D3,motorway,highway,drowsy,203.62,0.4357475901234569,0.06691975434651283,0.0012844159999999974,0.14333333333333334,98.92333333333335
20151126113754-26km-D3-DROWSY-MOTORWAY,D3,motorway,highway,drowsy,208.62,0.47297198518518513,0.048083341569010826,0.0,0.20193333333333335,103.14333333333332
20151126113754-26km-D3-DROWSY-MOTORWAY,D3,motorway,highway,drowsy,213.62,0.4648167456790123,0.04712523156837978,0.0075761,0.3387333333333334,102.23666666666665
20151126113754-26km-D3-DROWSY-MOTORWAY,D3,motorway,highway,drowsy,218.62,0.43214335802469134,0.055748711226082104,0.09151412799999997,0.3239333333333334,98.55999999999999
20151126113754-26km-D3-DROWSY-MOTORWAY,D3,motorway,highway,drowsy,223.62,0.39268309465020573,0.03224446028323413,0.14290431555555555,0.2619259259259259,93.98518518518519
20151126113754-26km-D3-DROWSY-MOTORWAY,D3,motorway,highway,drowsy,228.62,0.3878708098765432,0.014930169248800099,0.044675856000000014,0.2613333333333333,93.41666666666666
20151126113754-26km-D3-DROWSY-MOTORWAY,D3,motorway,highway,drowsy,233.62,0.39349412345679013,0.007963870712014404,0.0,0.33740000000000003,94.09333333333333
20151126113754-26km-D3-DROWSY-MOTORWAY,D3,motorway,highway,drowsy,238.62,0.3978935950617284,0.008934346803445266,0.0,0.25593333333333335,94.61666666666667
20151126113754-26km-D3-DROWSY-MOTORWAY,D3,motorway,highway,drowsy,243.62,0.40311860246913583,0.009367937303548608,0.0,0.202,95.23666666666666
20151126113754-26km-D3-DROWSY-MOTORWAY,D3,motorway,highway,drowsy,248.62,0.39916095308641975,0.020550278238229185,0.0,0.33466666666666667,94.76333333333332
20151126113754-26km-D3-DROWSY-MOTORWAY,D3,motorway,highway,drowsy,253.62,0.3879033925925926,0.02482507125163796,0.083685656,0.3219333333333333,93.41666666666667
20151126113754-26km-D3-DROWSY-MOTORWAY,D3,motorway,highway,drowsy,258.62,0.3862651901234567,0.011118577518496337,0.089078636,0.23913333333333334,93.22333333333333
20151126113754-26km-D3-DROWSY-MOTORWAY,D3,motorway,highway,drowsy,263.62,0.39322389225589216,0.006200034771465371,0.004902709090909092,0.3062424242424242,94.06060606060605
20151126113754-26km-D3-DROWSY-MOTORWAY,D3,motorway,highway,drowsy,268.62,0.39746610549943884,0.010760975765464954,0.0,0.35824242424242425,94.56666666666665
20151126113754-26km-D3-DROWSY-MOTORWAY,D3,motorway,highway,drowsy,273.62,0.39615924444444445,0.018641536506283637,0.016050199999999994,0.16973333333333332,94.41
20151126113754-26km-D3-DROWSY-MOTORWAY,D3,motorway,highway,drowsy,278.62,0.3883490480109739,0.015148019743551051,0.01783355555555555,0.14074074074074072,93.47407407407408
20151126113754-26km-D3-DROWSY-MOTORWAY,D3,motorway,highway,drowsy,283.62,0.38870590123456783,0.011364352003892292,0.027772964,0.31253333333333333,93.51666666666667
20151126113754-26km-D3-DROWSY-MOTORWAY,D3,motorway,highway,drowsy,288.62,0.39568985679012353,0.015551246565862192,0.027772964,0.20806666666666668,94.35333333333334
20151126113754-26km-D3-DROWSY-MOTORWAY,D3,motorway,highway,drowsy,293.62,0.41617098491083676,0.03381949774982635,0.0,0.3868148148148148,96.74814814814813
20151126113754-26km-D3-DROWSY-MOTORWAY,D3,motorway,highway,drowsy,298.62,0.4380353283950617,0.028278384712323572,0.0,0.43566666666666676,99.26666666666667
20151126113754-26km-D3-DROWSY-MOTORWAY,D3,motorway,highway,drowsy,303.62,0.44677785679012355,0.0210479600518714,0.0,0.198,100.26
20151126113754-26km-D3-DROWSY-MOTORWAY,D3,motorway,highway,drowsy,308.62,0.43257677037037034,0.028368010382841043,0.0,0.22299999999999995,98.64
20151126113754-26km-D3-DROWSY-MOTORWAY,D3,motorway,highway,drowsy,313.62,0.413169274074074,0.019050349563388417,0.07660436400000001,0.2162,96.41333333333333
20151126113754-26km-D3-DROWSY-MOTORWAY,D3,motorway,highway,drowsy,318.62,0.41373477890011223,0.017686310522865803,0.09247730181818183,0.15242424242424243,96.47878787878786
20151126113754-26km-D3-DROWSY-MOTORWAY,D3,motorway,highway,drowsy,323.62,0.4254011447811448,0.02620320085530604,0.022836970909090912,0.12121212121212123,97.82727272727271
20151126113754-26km-D3-DROWSY-MOTORWAY,D3,motorway,highway,drowsy,328.62,0.4412579039780522,0.02887899997981431,0.04068855555555557,0.13844444444444445,99.63333333333334
20151126113754-26km-D3-DROWSY-MOTORWAY,D3,motorway,highway,drowsy,333.62,0.44225089711934157,0.018881381323256556,0.18057175999999997,0.1317037037037037,99.74814814814815
20151126113754-26km-D3-DROWSY-MOTORWAY,D3,motorway,highway,drowsy,338.62,0.4270710572390572,0.026449809289120683,0.2661990945454545,0.2889090909090909,98.01818181818182
20151126113754-26km-D3-DROWSY-MOTORWAY,D3,motorway,highway,drowsy,343.62,0.40758570864197524,0.03510753021127812,0.17043599599999998,0.27673333333333333,95.74
20151126113754-26km-D3-DROWSY-MOTORWAY,D3,motorway,highway,drowsy,348.62,0.37409819753086415,0.03213566080390752,0.040701856,0.09766666666666668,91.73
20151126113754-26km-D3-DROWSY-MOTORWAY,D3,motorway,highway,drowsy,353.62,0.3563369185185185,0.030552074710522632,0.07939737599999999,0.22020000000000003,89.52666666666667
20151126113754-26km-D3-DROWSY-MOTORWAY,D3,motorway,highway,drowsy,358.62,0.33551060082304535,0.021557403917867996,0.14125105333333335,0.3247407407407408,86.8777777777778
20151126113754-26km-D3-DROWSY-MOTORWAY,D3,motorway,highway,drowsy,363.62,0.3270435753086421,0.017346802755841113,0.123629892,0.227,85.78
20151126113754-26km-D3-DROWSY-MOTORWAY,D3,motorway,highway,drowsy,368.62,0.331321575308642,0.014858713692657127,0.08552109199999999,0.2142,86.33666666666667
20151126113754-26km-D3-DROWSY-MOTORWAY,D3,motorway,highway,drowsy,373.62,0.33997269135802466,0.012037011275329804,0.162364552,0.2902,87.46
20151126113754-26km-D3-DROWSY-MOTORWAY,D3,motorway,highway,drowsy,378.62,0.34722964938271605,0.011967754822162783,0.23198438000000002,0.3972,88.38666666666666
20151126113754-26km-D3-DROWSY-MOTORWAY,D3,motorway,highway,drowsy,383.62,0.34987081975308637,0.01405450939818415,0.25006343200000003,0.3380666666666666,88.72333333333334
20151126113754-26km-D3-DROWSY-MOTORWAY,D3,motorway,highway,drowsy,388.62,0.34334378765432094,0.01663450463682025,0.277749172,0.23433333333333334,87.89
20151126113754-26km-D3-DROWSY-MOTORWAY,D3,motorway,highway,drowsy,393.62,0.33322592592592587,0.013332440439141892,0.2789007018181818,0.3764242424242424,86.58484848484848
20151126113754-26km-D3-DROWSY-MOTORWAY,D3,motorway,highway,drowsy,398.62,0.3299513310886644,0.013307588624228279,0.24918718909090912,0.29018181818181815,86.16060606060606
20151126113754-26km-D3-DROWSY-MOTORWAY,D3,motorway,highway,drowsy,403.62,0.32645489711934156,0.044008195417090494,0.3163042266666667,0.19748148148148148,85.69259259259259
20151126113754-26km-D3-DROWSY-MOTORWAY,D3,motorway,highway,drowsy,408.62,0.2922020905349794,0.06768904046725648,0.526278448888889,0.2857777777777778,80.9962962962963
20151126113754-26km-D3-DROWSY-MOTORWAY,D3,motorway,highway,drowsy,413.62,0.2680064641975308,0.04420199323918531,0.45557357200000004,0.31720000000000004,77.64333333333333
20151126113754-26km-D3-DROWSY-MOTORWAY,D3,motorway,highway,drowsy,418.62,0.2723403802469136,0.024174722357729873,0.25188659199999996,0.37166666666666665,78.27
20151126113754-26km-D3-DROWSY-MOTORWAY,D3,motorway,highway,drowsy,423.62,0.28112545903479236,0.026500979044856043,0.1570023490909091,0.21848484848484845,79.52727272727272
20151126113754-26km-D3-DROWSY-MOTORWAY,D3,motorway,highway,drowsy,428.62,0.2682129248035915,0.038686941434163104,0.08977452363636367,0.10466666666666669,77.63939393939394
20151126113754-26km-D3-DROWSY-MOTORWAY,D3,motorway,highway,drowsy,433.62,0.24441995061728394,0.028311687532190388,0.024791176000000005,0.17513333333333334,74.14666666666668
20151126113754-26km-D3-DROWSY-MOTORWAY,D3,motorway,highway,drowsy,438.62,0.23740142112482854,0.007219395574759109,0.03771302222222222,0.15785185185185185,73.08518518518518
20151126113754-26km-D3-DROWSY-MOTORWAY,D3,motorway,highway,drowsy,443.62,0.2390273360768176,0.01118865601004519,0.09135726666666666,0.18844444444444447,73.33333333333333
20151126113754-26km-D3-DROWSY-MOTORWAY,D3,motorway,highway,drowsy,448.62,0.2452232049382716,0.012396616846092636,0.05511215200000001,0.18846666666666667,74.27666666666667
20151126113754-26km-D3-DROWSY-MOTORWAY,D3,motorway,highway,drowsy,453.62,0.2474802962962963,0.01329432742945386,0.004810824000000005,0.12793333333333334,74.61999999999999
20151126113754-26km-D3-DROWSY-MOTORWAY,D3,motorway,highway,drowsy,458.62,0.23572343434343426,0.026949145510441915,0.0,0.15248484848484847,72.80909090909091
20151126113754-26km-D3-DROWSY-MOTORWAY,D3,motorway,highway,drowsy,463.62,0.2167497382716049,0.04901103216065779,0.0,0.2882,69.79333333333332
20151126113754-26km-D3-DROWSY-MOTORWAY,D3,motorway,highway,drowsy,468.62,0.1839739506172839,0.04379056057434676,0.0,0.2410666666666667,64.28333333333333
20151126113754-26km-D3-DROWSY-MOTORWAY,D3,motorway,highway,drowsy,473.62,0.17253530370370368,0.021331448328375073,0.0,0.064,62.30333333333333
20151126113754-26km-D3-DROWSY-MOTORWAY,D3,motorway,highway,drowsy,478.62,0.1738404,0.02207705996122991,0.0,0.14073333333333335,62.536666666666655
20151126113754-26km-D3-DROWSY-MOTORWAY,D3,motorway,highway,drowsy,483.62,0.1774133827160494,0.02126629478643684,0.0,0.1872,63.17333333333333
20151126113754-26km-D3-DROWSY-MOTORWAY,D3,motorway,highway,drowsy,488.62,0.17717882030178328,0.017252358692000456,0.0,0.14074074074074075,63.13333333333334
20151126113754-26km-D3-DROWSY-MOTORWAY,D3,motorway,highway,drowsy,493.62,0.16970686419753087,0.025182374728387007,0.0,0.1522666666666667,61.78666666666667
20151126113754-26km-D3-DROWSY-MOTORWAY,D3,motorway,highway,drowsy,498.62,0.17442963456790123,0.0308618017887836,0.0,0.1576,62.623333333333335
20151126113754-26km-D3-DROWSY-MOTORWAY,D3,motorway,highway,drowsy,503.62,0.18517047407407408,0.020880382580258327,0.0,0.1266,64.54333333333332
20151126113754-26km-D3-DROWSY-MOTORWAY,D3,motorway,highway,drowsy,508.62,0.17351168395061728,0.058741080538856384,0.0,0.08753333333333331,62.4
20151126113754-26km-D3-DROWSY-MOTORWAY,D3,motorway,highway,drowsy,513.62,0.13462887542087543,0.07875432901047232,0.0,0.07466666666666666,54.79393939393938
20151126113754-26km-D3-DROWSY-MOTORWAY,D3,motorway,highway,drowsy,518.62,0.11430074523007856,0.03852809040490446,0.0,0.10769696969696971,50.7
20151126113754-26km-D3-DROWSY-MOTORWAY,D3,motorway,highway,drowsy,523.62,0.11885900685871056,0.024826538606296484,0.0,0.18481481481481482,51.7037037037037
20151126113754-26km-D3-DROWSY-MOTORWAY,D3,motorway,highway,drowsy,528.62,0.14241810699588478,0.09374859504448375,0.0,0.3667407407407407,56.42962962962962
20151126113754-26km-D3-DROWSY-MOTORWAY,D3,motorway,highway,drowsy,533.62,0.19225639012345677,0.11822719219322149,0.0,0.41013333333333335,65.41666666666666
20151126113754-26km-D3-DROWSY-MOTORWAY,D3,motorway,highway,drowsy,538.62,0.2527110864197531,0.09263516426346285,0.0,0.31720000000000004,75.27
20151126113754-26km-D3-DROWSY-MOTORWAY,D3,motorway,highway,drowsy,543.62,0.30323099753086424,0.06477394477730922,0.0,0.1758,82.50999999999999
20151126113754-26km-D3-DROWSY-MOTORWAY,D3,motorway,highway,drowsy,548.62,0.3306058567901235,0.04376786688761896,0.0054382239999999984,0.0996,86.24000000000001
20151126113754-26km-D3-DROWSY-MOTORWAY,D3,motorway,highway,drowsy,553.62,0.31264864691358024,0.04852637512814194,0.07183112400000001,0.18039999999999998,83.81666666666666
20151126113754-26km-D3-DROWSY-MOTORWAY,D3,motorway,highway,drowsy,558.62,0.2927221135802469,0.042397196641551324,0.105877852,0.1602,81.14666666666668
20151126113754-26km-D3-DROWSY-MOTORWAY,D3,motorway,highway,drowsy,563.62,0.30002916543209873,0.026957990062804423,0.06557503599999999,0.13126666666666664,82.15333333333334
20151126113754-26km-D3-DROWSY-MOTORWAY,D3,motorway,highway,drowsy,568.62,0.31760253827160495,0.041456972950322746,0.026090084000000003,0.13473333333333332,84.50666666666666
20151126113754-26km-D3-DROWSY-MOTORWAY,D3,motorway,highway,drowsy,573.62,0.33439750841750837,0.03916154205639327,0.0,0.23387878787878788,86.72424242424243
20151126113754-26km-D3-DROWSY-MOTORWAY,D3,motorway,highway,drowsy,578.62,0.3373490909090909,0.014740238828703671,0.0,0.33175757575757575,87.12121212121211
20151126113754-26km-D3-DROWSY-MOTORWAY,D3,motorway,highway,drowsy,583.62,0.3350931111111111,0.012381015991933496,0.0,0.1933333333333333,86.83000000000001
20151126113754-26km-D3-DROWSY-MOTORWAY,D3,motorway,highway,drowsy,588.62,0.3330648065843621,0.010673542124758403,0.0,0.20133333333333334,86.56666666666666
20151126113754-26km-D3-DROWSY-MOTORWAY,D3,motorway,highway,drowsy,593.62,0.3320637366255144,0.009501807656420327,0.0,0.3066666666666667,86.43703703703704
20151126113754-26km-D3-DROWSY-MOTORWAY,D3,motorway,highway,drowsy,598.62,0.3263815982042648,0.01945845490060682,0.00432791272727273,0.3421212121212121,85.68787878787879
20151126113754-26km-D3-DROWSY-MOTORWAY,D3,motorway,highway,drowsy,603.62,0.31183163456790125,0.025067653706726745,0.054516984000000004,0.5386666666666666,83.74666666666667
20151126113754-26km-D3-DROWSY-MOTORWAY,D3,motorway,highway,drowsy,608.62,0.2994232592592593,0.01996604791300926,0.20925823999999998,0.44592592592592584,82.07777777777777
20151126113754-26km-D3-DROWSY-MOTORWAY,D3,motorway,highway,drowsy,613.62,0.3040640543209877,0.018734063049346404,0.339696192,0.23973333333333335,82.71000000000001
20151126113754-26km-D3-DROWSY-MOTORWAY,D3,motorway,highway,drowsy,618.62,0.3008003160493827,0.0226937154351905,0.462653932,0.27680000000000005,82.26
20151126113754-26km-D3-DROWSY-MOTORWAY,D3,motorway,highway,drowsy,623.62,0.2829736071829405,0.023916584469024175,0.4290763309090909,0.23939393939393938,79.77878787878787
20151126113754-26km-D3-DROWSY-MOTORWAY,D3,motorway,highway,drowsy,628.62,0.27233026172839503,0.03476041316575039,0.252222824,0.11853333333333331,78.27333333333334
20151126113754-26km-D3-DROWSY-MOTORWAY,D3,motorway,highway,drowsy,633.62,0.3028094595336077,0.07420525883628508,0.14856205777777778,0.024740740740740744,82.41481481481482
20151126113754-26km-D3-DROWSY-MOTORWAY,D3,motorway,highway,drowsy,638.62,0.33386188641975306,0.0571208799793592,0.22274479600000002,0.24179999999999996,86.64666666666668
20151126113754-26km-D3-DROWSY-MOTORWAY,D3,motorway,highway,drowsy,643.62,0.36728670258136925,0.09193139765885411,0.22429172000000006,0.33672727272727276,90.76666666666667
20151126113754-26km-D3-DROWSY-MOTORWAY,D3,motorway,highway,drowsy,648.62,0.42775361975308634,0.10764558587326559,0.12180033999999999,0.194,97.88666666666668
20151126113754-26km-D3-DROWSY-MOTORWAY,D3,motorway,highway,drowsy,653.62,0.5008734595336076,0.03964615976690954,0.008541404444444445,0.11533333333333334,106.14074074074074
20151126113754-26km-D3-DROWSY-MOTORWAY,D3,motorway,highway,drowsy,658.62,0.515948709315376,0.023014073602719395,0.0016328509090909086,0.15375757575757576,107.74242424242425
20151126113754-26km-D3-DROWSY-MOTORWAY,D3,motorway,highway,drowsy,663.62,0.5254727061728395,0.03501863727588982,0.0,0.12266666666666666,108.72333333333333
20151126113754-26km-D3-DROWSY-MOTORWAY,D3,motorway,highway,drowsy,668.62,0.5624041700960221,0.04212347634780578,0.0,0.315037037037037,112.46666666666667
20151126113754-26km-D3-DROWSY-MOTORWAY,D3,motorway,highway,drowsy,673.62,0.5711680493827159,0.037467126299065484,0.004493650909090913,0.24484848484848484,113.35454545454546
20151126113754-26km-D3-DROWSY-MOTORWAY,D3,motorway,highway,drowsy,678.62,0.5379706913580247,0.06072350528610332,0.029271843999999998,0.10033333333333334,109.96333333333334
20151126113754-26km-D3-DROWSY-MOTORWAY,D3,motorway,highway,drowsy,683.62,0.47786860356652944,0.051082139390842426,0.11780339999999999,0.20348148148148149,103.66296296296295
20151126113754-26km-D3-DROWSY-MOTORWAY,D3,motorway,highway,drowsy,688.62,0.45145292345679017,0.029300290892385304,0.171671628,0.22146666666666665,100.77666666666666
20151126113754-26km-D3-DROWSY-MOTORWAY,D3,motorway,highway,drowsy,693.62,0.44656136296296295,0.027836155270762115,0.162171628,0.2437333333333333,100.23333333333333
20151126113754-26km-D3-DROWSY-MOTORWAY,D3,motorway,highway,drowsy,698.62,0.4576192790123456,0.021394768192822617,0.134562228,0.21893333333333334,101.46666666666667
20151126113754-26km-D3-DROWSY-MOTORWAY,D3,motorway,highway,drowsy,703.62,0.4690811506172839,0.022994242792508893,0.11314942800000002,0.1906666666666667,102.72999999999999
20151126113754-26km-D3-DROWSY-MOTORWAY,D3,motorway,highway,drowsy,708.62,0.47644683277216604,0.0224400595647455,0.06804309818181818,0.10472727272727274,103.5333333333333
20151126113754-26km-D3-DROWSY-MOTORWAY,D3,motorway,highway,drowsy,713.62,0.4740661144781144,0.012255921315492073,0.031302581818181824,0.10769696969696971,103.27575757575757
20151126113754-26km-D3-DROWSY-MOTORWAY,D3,motorway,highway,drowsy,718.62,0.4671894518518519,0.0069924116054886545,0.011857460000000002,0.15753333333333336,102.52666666666667
20151126113754-26km-D3-DROWSY-MOTORWAY,D3,motorway,highway,drowsy,723.62,0.4667089492455419,0.006451071280595184,0.027092457777777783,0.2881481481481482,102.47407407407407
20151126113754-26km-D3-DROWSY-MOTORWAY,D3,motorway,highway,drowsy,728.62,0.4619724098765432,0.017085524009812898,0.05813932800000001,0.41966666666666663,101.95
20151126113754-26km-D3-DROWSY-MOTORWAY,D3,motorway,highway,drowsy,733.62,0.44881905185185184,0.02416394801294814,0.035246712,0.2532666666666667,100.47999999999999
20151126113754-26km-D3-DROWSY-MOTORWAY,D3,motorway,highway,drowsy,738.62,0.4262040987654321,0.02083464338481471,0.0,0.20651851851851852,97.92222222222222
20151126113754-26km-D3-DROWSY-MOTORWAY,D3,motorway,highway,drowsy,743.62,0.4123191308641975,0.018500985085889,0.0,0.3656666666666667,96.31333333333333
20151126113754-26km-D3-DROWSY-MOTORWAY,D3,motorway,highway,drowsy,748.62,0.39599719416386087,0.02210867979906433,0.17473378909090911,0.40709090909090906,94.38484848484849
20151126113754-26km-D3-DROWSY-MOTORWAY,D3,motorway,highway,drowsy,753.62,0.3857883802469136,0.026960687420142654,0.22685302800000007,0.3642666666666666,93.16333333333333
20151126113754-26km-D3-DROWSY-MOTORWAY,D3,motorway,highway,drowsy,758.62,0.4041019555555555,0.04871062249456344,0.077874108,0.21886666666666668,95.31333333333333
20151126113754-26km-D3-DROWSY-MOTORWAY,D3,motorway,highway,drowsy,763.62,0.4319538047138046,0.045083370173708275,0.04293304,0.28715151515151516,98.55757575757576
20151126113754-26km-D3-DROWSY-MOTORWAY,D3,motorway,highway,drowsy,768.62,0.4408753481481481,0.01922477620501244,0.019584799999999992,0.31786666666666663,99.59333333333333
20151126113754-26km-D3-DROWSY-MOTORWAY,D3,motorway,highway,drowsy,773.62,0.43436434567901233,0.009606384750378734,0.017318559999999997,0.1668888888888889,98.85925925925926
20151126113754-26km-D3-DROWSY-MOTORWAY,D3,motorway,highway,drowsy,778.62,0.4329334101508916,0.0052586784299796276,0.0,0.12118518518518516,98.6962962962963
20151126113754-26km-D3-DROWSY-MOTORWAY,D3,motorway,highway,drowsy,783.62,0.43917698765432095,0.022925736889817507,6.150400000000023e-05,0.28493333333333337,99.4
20151126113754-26km-D3-DROWSY-MOTORWAY,D3,motorway,highway,drowsy,788.62,0.47808147250280586,0.054778610104329224,0.0005932036363636357,0.2810909090909091,103.65454545454548
20151126113754-26km-D3-DROWSY-MOTORWAY,D3,motorway,highway,drowsy,793.62,0.5096358518518518,0.05406042859098121,0.0032964218181818143,0.13903030303030303,107.06666666666669
20151126113754-26km-D3-DROWSY-MOTORWAY,D3,motorway,highway,drowsy,798.62,0.5029211248285322,0.034115781256217934,0.04551110666666666,0.21555555555555556,106.35925925925926
20151126113754-26km-D3-DROWSY-MOTORWAY,D3,motorway,highway,drowsy,803.62,0.4831306776406035,0.026251109683862437,0.11764153333333333,0.21029629629629631,104.25925925925925
20151126113754-26km-D3-DROWSY-MOTORWAY,D3,motorway,highway,drowsy,808.62,0.5021591358024691,0.046285666043801965,0.069957408,0.14146666666666668,106.26333333333332
20151126113754-26km-D3-DROWSY-MOTORWAY,D3,motorway,highway,drowsy,813.62,0.559575437037037,0.08113350031724717,0.002004979999999998,0.2432,112.13333333333333
20151126113754-26km-D3-DROWSY-MOTORWAY,D3,motorway,highway,drowsy,818.62,0.6510249831649831,0.08577692575448716,0.0,0.22969696969696968,120.9121212121212
20151126113754-26km-D3-DROWSY-MOTORWAY,D3,motorway,highway,drowsy,823.62,0.7089139061728396,0.06461179557194922,0.0,0.15486666666666668,126.27333333333334
20151126113754-26km-D3-DROWSY-MOTORWAY,D3,motorway,highway,drowsy,828.62,0.6868129975308642,0.05930211965181862,0.0,0.2571333333333333,124.26666666666668
20151126113754-26km-D3-DROWSY-MOTORWAY,D3,motorway,highway,drowsy,833.62,0.633284987654321,0.06961221765487892,0.0,0.23093333333333335,119.31333333333332
20151126113754-26km-D3-DROWSY-MOTORWAY,D3,motorway,highway,drowsy,838.62,0.5603471934156379,0.06931378271727912,0.0,0.19377777777777777,112.23703703703704
20151126113754-26km-D3-DROWSY-MOTORWAY,D3,motorway,highway,drowsy,843.62,0.5054086419753087,0.06290690606738945,0.006955232727272725,0.16587878787878788,106.5848484848485
20151126113754-26km-D3-DROWSY-MOTORWAY,D3,motorway,highway,drowsy,848.62,0.46143352098765433,0.056652796931504844,0.007650755999999997,0.07606666666666666,101.84666666666666
20151126113754-26km-D3-DROWSY-MOTORWAY,D3,motorway,highway,drowsy,853.62,0.41405888614540465,0.04641472620322465,0.00024132444444444426,0.19377777777777774,96.4962962962963
20151126113754-26km-D3-DROWSY-MOTORWAY,D3,motorway,highway,drowsy,858.62,0.386968736251403,0.026770650723657082,0.008608461818181814,0.30187878787878786,93.2969696969697
20151126113754-26km-D3-DROWSY-MOTORWAY,D3,motorway,highway,drowsy,863.62,0.36972370819304157,0.02280278140527956,0.04418639999999999,0.29200000000000004,91.2
20151126113754-26km-D3-DROWSY-MOTORWAY,D3,motorway,highway,drowsy,868.62,0.35632106666666663,0.02766667931965937,0.1425894,0.2773333333333333,89.53333333333335
20151126113754-26km-D3-DROWSY-MOTORWAY,D3,motorway,highway,drowsy,873.62,0.3612698106995884,0.03336526081251259,0.2296732311111111,0.19155555555555553,90.14444444444445
20151126113754-26km-D3-DROWSY-MOTORWAY,D3,motorway,highway,drowsy,878.62,0.39234954732510297,0.047096691075915936,0.27924321333333335,0.15118518518518517,93.92962962962963
20151126113754-26km-D3-DROWSY-MOTORWAY,D3,motorway,highway,drowsy,883.62,0.4256101144781145,0.03934648465312726,0.3294559236363636,0.23206060606060605,97.83333333333334
20151126113754-26km-D3-DROWSY-MOTORWAY,D3,motorway,highway,drowsy,888.62,0.4481324938271604,0.027270833122727146,0.317991228,0.19460000000000002,100.40666666666667
20151126113754-26km-D3-DROWSY-MOTORWAY,D3,motorway,highway,drowsy,893.62,0.47150476817558296,0.03756116062376588,0.14244604888888887,0.16155555555555556,102.98518518518519
20151126113754-26km-D3-DROWSY-MOTORWAY,D3,motorway,highway,drowsy,898.62,0.4926203411896745,0.028380867239101323,0.024746269090909087,0.2375151515151515,105.26969696969697
20151126113754-26km-D3-DROWSY-MOTORWAY,D3,motorway,highway,drowsy,903.62,0.5019921728395061,0.012599532872035264,0.026645903999999998,0.32253333333333334,106.27666666666667
20151126113754-26km-D3-DROWSY-MOTORWAY,D3,motorway,highway,drowsy,908.62,0.49012603017832646,0.030523891080147,0.1514864311111111,0.2162222222222222,105.0037037037037
20151126113754-26km-D3-DROWSY-MOTORWAY,D3,motorway,highway,drowsy,913.62,0.4629313234567901,0.03636885129726984,0.249333956,0.08493333333333335,102.03666666666666
20151126113754-26km-D3-DROWSY-MOTORWAY,D3,motorway,highway,drowsy,918.62,0.4326938945005611,0.029505954432579362,0.2449524254545455,0.05387878787878788,98.65757575757576
20151126113754-26km-D3-DROWSY-MOTORWAY,D3,motorway,highway,drowsy,923.62,0.41260571492704834,0.022540401825160445,0.17168461090909093,0.08751515151515153,96.34242424242424
20151126113754-26km-D3-DROWSY-MOTORWAY,D3,motorway,highway,drowsy,928.62,0.3918016625514403,0.03785698030381196,0.06750957333333335,0.1885925925925926,93.87777777777778
20151126113754-26km-D3-DROWSY-MOTORWAY,D3,motorway,highway,drowsy,933.62,0.3534931577503429,0.06882000657666043,0.004872288888888892,0.3382222222222222,89.11851851851853
20151126113754-26km-D3-DROWSY-MOTORWAY,D3,motorway,highway,drowsy,938.62,0.31795685432098764,0.04307004233676313,0.027170924000000003,0.43233333333333335,84.55
20151126113754-26km-D3-DROWSY-MOTORWAY,D3,motorway,highway,drowsy,943.62,0.3014745499438833,0.01795364555434253,0.02618631272727273,0.4187272727272727,82.35757575757576
20151126113754-26km-D3-DROWSY-MOTORWAY,D3,motorway,highway,drowsy,948.62,0.29171093333333337,0.028276537157262673,0.0018493160000000019,0.2936,81.0
20151126113754-26km-D3-DROWSY-MOTORWAY,D3,motorway,highway,drowsy,953.62,0.2649535144032922,0.04465269595289657,0.0,0.21325925925925923,77.17777777777778
20151126113754-26km-D3-DROWSY-MOTORWAY,D3,motorway,highway,drowsy,958.62,0.24444418406285073,0.02973392222171066,0.0,0.28527272727272723,74.14545454545454
20151126113754-26km-D3-DROWSY-MOTORWAY,D3,motorway,highway,drowsy,963.62,0.23323108417508417,0.017072518307039982,0.0,0.3274545454545454,72.43636363636364
20151126113754-26km-D3-DROWSY-MOTORWAY,D3,motorway,highway,drowsy,968.62,0.22197190672153638,0.020946367506111785,0.0,0.4585925925925926,70.65925925925927
20151126113754-26km-D3-DROWSY-MOTORWAY,D3,motorway,highway,drowsy,973.62,0.2113384252400549,0.014712799719981283,0.09446759111111112,0.5185185185185185,68.95555555555556
20151126113754-26km-D3-DROWSY-MOTORWAY,D3,motorway,highway,drowsy,978.62,0.21232080808080808,0.013825342991028871,0.10506373090909094,0.45848484848484844,69.11515151515151
20151126113754-26km-D3-DROWSY-MOTORWAY,D3,motorway,highway,drowsy,983.62,0.21721307654320993,0.013221884013942925,0.030549271999999995,0.45313333333333344,69.90666666666667
20151126113754-26km-D3-DROWSY-MOTORWAY,D3,motorway,highway,drowsy,988.62,0.22194762139917698,0.007911363907866212,0.0,0.3277777777777778,70.66666666666669
20151126113754-26km-D3-DROWSY-MOTORWAY,D3,motorway,highway,drowsy,993.62,0.22928625185185186,0.030496086210904848,0.0,0.2762,71.81333333333335
20151126113754-26km-D3-DROWSY-MOTORWAY,D3,motorway,highway,drowsy,998.62,0.2568955160493827,0.051381396883593375,0.0,0.2869333333333334,75.95333333333333
20151126113754-26km-D3-DROWSY-MOTORWAY,D3,motorway,highway,drowsy,1003.62,0.272391748597082,0.04507371013027723,0.0,0.19466666666666663,78.27272727272727
20151126113754-26km-D3-DROWSY-MOTORWAY,D3,motorway,highway,drowsy,1008.62,0.2555760493827161,0.05217760201872242,0.0,0.2626,75.78666666666666
20151126113754-26km-D3-DROWSY-MOTORWAY,D3,motorway,highway,drowsy,1013.62,0.20726021234567904,0.09653855986429444,0.0,0.5303333333333333,68.09666666666666
20151126113754-26km-D3-DROWSY-MOTORWAY,D3,motorway,highway,drowsy,1018.62,0.1666882603815937,0.07410098408609708,0.0,0.3775151515151515,61.03636363636363
20151126110502-26km-D3-NORMAL-MOTORWAY,D3,motorway,highway,normal,14.75,0.26966745791245794,0.022769114239794462,0.1143428909090909,0.2527878787878788,77.89242424242424
20151126110502-26km-D3-NORMAL-MOTORWAY,D3,motorway,highway,normal,19.75,0.2961330074074074,0.052665061332877704,0.197749128,0.2362666666666667,81.53999999999999
20151126110502-26km-D3-NORMAL-MOTORWAY,D3,motorway,highway,normal,24.75,0.33960739753086416,0.08883904389630254,0.11261891599999999,0.1434666666666667,87.34
20151126110502-26km-D3-NORMAL-MOTORWAY,D3,motorway,highway,normal,29.75,0.4028775012345679,0.09594129295481056,0.040646968,0.20206666666666667,95.02666666666667
20151126110502-26km-D3-NORMAL-MOTORWAY,D3,motorway,highway,normal,34.75,0.4660566310013718,0.06218783686325761,0.0,0.3494074074074074,102.35925925925926
20151126110502-26km-D3-NORMAL-MOTORWAY,D3,motorway,highway,normal,39.75,0.5046996641975308,0.027509509243693487,0.012894232000000009,0.4364,106.55333333333333
20151126110502-26km-D3-NORMAL-MOTORWAY,D3,motorway,highway,normal,44.75,0.5345210505050505,0.04529724418341246,0.016967123636363643,0.2901818181818182,109.63636363636364
20151126110502-26km-D3-NORMAL-MOTORWAY,D3,motorway,highway,normal,49.75,0.5749865827160494,0.03715529925005345,0.0057696039999999985,0.19253333333333333,113.72333333333333
20151126110502-26km-D3-NORMAL-MOTORWAY,D3,motorway,highway,normal,54.75,0.5896831495198903,0.01772766706252453,0.0,0.1877037037037037,115.18518518518519
20151126110502-26km-D3-NORMAL-MOTORWAY,D3,motorway,highway,normal,59.75,0.5749968839506171,0.023525278380492055,0.0,0.22953333333333337,113.73666666666665
20151126110502-26km-D3-NORMAL-MOTORWAY,D3,motorway,highway,normal,64.75,0.5540982222222222,0.025539445624480583,0.0,0.2197575757575757,111.64545454545456
20151126110502-26km-D3-NORMAL-MOTORWAY,D3,motorway,highway,normal,69.75,0.5342235336076817,0.016734688349069538,0.0,0.09207407407407407,109.63333333333334
20151126110502-26km-D3-NORMAL-MOTORWAY,D3,motorway,highway,normal,84.75,0.5370257142857143,0.01945334514765317,0.0,0.12323809523809524,109.91904761904762
20151126110502-26km-D3-NORMAL-MOTORWAY,D3,motorway,highway,normal,89.75,0.5412775892255892,0.016950906362724023,0.0,0.14024242424242422,110.35454545454544
20151126110502-26km-D3-NORMAL-MOTORWAY,D3,motorway,highway,normal,94.75,0.5490266320987655,0.011498654055996874,0.0,0.1192,111.14333333333335
20151126110502-26km-D3-NORMAL-MOTORWAY,D3,motorway,highway,normal,99.75,0.5512992098765431,0.01309568389327126,0.0,0.06866666666666668,111.37333333333336
20151126110502-26km-D3-NORMAL-MOTORWAY,D3,motorway,highway,normal,104.75,0.5505446074074074,0.0153550723930098,0.0,0.06466666666666666,111.29666666666667
20151126110502-26km-D3-NORMAL-MOTORWAY,D3,motorway,highway,normal,109.75,0.5609610172839506,0.020593556050225635,0.0,0.15286666666666668,112.34
20151126110502-26km-D3-NORMAL-MOTORWAY,D3,motorway,highway,normal,114.75,0.5783687846364883,0.022530107845075004,0.0,0.19074074074074077,114.07037037037038
20151126110502-26km-D3-NORMAL-MOTORWAY,D3,motorway,highway,normal,119.75,0.6000568740740742,0.021591104206061612,0.0,0.21413333333333334,116.19000000000001
20151126110502-26km-D3-NORMAL-MOTORWAY,D3,motorway,highway,normal,124.75,0.6157529382716049,0.02106388776915548,0.0,0.23500000000000001,117.7
20151126110502-26km-D3-NORMAL-MOTORWAY,D3,motorway,highway,normal,129.75,0.6191707259259259,0.024886485230068266,0.0,0.15753333333333333,118.02666666666664
20151126110502-26km-D3-NORMAL-MOTORWAY,D3,motorway,highway,normal,134.75,0.6045293530864198,0.021924761135049382,0.0,0.13740000000000002,116.61999999999998
20151126110502-26km-D3-NORMAL-MOTORWAY,D3,motorway,highway,normal,139.75,0.5967198518518518,0.01006198852539089,0.0,0.09207407407407407,115.87037037037038
20151126110502-26km-D3-NORMAL-MOTORWAY,D3,motorway,highway,normal,144.75,0.5968571901234567,0.013732471445688395,0.0,0.13666666666666666,115.88333333333335
20151126110502-26km-D3-NORMAL-MOTORWAY,D3,motorway,highway,normal,149.75,0.5793270716049382,0.024989015484942707,0.0,0.1636,114.16
20151126110502-26km-D3-NORMAL-MOTORWAY,D3,motorway,highway,normal,154.75,0.5627187744107744,0.028571682106749433,0.0,0.14509090909090908,112.51818181818182
20151126110502-26km-D3-NORMAL-MOTORWAY,D3,motorway,highway,normal,159.75,0.5801423075196408,0.029937890411300086,0.0,0.1506060606060606,114.2272727272727
20151126110502-26km-D3-NORMAL-MOTORWAY,D3,motorway,highway,normal,164.75,0.601886325925926,0.024996529830634596,0.016382768,0.09693333333333334,116.36999999999998
20151126110502-26km-D3-NORMAL-MOTORWAY,D3,motorway,highway,normal,169.75,0.5945924691358025,0.012383877021222673,0.016382768,0.19593333333333335,115.66333333333333
20151126110502-26km-D3-NORMAL-MOTORWAY,D3,motorway,highway,normal,174.75,0.5845952296296296,0.010370298193031077,0.0,0.20400000000000001,114.68666666666668
20151126110502-26km-D3-NORMAL-MOTORWAY,D3,motorway,highway,normal,179.75,0.5746511012345679,0.012563720550472404,0.0,0.09426666666666665,113.70666666666668
20151126110502-26km-D3-NORMAL-MOTORWAY,D3,motorway,highway,normal,184.75,0.5708471160493828,0.01646327453463332,0.018541635999999997,0.11386666666666667,113.33
20151126110502-26km-D3-NORMAL-MOTORWAY,D3,motorway,highway,normal,189.75,0.5817208888888888,0.01998766357616482,0.05958669600000001,0.11593333333333336,114.4
20151126110502-26km-D3-NORMAL-MOTORWAY,D3,motorway,highway,normal,194.75,0.5989715950617283,0.017631809983811874,0.04948974799999999,0.093,116.08666666666663
20151126110502-26km-D3-NORMAL-MOTORWAY,D3,motorway,highway,normal,199.75,0.6111158847736626,0.018028205326470665,0.00938298666666666,0.12414814814814815,117.25925925925928
20151126110502-26km-D3-NORMAL-MOTORWAY,D3,motorway,highway,normal,204.75,0.6023816131687244,0.02523692472744941,0.06189396,0.27985185185185185,116.41111111111111
20151126110502-26km-D3-NORMAL-MOTORWAY,D3,motorway,highway,normal,209.75,0.5903664839506173,0.027684578830740776,0.11429253999999997,0.30106666666666665,115.25
20151126110502-26km-D3-NORMAL-MOTORWAY,D3,motorway,highway,normal,214.75,0.599231372839506,0.02157972443828779,0.058587975999999986,0.14279999999999998,116.10999999999999
20151126110502-26km-D3-NORMAL-MOTORWAY,D3,motorway,highway,normal,219.75,0.6037293692480358,0.016733273475044576,0.0,0.18066666666666664,116.54848484848485
20151126110502-26km-D3-NORMAL-MOTORWAY,D3,motorway,highway,normal,224.75,0.5942701952861951,0.02128432998804758,0.0,0.19903030303030303,115.63030303030301
20151126110502-26km-D3-NORMAL-MOTORWAY,D3,motorway,highway,normal,229.75,0.5786901679012344,0.016058256082964423,0.0,0.14679999999999999,114.10333333333332
20151126110502-26km-D3-NORMAL-MOTORWAY,D3,motorway,highway,normal,234.75,0.5700272049382715,0.009897629967012413,0.0,0.19993333333333332,113.25
20151126110502-26km-D3-NORMAL-MOTORWAY,D3,motorway,highway,normal,239.75,0.5671494469135802,0.009922138679757246,0.0,0.18846666666666667,112.96333333333332
20151126110502-26km-D3-NORMAL-MOTORWAY,D3,motorway,highway,normal,244.75,0.5652433975308642,0.014957485651467905,0.15571845599999998,0.10300000000000001,112.77333333333334
20151126110502-26km-D3-NORMAL-MOTORWAY,D3,motorway,highway,normal,249.75,0.5732868197530864,0.02334917506243052,0.18745028800000002,0.0814,113.57000000000001
20151126110502-26km-D3-NORMAL-MOTORWAY,D3,motorway,highway,normal,254.75,0.5807297086419753,0.022527785493995686,0.066481392,0.13326666666666664,114.30666666666666
20151126110502-26km-D3-NORMAL-MOTORWAY,D3,motorway,highway,normal,259.75,0.5828116982167351,0.023290276985476213,0.046177951111111094,0.1571111111111111,114.5111111111111
20151126110502-26km-D3-NORMAL-MOTORWAY,D3,motorway,highway,normal,264.75,0.5816664543209876,0.028906111221804448,0.02078324,0.25386666666666663,114.39666666666665
20151126110502-26km-D3-NORMAL-MOTORWAY,D3,motorway,highway,normal,269.75,0.5964353714927048,0.027383371462749325,0.012702403636363636,0.24612121212121207,115.82727272727271
20151126110502-26km-D3-NORMAL-MOTORWAY,D3,motorway,highway,normal,274.75,0.6098584636488339,0.024590762566396324,0.0,0.14133333333333334,117.13703703703703
20151126110502-26km-D3-NORMAL-MOTORWAY,D3,motorway,highway,normal,279.75,0.5963485432098765,0.022471926945796555,0.0,0.1022,115.8333333333333
20151126110502-26km-D3-NORMAL-MOTORWAY,D3,motorway,highway,normal,284.75,0.5948891313131313,0.023786206819975,0.0,0.09727272727272726,115.69090909090909
20151126110502-26km-D3-NORMAL-MOTORWAY,D3,motorway,highway,normal,289.75,0.5919765333333331,0.02263004771735911,0.0,0.10433333333333335,115.40666666666667
20151126110502-26km-D3-NORMAL-MOTORWAY,D3,motorway,highway,normal,294.75,0.5902897432098764,0.023708359546667595,0.0,0.1366,115.24333333333331
20151126110502-26km-D3-NORMAL-MOTORWAY,D3,motorway,highway,normal,299.75,0.5843323703703702,0.02715114127427882,0.0,0.10226666666666666,114.65666666666667
20151126110502-26km-D3-NORMAL-MOTORWAY,D3,motorway,highway,normal,304.75,0.5764502770919067,0.021759051766503782,0.0,0.08148148148148147,113.88518518518516
20151126110502-26km-D3-NORMAL-MOTORWAY,D3,motorway,highway,normal,309.75,0.5583685086419752,0.030740296088178097,0.021223752,0.08146666666666666,112.06999999999998
20151126110502-26km-D3-NORMAL-MOTORWAY,D3,motorway,highway,normal,314.75,0.5323205185185185,0.037849792210250435,0.088661772,0.0558,109.42333333333333
20151126110502-26km-D3-NORMAL-MOTORWAY,D3,motorway,highway,normal,319.75,0.5118450919067214,0.03509953218306596,0.24302204,0.14881481481481482,107.31111111111109
20151126110502-26km-D3-NORMAL-MOTORWAY,D3,motorway,highway,normal,324.75,0.5396892659932659,0.04564288780303317,0.1831944327272727,0.19472727272727272,110.15151515151514
20151126110502-26km-D3-NORMAL-MOTORWAY,D3,motorway,highway,normal,329.75,0.5701539842873176,0.04939770025168632,0.048527636363636356,0.16715151515151516,113.24848484848486
20151126110502-26km-D3-NORMAL-MOTORWAY,D3,motorway,highway,normal,334.75,0.561728009876543,0.03469025229030038,0.004328895999999997,0.12593333333333334,112.40666666666667
20151126110502-26km-D3-NORMAL-MOTORWAY,D3,motorway,highway,normal,339.75,0.5176989283950617,0.07299595242263177,0.04084938,0.19533333333333333,107.86333333333332
20151126110502-26km-D3-NORMAL-MOTORWAY,D3,motorway,highway,normal,344.75,0.4435979703703703,0.0989167485536517,0.288548824,0.3340666666666666,99.73666666666665
20151126110502-26km-D3-NORMAL-MOTORWAY,D3,motorway,highway,normal,349.75,0.3794650973936899,0.061869488184202175,0.5194374177777777,0.2552592592592593,92.35555555555555
20151126110502-26km-D3-NORMAL-MOTORWAY,D3,motorway,highway,normal,354.75,0.35937152098765424,0.04272105290587074,0.53790478,0.21013333333333334,89.91666666666667
20151126110502-26km-D3-NORMAL-MOTORWAY,D3,motorway,highway,normal,359.75,0.35874052076318735,0.04613265356732228,0.5153473672727272,0.1744848484848485,89.83333333333334
20151126110502-26km-D3-NORMAL-MOTORWAY,D3,motorway,highway,normal,364.75,0.36082396049382714,0.03708093958757179,0.500956096,0.06406666666666666,90.09333333333333
20151126110502-26km-D3-NORMAL-MOTORWAY,D3,motorway,highway,normal,369.75,0.36244051028806573,0.03531537012546894,0.3976503777777778,0.11748148148148146,90.3
20151126110502-26km-D3-NORMAL-MOTORWAY,D3,motorway,highway,normal,374.75,0.3417980345679011,0.04093014535915721,0.11175634400000001,0.2800666666666667,87.67333333333332
20151126110502-26km-D3-NORMAL-MOTORWAY,D3,motorway,highway,normal,379.75,0.3257754253647586,0.03960656466453875,0.006903367272727274,0.37696969696969695,85.60606060606058
20151126110502-26km-D3-NORMAL-MOTORWAY,D3,motorway,highway,normal,384.75,0.30813547160493815,0.03448794570394767,0.0003576040000000009,0.30700000000000005,83.24333333333331
20151126110502-26km-D3-NORMAL-MOTORWAY,D3,motorway,highway,normal,389.75,0.2861635259259259,0.03886190588093236,0.0,0.1462,80.21999999999998
20151126110502-26km-D3-NORMAL-MOTORWAY,D3,motorway,highway,normal,394.75,0.2614666886145404,0.05545552436528626,0.0,0.058444444444444445,76.65185185185184
20151126110502-26km-D3-NORMAL-MOTORWAY,D3,motorway,highway,normal,399.75,0.2311555506172839,0.03501118279542553,0.0,0.07606666666666666,72.09666666666665
20151126110502-26km-D3-NORMAL-MOTORWAY,D3,motorway,highway,normal,404.75,0.2225401885521885,0.013990382438549982,0.0,0.11751515151515152,70.76060606060604
20151126110502-26km-D3-NORMAL-MOTORWAY,D3,motorway,highway,normal,409.75,0.22199474567901234,0.019220544174912743,0.0,0.08826666666666667,70.67333333333332
20151126110502-26km-D3-NORMAL-MOTORWAY,D3,motorway,highway,normal,414.75,0.21081035390946495,0.04612848986844187,0.0,0.17362962962962966,68.83333333333333
20151126110502-26km-D3-NORMAL-MOTORWAY,D3,motorway,highway,normal,419.75,0.18283312592592588,0.044679637336228685,0.0,0.2902,64.1
20151126110502-26km-D3-NORMAL-MOTORWAY,D3,motorway,highway,normal,424.75,0.17910241481481476,0.05597267378725938,0.0,0.20933333333333332,63.45666666666666
20151126110502-26km-D3-NORMAL-MOTORWAY,D3,motorway,highway,normal,429.75,0.219480824691358,0.07141276983281428,0.0,0.17980000000000002,70.12999999999998
20151126110502-26km-D3-NORMAL-MOTORWAY,D3,motorway,highway,normal,434.75,0.23914635241301904,0.04546346447668264,0.0,0.14757575757575755,73.34545454545454
20151126110502-26km-D3-NORMAL-MOTORWAY,D3,motorway,highway,normal,439.75,0.22989360768175576,0.03087164537324685,0.0,0.07414814814814813,71.9037037037037
20151126110502-26km-D3-NORMAL-MOTORWAY,D3,motorway,highway,normal,444.75,0.21768627160493823,0.02699340542037775,0.0,0.16096296296296297,69.98148148148148
20151126110502-26km-D3-NORMAL-MOTORWAY,D3,motorway,highway,normal,449.75,0.22744101728395055,0.030479395423391266,0.0,0.2511333333333333,71.50666666666666
20151126110502-26km-D3-NORMAL-MOTORWAY,D3,motorway,highway,normal,454.75,0.21816313804713802,0.0983737570786695,0.0,0.15787878787878784,69.86969696969696
20151126110502-26km-D3-NORMAL-MOTORWAY,D3,motorway,highway,normal,459.75,0.1657971447811447,0.11825554146270241,0.0,0.11509090909090909,60.52727272727271
20151126110502-26km-D3-NORMAL-MOTORWAY,D3,motorway,highway,normal,464.75,0.12230032098765427,0.054791790192698885,0.0,0.14486666666666667,52.42999999999999
20151126110502-26km-D3-NORMAL-MOTORWAY,D3,motorway,highway,normal,469.75,0.12820053333333328,0.04076227853070243,0.0,0.10446666666666667,53.673333333333325
20151126110502-26km-D3-NORMAL-MOTORWAY,D3,motorway,highway,normal,474.75,0.15655095308641973,0.07098671554349581,0.0,0.07406666666666666,59.193333333333314
20151126110502-26km-D3-NORMAL-MOTORWAY,D3,motorway,highway,normal,479.75,0.18488141234567895,0.05878261106726003,0.0,0.06933333333333333,64.45333333333333
20151126110502-26km-D3-NORMAL-MOTORWAY,D3,motorway,highway,normal,484.75,0.16288267654320984,0.1355351138328676,0.0,0.07333333333333333,60.039999999999985
20151126110502-26km-D3-NORMAL-MOTORWAY,D3,motorway,highway,normal,489.75,0.09747287407407404,0.16649449500697405,0.0,0.0242,45.76333333333333
20151126110502-26km-D3-NORMAL-MOTORWAY,D3,motorway,highway,normal,494.75,0.06279550617283948,0.11283941526008659,0.0,0.014133333333333335,37.46666666666666
20151126110502-26km-D3-NORMAL-MOTORWAY,D3,motorway,highway,normal,499.75,0.10112170370370369,0.1562412096137033,0.0,0.099,46.65666666666666
20151126110502-26km-D3-NORMAL-MOTORWAY,D3,motorway,highway,normal,504.75,0.16506308148148144,0.1263238876345299,0.0,0.2020666666666667,60.65333333333333
20151126110502-26km-D3-NORMAL-MOTORWAY,D3,motorway,highway,normal,509.75,0.2096056186556927,0.07223778792770105,0.0,0.22755555555555562,68.57777777777777
20151126110502-26km-D3-NORMAL-MOTORWAY,D3,motorway,highway,normal,514.75,0.2584510716049382,0.0638618951153931,0.0,0.10713333333333333,76.16666666666666
20151126110502-26km-D3-NORMAL-MOTORWAY,D3,motorway,highway,normal,519.75,0.28545282603815925,0.051337406885064725,0.057772698181818176,0.10769696969696971,80.1060606060606
20151126110502-26km-D3-NORMAL-MOTORWAY,D3,motorway,highway,normal,524.75,0.31747358518518515,0.055953959274728425,0.21337828,0.16893333333333332,84.45666666666666
20151126110502-26km-D3-NORMAL-MOTORWAY,D3,motorway,highway,normal,529.75,0.36581559506172834,0.08266637028706768,0.23089831200000002,0.13126666666666667,90.62666666666665
20151126110502-26km-D3-NORMAL-MOTORWAY,D3,motorway,highway,normal,534.75,0.41865310836762687,0.06497438324504018,0.13191499555555555,0.10918518518518519,96.98148148148147
20151126110502-26km-D3-NORMAL-MOTORWAY,D3,motorway,highway,normal,539.75,0.4439388696844992,0.0381501411948793,0.041837217777777776,0.1428888888888889,99.93703703703702
20151126110502-26km-D3-NORMAL-MOTORWAY,D3,motorway,highway,normal,544.75,0.4321440852974185,0.0375645030115651,0.06564508363636365,0.19836363636363635,98.5969696969697
20151126110502-26km-D3-NORMAL-MOTORWAY,D3,motorway,highway,normal,549.75,0.43577792592592574,0.029334286559065538,0.279855488,0.16499999999999998,99.00666666666666
20151126110502-26km-D3-NORMAL-MOTORWAY,D3,motorway,highway,normal,554.75,0.4610639802469135,0.021079943704677504,0.42675182399999995,0.11046666666666667,101.84666666666665
20151126110502-26km-D3-NORMAL-MOTORWAY,D3,motorway,highway,normal,559.75,0.47568427384960715,0.02662172012306433,0.3343329345454546,0.09309090909090911,103.44848484848485
20151126110502-26km-D3-NORMAL-MOTORWAY,D3,motorway,highway,normal,564.75,0.4968042578875171,0.04403844182698964,0.2827335288888888,0.18037037037037038,105.71111111111111
20151126110502-26km-D3-NORMAL-MOTORWAY,D3,motorway,highway,normal,569.75,0.5520027802469134,0.05825140260977794,0.39844456399999995,0.28146666666666664,111.38333333333333
20151126110502-26km-D3-NORMAL-MOTORWAY,D3,motorway,highway,normal,574.75,0.5852737643097641,0.04384147683785947,0.40810633454545453,0.16581818181818184,114.74242424242424
20151126110502-26km-D3-NORMAL-MOTORWAY,D3,motorway,highway,normal,579.75,0.6025264444444443,0.019433702588853026,0.24903343600000008,0.07339999999999999,116.42999999999998
20151126110502-26km-D3-NORMAL-MOTORWAY,D3,motorway,highway,normal,584.75,0.6185644296296294,0.01913882003099214,0.140846312,0.09706666666666666,117.96999999999998
20151126110502-26km-D3-NORMAL-MOTORWAY,D3,motorway,highway,normal,589.75,0.6307802024691357,0.018339842718040733,0.10186106000000002,0.08626666666666666,119.13
20151126110502-26km-D3-NORMAL-MOTORWAY,D3,motorway,highway,normal,594.75,0.6393307802469134,0.009968191215919544,0.12390064800000003,0.042466666666666666,119.93666666666665
20151126110502-26km-D3-NORMAL-MOTORWAY,D3,motorway,highway,normal,599.75,0.6490468987654319,0.010650054704830084,0.148523812,0.1044,120.84333333333329
20151126110502-26km-D3-NORMAL-MOTORWAY,D3,motorway,highway,normal,604.75,0.6559058436213989,0.015859575186570555,0.14574860444444443,0.31051851851851847,121.48148148148145
20151126110502-26km-D3-NORMAL-MOTORWAY,D3,motorway,highway,normal,609.75,0.6406871604938269,0.025033077339583723,0.05863852888888889,0.3389629629629629,120.05555555555553
20151126110502-26km-D3-NORMAL-MOTORWAY,D3,motorway,highway,normal,614.75,0.6088284309764306,0.04331765687951923,0.016941127272727275,0.2755757575757576,117.0212121212121
20151126110502-26km-D3-NORMAL-MOTORWAY,D3,motorway,highway,normal,619.75,0.5658852659932656,0.047507739966938356,0.016941127272727275,0.27006060606060606,112.79090909090907
20151126110502-26km-D3-NORMAL-MOTORWAY,D3,motorway,highway,normal,624.75,0.5320575555555552,0.029587650559380056,0.0,0.19666666666666666,109.40999999999997
20151126110502-26km-D3-NORMAL-MOTORWAY,D3,motorway,highway,normal,629.75,0.5377139901234566,0.014218571388456062,0.0,0.11380000000000001,109.98999999999998
20151126110502-26km-D3-NORMAL-MOTORWAY,D3,motorway,highway,normal,634.75,0.5391517185185183,0.01882254909384333,0.0,0.04839999999999999,110.13666666666663
20151126110502-26km-D3-NORMAL-MOTORWAY,D3,motorway,highway,normal,639.75,0.5300970567901232,0.03604702195738078,0.002317491999999999,0.16293333333333332,109.20666666666664
20151126110502-26km-D3-NORMAL-MOTORWAY,D3,motorway,highway,normal,644.75,0.5530650041152261,0.051465617616080664,0.0025749911111111103,0.21103703703703702,111.50740740740738
20151126110502-26km-D3-NORMAL-MOTORWAY,D3,motorway,highway,normal,649.75,0.6005967851851848,0.03815622242642473,0.0,0.13133333333333336,116.23666666666664
20151126110502-26km-D3-NORMAL-MOTORWAY,D3,motorway,highway,normal,654.75,0.6183500291806956,0.01632032951856401,0.0,0.2124848484848485,117.94848484848484
20151126110502-26km-D3-NORMAL-MOTORWAY,D3,motorway,highway,normal,659.75,0.6151507604938269,0.031394425051675265,0.0,0.2357333333333333,117.63666666666666
20151126110502-26km-D3-NORMAL-MOTORWAY,D3,motorway,highway,normal,664.75,0.5793094222222219,0.04145639021128982,0.0,0.20406666666666667,114.13999999999999
20151126110502-26km-D3-NORMAL-MOTORWAY,D3,motorway,highway,normal,669.75,0.5562397580246911,0.026134073834150652,0.0,0.19593333333333335,111.86999999999998
20151126110502-26km-D3-NORMAL-MOTORWAY,D3,motorway,highway,normal,674.75,0.5629036323731136,0.015191799634233637,0.0,0.15414814814814815,112.53703703703701
20151126110502-26km-D3-NORMAL-MOTORWAY,D3,motorway,highway,normal,679.75,0.5726804641975305,0.008432812454220482,0.0,0.13,113.51333333333329
20151126110502-26km-D3-NORMAL-MOTORWAY,D3,motorway,highway,normal,684.75,0.5662518469135801,0.016986344026038366,0.0,0.14813333333333334,112.86999999999998
20151126110502-26km-D3-NORMAL-MOTORWAY,D3,motorway,highway,normal,689.75,0.5472389190672152,0.02615297706639154,0.0,0.27385185185185185,110.95925925925923
20151126110502-26km-D3-NORMAL-MOTORWAY,D3,motorway,highway,normal,694.75,0.521730760493827,0.03705354282300981,0.0,0.22353333333333336,108.32333333333331
20151126110502-26km-D3-NORMAL-MOTORWAY,D3,motorway,highway,normal,699.75,0.48786628058361364,0.030798632233664625,0.00020771272727272783,0.07412121212121213,104.75757575757574
20151126110502-26km-D3-NORMAL-MOTORWAY,D3,motorway,highway,normal,704.75,0.48333333333333306,0.046380698807881385,0.022497679999999996,0.14581818181818182,104.26666666666665
20151126110502-26km-D3-NORMAL-MOTORWAY,D3,motorway,highway,normal,709.75,0.5281528724279833,0.07875613362077259,0.027243293333333328,0.2051111111111111,108.91481481481479
20151126110502-26km-D3-NORMAL-MOTORWAY,D3,motorway,highway,normal,714.75,0.5897431111111109,0.037393174562996775,0.0,0.07813333333333333,115.17999999999995
20151126110502-26km-D3-NORMAL-MOTORWAY,D3,motorway,highway,normal,719.75,0.5932332480359145,0.023639786405482092,0.023043789090909098,0.13957575757575758,115.52727272727269
20151126110502-26km-D3-NORMAL-MOTORWAY,D3,motorway,highway,normal,724.75,0.5731558902606307,0.03222149724061664,0.0284314088888889,0.21925925925925924,113.55185185185182
20151126110502-26km-D3-NORMAL-MOTORWAY,D3,motorway,highway,normal,729.75,0.5611584296296293,0.04223308451785499,0.00030666400000000006,0.15413333333333334,112.35999999999997
20151126110502-26km-D3-NORMAL-MOTORWAY,D3,motorway,highway,normal,734.75,0.5464173185185183,0.049566945613205037,6.656399999999967e-05,0.14333333333333334,110.85666666666664
20151126110502-26km-D3-NORMAL-MOTORWAY,D3,motorway,highway,normal,739.75,0.5486770260630999,0.04216006088868691,0.0001570844444444451,0.10466666666666666,111.08148148148146
20151126110502-26km-D3-NORMAL-MOTORWAY,D3,motorway,highway,normal,744.75,0.5700144421997754,0.03358574467276825,0.0001285236363636369,0.13345454545454546,113.24545454545454
20151126110502-26km-D3-NORMAL-MOTORWAY,D3,motorway,highway,normal,749.75,0.5507065185185183,0.050748227175401325,0.0,0.21893333333333334,111.27999999999997
20151126110502-26km-D3-NORMAL-MOTORWAY,D3,motorway,highway,normal,754.75,0.4845366765432095,0.06082756014326396,0.0,0.2586,104.35666666666664
20151126110502-26km-D3-NORMAL-MOTORWAY,D3,motorway,highway,normal,759.75,0.4644802154882152,0.04196751730930647,0.0,0.17018181818181818,102.22424242424239
20151126110502-26km-D3-NORMAL-MOTORWAY,D3,motorway,highway,normal,764.75,0.4663380098765429,0.03662038765124411,0.0,0.048466666666666665,102.42999999999998
20151126110502-26km-D3-NORMAL-MOTORWAY,D3,motorway,highway,normal,769.75,0.48076102057613146,0.048353066744123215,0.001449328888888889,0.08600000000000001,103.97777777777776
20151126110502-26km-D3-NORMAL-MOTORWAY,D3,motorway,highway,normal,774.75,0.5199471550068584,0.04649504944133958,0.00741157777777778,0.2551111111111111,108.14444444444443
20151126110502-26km-D3-NORMAL-MOTORWAY,D3,motorway,highway,normal,779.75,0.5288384197530861,0.028253430031237512,0.004878203636363637,0.22345454545454546,109.07878787878786
20151126110502-26km-D3-NORMAL-MOTORWAY,D3,motorway,highway,normal,784.75,0.5353808790123454,0.04257167329636907,0.018438436,0.14686666666666667,109.73999999999998
20151126110502-26km-D3-NORMAL-MOTORWAY,D3,motorway,highway,normal,789.75,0.5999427111111107,0.06622365506186238,0.08798936800000001,0.31446666666666667,116.10333333333332
20151126110502-26km-D3-NORMAL-MOTORWAY,D3,motorway,highway,normal,794.75,0.6415146217732881,0.04135910247902718,0.06322812,0.30169696969696963,120.1272727272727
20151126110502-26km-D3-NORMAL-MOTORWAY,D3,motorway,highway,normal,799.75,0.6382249432098763,0.02668823149051317,0.0,0.15553333333333336,119.82333333333331
20151126110502-26km-D3-NORMAL-MOTORWAY,D3,motorway,highway,normal,804.75,0.6071281925925922,0.03462161876925556,0.0,0.2114666666666667,116.8633333333333
20151126110502-26km-D3-NORMAL-MOTORWAY,D3,motorway,highway,normal,809.75,0.6007784855967075,0.038616674281713906,0.0,0.28577777777777774,116.25555555555553
20151126110502-26km-D3-NORMAL-MOTORWAY,D3,motorway,highway,normal,814.75,0.617645113854595,0.03331719964449048,0.0,0.20118518518518516,117.88148148148146
20151126110502-26km-D3-NORMAL-MOTORWAY,D3,motorway,highway,normal,819.75,0.6080919326599324,0.019059476924015332,0.0,0.16218181818181818,116.96363636363634
20151126110502-26km-D3-NORMAL-MOTORWAY,D3,motorway,highway,normal,824.75,0.5938192053872051,0.017317872639282427,0.0,0.19412121212121214,115.58787878787875
20151126110502-26km-D3-NORMAL-MOTORWAY,D3,motorway,highway,normal,829.75,0.6048420740740736,0.0222940054384593,0.0,0.16906666666666664,116.64666666666662
20151126110502-26km-D3-NORMAL-MOTORWAY,D3,motorway,highway,normal,834.75,0.6240139999999996,0.022212551276267763,0.0,0.13806666666666664,118.48999999999998
20151126110502-26km-D3-NORMAL-MOTORWAY,D3,motorway,highway,normal,839.75,0.6229196246913578,0.010561727984130551,0.0,0.10513333333333334,118.38666666666663
20151126110502-26km-D3-NORMAL-MOTORWAY,D3,motorway,highway,normal,844.75,0.6081635209876539,0.02046803299022216,0.0,0.06739999999999999,116.96999999999996
20151126110502-26km-D3-NORMAL-MOTORWAY,D3,motorway,highway,normal,849.75,0.5863173004115223,0.03791790282100556,0.0,0.1451851851851852,114.8444444444444
20151126110502-26km-D3-NORMAL-MOTORWAY,D3,motorway,highway,normal,854.75,0.5524176395061724,0.04007520142081787,0.0003026960000000002,0.466,111.47333333333329
20151126110502-26km-D3-NORMAL-MOTORWAY,D3,motorway,highway,normal,859.75,0.5443452740740737,0.02595067609953382,0.0003026960000000002,0.497,110.66666666666663
20151126110502-26km-D3-NORMAL-MOTORWAY,D3,motorway,highway,normal,864.75,0.5340379111111109,0.06350432375183501,0.0,0.20553333333333335,109.5833333333333
20151126110502-26km-D3-NORMAL-MOTORWAY,D3,motorway,highway,normal,869.75,0.45335579797979775,0.12499159039693679,0.0,0.21163636363636362,100.57575757575755
20151126110502-26km-D3-NORMAL-MOTORWAY,D3,motorway,highway,normal,874.75,0.3475736021947872,0.10779020341160417,0.0,0.2465925925925926,88.3222222222222
20151126110502-26km-D3-NORMAL-MOTORWAY,D3,motorway,highway,normal,879.75,0.306101985185185,0.030021173071926133,0.0,0.1400666666666667,82.97333333333329
20151126110502-26km-D3-NORMAL-MOTORWAY,D3,motorway,highway,normal,884.75,0.2903702356902355,0.027279227440310225,0.0,0.1469090909090909,80.81818181818178
20151126110502-26km-D3-NORMAL-MOTORWAY,D3,motorway,highway,normal,889.75,0.2683064987654319,0.03825958708740125,0.0,0.1434666666666667,77.66666666666664
20151126110502-26km-D3-NORMAL-MOTORWAY,D3,motorway,highway,normal,894.75,0.24986326913580226,0.02037120120200097,0.0,0.14953333333333335,74.97333333333329
20151126110502-26km-D3-NORMAL-MOTORWAY,D3,motorway,highway,normal,899.75,0.2573299950617282,0.03680139426455142,0.0,0.2262666666666667,76.0533333333333
20151126110502-26km-D3-NORMAL-MOTORWAY,D3,motorway,highway,normal,904.75,0.2762250765432097,0.04436623007669798,0.0,0.30366666666666664,78.8133333333333
20151126110502-26km-D3-NORMAL-MOTORWAY,D3,motorway,highway,normal,909.75,0.27258008779149495,0.036551944064052495,0.0,0.20800000000000002,78.29259259259256
20151126110502-26km-D3-NORMAL-MOTORWAY,D3,motorway,highway,normal,914.75,0.2369444828532234,0.08949031940561766,0.0,0.232,72.91111111111108
20151126130707-16km-D3-AGGRESSIVE-SECONDARY,D3,secondary,urban,aggressive,17.92,0.44332288664422,0.32944935062159725,0.0012529781818181806,0.028181818181818183,97.81515151515151
20151126130707-16km-D3-AGGRESSIVE-SECONDARY,D3,secondary,urban,aggressive,22.92,0.5420160329218108,0.07063292401966881,0.04506804888888888,0.21407407407407408,110.41481481481483
20151126130707-16km-D3-AGGRESSIVE-SECONDARY,D3,secondary,urban,aggressive,27.92,0.5342273635116598,0.07719209708584612,0.0765151911111111,0.2537037037037037,109.61111111111111
20151126130707-16km-D3-AGGRESSIVE-SECONDARY,D3,secondary,urban,aggressive,32.92,0.5613520296296296,0.07080759829212753,0.029680703999999995,0.11313333333333334,112.30666666666666
20151126130707-16km-D3-AGGRESSIVE-SECONDARY,D3,secondary,urban,aggressive,37.92,0.6056852076318744,0.052173839767663696,0.0,0.09424242424242424,116.72727272727275
20151126130707-16km-D3-AGGRESSIVE-SECONDARY,D3,secondary,urban,aggressive,42.92,0.5814479057239057,0.05299325289187041,0.0,0.19224242424242421,114.32424242424244
20151126130707-16km-D3-AGGRESSIVE-SECONDARY,D3,secondary,urban,aggressive,47.92,0.5544063456790123,0.05151478508100166,0.0,0.24326666666666666,111.67666666666665
20151126130707-16km-D3-AGGRESSIVE-SECONDARY,D3,secondary,urban,aggressive,52.92,0.5622614814814815,0.0309877333309862,0.0,0.19673333333333334,112.47333333333333
20151126130707-16km-D3-AGGRESSIVE-SECONDARY,D3,secondary,urban,aggressive,57.92,0.5437543703703703,0.02936518779861618,0.0,0.3723333333333333,110.59333333333333
20151126130707-16km-D3-AGGRESSIVE-SECONDARY,D3,secondary,urban,aggressive,62.92,0.5108226518518519,0.03865837650761527,0.0,0.36160000000000003,107.18999999999998
20151126130707-16km-D3-AGGRESSIVE-SECONDARY,D3,secondary,urban,aggressive,67.92,0.48213477640603564,0.03530081616715318,0.009884662222222229,0.27022222222222214,104.13703703703703
20151126130707-16km-D3-AGGRESSIVE-SECONDARY,D3,secondary,urban,aggressive,72.92,0.45308767901234576,0.03986721542576053,0.17354206800000002,0.34413333333333335,100.95
20151126130707-16km-D3-AGGRESSIVE-SECONDARY,D3,secondary,urban,aggressive,77.92,0.424695624691358,0.05098465440260319,0.38310292,0.27806666666666663,97.69999999999999
20151126130707-16km-D3-AGGRESSIVE-SECONDARY,D3,secondary,urban,aggressive,82.92,0.3884896186556927,0.05372064633537926,0.5592595066666667,0.1308888888888889,93.48518518518519
20151126130707-16km-D3-AGGRESSIVE-SECONDARY,D3,secondary,urban,aggressive,87.92,0.4161125283950617,0.06329927746583718,0.5320843799999999,0.07606666666666666,96.67666666666666
20151126130707-16km-D3-AGGRESSIVE-SECONDARY,D3,secondary,urban,aggressive,92.92,0.4340322469135802,0.07161847634749013,0.5435355418181819,0.055090909090909086,98.79090909090907
20151126130707-16km-D3-AGGRESSIVE-SECONDARY,D3,secondary,urban,aggressive,97.92,0.39877338271604934,0.06020016545138753,0.609998204,0.09693333333333334,94.64666666666666
20151126130707-16km-D3-AGGRESSIVE-SECONDARY,D3,secondary,urban,aggressive,102.92,0.3604249827160494,0.02970297152954337,0.5567862400000001,0.15293333333333334,90.05
20151126130707-16km-D3-AGGRESSIVE-SECONDARY,D3,secondary,urban,aggressive,107.92,0.35557730190796855,0.02880137909165115,0.5186533127272728,0.14709090909090913,89.44242424242424
20151126130707-16km-D3-AGGRESSIVE-SECONDARY,D3,secondary,urban,aggressive,112.92,0.35178541234567895,0.06426484095591928,0.5642805519999999,0.28293333333333337,88.95333333333333
20151126130707-16km-D3-AGGRESSIVE-SECONDARY,D3,secondary,urban,aggressive,117.92,0.30644869629629623,0.0927345555678615,0.651075224,0.2647333333333333,82.79666666666667
20151126130707-16km-D3-AGGRESSIVE-SECONDARY,D3,secondary,urban,aggressive,122.92,0.25981483676268863,0.06028221513654429,0.7031283955555555,0.1160740740740741,76.44444444444444
20151126130707-16km-D3-AGGRESSIVE-SECONDARY,D3,secondary,urban,aggressive,127.92,0.27606526748971194,0.06329604498573409,0.5309019111111111,0.18037037037037038,78.75185185185185
20151126130707-16km-D3-AGGRESSIVE-SECONDARY,D3,secondary,urban,aggressive,132.92000000000002,0.3172029975308641,0.07018726334992346,0.4388225479999999,0.2397333333333333,84.39
20151126130707-16km-D3-AGGRESSIVE-SECONDARY,D3,secondary,urban,aggressive,137.92000000000002,0.3491506711560045,0.04875794411963794,0.4962466654545454,0.13466666666666663,88.61818181818182
20151126130707-16km-D3-AGGRESSIVE-SECONDARY,D3,secondary,urban,aggressive,142.92000000000002,0.3738444444444445,0.037104689717831756,0.5144526509090909,0.04163636363636364,91.66666666666667
20151126130707-16km-D3-AGGRESSIVE-SECONDARY,D3,secondary,urban,aggressive,147.92000000000002,0.38775820027434843,0.04839658785402798,0.5215566844444445,0.08600000000000001,93.3851851851852
20151126130707-16km-D3-AGGRESSIVE-SECONDARY,D3,secondary,urban,aggressive,152.92000000000002,0.3642541777777778,0.04921709834399563,0.555020156,0.12926666666666667,90.51
20151126130707-16km-D3-AGGRESSIVE-SECONDARY,D3,secondary,urban,aggressive,157.92000000000002,0.36431836049382715,0.02795652789832854,0.571322428,0.11040000000000001,90.52666666666667
20151126130707-16km-D3-AGGRESSIVE-SECONDARY,D3,secondary,urban,aggressive,162.92000000000002,0.3839560384087791,0.02850145766811612,0.5674518266666667,0.08074074074074074,92.94074074074074
20151126130707-16km-D3-AGGRESSIVE-SECONDARY,D3,secondary,urban,aggressive,167.92000000000002,0.42029968574635246,0.059222439223959575,0.5193477490909091,0.05381818181818183,97.16666666666666
20151126130707-16km-D3-AGGRESSIVE-SECONDARY,D3,secondary,urban,aggressive,172.92000000000002,0.44294713086419757,0.08809027844666281,0.53509262,0.05046666666666666,99.79333333333334
20151126130707-16km-D3-AGGRESSIVE-SECONDARY,D3,secondary,urban,aggressive,177.92000000000002,0.41509090260631004,0.060998858277219375,0.6391247555555556,0.03214814814814815,96.5962962962963
20151126130707-16km-D3-AGGRESSIVE-SECONDARY,D3,secondary,urban,aggressive,182.92000000000002,0.38557974410774415,0.023842550851279298,0.6642253418181817,0.0673939393939394,93.13333333333334
20151126130707-16km-D3-AGGRESSIVE-SECONDARY,D3,secondary,urban,aggressive,187.92000000000002,0.3806815308641976,0.02025629340871678,0.6453785919999999,0.12866666666666665,92.54666666666668
20151126130707-16km-D3-AGGRESSIVE-SECONDARY,D3,secondary,urban,aggressive,192.92000000000002,0.4016372455418382,0.048856837744226354,0.6158758044444445,0.09274074074074073,95.04444444444444
20151126130707-16km-D3-AGGRESSIVE-SECONDARY,D3,secondary,urban,aggressive,197.92000000000002,0.39619368888888884,0.05414429114359318,0.616873724,0.08886666666666668,94.38666666666667
20151126130707-16km-D3-AGGRESSIVE-SECONDARY,D3,secondary,urban,aggressive,202.92000000000002,0.36726923950617285,0.046302734056645,0.60193442,0.09766666666666667,90.89000000000001
20151126130707-16km-D3-AGGRESSIVE-SECONDARY,D3,secondary,urban,aggressive,207.92000000000002,0.37844310662177333,0.054834266308178,0.5428936254545454,0.10048484848484848,92.23030303030303
20151126130707-16km-D3-AGGRESSIVE-SECONDARY,D3,secondary,urban,aggressive,212.92000000000002,0.41799307744107744,0.05398492702982119,0.48302691272727283,0.14696969696969697,96.92727272727274
20151126130707-16km-D3-AGGRESSIVE-SECONDARY,D3,secondary,urban,aggressive,217.92000000000002,0.4503718123456791,0.054427146974470986,0.4662570680000001,0.12933333333333336,100.65333333333334
20151126130707-16km-D3-AGGRESSIVE-SECONDARY,D3,secondary,urban,aggressive,222.92000000000002,0.43136781344307273,0.06267976441879447,0.5198178177777778,0.12118518518518516,98.45185185185184
20151126130707-16km-D3-AGGRESSIVE-SECONDARY,D3,secondary,urban,aggressive,227.92000000000002,0.3740925827160494,0.06181850890627984,0.560847132,0.11106666666666667,91.68666666666667
20151126130707-16km-D3-AGGRESSIVE-SECONDARY,D3,secondary,urban,aggressive,232.92000000000002,0.3471883901234568,0.061638956901483334,0.545687712,0.126,88.34333333333332
20151126130707-16km-D3-AGGRESSIVE-SECONDARY,D3,secondary,urban,aggressive,237.92000000000002,0.3290015802469136,0.0865567843374577,0.5360971920000002,0.26206666666666667,85.99333333333334
20151126130707-16km-D3-AGGRESSIVE-SECONDARY,D3,secondary,urban,aggressive,242.92000000000002,0.37544640179573513,0.11072101743196473,0.49497249818181815,0.213030303030303,91.62424242424242
20151126130707-16km-D3-AGGRESSIVE-SECONDARY,D3,secondary,urban,aggressive,247.92000000000002,0.4450410271604938,0.07969145960245662,0.481165308,0.13133333333333336,100.02666666666667
20151126130707-16km-D3-AGGRESSIVE-SECONDARY,D3,secondary,urban,aggressive,252.92000000000002,0.4490166639231824,0.04333403989237985,0.5489915066666666,0.16244444444444442,100.50000000000001
20151126130707-16km-D3-AGGRESSIVE-SECONDARY,D3,secondary,urban,aggressive,257.92,0.4115218216735254,0.06543213646075388,0.6085741644444442,0.1691111111111111,96.16296296296296
20151126130707-16km-D3-AGGRESSIVE-SECONDARY,D3,secondary,urban,aggressive,262.92,0.36626745185185183,0.07308435439942265,0.63110264,0.11113333333333333,90.71000000000001
20151126130707-16km-D3-AGGRESSIVE-SECONDARY,D3,secondary,urban,aggressive,267.92,0.33200404938271605,0.06014443132955197,0.65005184,0.14442424242424243,86.39999999999999
20151126130707-16km-D3-AGGRESSIVE-SECONDARY,D3,secondary,urban,aggressive,272.92,0.3316629405162738,0.05884276558572196,0.5865507163636363,0.20254545454545456,86.35757575757576
20151126130707-16km-D3-AGGRESSIVE-SECONDARY,D3,secondary,urban,aggressive,277.92,0.3375266172839506,0.0680516866036665,0.5383986399999999,0.12786666666666666,87.12
20151126130707-16km-D3-AGGRESSIVE-SECONDARY,D3,secondary,urban,aggressive,282.92,0.3638984592592593,0.06925955672514247,0.5444882480000002,0.10093333333333332,90.38
20151126130707-16km-D3-AGGRESSIVE-SECONDARY,D3,secondary,urban,aggressive,287.92,0.3894417283950617,0.05990436339688384,0.52027508,0.08886666666666668,93.59333333333333
20151126130707-16km-D3-AGGRESSIVE-SECONDARY,D3,secondary,urban,aggressive,292.92,0.39269592098765427,0.05279549928205938,0.526814688,0.064,93.98666666666668
20151126130707-16km-D3-AGGRESSIVE-SECONDARY,D3,secondary,urban,aggressive,297.92,0.4008396888888888,0.043152095530401946,0.49509032,0.10306666666666667,94.96333333333334
20151126130707-16km-D3-AGGRESSIVE-SECONDARY,D3,secondary,urban,aggressive,302.92,0.40230602469135796,0.03642453992110027,0.534514288,0.10506666666666664,95.13333333333334
20151126130707-16km-D3-AGGRESSIVE-SECONDARY,D3,secondary,urban,aggressive,307.92,0.39777096296296294,0.03321823820104413,0.6137128840000001,0.04913333333333333,94.59333333333333
20151126130707-16km-D3-AGGRESSIVE-SECONDARY,D3,secondary,urban,aggressive,312.92,0.3941186666666667,0.04626661832591325,0.6172463066666666,0.03214814814814815,94.15925925925926
20151126130707-16km-D3-AGGRESSIVE-SECONDARY,D3,secondary,urban,aggressive,317.92,0.4143836652949245,0.05368699449993714,0.5757708311111112,0.03807407407407407,96.53703703703701
20151126130707-16km-D3-AGGRESSIVE-SECONDARY,D3,secondary,urban,aggressive,322.92,0.40953353086419747,0.0374856106024112,0.575985184,0.039,95.96666666666665
20151126130707-16km-D3-AGGRESSIVE-SECONDARY,D3,secondary,urban,aggressive,327.92,0.3957512368125702,0.042780696209942425,0.5757472945454546,0.1126060606060606,94.35757575757576
20151126130707-16km-D3-AGGRESSIVE-SECONDARY,D3,secondary,urban,aggressive,332.92,0.3902388417508418,0.054532335223276586,0.5433178254545455,0.20630303030303027,93.6909090909091
20151126130707-16km-D3-AGGRESSIVE-SECONDARY,D3,secondary,urban,aggressive,337.92,0.40415330864197535,0.06000386054596858,0.5021881479999999,0.1542,95.31
20151126130707-16km-D3-AGGRESSIVE-SECONDARY,D3,secondary,urban,aggressive,342.92,0.42283446913580247,0.03799121376121574,0.49275543200000005,0.07806666666666667,97.53333333333335
20151126130707-16km-D3-AGGRESSIVE-SECONDARY,D3,secondary,urban,aggressive,347.92,0.4174446803840878,0.00840342126527697,0.522520608888889,0.09577777777777777,96.91481481481482
20151126130707-16km-D3-AGGRESSIVE-SECONDARY,D3,secondary,urban,aggressive,352.92,0.41795228641975307,0.009404961642458076,0.543920944,0.1582666666666667,96.97333333333333
20151126130707-16km-D3-AGGRESSIVE-SECONDARY,D3,secondary,urban,aggressive,357.92,0.4166458567901235,0.023192841191086798,0.54979088,0.19873333333333335,96.82
20151126130707-16km-D3-AGGRESSIVE-SECONDARY,D3,secondary,urban,aggressive,362.92,0.3983670765432099,0.03103034166911097,0.5852822200000001,0.1536,94.65666666666667
20151126130707-16km-D3-AGGRESSIVE-SECONDARY,D3,secondary,urban,aggressive,367.92,0.391636960718294,0.03552938563397345,0.5797623418181819,0.10406060606060606,93.86363636363636
20151126130707-16km-D3-AGGRESSIVE-SECONDARY,D3,secondary,urban,aggressive,372.92,0.40348962962962964,0.031345644574079116,0.521704688,0.134,95.27333333333334
20151126130707-16km-D3-AGGRESSIVE-SECONDARY,D3,secondary,urban,aggressive,377.92,0.40452959122085047,0.016255501332503045,0.5089528933333333,0.23503703703703702,95.4
20151126130707-16km-D3-AGGRESSIVE-SECONDARY,D3,secondary,urban,aggressive,382.92,0.39784351714677646,0.018859220664624525,0.523577968888889,0.2455555555555556,94.61111111111111
20151126130707-16km-D3-AGGRESSIVE-SECONDARY,D3,secondary,urban,aggressive,387.92,0.3816700022446689,0.044205909214229455,0.5487753636363636,0.1733333333333333,92.63939393939394
20151126130707-16km-D3-AGGRESSIVE-SECONDARY,D3,secondary,urban,aggressive,392.92,0.34795811851851854,0.07543841898231197,0.5786154400000001,0.2324,88.40333333333334
20151126130707-16km-D3-AGGRESSIVE-SECONDARY,D3,secondary,urban,aggressive,397.92,0.2716213333333334,0.15532672963964392,0.6066013959999998,0.2532,77.78
20151126130707-16km-D3-AGGRESSIVE-SECONDARY,D3,secondary,urban,aggressive,402.92,0.2083132938271605,0.13630405071742807,0.6360554239999999,0.12253333333333331,67.93333333333334
20151126130707-16km-D3-AGGRESSIVE-SECONDARY,D3,secondary,urban,aggressive,407.92,0.1735634074074074,0.04691776169792046,0.6386719555555556,0.0942962962962963,62.44074074074074
20151126130707-16km-D3-AGGRESSIVE-SECONDARY,D3,secondary,urban,aggressive,412.92,0.19051641301907968,0.03064947091524384,0.640460789090909,0.1347272727272727,65.45757575757577
20151126130707-16km-D3-AGGRESSIVE-SECONDARY,D3,secondary,urban,aggressive,417.92,0.20069385679012347,0.023613905012932396,0.6462699999999999,0.1044,67.18666666666665
20151126130707-16km-D3-AGGRESSIVE-SECONDARY,D3,secondary,urban,aggressive,422.92,0.2182048724279836,0.02809290021885155,0.6336127111111111,0.10407407407407407,70.05185185185184
20151126130707-16km-D3-AGGRESSIVE-SECONDARY,D3,secondary,urban,aggressive,427.92,0.22726802962962966,0.018406079212242864,0.6713733599999999,0.15693333333333337,71.50666666666667
20151126130707-16km-D3-AGGRESSIVE-SECONDARY,D3,secondary,urban,aggressive,432.92,0.22758758249158254,0.017325370498125672,0.7163291672727273,0.12666666666666668,71.55757575757576
20151126130707-16km-D3-AGGRESSIVE-SECONDARY,D3,secondary,urban,aggressive,437.92,0.22793944332211005,0.031223410774011962,0.7020169818181817,0.06666666666666667,71.60909090909091
20151126130707-16km-D3-AGGRESSIVE-SECONDARY,D3,secondary,urban,aggressive,442.92,0.24868206419753086,0.051421028634434165,0.6455901479999999,0.10633333333333332,74.73333333333333
20151126130707-16km-D3-AGGRESSIVE-SECONDARY,D3,secondary,urban,aggressive,447.92,0.2763286913580247,0.04426657085707832,0.5602242311111111,0.2005185185185185,78.82962962962964
20151126130707-16km-D3-AGGRESSIVE-SECONDARY,D3,secondary,urban,aggressive,452.92,0.3056476691358025,0.036285302374675046,0.39068480800000005,0.22760000000000002,82.89666666666668
20151126130707-16km-D3-AGGRESSIVE-SECONDARY,D3,secondary,urban,aggressive,457.92,0.3172684040404041,0.048147263209152996,0.34368851272727274,0.190969696969697,84.47575757575758
20151126130707-16km-D3-AGGRESSIVE-SECONDARY,D3,secondary,urban,aggressive,462.92,0.3018696570644719,0.056824582493946556,0.43530864888888887,0.18185185185185185,82.36666666666667
20151126130707-16km-D3-AGGRESSIVE-SECONDARY,D3,secondary,urban,aggressive,467.92,0.2625776691358025,0.051640718845437916,0.583697052,0.2182,76.80666666666666
20151126130707-16km-D3-AGGRESSIVE-SECONDARY,D3,secondary,urban,aggressive,472.92,0.2536280089786756,0.04608540193431888,0.6155824581818181,0.19103030303030302,75.52424242424242
20151126130707-16km-D3-AGGRESSIVE-SECONDARY,D3,secondary,urban,aggressive,477.92,0.2643371851851851,0.03022319988478689,0.5917816844444445,0.1131111111111111,77.11111111111111
20151126130707-16km-D3-AGGRESSIVE-SECONDARY,D3,secondary,urban,aggressive,482.92,0.2697129163237311,0.011895980722637645,0.5942291244444444,0.11237037037037038,77.89999999999999
20151126130707-16km-D3-AGGRESSIVE-SECONDARY,D3,secondary,urban,aggressive,487.92,0.29053604444444436,0.08691608762665619,0.36765742,0.11526666666666667,80.72333333333333
20151126130707-16km-D3-AGGRESSIVE-SECONDARY,D3,secondary,urban,aggressive,492.92,0.3789721077441077,0.13367190467699028,0.057543578181818184,0.14387878787878786,91.91818181818182
20151126130707-16km-D3-AGGRESSIVE-SECONDARY,D3,secondary,urban,aggressive,497.92,0.41368135802469136,0.16913818007915504,0.028772495999999998,0.13806666666666664,96.29666666666667
20151126130707-16km-D3-AGGRESSIVE-SECONDARY,D3,secondary,urban,aggressive,502.92,0.31912326913580247,0.14614626394696267,0.311365876,0.05793333333333334,84.36666666666667
20151126130707-16km-D3-AGGRESSIVE-SECONDARY,D3,secondary,urban,aggressive,507.92,0.2594284354657688,0.053163988637482576,0.40673159636363637,0.05878787878787879,76.32121212121213
20151126130707-16km-D3-AGGRESSIVE-SECONDARY,D3,secondary,urban,aggressive,512.9200000000001,0.23222917037037036,0.023267764386547183,0.35346496800000005,0.0708,72.27666666666667
20151126130707-16km-D3-AGGRESSIVE-SECONDARY,D3,secondary,urban,aggressive,517.9200000000001,0.22691387160493828,0.020189223340919393,0.38903072400000005,0.1422,71.44999999999999
20151126130707-16km-D3-AGGRESSIVE-SECONDARY,D3,secondary,urban,aggressive,522.9200000000001,0.23113511604938272,0.015654085183869633,0.3906464880000001,0.22766666666666668,72.11
20151126130707-16km-D3-AGGRESSIVE-SECONDARY,D3,secondary,urban,aggressive,527.9200000000001,0.2375297338820302,0.013584854656295815,0.25368175555555555,0.2446666666666667,73.10370370370372
20151126130707-16km-D3-AGGRESSIVE-SECONDARY,D3,secondary,urban,aggressive,532.9200000000001,0.24523367407407407,0.016690253579440158,0.29026131199999994,0.25726666666666664,74.27666666666667
20151126130707-16km-D3-AGGRESSIVE-SECONDARY,D3,secondary,urban,aggressive,537.9200000000001,0.2553820022446689,0.021584640039186906,0.43615967272727263,0.29266666666666663,75.7909090909091
20151126130707-16km-D3-AGGRESSIVE-SECONDARY,D3,secondary,urban,aggressive,542.9200000000001,0.2653666074074074,0.021571694552213857,0.4565359879999999,0.34206666666666663,77.26666666666668
20151126130707-16km-D3-AGGRESSIVE-SECONDARY,D3,secondary,urban,aggressive,547.9200000000001,0.2665814024691358,0.010680258529162429,0.4607190320000001,0.3434666666666667,77.44666666666666
20151126130707-16km-D3-AGGRESSIVE-SECONDARY,D3,secondary,urban,aggressive,552.9200000000001,0.2695831012345679,0.010257419292268467,0.437712456,0.29100000000000004,77.88000000000001
20151126130707-16km-D3-AGGRESSIVE-SECONDARY,D3,secondary,urban,aggressive,557.9200000000001,0.276652219478738,0.020388253923524148,0.41254132444444447,0.2222222222222222,78.8925925925926
20151126130707-16km-D3-AGGRESSIVE-SECONDARY,D3,secondary,urban,aggressive,562.9200000000001,0.2872891083676269,0.02059367513072298,0.4172439422222222,0.1885925925925926,80.3925925925926
20151126130707-16km-D3-AGGRESSIVE-SECONDARY,D3,secondary,urban,aggressive,567.9200000000001,0.2913143883277217,0.016528215262225452,0.4409625781818182,0.26266666666666666,80.95757575757577
20151126130707-16km-D3-AGGRESSIVE-SECONDARY,D3,secondary,urban,aggressive,572.9200000000001,0.28640640493827163,0.016357750706509185,0.44934038000000004,0.3225333333333334,80.27000000000001
20151126130707-16km-D3-AGGRESSIVE-SECONDARY,D3,secondary,urban,aggressive,577.9200000000001,0.2782505728395062,0.010644431214326035,0.38152314,0.28546666666666665,79.12333333333333
20151126130707-16km-D3-AGGRESSIVE-SECONDARY,D3,secondary,urban,aggressive,582.9200000000001,0.27441757126823796,0.01382639003050088,0.3911029127272727,0.16890909090909093,78.57575757575758
20151126130707-16km-D3-AGGRESSIVE-SECONDARY,D3,secondary,urban,aggressive,587.9200000000001,0.273083731138546,0.01658087335069235,0.24797202666666665,0.12051851851851852,78.3851851851852
20151126130707-16km-D3-AGGRESSIVE-SECONDARY,D3,secondary,urban,aggressive,592.9200000000001,0.27849297283950614,0.015931322398569668,0.0,0.24653333333333335,79.15666666666667
20151126130707-16km-D3-AGGRESSIVE-SECONDARY,D3,secondary,urban,aggressive,597.9200000000001,0.2824054370370371,0.021189454703584264,0.0,0.25586666666666663,79.71000000000001
20151126130707-16km-D3-AGGRESSIVE-SECONDARY,D3,secondary,urban,aggressive,602.9200000000001,0.2850054172839506,0.018245712392051486,0.0,0.2531333333333333,80.07666666666667
20151126130707-16km-D3-AGGRESSIVE-SECONDARY,D3,secondary,urban,aggressive,607.9200000000001,0.283013265993266,0.01067183463131717,0.0,0.25036363636363634,79.7969696969697
20151126130707-16km-D3-AGGRESSIVE-SECONDARY,D3,secondary,urban,aggressive,612.9200000000001,0.2761576938271605,0.009898440662649931,0.0,0.2714,78.82333333333335
20151126130707-16km-D3-AGGRESSIVE-SECONDARY,D3,secondary,urban,aggressive,617.9200000000001,0.2706364049382716,0.011276420881275975,0.16691203999999998,0.3730666666666667,78.03333333333335
20151126130707-16km-D3-AGGRESSIVE-SECONDARY,D3,secondary,urban,aggressive,622.9200000000001,0.2649902825788752,0.016726427943450754,0.35776000888888887,0.3314814814814815,77.21111111111111
20151126130707-16km-D3-AGGRESSIVE-SECONDARY,D3,secondary,urban,aggressive,627.9200000000001,0.2564101925925926,0.017063148003122884,0.238347092,0.18786666666666665,75.95333333333335
20151126130707-16km-D3-AGGRESSIVE-SECONDARY,D3,secondary,urban,aggressive,632.9200000000001,0.2620979663299663,0.021253497229341212,0.0757046581818182,0.20139393939393943,76.78181818181818
20151126130707-16km-D3-AGGRESSIVE-SECONDARY,D3,secondary,urban,aggressive,637.9200000000001,0.2662241925925926,0.02696713459574024,0.0,0.16840000000000002,77.39000000000001
20151126130707-16km-D3-AGGRESSIVE-SECONDARY,D3,secondary,urban,aggressive,642.9200000000001,0.2634993827160494,0.019603350427783574,0.0,0.13546666666666668,76.99666666666667
20151126130707-16km-D3-AGGRESSIVE-SECONDARY,D3,secondary,urban,aggressive,647.9200000000001,0.26240906172839507,0.014046404656023198,0.13955082400000002,0.18119999999999997,76.83666666666667
20151126130707-16km-D3-AGGRESSIVE-SECONDARY,D3,secondary,urban,aggressive,652.9200000000001,0.257551412345679,0.013887058130332797,0.324638976,0.21680000000000002,76.1233333333333
20151126130707-16km-D3-AGGRESSIVE-SECONDARY,D3,secondary,urban,aggressive,657.9200000000001,0.25466094814814816,0.019834297058713445,0.4222559520000001,0.13940000000000002,75.69333333333333
20151126130707-16km-D3-AGGRESSIVE-SECONDARY,D3,secondary,urban,aggressive,662.9200000000001,0.2497145777777777,0.022040061944476934,0.2371678,0.0418,74.95333333333333
20151126130707-16km-D3-AGGRESSIVE-SECONDARY,D3,secondary,urban,aggressive,667.9200000000001,0.23269755061728392,0.05039583514400277,0.0,0.06273333333333334,72.31333333333335
20151126132013-17km-D3-DROWSY-SECONDARY,D3,secondary,urban,drowsy,17.43,0.2355673049382716,0.2968727542398623,0.0,0.0848,71.10166666666666
20151126132013-17km-D3-DROWSY-SECONDARY,D3,secondary,urban,drowsy,22.43,0.3040449931412894,0.04680208275249637,0.0,0.1728888888888889,82.70370370370371
20151126132013-17km-D3-DROWSY-SECONDARY,D3,secondary,urban,drowsy,27.43,0.34382918967452303,0.06642777895107964,0.0,0.3262424242424242,87.83030303030303
20151126132013-17km-D3-DROWSY-SECONDARY,D3,secondary,urban,drowsy,32.43,0.3982402065095398,0.07988553748387944,0.0,0.31218181818181817,94.58181818181816
20151126132013-17km-D3-DROWSY-SECONDARY,D3,secondary,urban,drowsy,37.43,0.4523691028806584,0.06420368532330853,0.0,0.23192592592592595,100.82592592592592
20151126132013-17km-D3-DROWSY-SECONDARY,D3,secondary,urban,drowsy,42.43,0.4722617629629629,0.055466814127546726,0.0,0.1852,103.06333333333332
20151126132013-17km-D3-DROWSY-SECONDARY,D3,secondary,urban,drowsy,47.43,0.44182142760942766,0.05434409092344455,0.0,0.13666666666666666,99.65151515151514
20151126132013-17km-D3-DROWSY-SECONDARY,D3,secondary,urban,drowsy,52.43,0.4005471012345678,0.03560362439394221,0.0,0.16240000000000002,94.91333333333333
20151126132013-17km-D3-DROWSY-SECONDARY,D3,secondary,urban,drowsy,57.43,0.3807985777777777,0.015488827740348012,0.0,0.1656,92.56
20151126132013-17km-D3-DROWSY-SECONDARY,D3,secondary,urban,drowsy,62.43,0.37400309465020576,0.0066262947183727845,0.0,0.11362962962962965,91.73333333333333
20151126132013-17km-D3-DROWSY-SECONDARY,D3,secondary,urban,drowsy,67.43,0.3717090041152263,0.002882742686255371,0.0,0.1831851851851852,91.45185185185184
20151126132013-17km-D3-DROWSY-SECONDARY,D3,secondary,urban,drowsy,72.43,0.37074636139169476,0.0067447764060034054,0.0,0.22709090909090912,91.33333333333331
20151126132013-17km-D3-DROWSY-SECONDARY,D3,secondary,urban,drowsy,77.43,0.365779886419753,0.012243395464579443,0.050495236,0.1623333333333333,90.71666666666667
20151126132013-17km-D3-DROWSY-SECONDARY,D3,secondary,urban,drowsy,82.43,0.3560466941015089,0.013623933391834736,0.1113013511111111,0.19311111111111112,89.5037037037037
20151126132013-17km-D3-DROWSY-SECONDARY,D3,secondary,urban,drowsy,87.43,0.343154024691358,0.020141239482770957,0.04515998181818182,0.267030303030303,87.85757575757576
20151126132013-17km-D3-DROWSY-SECONDARY,D3,secondary,urban,drowsy,92.43,0.33046040852974184,0.018590322927704312,0.0,0.4132727272727273,86.22424242424242
20151126132013-17km-D3-DROWSY-SECONDARY,D3,secondary,urban,drowsy,97.43,0.3268762962962963,0.010197864114989526,0.0,0.40629629629629627,85.75925925925927
20151126132013-17km-D3-DROWSY-SECONDARY,D3,secondary,urban,drowsy,102.43,0.3406813991769548,0.0431127088252968,0.0,0.1931111111111111,87.52962962962964
20151126132013-17km-D3-DROWSY-SECONDARY,D3,secondary,urban,drowsy,107.43,0.3713842765432099,0.048464788069934206,0.0,0.26599999999999996,91.36666666666666
20151126132013-17km-D3-DROWSY-SECONDARY,D3,secondary,urban,drowsy,112.43,0.3891497104377104,0.023435628660775167,0.0,0.3532727272727273,93.56969696969696
20151126132013-17km-D3-DROWSY-SECONDARY,D3,secondary,urban,drowsy,117.43,0.38332254994388326,0.013644272850872661,0.0,0.35327272727272724,92.86666666666667
20151126132013-17km-D3-DROWSY-SECONDARY,D3,secondary,urban,drowsy,122.43,0.3776812098765432,0.006779793979150775,0.0,0.3224666666666666,92.18333333333334
20151126132013-17km-D3-DROWSY-SECONDARY,D3,secondary,urban,drowsy,127.43,0.37427570370370367,0.00672043664448453,0.0,0.2977777777777778,91.76666666666668
20151126132013-17km-D3-DROWSY-SECONDARY,D3,secondary,urban,drowsy,132.43,0.3685126567901234,0.010590926038845616,0.0,0.25326666666666664,91.05666666666667
20151126132013-17km-D3-DROWSY-SECONDARY,D3,secondary,urban,drowsy,137.43,0.35632663973063966,0.027935930536360523,0.0,0.25036363636363634,89.52424242424242
20151126132013-17km-D3-DROWSY-SECONDARY,D3,secondary,urban,drowsy,142.43,0.33286205761316867,0.03709526371919654,0.0,0.21022222222222223,86.51851851851852
20151126132013-17km-D3-DROWSY-SECONDARY,D3,secondary,urban,drowsy,147.43,0.31404116049382724,0.01436641186879406,0.0,0.23566666666666664,84.05666666666667
20151126132013-17km-D3-DROWSY-SECONDARY,D3,secondary,urban,drowsy,152.43,0.31149033580246915,0.0063539409385871435,0.0,0.28273333333333334,83.71666666666667
20151126132013-17km-D3-DROWSY-SECONDARY,D3,secondary,urban,drowsy,157.43,0.3115467012345679,0.015844525092186357,0.0,0.1811333333333333,83.72333333333333
20151126132013-17km-D3-DROWSY-SECONDARY,D3,secondary,urban,drowsy,162.43,0.30249786172839516,0.03206118809751586,0.0,0.16773333333333332,82.48333333333333
20151126132013-17km-D3-DROWSY-SECONDARY,D3,secondary,urban,drowsy,167.43,0.27546533333333334,0.03418277285327107,0.0,0.28819999999999996,78.70666666666668
20151126132013-17km-D3-DROWSY-SECONDARY,D3,secondary,urban,drowsy,172.43,0.2696687160493828,0.024951577148111356,0.0,0.3171333333333334,77.89
20151126132013-17km-D3-DROWSY-SECONDARY,D3,secondary,urban,drowsy,177.43,0.2811692345679012,0.01871521305665887,0.0,0.2613333333333333,79.53333333333333
20151126132013-17km-D3-DROWSY-SECONDARY,D3,secondary,urban,drowsy,182.43,0.29277179797979797,0.0369405692365662,0.0,0.16593939393939391,81.14545454545454
20151126132013-17km-D3-DROWSY-SECONDARY,D3,secondary,urban,drowsy,187.43,0.3300089629629629,0.05683812835554648,0.0,0.04306666666666666,86.07666666666667
20151126132013-17km-D3-DROWSY-SECONDARY,D3,secondary,urban,drowsy,192.43,0.3673577382716049,0.0424599771140717,0.0,0.056600000000000004,90.9
20151126132013-17km-D3-DROWSY-SECONDARY,D3,secondary,urban,drowsy,197.43,0.38344718518518517,0.021025898364052616,0.0,0.15486666666666665,92.87666666666665
20151126132013-17km-D3-DROWSY-SECONDARY,D3,secondary,urban,drowsy,202.43,0.39092110836762684,0.009120715664501785,0.0,0.27748148148148144,93.78518518518518
20151126132013-17km-D3-DROWSY-SECONDARY,D3,secondary,urban,drowsy,207.43,0.38453939753086414,0.015149705094414826,0.0,0.3502,93.01333333333334
20151126132013-17km-D3-DROWSY-SECONDARY,D3,secondary,urban,drowsy,212.43,0.37540875420875414,0.015014280612906977,0.0,0.32945454545454544,91.90303030303029
20151126132013-17km-D3-DROWSY-SECONDARY,D3,secondary,urban,drowsy,217.43,0.3486479111111111,0.06859076908585318,0.0,0.29633333333333334,88.49333333333331
20151126132013-17km-D3-DROWSY-SECONDARY,D3,secondary,urban,drowsy,222.43,0.2928062770919067,0.1195230976201313,0.0,0.2716296296296296,80.93333333333334
20151126132013-17km-D3-DROWSY-SECONDARY,D3,secondary,urban,drowsy,227.43,0.23511602743484225,0.06271230243794308,0.02635299999999999,0.32555555555555554,72.6888888888889
20151126132013-17km-D3-DROWSY-SECONDARY,D3,secondary,urban,drowsy,232.43,0.233227771043771,0.035439767331693905,0.021561545454545448,0.2529090909090909,72.41818181818182
20151126132013-17km-D3-DROWSY-SECONDARY,D3,secondary,urban,drowsy,237.43,0.25312701234567897,0.04341747673825647,0.0,0.1132,75.42666666666666
20151126132013-17km-D3-DROWSY-SECONDARY,D3,secondary,urban,drowsy,242.43,0.2895664910836763,0.054497148999839436,0.0,0.23422222222222222,80.67037037037038
20151126132013-17km-D3-DROWSY-SECONDARY,D3,secondary,urban,drowsy,247.43,0.3178097283950618,0.046447955556322536,0.0,0.3522,84.53333333333333
20151126132013-17km-D3-DROWSY-SECONDARY,D3,secondary,urban,drowsy,252.43,0.3312783209876543,0.02406059341110399,0.0,0.21413333333333334,86.33333333333333
20151126132013-17km-D3-DROWSY-SECONDARY,D3,secondary,urban,drowsy,257.43,0.33214096296296297,0.02613575367968739,0.0,0.2026666666666667,86.44333333333333
20151126132013-17km-D3-DROWSY-SECONDARY,D3,secondary,urban,drowsy,262.43,0.32743513086419757,0.02318419490536843,0.0,0.3192,85.82666666666668
20151126132013-17km-D3-DROWSY-SECONDARY,D3,secondary,urban,drowsy,267.43,0.3228201481481482,0.014576089420582894,0.0,0.21181818181818182,85.22424242424243
20151126132013-17km-D3-DROWSY-SECONDARY,D3,secondary,urban,drowsy,272.43,0.3219707789001122,0.011993339906690666,0.0,0.20381818181818182,85.11212121212122
20151126132013-17km-D3-DROWSY-SECONDARY,D3,secondary,urban,drowsy,277.43,0.3195557827160494,0.010153517813705585,0.0,0.2357333333333333,84.79333333333334
20151126132013-17km-D3-DROWSY-SECONDARY,D3,secondary,urban,drowsy,282.43,0.3148126222222222,0.010514858212505907,0.0,0.23106666666666667,84.16
20151126132013-17km-D3-DROWSY-SECONDARY,D3,secondary,urban,drowsy,287.43,0.31089910562414264,0.011437310948257817,0.0,0.3853333333333333,83.63703703703703
20151126132013-17km-D3-DROWSY-SECONDARY,D3,secondary,urban,drowsy,292.43,0.3197791714677641,0.026349038009689824,0.0,0.3397037037037037,84.81481481481482
20151126132013-17km-D3-DROWSY-SECONDARY,D3,secondary,urban,drowsy,297.43,0.34511207901234575,0.048415622085996333,0.0,0.2848,88.08000000000001
20151126132013-17km-D3-DROWSY-SECONDARY,D3,secondary,urban,drowsy,302.43,0.3801322370370371,0.04129455665397695,0.0,0.4309333333333333,92.45333333333335
20151126132013-17km-D3-DROWSY-SECONDARY,D3,secondary,urban,drowsy,307.43,0.4015289382716049,0.020128393060388775,0.0,0.39259999999999995,95.04666666666667
20151126132013-17km-D3-DROWSY-SECONDARY,D3,secondary,urban,drowsy,312.43,0.4150468327721661,0.018316081025111557,0.0,0.27054545454545453,96.63030303030301
20151126132013-17km-D3-DROWSY-SECONDARY,D3,secondary,urban,drowsy,317.43,0.42845630617283953,0.017000933029371768,0.0,0.297,98.18
20151126132013-17km-D3-DROWSY-SECONDARY,D3,secondary,urban,drowsy,322.43,0.43540891358024697,0.015662703839487833,0.0,0.21886666666666663,98.97666666666667
20151126132013-17km-D3-DROWSY-SECONDARY,D3,secondary,urban,drowsy,327.43,0.43157832098765425,0.01547026522744158,0.0,0.1494,98.53999999999999
20151126132013-17km-D3-DROWSY-SECONDARY,D3,secondary,urban,drowsy,332.43,0.42459762962962966,0.012062549101049551,0.0,0.30518518518518517,97.74074074074073
20151126132013-17km-D3-DROWSY-SECONDARY,D3,secondary,urban,drowsy,337.43,0.4292403802469136,0.016649753689833312,0.0,0.3831333333333333,98.27000000000001
20151126132013-17km-D3-DROWSY-SECONDARY,D3,secondary,urban,drowsy,342.43,0.44050106666666666,0.016496860655666943,0.0,0.268,99.55333333333333
20151126132013-17km-D3-DROWSY-SECONDARY,D3,secondary,urban,drowsy,347.43,0.4399376444444444,0.011979752776583369,0.0,0.2626,99.48999999999998
20151126132013-17km-D3-DROWSY-SECONDARY,D3,secondary,urban,drowsy,352.43,0.4375537104377105,0.00984290754927415,0.0,0.27981818181818174,99.22121212121213
20151126132013-17km-D3-DROWSY-SECONDARY,D3,secondary,urban,drowsy,357.43,0.43948169876543214,0.007369170572034811,0.0,0.22299999999999995,99.44000000000001
20151126132013-17km-D3-DROWSY-SECONDARY,D3,secondary,urban,drowsy,362.43,0.43321703703703707,0.011967853257245692,0.0,0.16706666666666667,98.72666666666666
20151126132013-17km-D3-DROWSY-SECONDARY,D3,secondary,urban,drowsy,367.43,0.42638760493827166,0.01055222083632124,0.0,0.14073333333333332,97.94666666666667
20151126132013-17km-D3-DROWSY-SECONDARY,D3,secondary,urban,drowsy,372.43,0.4242060685871056,0.006710642276471133,0.0,0.202,97.6962962962963
20151126132013-17km-D3-DROWSY-SECONDARY,D3,secondary,urban,drowsy,377.43,0.4244442814814814,0.008885757945777114,0.0,0.24580000000000002,97.72333333333333
20151126132013-17km-D3-DROWSY-SECONDARY,D3,secondary,urban,drowsy,382.43,0.42121208395061727,0.011157570915538529,0.0,0.21413333333333334,97.35
20151126132013-17km-D3-DROWSY-SECONDARY,D3,secondary,urban,drowsy,387.43,0.4106663654320989,0.025906211206616413,0.0,0.22886666666666663,96.11666666666667
20151126132013-17km-D3-DROWSY-SECONDARY,D3,secondary,urban,drowsy,392.43,0.38870694500561176,0.03387472668584547,0.0,0.3273939393939394,93.5030303030303
20151126132013-17km-D3-DROWSY-SECONDARY,D3,secondary,urban,drowsy,397.43,0.380497950617284,0.025049700460729234,0.0,0.34806666666666664,92.52333333333334
20151126132013-17km-D3-DROWSY-SECONDARY,D3,secondary,urban,drowsy,402.43,0.3882742419753086,0.013280789874147488,0.0,0.26599999999999996,93.46666666666667
20151126132013-17km-D3-DROWSY-SECONDARY,D3,secondary,urban,drowsy,407.43,0.38802601975308637,0.010752284749581164,0.0,0.26266666666666666,93.43666666666665
20151126132013-17km-D3-DROWSY-SECONDARY,D3,secondary,urban,drowsy,412.43,0.3831195171467764,0.00901262243062892,0.0,0.1802962962962963,92.84444444444445
20151126132013-17km-D3-DROWSY-SECONDARY,D3,secondary,urban,drowsy,417.43,0.37746534320987657,0.018535669970030283,0.0,0.16426666666666667,92.15333333333334
20151126132013-17km-D3-DROWSY-SECONDARY,D3,secondary,urban,drowsy,422.43,0.36625182940516265,0.018049247775198392,0.0,0.18303030303030302,90.77272727272727
20151126132013-17km-D3-DROWSY-SECONDARY,D3,secondary,urban,drowsy,427.43,0.35666144556677887,0.014452905545015297,0.0,0.13533333333333333,89.57878787878786
20151126132013-17km-D3-DROWSY-SECONDARY,D3,secondary,urban,drowsy,432.43,0.3463098491083676,0.01883104647766957,0.0,0.11681481481481483,88.26666666666668
20151126132013-17km-D3-DROWSY-SECONDARY,D3,secondary,urban,drowsy,437.43,0.3360084938271605,0.011038804628500012,0.0,0.20362962962962963,86.94814814814815
20151126132013-17km-D3-DROWSY-SECONDARY,D3,secondary,urban,drowsy,442.43,0.3292368691358025,0.010170762403708445,0.0,0.25666666666666665,86.06666666666668
20151126132013-17km-D3-DROWSY-SECONDARY,D3,secondary,urban,drowsy,447.43,0.3205794074074074,0.01335219902959896,0.0,0.24653333333333333,84.92666666666665
20151126132013-17km-D3-DROWSY-SECONDARY,D3,secondary,urban,drowsy,452.43,0.31783264691358026,0.01713768803842193,0.0,0.24786666666666668,84.56333333333332
20151126132013-17km-D3-DROWSY-SECONDARY,D3,secondary,urban,drowsy,457.43,0.32464641526374866,0.014312768774863855,0.0,0.22466666666666663,85.46363636363637
20151126132013-17km-D3-DROWSY-SECONDARY,D3,secondary,urban,drowsy,462.43,0.3387217328843996,0.026408479101388528,0.0,0.2735757575757576,87.28484848484848
20151126132013-17km-D3-DROWSY-SECONDARY,D3,secondary,urban,drowsy,467.43,0.36492324444444446,0.03967145411846235,0.0,0.37106666666666666,90.59
20151126132013-17km-D3-DROWSY-SECONDARY,D3,secondary,urban,drowsy,472.43,0.38885336625514405,0.03133455096824029,0.0,0.2709629629629629,93.52592592592593
20151126132013-17km-D3-DROWSY-SECONDARY,D3,secondary,urban,drowsy,477.43,0.40926513031550066,0.02259124247076652,0.0,0.14074074074074072,95.95555555555556
20151126132013-17km-D3-DROWSY-SECONDARY,D3,secondary,urban,drowsy,482.43,0.4226297777777777,0.012296667100527065,0.0,0.20878787878787877,97.51212121212122
20151126132013-17km-D3-DROWSY-SECONDARY,D3,secondary,urban,drowsy,487.43,0.4293182074074074,0.007635614519536027,0.0,0.2329333333333333,98.28333333333333
20151126132013-17km-D3-DROWSY-SECONDARY,D3,secondary,urban,drowsy,492.43,0.43372881975308636,0.010246292947880634,0.0,0.3528,98.78666666666666
20151126132013-17km-D3-DROWSY-SECONDARY,D3,secondary,urban,drowsy,497.43,0.42400126419753087,0.0368487043485209,0.0,0.29826666666666657,97.65333333333334
20151126132013-17km-D3-DROWSY-SECONDARY,D3,secondary,urban,drowsy,502.43,0.3812906222222222,0.05549260829353862,0.0,0.2827333333333333,92.57666666666667
20151126132013-17km-D3-DROWSY-SECONDARY,D3,secondary,urban,drowsy,507.43,0.3546240888888889,0.034911174276937164,0.0,0.406,89.30666666666666
20151126132013-17km-D3-DROWSY-SECONDARY,D3,secondary,urban,drowsy,512.4300000000001,0.35562410864197525,0.04034781058617944,0.0,0.33533333333333337,89.42666666666666
20151126132013-17km-D3-DROWSY-SECONDARY,D3,secondary,urban,drowsy,517.4300000000001,0.37922877665544324,0.03713942381773804,0.0,0.21612121212121205,92.34545454545454
20151126132013-17km-D3-DROWSY-SECONDARY,D3,secondary,urban,drowsy,522.4300000000001,0.40034769382716046,0.015643436338122423,0.0,0.09706666666666666,94.90666666666667
20151126132013-17km-D3-DROWSY-SECONDARY,D3,secondary,urban,drowsy,527.4300000000001,0.4076170150891632,0.011750010563047098,0.0,0.08837037037037038,95.76666666666667
20151126132013-17km-D3-DROWSY-SECONDARY,D3,secondary,urban,drowsy,532.4300000000001,0.40980007407407404,0.006968225603506505,0.0,0.24713333333333334,96.02333333333334
20151126132013-17km-D3-DROWSY-SECONDARY,D3,secondary,urban,drowsy,537.4300000000001,0.40952299438832784,0.00558769654990059,0.0,0.3654545454545455,95.9909090909091
20151126132013-17km-D3-DROWSY-SECONDARY,D3,secondary,urban,drowsy,542.4300000000001,0.4117260082304527,0.009627014541490158,0.0,0.30007407407407405,96.24814814814815
20151126132013-17km-D3-DROWSY-SECONDARY,D3,secondary,urban,drowsy,547.4300000000001,0.41597347654320993,0.013738698781955988,0.0,0.18119999999999997,96.74333333333333
20151126132013-17km-D3-DROWSY-SECONDARY,D3,secondary,urban,drowsy,552.4300000000001,0.4197632098765433,0.035983707775080316,0.0,0.25042424242424244,97.17878787878789
20151126132013-17km-D3-DROWSY-SECONDARY,D3,secondary,urban,drowsy,557.4300000000001,0.4010217777777779,0.05741306785477934,0.0,0.19806666666666667,94.94666666666666
20151126132013-17km-D3-DROWSY-SECONDARY,D3,secondary,urban,drowsy,562.4300000000001,0.38286236543209873,0.03249161625876969,0.0,0.21893333333333337,92.80999999999999
20151126132013-17km-D3-DROWSY-SECONDARY,D3,secondary,urban,drowsy,567.4300000000001,0.3832537382716049,0.009988443970901777,0.0,0.24786666666666662,92.86
20151126132013-17km-D3-DROWSY-SECONDARY,D3,secondary,urban,drowsy,572.4300000000001,0.3826970534979425,0.009730378251219089,0.0,0.196,92.7925925925926
20151126132013-17km-D3-DROWSY-SECONDARY,D3,secondary,urban,drowsy,577.4300000000001,0.3856445876543211,0.008845303453779358,0.0,0.24500000000000002,93.14999999999999
20151126132013-17km-D3-DROWSY-SECONDARY,D3,secondary,urban,drowsy,582.4300000000001,0.38462232098765436,0.005951970471721105,0.0,0.20059999999999997,93.02666666666667
20151126132013-17km-D3-DROWSY-SECONDARY,D3,secondary,urban,drowsy,587.4300000000001,0.37564502606310013,0.023306892391136022,0.0,0.12274074074074072,91.92592592592594
20151126132013-17km-D3-DROWSY-SECONDARY,D3,secondary,urban,drowsy,592.4300000000001,0.35907308641975305,0.029822318835467952,0.0,0.05145454545454545,89.87272727272727
20151126132013-17km-D3-DROWSY-SECONDARY,D3,secondary,urban,drowsy,597.4300000000001,0.36269035061728394,0.03713264317703395,0.0,0.13999999999999999,90.31333333333335
20151126132013-17km-D3-DROWSY-SECONDARY,D3,secondary,urban,drowsy,602.4300000000001,0.4069609086419753,0.06503217673638689,0.0,0.175,95.63333333333334
20151126132013-17km-D3-DROWSY-SECONDARY,D3,secondary,urban,drowsy,607.4300000000001,0.4529582760942761,0.07402662751737855,0.0,0.050787878787878785,100.86666666666666
20151126132013-17km-D3-DROWSY-SECONDARY,D3,secondary,urban,drowsy,612.4300000000001,0.5148797366255145,0.07061941496051456,0.0,0.17955555555555558,107.57037037037038
20151126132013-17km-D3-DROWSY-SECONDARY,D3,secondary,urban,drowsy,617.4300000000001,0.5830783111111111,0.05917513886001533,0.0,0.3057333333333333,114.50000000000003
20151126132013-17km-D3-DROWSY-SECONDARY,D3,secondary,urban,drowsy,622.4300000000001,0.5941062222222223,0.05352132921599287,0.0,0.21854545454545454,115.60303030303031
20151126132013-17km-D3-DROWSY-SECONDARY,D3,secondary,urban,drowsy,627.4300000000001,0.5673563895747599,0.041448964972694485,0.0,0.13318518518518518,112.97037037037038
20151126132013-17km-D3-DROWSY-SECONDARY,D3,secondary,urban,drowsy,632.4300000000001,0.5248342716049382,0.04958432701812413,0.0,0.24779999999999996,108.63333333333333
20151126132013-17km-D3-DROWSY-SECONDARY,D3,secondary,urban,drowsy,637.4300000000001,0.4899859259259259,0.05209200059636547,0.0,0.3656,104.96
20151126132013-17km-D3-DROWSY-SECONDARY,D3,secondary,urban,drowsy,642.4300000000001,0.4495265580246913,0.027031324474292583,0.0,0.3852,100.55999999999999
20151126132013-17km-D3-DROWSY-SECONDARY,D3,secondary,urban,drowsy,647.4300000000001,0.4346124713804713,0.014215604922936075,0.0,0.31406060606060604,98.88484848484849
20151126132013-17km-D3-DROWSY-SECONDARY,D3,secondary,urban,drowsy,652.4300000000001,0.4277508691358024,0.011714612660395751,0.0,0.2908,98.10333333333332
20151126124208-16km-D3-NORMAL1-SECONDARY,D3,secondary,urban,normal,21.94,0.30274286868686867,0.3815653158798909,0.046235094545454554,0.03684848484848485,76.33939393939396
20151126124208-16km-D3-NORMAL1-SECONDARY,D3,secondary,urban,normal,26.94,0.4090844444444445,0.025081774326406858,0.04527956000000001,0.08506666666666667,95.93333333333334
20151126124208-16km-D3-NORMAL1-SECONDARY,D3,secondary,urban,normal,31.94,0.40364513580246913,0.03433864010210254,0.0,0.17348148148148146,95.28148148148148
20151126124208-16km-D3-NORMAL1-SECONDARY,D3,secondary,urban,normal,36.94,0.36727606913580246,0.05413128945283165,0.0,0.23386666666666667,90.86666666666666
20151126124208-16km-D3-NORMAL1-SECONDARY,D3,secondary,urban,normal,41.94,0.3420452296296296,0.034672726545514544,0.0,0.24646666666666667,87.69666666666666
20151126124208-16km-D3-NORMAL1-SECONDARY,D3,secondary,urban,normal,46.94,0.33184603456790124,0.026563494786675433,0.0,0.25373333333333337,86.4
20151126124208-16km-D3-NORMAL1-SECONDARY,D3,secondary,urban,normal,51.94,0.3486997665544332,0.028004953265215612,0.0,0.19690909090909095,88.55454545454545
20151126124208-16km-D3-NORMAL1-SECONDARY,D3,secondary,urban,normal,56.94,0.3578363901234568,0.027429928267310683,0.0,0.12766666666666665,89.72333333333333
20151126124208-16km-D3-NORMAL1-SECONDARY,D3,secondary,urban,normal,61.94,0.3375154019204389,0.04693603217931046,0.0,0.16096296296296295,87.11111111111111
20151126124208-16km-D3-NORMAL1-SECONDARY,D3,secondary,urban,normal,66.94,0.2983134271604938,0.047508750220787696,0.0,0.4199333333333334,81.88333333333334
20151126124208-16km-D3-NORMAL1-SECONDARY,D3,secondary,urban,normal,71.94,0.28775431200897866,0.050377670558738624,0.0,0.36666666666666664,80.44545454545454
20151126124208-16km-D3-NORMAL1-SECONDARY,D3,secondary,urban,normal,76.94,0.3050776197530864,0.03846357773880054,0.0,0.2072,82.81999999999998
20151126124208-16km-D3-NORMAL1-SECONDARY,D3,secondary,urban,normal,81.94,0.32635522633744857,0.026339056263473874,0.0,0.2451111111111111,85.68148148148148
20151126124208-16km-D3-NORMAL1-SECONDARY,D3,secondary,urban,normal,86.94,0.3423644993141289,0.02080503884661936,0.0,0.2665185185185185,87.76296296296296
20151126124208-16km-D3-NORMAL1-SECONDARY,D3,secondary,urban,normal,91.94,0.34364480808080805,0.012066126866751924,0.0,0.2289090909090909,87.93030303030302
20151126124208-16km-D3-NORMAL1-SECONDARY,D3,secondary,urban,normal,96.94,0.34207712233445564,0.011183260071518446,0.0,0.12024242424242425,87.73030303030303
20151126124208-16km-D3-NORMAL1-SECONDARY,D3,secondary,urban,normal,101.94,0.3438016076817558,0.005271011131427627,0.0,0.07303703703703704,87.95185185185186
20151126124208-16km-D3-NORMAL1-SECONDARY,D3,secondary,urban,normal,106.94,0.33576710013717426,0.018101193402144212,0.0,0.10177777777777779,86.9111111111111
20151126124208-16km-D3-NORMAL1-SECONDARY,D3,secondary,urban,normal,111.94,0.32365247586980916,0.019865413328243875,0.0,0.10078787878787879,85.33030303030301
20151126124208-16km-D3-NORMAL1-SECONDARY,D3,secondary,urban,normal,116.94,0.31631848709315374,0.019532750231752515,0.0,0.17272727272727273,84.36060606060606
20151126124208-16km-D3-NORMAL1-SECONDARY,D3,secondary,urban,normal,121.94,0.3136415144032922,0.036985453434968146,0.0,0.18911111111111112,84.0
20151126124208-16km-D3-NORMAL1-SECONDARY,D3,secondary,urban,normal,126.94,0.327920449382716,0.049348558584976845,0.0,0.18946666666666667,85.87666666666665
20151126124208-16km-D3-NORMAL1-SECONDARY,D3,secondary,urban,normal,131.94,0.3211358338945005,0.04316183570271075,0.0,0.26096969696969696,84.96666666666668
20151126124208-16km-D3-NORMAL1-SECONDARY,D3,secondary,urban,normal,136.94,0.30239654869684496,0.04829854670426666,0.0,0.21407407407407408,82.47777777777779
20151126124208-16km-D3-NORMAL1-SECONDARY,D3,secondary,urban,normal,141.94,0.33131480384087797,0.06318303893110877,0.0,0.20977777777777779,86.26296296296296
20151126124208-16km-D3-NORMAL1-SECONDARY,D3,secondary,urban,normal,146.94,0.3603262123456791,0.05195622579686702,0.0,0.254,90.02666666666667
20151126124208-16km-D3-NORMAL1-SECONDARY,D3,secondary,urban,normal,151.94,0.3635086419753087,0.03669902145127563,0.0,0.2525454545454546,90.43030303030302
20151126124208-16km-D3-NORMAL1-SECONDARY,D3,secondary,urban,normal,156.94,0.35442679236812574,0.03673561271579974,0.0,0.23369696969696968,89.2909090909091
20151126124208-16km-D3-NORMAL1-SECONDARY,D3,secondary,urban,normal,161.94,0.33556144691358025,0.027672788800801658,0.0,0.14413333333333334,86.87666666666667
20151126124208-16km-D3-NORMAL1-SECONDARY,D3,secondary,urban,normal,166.94,0.32220018271604933,0.013976129730243906,0.0,0.10033333333333334,85.14333333333333
20151126124208-16km-D3-NORMAL1-SECONDARY,D3,secondary,urban,normal,171.94,0.3318271209876543,0.03196617440886186,0.029521639999999995,0.07573333333333335,86.38666666666668
20151126124208-16km-D3-NORMAL1-SECONDARY,D3,secondary,urban,normal,176.94,0.3512151330589849,0.036786438390524506,0.03926536444444443,0.11740740740740743,88.88148148148149
20151126124208-16km-D3-NORMAL1-SECONDARY,D3,secondary,urban,normal,181.94,0.3611966716049383,0.02253077240792951,0.005817187999999996,0.1322,90.14666666666668
20151126124208-16km-D3-NORMAL1-SECONDARY,D3,secondary,urban,normal,186.94,0.36701902222222227,0.022535734287415753,0.0,0.11086666666666664,90.86666666666667
20151126124208-16km-D3-NORMAL1-SECONDARY,D3,secondary,urban,normal,191.94,0.3694796213991769,0.02598734265317266,0.0,0.19925925925925927,91.17407407407408
20151126124208-16km-D3-NORMAL1-SECONDARY,D3,secondary,urban,normal,196.94,0.3762754567901235,0.027853435812456695,0.0,0.3162666666666666,92.0
20151126124208-16km-D3-NORMAL1-SECONDARY,D3,secondary,urban,normal,201.94,0.3849360148148148,0.019577143187426958,0.0,0.358,93.06333333333333
20151126124208-16km-D3-NORMAL1-SECONDARY,D3,secondary,urban,normal,206.94,0.37463817283950623,0.022696958423683453,0.0,0.2506060606060606,91.8030303030303
20151126124208-16km-D3-NORMAL1-SECONDARY,D3,secondary,urban,normal,211.94,0.36489499753086424,0.02385987161012196,0.0,0.17279999999999998,90.60333333333332
20151126124208-16km-D3-NORMAL1-SECONDARY,D3,secondary,urban,normal,216.94,0.3482722908093279,0.03380450064680415,0.10094386222222224,0.12400000000000001,88.50740740740741
20151126124208-16km-D3-NORMAL1-SECONDARY,D3,secondary,urban,normal,221.94,0.32372840404040404,0.03281168316549418,0.2503847818181818,0.11424242424242424,85.32121212121213
20151126124208-16km-D3-NORMAL1-SECONDARY,D3,secondary,urban,normal,226.94,0.3056387699214366,0.022798754264232682,0.34711988,0.132969696969697,82.92121212121214
20151126124208-16km-D3-NORMAL1-SECONDARY,D3,secondary,urban,normal,231.94,0.30110660631001374,0.021737318394106905,0.42353712,0.2488148148148148,82.30740740740741
20151126124208-16km-D3-NORMAL1-SECONDARY,D3,secondary,urban,normal,236.94,0.2957647654320988,0.021698037548557318,0.4198613240000001,0.2924,81.57000000000001
20151126124208-16km-D3-NORMAL1-SECONDARY,D3,secondary,urban,normal,241.94,0.28944103254769926,0.02186905139070729,0.3934251381818182,0.1758181818181818,80.69696969696972
20151126124208-16km-D3-NORMAL1-SECONDARY,D3,secondary,urban,normal,246.94,0.28868458710562417,0.01964953902071084,0.3106262311111111,0.13585185185185186,80.59259259259261
20151126124208-16km-D3-NORMAL1-SECONDARY,D3,secondary,urban,normal,251.94,0.27423813333333336,0.0315763562084372,0.324042792,0.16486666666666666,78.52666666666667
20151126124208-16km-D3-NORMAL1-SECONDARY,D3,secondary,urban,normal,256.94,0.25486859259259254,0.03481572478869711,0.30630414545454543,0.1353939393939394,75.70606060606062
20151126124208-16km-D3-NORMAL1-SECONDARY,D3,secondary,urban,normal,261.94,0.24701438134430725,0.03372386939625412,0.21439297333333335,0.31896296296296295,74.54444444444444
20151126124208-16km-D3-NORMAL1-SECONDARY,D3,secondary,urban,normal,266.94,0.2503778567901235,0.029823376878608553,0.29452984800000004,0.3256,75.05333333333333
20151126124208-16km-D3-NORMAL1-SECONDARY,D3,secondary,urban,normal,271.94,0.24784382940516272,0.03593779883596062,0.24968298181818183,0.14254545454545456,74.66363636363636
20151126124208-16km-D3-NORMAL1-SECONDARY,D3,secondary,urban,normal,276.94,0.2379877481481481,0.02908940263687303,0.1699858,0.1422,73.15666666666667
20151126124208-16km-D3-NORMAL1-SECONDARY,D3,secondary,urban,normal,281.94,0.23157932345679008,0.01149261010346642,0.1837005,0.1947333333333333,72.18333333333332
20151126124208-16km-D3-NORMAL1-SECONDARY,D3,secondary,urban,normal,286.94,0.23847500740740743,0.017114360138870487,0.184666508,0.24066666666666667,73.24333333333331
20151126124208-16km-D3-NORMAL1-SECONDARY,D3,secondary,urban,normal,291.94,0.24558571851851854,0.01515434265835662,0.225024668,0.17353333333333334,74.33333333333334
20151126124208-16km-D3-NORMAL1-SECONDARY,D3,secondary,urban,normal,296.94,0.24495353580246912,0.014950622496473793,0.42503582,0.052533333333333335,74.23666666666665
20151126124208-16km-D3-NORMAL1-SECONDARY,D3,secondary,urban,normal,301.94,0.24019165925925923,0.01790551078323837,0.354253196,0.09706666666666666,73.51
20151126124208-16km-D3-NORMAL1-SECONDARY,D3,secondary,urban,normal,306.94,0.23354772345679012,0.018021433794505555,0.18603187999999998,0.11839999999999999,72.48666666666668
20151126124208-16km-D3-NORMAL1-SECONDARY,D3,secondary,urban,normal,311.94,0.22279434567901238,0.022731184776207843,0.27233756,0.048,70.78999999999999
20151126124208-16km-D3-NORMAL1-SECONDARY,D3,secondary,urban,normal,316.94,0.21335945130315503,0.033746979773834736,0.2682733111111111,0.10785185185185187,69.28148148148149
20151126124208-16km-D3-NORMAL1-SECONDARY,D3,secondary,urban,normal,321.94,0.25020173388203015,0.1251091254625488,0.1048874222222222,0.22303703703703703,74.74814814814815
20151126124208-16km-D3-NORMAL1-SECONDARY,D3,secondary,urban,normal,326.94,0.3299198698092031,0.13758848141371816,0.0,0.1673939393939394,85.88181818181818
20151126124208-16km-D3-NORMAL1-SECONDARY,D3,secondary,urban,normal,331.94,0.3503623434343434,0.06867258494496717,0.0,0.07854545454545453,88.73333333333333
20151126124208-16km-D3-NORMAL1-SECONDARY,D3,secondary,urban,normal,336.94,0.33001112208504796,0.027771635368860164,0.0,0.07666666666666667,86.16666666666667
20151126124208-16km-D3-NORMAL1-SECONDARY,D3,secondary,urban,normal,341.94,0.331618962962963,0.016469340888198798,0.0,0.08111111111111112,86.3777777777778
20151126124208-16km-D3-NORMAL1-SECONDARY,D3,secondary,urban,normal,346.94,0.32917743209876543,0.012165245259887847,0.0,0.1276,86.06
20151126124208-16km-D3-NORMAL1-SECONDARY,D3,secondary,urban,normal,351.94,0.33239384960718305,0.01330873037663235,0.0,0.1950909090909091,86.47878787878788
20151126124208-16km-D3-NORMAL1-SECONDARY,D3,secondary,urban,normal,356.94,0.3324168664421998,0.012176204504035453,0.0,0.1950909090909091,86.48181818181818
20151126124208-16km-D3-NORMAL1-SECONDARY,D3,secondary,urban,normal,361.94,0.3296307160493827,0.0063098798491198595,0.0,0.2558666666666667,86.12
20151126124208-16km-D3-NORMAL1-SECONDARY,D3,secondary,urban,normal,366.94,0.3311828641975309,0.01147736703784573,0.0,0.33674074074074073,86.32222222222224
20151126124208-16km-D3-NORMAL1-SECONDARY,D3,secondary,urban,normal,371.94,0.340919621399177,0.02280001790191299,0.0,0.19637037037037036,87.57407407407408
20151126124208-16km-D3-NORMAL1-SECONDARY,D3,secondary,urban,normal,376.94,0.3523335982042649,0.019219484862363793,0.0,0.19745454545454544,89.03333333333333
20151126124208-16km-D3-NORMAL1-SECONDARY,D3,secondary,urban,normal,381.94,0.35325318069584727,0.011454412158384419,0.0,0.20424242424242428,89.15151515151516
20151126124208-16km-D3-NORMAL1-SECONDARY,D3,secondary,urban,normal,386.94,0.351072212345679,0.010496600820047206,0.0,0.11633333333333336,88.87666666666665
20151126124208-16km-D3-NORMAL1-SECONDARY,D3,secondary,urban,normal,391.94,0.35522546172839503,0.009919833306161828,0.0,0.12686666666666668,89.4
20151126124208-16km-D3-NORMAL1-SECONDARY,D3,secondary,urban,normal,396.94,0.35896540740740746,0.012827761915864858,0.0,0.14286666666666664,89.87
20151126124208-16km-D3-NORMAL1-SECONDARY,D3,secondary,urban,normal,401.94,0.3530808592592593,0.016198149507840324,0.0,0.12426666666666666,89.12666666666667
20151126124208-16km-D3-NORMAL1-SECONDARY,D3,secondary,urban,normal,406.94,0.3489998024691358,0.01538488314544768,0.0,0.1449333333333333,88.61333333333334
20151126124208-16km-D3-NORMAL1-SECONDARY,D3,secondary,urban,normal,411.94,0.3535825283950617,0.010146304100632619,0.0,0.19946666666666665,89.19333333333334
20151126124208-16km-D3-NORMAL1-SECONDARY,D3,secondary,urban,normal,416.94,0.3602106419753086,0.01687998615648997,0.0,0.12566666666666665,90.02333333333334
20151126124208-16km-D3-NORMAL1-SECONDARY,D3,secondary,urban,normal,421.94,0.37249624142661175,0.020242536217128307,0.0,0.18459259259259259,91.54074074074074
20151126124208-16km-D3-NORMAL1-SECONDARY,D3,secondary,urban,normal,426.94,0.3842104543209876,0.009480204724818826,0.0,0.21126666666666666,92.97666666666666
20151126124208-16km-D3-NORMAL1-SECONDARY,D3,secondary,urban,normal,431.94,0.38515560942760935,0.010153965471874247,0.0,0.09781818181818182,93.0909090909091
20151126124208-16km-D3-NORMAL1-SECONDARY,D3,secondary,urban,normal,436.94,0.37804510288065846,0.017433639223859147,0.0,0.16318518518518518,92.22222222222223
20151126124208-16km-D3-NORMAL1-SECONDARY,D3,secondary,urban,normal,441.94,0.3615477037037037,0.0211274043411834,0.0,0.21526666666666666,90.18666666666665
20151126124208-16km-D3-NORMAL1-SECONDARY,D3,secondary,urban,normal,446.94,0.35439449158249153,0.015010076332097845,0.0,0.12018181818181818,89.2939393939394
20151126124208-16km-D3-NORMAL1-SECONDARY,D3,secondary,urban,normal,451.94,0.3526805432098765,0.007643834212561167,0.0,0.07046666666666666,89.08
20151126124208-16km-D3-NORMAL1-SECONDARY,D3,secondary,urban,normal,456.94,0.35451309739369,0.006843876245054483,0.0,0.045851851851851845,89.31111111111112
20151126124208-16km-D3-NORMAL1-SECONDARY,D3,secondary,urban,normal,461.94,0.35799123182441694,0.006788519981646247,0.0,0.14925925925925929,89.74814814814815
20151126124208-16km-D3-NORMAL1-SECONDARY,D3,secondary,urban,normal,466.94,0.3625732345679013,0.00894132879013842,0.0,0.15286666666666665,90.32000000000001
20151126124208-16km-D3-NORMAL1-SECONDARY,D3,secondary,urban,normal,471.94,0.36997584691358026,0.012388437839271267,0.0,0.09693333333333334,91.23666666666668
20151126124208-16km-D3-NORMAL1-SECONDARY,D3,secondary,urban,normal,476.94,0.37270008888888884,0.009197032995748842,0.0,0.07973333333333334,91.57333333333334
20151126124208-16km-D3-NORMAL1-SECONDARY,D3,secondary,urban,normal,481.94,0.3685369679012346,0.007540214669531373,0.0,0.10506666666666667,91.06
20151126124208-16km-D3-NORMAL1-SECONDARY,D3,secondary,urban,normal,486.94,0.3640678832772167,0.012189096461460252,0.0,0.11363636363636366,90.5060606060606
20151126124208-16km-D3-NORMAL1-SECONDARY,D3,secondary,urban,normal,491.94,0.3522242379349046,0.02003323387942925,0.0,0.07127272727272727,89.00909090909092
20151126124208-16km-D3-NORMAL1-SECONDARY,D3,secondary,urban,normal,496.94,0.33934549245541834,0.023506770170258897,0.0,0.096,87.37777777777778
20151126124208-16km-D3-NORMAL1-SECONDARY,D3,secondary,urban,normal,501.94,0.3477502057613169,0.027123492966915252,0.0,0.12555555555555553,88.44814814814816
20151126124208-16km-D3-NORMAL1-SECONDARY,D3,secondary,urban,normal,506.94,0.37052257239057235,0.024776219710322386,0.0,0.11836363636363635,91.28787878787878
20151126124208-16km-D3-NORMAL1-SECONDARY,D3,secondary,urban,normal,511.94,0.3824316094276094,0.01684611228060698,0.0,0.11472727272727273,92.76060606060607
20151126124208-16km-D3-NORMAL1-SECONDARY,D3,secondary,urban,normal,516.94,0.3754997234567901,0.0144283970755054,0.0,0.12553333333333333,91.91333333333333
20151126124208-16km-D3-NORMAL1-SECONDARY,D3,secondary,urban,normal,521.94,0.3658825135802469,0.0159228044095234,0.0,0.0844,90.73
20151126124208-16km-D3-NORMAL1-SECONDARY,D3,secondary,urban,normal,526.94,0.35153497777777776,0.0282552143211501,0.0,0.04126666666666666,88.92333333333333
20151126124208-16km-D3-NORMAL1-SECONDARY,D3,secondary,urban,normal,531.94,0.32683804938271604,0.0380703790035377,0.0,0.03933333333333334,85.72999999999999
20151126124208-16km-D3-NORMAL1-SECONDARY,D3,secondary,urban,normal,536.94,0.3062779654320988,0.026644314855452645,0.0,0.030666666666666665,83.00666666666667
20151126124208-16km-D3-NORMAL1-SECONDARY,D3,secondary,urban,normal,541.94,0.3019692345679012,0.011148000372265123,0.0,0.03986666666666666,82.42666666666666
20151126124208-16km-D3-NORMAL1-SECONDARY,D3,secondary,urban,normal,546.94,0.3139236839506173,0.02715247050062881,0.0,0.06973333333333334,84.02666666666667
20151126124208-16km-D3-NORMAL1-SECONDARY,D3,secondary,urban,normal,551.94,0.33093534705075445,0.028315893907793488,0.0,0.076,86.27777777777777
20151126124208-16km-D3-NORMAL1-SECONDARY,D3,secondary,urban,normal,556.94,0.33738282578875173,0.009713568332773825,0.0,0.12548148148148147,87.12592592592591
20151126124208-16km-D3-NORMAL1-SECONDARY,D3,secondary,urban,normal,561.94,0.3398806240179573,0.018208865149515936,0.0,0.1576969696969697,87.44545454545454
20151126124208-16km-D3-NORMAL1-SECONDARY,D3,secondary,urban,normal,566.94,0.34820226262626264,0.013476494220045349,0.0,0.13957575757575758,88.50909090909092
20151126124208-16km-D3-NORMAL1-SECONDARY,D3,secondary,urban,normal,571.94,0.35527129876543206,0.004361676411027879,0.0,0.16006666666666666,89.40666666666667
20151126124208-16km-D3-NORMAL1-SECONDARY,D3,secondary,urban,normal,576.94,0.3586439725651578,0.006943255723646679,0.0,0.19548148148148148,89.82962962962964
20151126124208-16km-D3-NORMAL1-SECONDARY,D3,secondary,urban,normal,581.94,0.36117720493827166,0.007277726613153774,0.0,0.21719999999999998,90.14666666666668
20151126124208-16km-D3-NORMAL1-SECONDARY,D3,secondary,urban,normal,586.94,0.3584830841750842,0.008663489851356168,0.0,0.19387878787878787,89.80909090909091
20151126124208-16km-D3-NORMAL1-SECONDARY,D3,secondary,urban,normal,591.94,0.347006775308642,0.018772124006434226,0.0,0.15480000000000002,88.35333333333332
20151126124208-16km-D3-NORMAL1-SECONDARY,D3,secondary,urban,normal,596.94,0.33503135802469136,0.018208343106454628,0.0,0.1481333333333333,86.82
20151126124208-16km-D3-NORMAL1-SECONDARY,D3,secondary,urban,normal,601.94,0.33677647187928667,0.013741186116256623,0.0,0.10185185185185185,87.04444444444442
20151126124208-16km-D3-NORMAL1-SECONDARY,D3,secondary,urban,normal,606.94,0.3504967012345679,0.016597958323699875,0.0,0.07313333333333331,88.80000000000001
20151126124208-16km-D3-NORMAL1-SECONDARY,D3,secondary,urban,normal,611.94,0.35612652839506176,0.010127292084133082,0.0,0.08246666666666667,89.51333333333334
20151126124208-16km-D3-NORMAL1-SECONDARY,D3,secondary,urban,normal,616.94,0.35798812620027437,0.002613466937305336,0.0,0.04955555555555555,89.74814814814815
20151126124208-16km-D3-NORMAL1-SECONDARY,D3,secondary,urban,normal,621.94,0.3575813243546577,0.00562659696598386,0.0,0.09424242424242424,89.6969696969697
20151126124208-16km-D3-NORMAL1-SECONDARY,D3,secondary,urban,normal,626.94,0.359154024691358,0.007968962844245234,0.0,0.15213333333333331,89.89333333333335
20151126124208-16km-D3-NORMAL1-SECONDARY,D3,secondary,urban,normal,631.94,0.35932082962962963,0.012915245751236098,0.0,0.08573333333333334,89.91333333333334
20151126124208-16km-D3-NORMAL1-SECONDARY,D3,secondary,urban,normal,636.94,0.3538634208754209,0.010835316084650222,0.0,0.03024242424242424,89.22727272727273
20151126124208-16km-D3-NORMAL1-SECONDARY,D3,secondary,urban,normal,641.94,0.34746381893004114,0.0059470077637378835,0.0,0.031037037037037037,88.41851851851851
20151126124208-16km-D3-NORMAL1-SECONDARY,D3,secondary,urban,normal,646.94,0.3438441234567901,0.011883080968346357,0.0,0.13419999999999999,87.95666666666666
20151126124208-16km-D3-NORMAL1-SECONDARY,D3,secondary,urban,normal,651.94,0.33777154208754206,0.014666329089639553,0.0,0.13048484848484848,87.17272727272726
20151126124208-16km-D3-NORMAL1-SECONDARY,D3,secondary,urban,normal,656.94,0.33127162688614537,0.014887524096466601,0.0,0.0805185185185185,86.33333333333333
20151126124208-16km-D3-NORMAL1-SECONDARY,D3,secondary,urban,normal,661.94,0.3358984197530864,0.010853615029399676,0.0,0.09573333333333334,86.93333333333334
20151126124208-16km-D3-NORMAL1-SECONDARY,D3,secondary,urban,normal,666.94,0.340258810325477,0.012088918827259642,0.0,0.11,87.49696969696971
20151126124208-16km-D3-NORMAL1-SECONDARY,D3,secondary,urban,normal,671.94,0.3288345925925927,0.05444402967184331,0.0,0.12093333333333331,85.98333333333333
20151126124208-16km-D3-NORMAL1-SECONDARY,D3,secondary,urban,normal,676.94,0.28036724938271607,0.09065968582545117,0.0,0.1388,79.23333333333335
20151126124208-16km-D3-NORMAL1-SECONDARY,D3,secondary,urban,normal,681.94,0.2277266172839506,0.0883114968205181,0.0,0.14681481481481481,71.48888888888888
20151126124208-16km-D3-NORMAL1-SECONDARY,D3,secondary,urban,normal,686.94,0.18551259259259262,0.06852849799021737,0.0,0.08333333333333333,64.51111111111112
20151126124208-16km-D3-NORMAL1-SECONDARY,D3,secondary,urban,normal,691.94,0.1596925342312009,0.038864445278444265,0.0,0.061575757575757575,59.91515151515151
20151126125458-16km-D3-NORMAL2-SECONDARY,D3,secondary,urban,normal,13.06,0.22515086980920318,0.27747215733197295,0.09113122181818184,0.07436363636363637,69.6590909090909
20151126125458-16km-D3-NORMAL2-SECONDARY,D3,secondary,urban,normal,18.060000000000002,0.29510469135802475,0.058079295937683996,0.10689084727272725,0.1835757575757576,81.3939393939394
20151126125458-16km-D3-NORMAL2-SECONDARY,D3,secondary,urban,normal,23.060000000000002,0.3250588691358024,0.026869117921556017,0.12530228000000002,0.28186666666666665,85.51666666666667
20151126125458-16km-D3-NORMAL2-SECONDARY,D3,secondary,urban,normal,28.060000000000002,0.3318675901234568,0.01223589331015635,0.187420816,0.24966666666666665,86.41
20151126125458-16km-D3-NORMAL2-SECONDARY,D3,secondary,urban,normal,33.06,0.333727812345679,0.007390718752308486,0.272623384,0.2067333333333333,86.65333333333334
20151126125458-16km-D3-NORMAL2-SECONDARY,D3,secondary,urban,normal,38.06,0.3279120296296297,0.0109642926462924,0.31078932400000003,0.12953333333333333,85.89333333333333
20151126125458-16km-D3-NORMAL2-SECONDARY,D3,secondary,urban,normal,43.06,0.3206516049382716,0.01507661198996569,0.2840287822222223,0.13496296296296298,84.93703703703703
20151126125458-16km-D3-NORMAL2-SECONDARY,D3,secondary,urban,normal,48.06,0.3100459149519891,0.014838901960687425,0.3004335866666667,0.12681481481481482,83.51851851851853
20151126125458-16km-D3-NORMAL2-SECONDARY,D3,secondary,urban,normal,53.06,0.2946860543209877,0.037996035515452,0.39334026800000005,0.06306666666666666,81.40666666666667
20151126125458-16km-D3-NORMAL2-SECONDARY,D3,secondary,urban,normal,58.06,0.26884234074074076,0.04574049895528369,0.4956159319999999,0.07173333333333333,77.73333333333335
20151126125458-16km-D3-NORMAL2-SECONDARY,D3,secondary,urban,normal,63.06,0.2679211111111111,0.055452558462124026,0.538793464,0.09926666666666667,77.59666666666666
20151126125458-16km-D3-NORMAL2-SECONDARY,D3,secondary,urban,normal,68.06,0.2962526222222222,0.046509140156667024,0.552532624,0.08046666666666666,81.60666666666667
20151126125458-16km-D3-NORMAL2-SECONDARY,D3,secondary,urban,normal,73.06,0.3176749580246914,0.04937430759771513,0.4654380279999999,0.0966,84.52333333333334
20151126125458-16km-D3-NORMAL2-SECONDARY,D3,secondary,urban,normal,78.06,0.3666968296296296,0.09133765299667819,0.182445864,0.20939999999999998,90.66666666666666
20151126125458-16km-D3-NORMAL2-SECONDARY,D3,secondary,urban,normal,83.06,0.3837675456790123,0.10992562065694884,0.04620656799999999,0.20140000000000002,92.84
20151126125458-16km-D3-NORMAL2-SECONDARY,D3,secondary,urban,normal,88.06,0.31435601346801345,0.10466956280938394,0.10606242909090909,0.1043030303030303,83.86666666666666
20151126125458-16km-D3-NORMAL2-SECONDARY,D3,secondary,urban,normal,93.06,0.2618496610549944,0.061339889323545324,0.15220544,0.11096969696969698,76.69090909090909
20151126125458-16km-D3-NORMAL2-SECONDARY,D3,secondary,urban,normal,98.06,0.23824947050754458,0.02381076210586903,0.1984159822222222,0.11859259259259261,73.20740740740742
20151126125458-16km-D3-NORMAL2-SECONDARY,D3,secondary,urban,normal,103.06,0.23358573388203016,0.02979687616442486,0.1957338711111111,0.12237037037037037,72.4888888888889
20151126125458-16km-D3-NORMAL2-SECONDARY,D3,secondary,urban,normal,108.06,0.2431664601571268,0.031094051981041558,0.22745040000000002,0.19103030303030302,73.95454545454545
20151126125458-16km-D3-NORMAL2-SECONDARY,D3,secondary,urban,normal,113.06,0.2520946024691358,0.020368516737385996,0.26139286399999995,0.27653333333333335,75.31000000000002
20151126125458-16km-D3-NORMAL2-SECONDARY,D3,secondary,urban,normal,118.06,0.260803387654321,0.032358599162432354,0.14513558,0.22286666666666669,76.59333333333333
20151126125458-16km-D3-NORMAL2-SECONDARY,D3,secondary,urban,normal,123.06,0.3080129203142537,0.11809016643209228,0.03580743272727272,0.11466666666666668,82.8969696969697
20151126125458-16km-D3-NORMAL2-SECONDARY,D3,secondary,urban,normal,128.06,0.39159723950617287,0.1533207954279523,0.019784703999999997,0.39526666666666666,93.67666666666668
20151126125458-16km-D3-NORMAL2-SECONDARY,D3,secondary,urban,normal,133.06,0.3848269794238684,0.10753830761414326,0.02198300444444444,0.7339259259259259,92.87777777777777
20151126125458-16km-D3-NORMAL2-SECONDARY,D3,secondary,urban,normal,138.06,0.3138681042524005,0.06974199956602638,0.0,0.824074074074074,83.97037037037038
20151126125458-16km-D3-NORMAL2-SECONDARY,D3,secondary,urban,normal,143.06,0.29258255802469135,0.01958490953483999,0.0,0.6946000000000001,81.13333333333334
20151126125458-16km-D3-NORMAL2-SECONDARY,D3,secondary,urban,normal,148.06,0.2927394567901234,0.0046479377581226285,0.0,0.5875757575757575,81.15757575757578
20151126125458-16km-D3-NORMAL2-SECONDARY,D3,secondary,urban,normal,153.06,0.2949932794612794,0.00834505688058213,0.0,0.4026666666666667,81.46969696969698
20151126125458-16km-D3-NORMAL2-SECONDARY,D3,secondary,urban,normal,158.06,0.30808173333333333,0.027494178731952878,0.0,0.27113333333333334,83.23666666666668
20151126125458-16km-D3-NORMAL2-SECONDARY,D3,secondary,urban,normal,163.06,0.32818435116598077,0.037224404250994825,0.0,0.35125925925925927,85.91851851851851
20151126125458-16km-D3-NORMAL2-SECONDARY,D3,secondary,urban,normal,168.06,0.34582117421124825,0.02092782665073349,0.0,0.1774074074074074,88.2037037037037
20151126125458-16km-D3-NORMAL2-SECONDARY,D3,secondary,urban,normal,173.06,0.3452066222222222,0.023930908020216853,0.0,0.16033333333333333,88.12333333333332
20151126125458-16km-D3-NORMAL2-SECONDARY,D3,secondary,urban,normal,178.06,0.3303640691358026,0.02052168391803154,0.0,0.161,86.20666666666668
20151126125458-16km-D3-NORMAL2-SECONDARY,D3,secondary,urban,normal,183.06,0.3263202419753086,0.01583423573157109,0.0,0.10193333333333335,85.68333333333334
20151126125458-16km-D3-NORMAL2-SECONDARY,D3,secondary,urban,normal,188.06,0.33205874567901233,0.023227366708224402,0.0,0.1798,86.43333333333332
20151126125458-16km-D3-NORMAL2-SECONDARY,D3,secondary,urban,normal,193.06,0.33305908866442197,0.02102449092054867,0.0,0.334969696969697,86.56363636363638
20151126125458-16km-D3-NORMAL2-SECONDARY,D3,secondary,urban,normal,198.06,0.3306408035914703,0.031266643061130237,0.0,0.2452727272727273,86.24545454545455
20151126125458-16km-D3-NORMAL2-SECONDARY,D3,secondary,urban,normal,203.06,0.3182753525377228,0.032689339467843026,0.02600693777777778,0.08274074074074073,84.6037037037037
20151126125458-16km-D3-NORMAL2-SECONDARY,D3,secondary,urban,normal,208.06,0.3041940098765432,0.013352695403233455,0.08011818,0.06646666666666666,82.72999999999999
20151126125458-16km-D3-NORMAL2-SECONDARY,D3,secondary,urban,normal,213.06,0.3045718787878788,0.007112031154796191,0.051556305454545454,0.08781818181818181,82.78181818181817
20151126125458-16km-D3-NORMAL2-SECONDARY,D3,secondary,urban,normal,218.06,0.3027792938271605,0.009625233837615639,0.060652943999999986,0.18453333333333333,82.53666666666666
20151126125458-16km-D3-NORMAL2-SECONDARY,D3,secondary,urban,normal,223.06,0.2949511659807957,0.021487843528239618,0.21120626222222222,0.2222222222222222,81.45925925925926
20151126125458-16km-D3-NORMAL2-SECONDARY,D3,secondary,urban,normal,228.06,0.28178387379972564,0.02493073057857479,0.14876729333333336,0.0991111111111111,79.61851851851853
20151126125458-16km-D3-NORMAL2-SECONDARY,D3,secondary,urban,normal,233.06,0.2862919111111111,0.03471632343173027,0.004457871999999997,0.09733333333333334,80.24000000000001
20151126125458-16km-D3-NORMAL2-SECONDARY,D3,secondary,urban,normal,238.06,0.309778051627385,0.03486771514929737,0.0,0.152,83.46363636363638
20151126125458-16km-D3-NORMAL2-SECONDARY,D3,secondary,urban,normal,243.06,0.3261754882154882,0.03085899024154483,0.0,0.1086060606060606,85.66060606060606
20151126125458-16km-D3-NORMAL2-SECONDARY,D3,secondary,urban,normal,248.06,0.32695726748971193,0.02998760643776575,0.0,0.06177777777777777,85.76296296296296
20151126125458-16km-D3-NORMAL2-SECONDARY,D3,secondary,urban,normal,253.06,0.33136673251028803,0.035828905636542646,0.0,0.05214814814814815,86.32962962962964
20151126125458-16km-D3-NORMAL2-SECONDARY,D3,secondary,urban,normal,258.06,0.358478810325477,0.037573933528239005,0.0,0.14036363636363636,89.77878787878787
20151126125458-16km-D3-NORMAL2-SECONDARY,D3,secondary,urban,normal,263.06,0.37763529876543206,0.024589407240338337,0.0,0.14426666666666668,92.17333333333332
20151126125458-16km-D3-NORMAL2-SECONDARY,D3,secondary,urban,normal,268.06,0.3979200592592592,0.029105410215273325,0.0,0.09919999999999998,94.60666666666665
20151126125458-16km-D3-NORMAL2-SECONDARY,D3,secondary,urban,normal,273.06,0.4127459950617284,0.025534304814201114,0.0,0.17839999999999998,96.35999999999999
20151126125458-16km-D3-NORMAL2-SECONDARY,D3,secondary,urban,normal,278.06,0.4241807133058984,0.016338898490348322,0.0,0.24977777777777777,97.69259259259258
20151126125458-16km-D3-NORMAL2-SECONDARY,D3,secondary,urban,normal,283.06,0.4464876992143658,0.03147150589351943,0.0,0.1556969696969697,100.20303030303029
20151126125458-16km-D3-NORMAL2-SECONDARY,D3,secondary,urban,normal,288.06,0.46900945679012346,0.02995908761333756,0.0,0.06453333333333335,102.71666666666667
20151126125458-16km-D3-NORMAL2-SECONDARY,D3,secondary,urban,normal,293.06,0.48168010370370373,0.020103217173961494,0.0,0.08846666666666667,104.10333333333332
20151126125458-16km-D3-NORMAL2-SECONDARY,D3,secondary,urban,normal,298.06,0.45459278114478113,0.08650834920790534,0.050807876363636366,0.1224848484848485,101.02424242424242
20151126125458-16km-D3-NORMAL2-SECONDARY,D3,secondary,urban,normal,303.06,0.3750943703703704,0.12236625296520438,0.30385889333333327,0.10733333333333334,91.60370370370372
20151126125458-16km-D3-NORMAL2-SECONDARY,D3,secondary,urban,normal,308.06,0.3141679308641976,0.06190398317263866,0.58563894,0.11673333333333333,84.06
20151126125458-16km-D3-NORMAL2-SECONDARY,D3,secondary,urban,normal,313.06,0.32481559595959597,0.038525176308589114,0.5811605672727272,0.10121212121212121,85.45454545454547
20151126125458-16km-D3-NORMAL2-SECONDARY,D3,secondary,urban,normal,318.06,0.35068476817558303,0.027130721735720755,0.5100411555555555,0.1005925925925926,88.81851851851852
20151126125458-16km-D3-NORMAL2-SECONDARY,D3,secondary,urban,normal,323.06,0.3729195445816187,0.0334738675082238,0.45237116,0.16014814814814815,91.58888888888889
20151126125458-16km-D3-NORMAL2-SECONDARY,D3,secondary,urban,normal,328.06,0.38694281481481474,0.02388934820740002,0.43588496363636364,0.17624242424242428,93.3030303030303
20151126125458-16km-D3-NORMAL2-SECONDARY,D3,secondary,urban,normal,333.06,0.38924575533108857,0.019245246282398137,0.41410278545454554,0.11466666666666668,93.58181818181816
20151126125458-16km-D3-NORMAL2-SECONDARY,D3,secondary,urban,normal,338.06,0.3959318573388203,0.030246404418288447,0.36256274222222223,0.032,94.37407407407406
20151126125458-16km-D3-NORMAL2-SECONDARY,D3,secondary,urban,normal,343.06,0.4140945580246913,0.02446498414110792,0.2831208039999999,0.04766666666666667,96.52
20151126125458-16km-D3-NORMAL2-SECONDARY,D3,secondary,urban,normal,348.06,0.4244777553310887,0.024892886905616373,0.23336223999999994,0.0586060606060606,97.72121212121213
20151126125458-16km-D3-NORMAL2-SECONDARY,D3,secondary,urban,normal,353.06,0.4365414595336077,0.0274090776742732,0.18935919111111107,0.05748148148148148,99.1
20151126125458-16km-D3-NORMAL2-SECONDARY,D3,secondary,urban,normal,358.06,0.4489483237311386,0.009749603271876949,0.14494687555555552,0.06792592592592592,100.5037037037037
20151126125458-16km-D3-NORMAL2-SECONDARY,D3,secondary,urban,normal,363.06,0.4521827061728395,0.005906700252878032,0.09712883999999998,0.05499999999999999,100.86666666666669
20151126125458-16km-D3-NORMAL2-SECONDARY,D3,secondary,urban,normal,368.06,0.44703701234567905,0.007940538717273214,0.05226750800000002,0.044866666666666666,100.29
20151126125458-16km-D3-NORMAL2-SECONDARY,D3,secondary,urban,normal,373.06,0.4397526778900112,0.009426115855865901,0.04031610181818182,0.08296969696969697,99.46969696969698
20151126125458-16km-D3-NORMAL2-SECONDARY,D3,secondary,urban,normal,378.06,0.4347862913580247,0.009263600143535023,0.032356152,0.09659999999999998,98.90666666666665
20151126125458-16km-D3-NORMAL2-SECONDARY,D3,secondary,urban,normal,383.06,0.4351214211248286,0.014196999481128951,0.022531924444444445,0.07896296296296297,98.94444444444443
20151126125458-16km-D3-NORMAL2-SECONDARY,D3,secondary,urban,normal,388.06,0.44831067654320983,0.01785161134098335,0.032290040000000006,0.06446666666666667,100.42666666666666
20151126125458-16km-D3-NORMAL2-SECONDARY,D3,secondary,urban,normal,393.06,0.45848320000000015,0.01121562976301714,0.05107729600000001,0.12353333333333336,101.56666666666668
20151126125458-16km-D3-NORMAL2-SECONDARY,D3,secondary,urban,normal,398.06,0.4519194029180696,0.016100081251529924,0.12322617454545454,0.11042424242424245,100.83333333333334
20151126125458-16km-D3-NORMAL2-SECONDARY,D3,secondary,urban,normal,403.06,0.43676458271604934,0.02849352937872222,0.22041521199999997,0.024799999999999996,99.12000000000002
20151126125458-16km-D3-NORMAL2-SECONDARY,D3,secondary,urban,normal,408.06,0.4015787270233196,0.06273753953249582,0.37191330222222224,0.011851851851851851,95.01111111111112
20151126125458-16km-D3-NORMAL2-SECONDARY,D3,secondary,urban,normal,413.06,0.36553947654320973,0.050057483113661115,0.4641017840000001,0.07239999999999999,90.64
20151126125458-16km-D3-NORMAL2-SECONDARY,D3,secondary,urban,normal,418.06,0.34829868013468007,0.013929259736777055,0.4948993090909091,0.09696969696969697,88.52424242424242
20151126125458-16km-D3-NORMAL2-SECONDARY,D3,secondary,urban,normal,423.06,0.3478241032547699,0.013539341233534296,0.4694113963636363,0.10915151515151512,88.46363636363637
20151126125458-16km-D3-NORMAL2-SECONDARY,D3,secondary,urban,normal,428.06,0.35014810370370364,0.015631864286983054,0.35306686800000003,0.1328,88.75666666666666
20151126125458-16km-D3-NORMAL2-SECONDARY,D3,secondary,urban,normal,433.06,0.3618515829903978,0.017181362950047963,0.2224895111111111,0.09688888888888887,90.22592592592592
20151126125458-16km-D3-NORMAL2-SECONDARY,D3,secondary,urban,normal,438.06,0.3703874787379973,0.011445797518744368,0.19032425333333336,0.050592592592592606,91.28888888888888
20151126125458-16km-D3-NORMAL2-SECONDARY,D3,secondary,urban,normal,443.06,0.35986146172839506,0.03383343752802006,0.30346071599999996,0.04286666666666666,89.96666666666667
20151126125458-16km-D3-NORMAL2-SECONDARY,D3,secondary,urban,normal,448.06,0.32219254769921435,0.04999247303813104,0.47813987636363636,0.048242424242424246,85.07272727272728
20151126125458-16km-D3-NORMAL2-SECONDARY,D3,secondary,urban,normal,453.06,0.29017255667789005,0.041158947812333646,0.5254069127272727,0.04393939393939394,80.77878787878788
20151126125458-16km-D3-NORMAL2-SECONDARY,D3,secondary,urban,normal,458.06,0.27912586172839504,0.045445577936719175,0.36049659599999995,0.07646666666666666,79.23666666666666
20151126125458-16km-D3-NORMAL2-SECONDARY,D3,secondary,urban,normal,463.06,0.29107395884773657,0.03866079535144513,0.3604419377777777,0.13496296296296295,80.9
20151126125458-16km-D3-NORMAL2-SECONDARY,D3,secondary,urban,normal,468.06,0.2977480049382716,0.022607481046598394,0.5340731439999999,0.15973333333333334,81.84333333333333
20151126125458-16km-D3-NORMAL2-SECONDARY,D3,secondary,urban,normal,473.06,0.2908792148148148,0.027126884062415434,0.5271698440000001,0.10133333333333332,80.89666666666668
20151126125458-16km-D3-NORMAL2-SECONDARY,D3,secondary,urban,normal,478.06,0.3054372235939644,0.04198595736441857,0.4712269511111111,0.028370370370370365,82.86666666666666
20151126125458-16km-D3-NORMAL2-SECONDARY,D3,secondary,urban,normal,483.06,0.3255211456790124,0.028865911100568836,0.439971028,0.03353333333333333,85.57333333333334
20151126125458-16km-D3-NORMAL2-SECONDARY,D3,secondary,urban,normal,488.06,0.3318050505050505,0.014624418169336777,0.46115866909090913,0.04878787878787878,86.4030303030303
20151126125458-16km-D3-NORMAL2-SECONDARY,D3,secondary,urban,normal,493.06,0.32746634074074066,0.017099995926370147,0.48431172,0.05573333333333332,85.83333333333333
20151126125458-16km-D3-NORMAL2-SECONDARY,D3,secondary,urban,normal,498.06,0.33009112592592593,0.024540354940506787,0.43920100800000006,0.056999999999999995,86.17000000000002
20151126125458-16km-D3-NORMAL2-SECONDARY,D3,secondary,urban,normal,503.06,0.34258957037037036,0.021026306524033735,0.41786101200000003,0.06906666666666665,87.78666666666666
20151126125458-16km-D3-NORMAL2-SECONDARY,D3,secondary,urban,normal,508.06,0.3569509794238683,0.01537131260942617,0.35755304,0.0842962962962963,89.61481481481482
20151126125458-16km-D3-NORMAL2-SECONDARY,D3,secondary,urban,normal,513.06,0.36681455308641975,0.01604880940900987,0.24066067600000002,0.05499999999999999,90.84333333333332
20151126125458-16km-D3-NORMAL2-SECONDARY,D3,secondary,urban,normal,518.06,0.3805218630751964,0.014094674823158342,0.1942299018181818,0.03836363636363636,92.52424242424243
20151126125458-16km-D3-NORMAL2-SECONDARY,D3,secondary,urban,normal,523.06,0.3877537553310887,0.01684181937209595,0.18623376,0.08109090909090909,93.40303030303029
20151126125458-16km-D3-NORMAL2-SECONDARY,D3,secondary,urban,normal,528.06,0.38390316049382717,0.012688228885282904,0.1756003955555555,0.1148148148148148,92.93703703703703
20151126125458-16km-D3-NORMAL2-SECONDARY,D3,secondary,urban,normal,533.06,0.3790927407407408,0.007306392886023222,0.1755970311111111,0.12829629629629627,92.35555555555555
20151126125458-16km-D3-NORMAL2-SECONDARY,D3,secondary,urban,normal,538.06,0.3825888,0.005802780373200562,0.20961888,0.1449333333333333,92.78
20151126125458-16km-D3-NORMAL2-SECONDARY,D3,secondary,urban,normal,543.06,0.3859196098765432,0.008805624745421703,0.29102736799999995,0.23146666666666665,93.18333333333334
20151126125458-16km-D3-NORMAL2-SECONDARY,D3,secondary,urban,normal,548.06,0.3896335456790123,0.008763476197688079,0.38497012399999997,0.32953333333333334,93.63000000000001
20151126125458-16km-D3-NORMAL2-SECONDARY,D3,secondary,urban,normal,553.06,0.3922583075196408,0.009694210255129836,0.4222937381818182,0.3363030303030303,93.94545454545455
20151126125458-16km-D3-NORMAL2-SECONDARY,D3,secondary,urban,normal,558.06,0.396102127946128,0.012491548765335673,0.3461120290909091,0.3332727272727273,94.4030303030303
20151126125458-16km-D3-NORMAL2-SECONDARY,D3,secondary,urban,normal,563.06,0.41226330864197536,0.022688459878626152,0.16046767199999998,0.2686,96.3
20151126125458-16km-D3-NORMAL2-SECONDARY,D3,secondary,urban,normal,568.06,0.4249298617283951,0.02470018905289116,0.028242195999999997,0.21086666666666667,97.77666666666667
20151126125458-16km-D3-NORMAL2-SECONDARY,D3,secondary,urban,normal,573.06,0.41383594074074076,0.02603426069349073,0.0,0.19940000000000005,96.47999999999999
20151126125458-16km-D3-NORMAL2-SECONDARY,D3,secondary,urban,normal,578.06,0.3977819149519891,0.021708393817691077,0.0,0.12525925925925926,94.6
20151126125458-16km-D3-NORMAL2-SECONDARY,D3,secondary,urban,normal,583.06,0.4050054485596708,0.02355756422466694,0.0,0.1208148148148148,95.44814814814815
20151126125458-16km-D3-NORMAL2-SECONDARY,D3,secondary,urban,normal,588.06,0.42899342222222214,0.04869988734624105,0.0,0.1578,98.22
20151126125458-16km-D3-NORMAL2-SECONDARY,D3,secondary,urban,normal,593.06,0.46380030617283935,0.05753214047023949,0.0,0.14300000000000002,102.12
20151126125458-16km-D3-NORMAL2-SECONDARY,D3,secondary,urban,normal,598.06,0.4598801086419752,0.058457881249100896,0.0,0.1436,101.68
20151126125458-16km-D3-NORMAL2-SECONDARY,D3,secondary,urban,normal,603.06,0.42554552592592587,0.04983014640327248,0.0011048039999999996,0.15793333333333331,97.83666666666667
20151126125458-16km-D3-NORMAL2-SECONDARY,D3,secondary,urban,normal,608.06,0.42788821728395054,0.027981622675416807,0.0011048039999999996,0.1422,98.10666666666667
20151126125458-16km-D3-NORMAL2-SECONDARY,D3,secondary,urban,normal,613.06,0.4456633283950617,0.02538033758287206,0.0,0.13546666666666668,100.13333333333334
20151126125458-16km-D3-NORMAL2-SECONDARY,D3,secondary,urban,normal,618.06,0.46568762469135805,0.03228569711528462,0.005672755999999999,0.1865333333333333,102.34666666666666
20151126125458-16km-D3-NORMAL2-SECONDARY,D3,secondary,urban,normal,623.06,0.4756415443322109,0.017314961455345217,0.058260705454545446,0.2149090909090909,103.44848484848485
20151126125458-16km-D3-NORMAL2-SECONDARY,D3,secondary,urban,normal,628.06,0.4648109719416386,0.017937427432092982,0.21463547636363636,0.14509090909090905,102.26060606060604
20151126125458-16km-D3-NORMAL2-SECONDARY,D3,secondary,urban,normal,633.06,0.4454878353909465,0.036317716580237816,0.38556135555555554,0.0808888888888889,100.1037037037037
20151126125458-16km-D3-NORMAL2-SECONDARY,D3,secondary,urban,normal,638.06,0.4169530425240055,0.02846196791501577,0.3528299066666667,0.054740740740740736,96.84444444444446
20151126125458-16km-D3-NORMAL2-SECONDARY,D3,secondary,urban,normal,643.06,0.4003767950617284,0.01981583731639244,0.18819354400000002,0.05453333333333332,94.91000000000001
20151126125458-16km-D3-NORMAL2-SECONDARY,D3,secondary,urban,normal,648.06,0.3824279950617284,0.03123590703775505,0.04052038000000001,0.2672,92.74333333333333
20151126125458-16km-D3-NORMAL2-SECONDARY,D3,secondary,urban,normal,653.06,0.3572895506172839,0.04140027285577499,0.0005535360000000003,0.2861333333333333,89.64
20151126125458-16km-D3-NORMAL2-SECONDARY,D3,secondary,urban,normal,658.06,0.32802635061728397,0.04399099093731855,0.0,0.1879333333333333,85.87333333333333
20151126125458-16km-D3-NORMAL2-SECONDARY,D3,secondary,urban,normal,663.06,0.30037652839506174,0.04404558023710699,0.0,0.2667333333333334,82.19
20151204154908-25km-D4-AGGRESSIVE-MOTORWAY,D4,motorway,highway,aggressive,7.98,0.2886583569023569,0.345561540538402,0.0,0.07896969696969698,70.71212121212123
20151204154908-25km-D4-AGGRESSIVE-MOTORWAY,D4,motorway,highway,aggressive,12.98,0.4482975703703703,0.04994310805080869,0.0,0.08006666666666666,100.38666666666667
20151204154908-25km-D4-AGGRESSIVE-MOTORWAY,D4,motorway,highway,aggressive,17.98,0.4871691061728395,0.03394036087064443,0.0,0.07940000000000001,104.67999999999999
20151204154908-25km-D4-AGGRESSIVE-MOTORWAY,D4,motorway,highway,aggressive,22.98,0.5068084790123456,0.020180181336912247,0.0,0.10300000000000001,106.78333333333335
20151204154908-25km-D4-AGGRESSIVE-MOTORWAY,D4,motorway,highway,aggressive,27.98,0.49982938271604943,0.022111796868117144,0.0,0.11306666666666669,106.04
20151204154908-25km-D4-AGGRESSIVE-MOTORWAY,D4,motorway,highway,aggressive,32.980000000000004,0.4975928592592592,0.03955603849110048,0.006669508000000003,0.1259333333333333,105.8
20151204154908-25km-D4-AGGRESSIVE-MOTORWAY,D4,motorway,highway,aggressive,37.980000000000004,0.5134831160493828,0.066316821886257,0.195208408,0.18046666666666666,107.47
20151204154908-25km-D4-AGGRESSIVE-MOTORWAY,D4,motorway,highway,aggressive,42.980000000000004,0.4798828641975309,0.0813038911284151,0.5270783000000001,0.14813333333333337,103.80666666666666
20151204154908-25km-D4-AGGRESSIVE-MOTORWAY,D4,motorway,highway,aggressive,47.980000000000004,0.46020452345679014,0.07624595098236159,0.33860493599999997,0.15553333333333336,101.72
20151204154908-25km-D4-AGGRESSIVE-MOTORWAY,D4,motorway,highway,aggressive,52.980000000000004,0.5168968148148149,0.08281624353752944,6.553600000000034e-05,0.2053333333333333,107.75666666666669
20151204154908-25km-D4-AGGRESSIVE-MOTORWAY,D4,motorway,highway,aggressive,57.980000000000004,0.5891416049382716,0.07186375804575588,0.0,0.13060000000000002,115.06333333333335
20151204154908-25km-D4-AGGRESSIVE-MOTORWAY,D4,motorway,highway,aggressive,62.980000000000004,0.6356911901234568,0.030408753340762255,0.0,0.08553333333333334,119.58666666666666
20151204154908-25km-D4-AGGRESSIVE-MOTORWAY,D4,motorway,highway,aggressive,67.98,0.6547399654320987,0.01888930903000627,0.22560634799999998,0.12600000000000003,121.37
20151204154908-25km-D4-AGGRESSIVE-MOTORWAY,D4,motorway,highway,aggressive,72.98,0.6727431012345678,0.026043951591924207,0.42778712399999996,0.1696666666666667,123.02666666666669
20151204154908-25km-D4-AGGRESSIVE-MOTORWAY,D4,motorway,highway,aggressive,77.98,0.6975444592592593,0.029024992895275614,0.27861582399999996,0.21539999999999998,125.27000000000001
20151204154908-25km-D4-AGGRESSIVE-MOTORWAY,D4,motorway,highway,aggressive,82.98,0.6929725086419753,0.04583097318594394,0.091218036,0.24100000000000002,124.85
20151204154908-25km-D4-AGGRESSIVE-MOTORWAY,D4,motorway,highway,aggressive,87.98,0.6673525481481482,0.04664234525979012,0.14144646800000002,0.17973333333333336,122.53000000000002
20151204154908-25km-D4-AGGRESSIVE-MOTORWAY,D4,motorway,highway,aggressive,92.98,0.6561790962962963,0.031579948933615654,0.34377784,0.08960000000000001,121.50333333333333
20151204154908-25km-D4-AGGRESSIVE-MOTORWAY,D4,motorway,highway,aggressive,97.98,0.6403525432098766,0.042950915646407496,0.36591414400000005,0.08360000000000001,120.02666666666667
20151204154908-25km-D4-AGGRESSIVE-MOTORWAY,D4,motorway,highway,aggressive,102.98,0.6555623555555556,0.0517492457260883,0.148799784,0.16026666666666667,121.42333333333336
20151204154908-25km-D4-AGGRESSIVE-MOTORWAY,D4,motorway,highway,aggressive,107.98,0.6656542551440329,0.061492197352957495,0.0,0.18244444444444444,122.36296296296297
20151204154908-25km-D4-AGGRESSIVE-MOTORWAY,D4,motorway,highway,aggressive,112.98,0.6234116148148148,0.058908684763016375,0.0,0.22286666666666669,118.41333333333334
20151204154908-25km-D4-AGGRESSIVE-MOTORWAY,D4,motorway,highway,aggressive,117.98,0.5883104148148147,0.0428940316986947,0.08293949199999999,0.27346666666666664,115.02333333333334
20151204154908-25km-D4-AGGRESSIVE-MOTORWAY,D4,motorway,highway,aggressive,122.98,0.578242325925926,0.06868757981637656,0.25373575600000003,0.18119999999999994,114.03
20151204154908-25km-D4-AGGRESSIVE-MOTORWAY,D4,motorway,highway,aggressive,127.98,0.6179587259259259,0.07710643596884935,0.26868784399999995,0.14886666666666665,117.85333333333332
20151204154908-25km-D4-AGGRESSIVE-MOTORWAY,D4,motorway,highway,aggressive,132.98000000000002,0.6097226617283951,0.07610655068534503,0.14481635599999998,0.25326666666666664,117.04333333333334
20151204154908-25km-D4-AGGRESSIVE-MOTORWAY,D4,motorway,highway,aggressive,137.98000000000002,0.5720542177328845,0.06542093210830158,0.053717432727272724,0.28709090909090906,113.42727272727274
20151204154908-25km-D4-AGGRESSIVE-MOTORWAY,D4,motorway,highway,aggressive,142.98000000000002,0.5689376148148149,0.037071363221498885,0.0121644,0.18719999999999998,113.13666666666668
20151204154908-25km-D4-AGGRESSIVE-MOTORWAY,D4,motorway,highway,aggressive,147.98000000000002,0.5699219160493827,0.043490291569634715,0.0,0.10579999999999998,113.23333333333335
20151204154908-25km-D4-AGGRESSIVE-MOTORWAY,D4,motorway,highway,aggressive,152.98000000000002,0.5023030518518519,0.14793545353829313,9.609999999999949e-05,0.14279999999999998,105.96
20151204154908-25km-D4-AGGRESSIVE-MOTORWAY,D4,motorway,highway,aggressive,157.98000000000002,0.38985793580246914,0.16107498757011737,0.04797185600000001,0.17986666666666667,93.35333333333334
20151204154908-25km-D4-AGGRESSIVE-MOTORWAY,D4,motorway,highway,aggressive,162.98000000000002,0.38569886419753086,0.10478732625740964,0.047875756000000005,0.25120000000000003,92.97333333333333
20151204154908-25km-D4-AGGRESSIVE-MOTORWAY,D4,motorway,highway,aggressive,167.98000000000002,0.47594277530864204,0.11783507875494488,0.004485924000000004,0.24386666666666662,103.30666666666666
20151204154908-25km-D4-AGGRESSIVE-MOTORWAY,D4,motorway,highway,aggressive,172.98000000000002,0.5628170320987655,0.09952708144149411,0.014062964000000006,0.14966666666666667,112.43000000000002
20151204154908-25km-D4-AGGRESSIVE-MOTORWAY,D4,motorway,highway,aggressive,177.98000000000002,0.6395280987654323,0.07419918802391057,0.010641155555555556,0.12651851851851853,119.88148148148149
20151204154908-25km-D4-AGGRESSIVE-MOTORWAY,D4,motorway,highway,aggressive,182.98000000000002,0.6776080839506172,0.05061183663712189,0.0,0.12459999999999997,123.46999999999998
20151204154908-25km-D4-AGGRESSIVE-MOTORWAY,D4,motorway,highway,aggressive,187.98000000000002,0.6317166864197531,0.10559000168594021,0.0,0.10706666666666667,119.09666666666666
20151204154908-25km-D4-AGGRESSIVE-MOTORWAY,D4,motorway,highway,aggressive,192.98000000000002,0.48879703209876546,0.12976173042276645,0.14241246400000002,0.0774,104.58333333333333
20151204154908-25km-D4-AGGRESSIVE-MOTORWAY,D4,motorway,highway,aggressive,197.98000000000002,0.4194569652076318,0.061090959718149485,0.42427954545454544,0.10896969696969695,97.1121212121212
20151204154908-25km-D4-AGGRESSIVE-MOTORWAY,D4,motorway,highway,aggressive,202.98000000000002,0.38257099588477367,0.06342306949957878,0.6896766088888888,0.11222222222222222,92.71851851851851
20151204154908-25km-D4-AGGRESSIVE-MOTORWAY,D4,motorway,highway,aggressive,207.98000000000002,0.3729540790123457,0.10658901060054546,0.4772239599999999,0.08553333333333332,91.53
20151204154908-25km-D4-AGGRESSIVE-MOTORWAY,D4,motorway,highway,aggressive,212.98000000000002,0.3949728,0.0980678519754679,0.307386008,0.14213333333333333,94.19999999999999
20151204154908-25km-D4-AGGRESSIVE-MOTORWAY,D4,motorway,highway,aggressive,217.98000000000002,0.3980521037037037,0.09216320069052507,0.39519142800000007,0.1864666666666667,94.58333333333334
20151204154908-25km-D4-AGGRESSIVE-MOTORWAY,D4,motorway,highway,aggressive,222.98000000000002,0.3887508911335578,0.12560232602730353,0.5412572509090909,0.14381818181818182,93.42121212121214
20151204154908-25km-D4-AGGRESSIVE-MOTORWAY,D4,motorway,highway,aggressive,227.98000000000002,0.3625878172839506,0.11040718740804781,0.62663432,0.06326666666666667,90.17
20151204154908-25km-D4-AGGRESSIVE-MOTORWAY,D4,motorway,highway,aggressive,232.98000000000002,0.3536154666666667,0.04191130971055717,0.5286449959999999,0.053200000000000004,89.16
20151204154908-25km-D4-AGGRESSIVE-MOTORWAY,D4,motorway,highway,aggressive,237.98000000000002,0.36736099314128945,0.03946326101579392,0.5365466088888888,0.19903703703703707,90.90740740740742
20151204154908-25km-D4-AGGRESSIVE-MOTORWAY,D4,motorway,highway,aggressive,242.98000000000002,0.33618706666666665,0.06110207878452588,0.66740328,0.25253333333333333,86.91666666666667
20151204154908-25km-D4-AGGRESSIVE-MOTORWAY,D4,motorway,highway,aggressive,247.98000000000002,0.32228078563411894,0.05679322447579858,0.4340969745454546,0.13345454545454546,85.14242424242424
20151204154908-25km-D4-AGGRESSIVE-MOTORWAY,D4,motorway,highway,aggressive,252.98000000000002,0.31518367901234573,0.03648001334941193,0.31458594399999995,0.10499999999999998,84.19666666666667
20151204154908-25km-D4-AGGRESSIVE-MOTORWAY,D4,motorway,highway,aggressive,257.98,0.3001537777777778,0.0363886636807327,0.545690228,0.17713333333333334,82.17333333333333
20151204154908-25km-D4-AGGRESSIVE-MOTORWAY,D4,motorway,highway,aggressive,262.98,0.31038450370370374,0.04078489584253813,0.5949523400000001,0.16833333333333333,83.53999999999999
20151204154908-25km-D4-AGGRESSIVE-MOTORWAY,D4,motorway,highway,aggressive,267.98,0.3326176592592593,0.03194847637640606,0.49746412400000006,0.1542,86.5
20151204154908-25km-D4-AGGRESSIVE-MOTORWAY,D4,motorway,highway,aggressive,272.98,0.3640702024691358,0.05678203603421157,0.34130666,0.12186666666666665,90.44666666666667
20151204154908-25km-D4-AGGRESSIVE-MOTORWAY,D4,motorway,highway,aggressive,277.98,0.4240958518518518,0.09328166244473163,0.15823907599999998,0.05106666666666666,97.56666666666666
20151204154908-25km-D4-AGGRESSIVE-MOTORWAY,D4,motorway,highway,aggressive,282.98,0.5013448888888888,0.08776501509959174,0.01476564,0.10500000000000001,106.09333333333333
20151204154908-25km-D4-AGGRESSIVE-MOTORWAY,D4,motorway,highway,aggressive,287.98,0.5498830864197531,0.06304386406283698,0.0,0.21213333333333334,111.21666666666665
20151204154908-25km-D4-AGGRESSIVE-MOTORWAY,D4,motorway,highway,aggressive,292.98,0.5829701679012346,0.0691968467404768,0.0,0.15353333333333333,114.49666666666667
20151204154908-25km-D4-AGGRESSIVE-MOTORWAY,D4,motorway,highway,aggressive,297.98,0.5638511220850481,0.11343451706321835,0.029100911111111103,0.15562962962962965,112.4925925925926
20151204154908-25km-D4-AGGRESSIVE-MOTORWAY,D4,motorway,highway,aggressive,302.98,0.5000271555555555,0.09706628716444396,0.24781123600000005,0.19999999999999998,106.03666666666668
20151204154908-25km-D4-AGGRESSIVE-MOTORWAY,D4,motorway,highway,aggressive,307.98,0.4596660381593715,0.0904238681408457,0.3971210545454546,0.11939393939393939,101.58181818181819
20151204154908-25km-D4-AGGRESSIVE-MOTORWAY,D4,motorway,highway,aggressive,312.98,0.4037974716049383,0.11677443726134165,0.348756244,0.1764,95.24666666666666
20151204154908-25km-D4-AGGRESSIVE-MOTORWAY,D4,motorway,highway,aggressive,317.98,0.37040793086419754,0.06893287004402787,0.39902810000000005,0.18780000000000002,91.22666666666667
20151204154908-25km-D4-AGGRESSIVE-MOTORWAY,D4,motorway,highway,aggressive,322.98,0.35749310123456796,0.04245397875811886,0.575898192,0.17093333333333335,89.67
20151204154908-25km-D4-AGGRESSIVE-MOTORWAY,D4,motorway,highway,aggressive,327.98,0.3721808987654322,0.034832293107702056,0.500959048,0.30566666666666664,91.49333333333333
20151204154908-25km-D4-AGGRESSIVE-MOTORWAY,D4,motorway,highway,aggressive,332.98,0.37541461728395054,0.013222046495483357,0.21171717333333331,0.23725925925925923,91.9037037037037
20151204154908-25km-D4-AGGRESSIVE-MOTORWAY,D4,motorway,highway,aggressive,337.98,0.3648203061728395,0.02312081488920114,0.34462442000000004,0.16286666666666666,90.59333333333333
20151204154908-25km-D4-AGGRESSIVE-MOTORWAY,D4,motorway,highway,aggressive,342.98,0.36056905499438835,0.034482847132203176,0.6025459818181818,0.22030303030303025,90.06363636363636
20151204154908-25km-D4-AGGRESSIVE-MOTORWAY,D4,motorway,highway,aggressive,347.98,0.35011971851851853,0.039746395505242414,0.6287611439999999,0.15833333333333333,88.74333333333334
20151204154908-25km-D4-AGGRESSIVE-MOTORWAY,D4,motorway,highway,aggressive,352.98,0.3437682962962963,0.044370693689978,0.5806751720000001,0.14413333333333334,87.94
20151204154908-25km-D4-AGGRESSIVE-MOTORWAY,D4,motorway,highway,aggressive,357.98,0.37917799999999996,0.07639752737993402,0.3774067120000001,0.17373333333333335,92.25666666666666
20151204154908-25km-D4-AGGRESSIVE-MOTORWAY,D4,motorway,highway,aggressive,362.98,0.43275289437585734,0.0716520612065025,0.1548844266666666,0.15044444444444446,98.61851851851853
20151204154908-25km-D4-AGGRESSIVE-MOTORWAY,D4,motorway,highway,aggressive,367.98,0.43348453333333337,0.09274141817890988,0.360116636,0.12326666666666668,98.64666666666668
20151204154908-25km-D4-AGGRESSIVE-MOTORWAY,D4,motorway,highway,aggressive,372.98,0.3756062491582491,0.08575082373320962,0.6232198109090908,0.07836363636363636,91.68484848484849
20151204154908-25km-D4-AGGRESSIVE-MOTORWAY,D4,motorway,highway,aggressive,377.98,0.34226995061728405,0.06427900418866575,0.5848134120000001,0.20399999999999996,87.71000000000001
20151204154908-25km-D4-AGGRESSIVE-MOTORWAY,D4,motorway,highway,aggressive,382.98,0.39605565925925923,0.09596273071951847,0.30195552000000003,0.2888666666666666,94.25666666666666
20151204154908-25km-D4-AGGRESSIVE-MOTORWAY,D4,motorway,highway,aggressive,387.98,0.4690697728395062,0.08543445583101399,0.07905412800000003,0.16833333333333333,102.63666666666668
20151204154908-25km-D4-AGGRESSIVE-MOTORWAY,D4,motorway,highway,aggressive,392.98,0.5341030024691358,0.06473802993768779,0.004407404,0.17366666666666666,109.56666666666665
20151204154908-25km-D4-AGGRESSIVE-MOTORWAY,D4,motorway,highway,aggressive,397.98,0.5542264197530864,0.05607180029688869,0.0,0.19977777777777778,111.65555555555557
20151204154908-25km-D4-AGGRESSIVE-MOTORWAY,D4,motorway,highway,aggressive,402.98,0.5430557185185185,0.06318841815397061,0.0,0.21080000000000002,110.53
20151204154908-25km-D4-AGGRESSIVE-MOTORWAY,D4,motorway,highway,aggressive,407.98,0.5095122154882155,0.0873675441898184,0.0,0.15733333333333333,106.96969696969695
20151204154908-25km-D4-AGGRESSIVE-MOTORWAY,D4,motorway,highway,aggressive,412.98,0.4230238666666667,0.10407119117809813,0.0,0.13126666666666667,97.37666666666665
20151204154908-25km-D4-AGGRESSIVE-MOTORWAY,D4,motorway,highway,aggressive,417.98,0.3665087297668039,0.05970786863919453,0.0,0.11518518518518515,90.77777777777777
20151204154908-25km-D4-AGGRESSIVE-MOTORWAY,D4,motorway,highway,aggressive,422.98,0.33719524279835383,0.057294791524626576,0.0,0.05096296296296296,87.06296296296296
20151204154908-25km-D4-AGGRESSIVE-MOTORWAY,D4,motorway,highway,aggressive,427.98,0.30373149135802474,0.059124651972361095,0.0,0.19266666666666668,82.59666666666666
20151204154908-25km-D4-AGGRESSIVE-MOTORWAY,D4,motorway,highway,aggressive,432.98,0.2848329831649832,0.02545951582341421,0.006141781818181819,0.40399999999999997,80.05151515151516
20151204154908-25km-D4-AGGRESSIVE-MOTORWAY,D4,motorway,highway,aggressive,437.98,0.28408230617283947,0.036530497953133685,0.051099636000000004,0.3912,79.94333333333333
20151204154908-25km-D4-AGGRESSIVE-MOTORWAY,D4,motorway,highway,aggressive,442.98,0.2496750765432098,0.10037282313427062,0.2967617,0.1426666666666667,74.79666666666665
20151204154908-25km-D4-AGGRESSIVE-MOTORWAY,D4,motorway,highway,aggressive,447.98,0.18681881032547698,0.12918190623675227,0.32887215272727277,0.12606060606060607,64.19393939393939
20151204154908-25km-D4-AGGRESSIVE-MOTORWAY,D4,motorway,highway,aggressive,452.98,0.12811482030178326,0.07910184340558069,0.4095959288888889,0.15185185185185185,53.58518518518518
20151204154908-25km-D4-AGGRESSIVE-MOTORWAY,D4,motorway,highway,aggressive,457.98,0.1226896888888889,0.02314769522129977,0.526635824,0.11373333333333335,52.53333333333334
20151204154908-25km-D4-AGGRESSIVE-MOTORWAY,D4,motorway,highway,aggressive,462.98,0.12924607856341191,0.06139596726699142,0.33696484727272735,0.15557575757575756,53.87878787878787
20151204154908-25km-D4-AGGRESSIVE-MOTORWAY,D4,motorway,highway,aggressive,467.98,0.15518129382716048,0.07296931586599621,0.22701301599999996,0.16506666666666664,58.9
20151204154908-25km-D4-AGGRESSIVE-MOTORWAY,D4,motorway,highway,aggressive,472.98,0.18123049657064472,0.03520154019291767,0.2710156622222222,0.21629629629629632,63.84444444444445
20151204154908-25km-D4-AGGRESSIVE-MOTORWAY,D4,motorway,highway,aggressive,477.98,0.17691663209876543,0.04985661264096709,0.42996136000000007,0.2734,63.06666666666666
20151204154908-25km-D4-AGGRESSIVE-MOTORWAY,D4,motorway,highway,aggressive,482.98,0.18434063703703707,0.06987409037011688,0.534373376,0.2484,64.31666666666666
20151204154908-25km-D4-AGGRESSIVE-MOTORWAY,D4,motorway,highway,aggressive,487.98,0.19716566419753087,0.05109972095031741,0.5822428,0.26659999999999995,66.58333333333334
20151204154908-25km-D4-AGGRESSIVE-MOTORWAY,D4,motorway,highway,aggressive,492.98,0.1936028197530864,0.055368025458162815,0.547093692,0.2653333333333333,65.98333333333333
20151204154908-25km-D4-AGGRESSIVE-MOTORWAY,D4,motorway,highway,aggressive,497.98,0.2063713086419753,0.07528503198123357,0.374518944,0.2741333333333334,68.09333333333333
20151204154908-25km-D4-AGGRESSIVE-MOTORWAY,D4,motorway,highway,aggressive,502.98,0.21954049382716048,0.0784490673438406,0.316867484,0.26940000000000003,70.23333333333332
20151204154908-25km-D4-AGGRESSIVE-MOTORWAY,D4,motorway,highway,aggressive,507.98,0.25547998024691365,0.10068017228637172,0.21694841999999995,0.2808666666666667,75.67999999999999
20151204154908-25km-D4-AGGRESSIVE-MOTORWAY,D4,motorway,highway,aggressive,512.98,0.30786383389450056,0.0950087400719914,0.2658549781818182,0.22781818181818184,83.0090909090909
20151204154908-25km-D4-AGGRESSIVE-MOTORWAY,D4,motorway,highway,aggressive,517.98,0.31902998628257895,0.1680359597210636,0.43570432444444446,0.1542222222222222,84.48518518518519
20151204154908-25km-D4-AGGRESSIVE-MOTORWAY,D4,motorway,highway,aggressive,522.98,0.1983626172839506,0.20501365241592331,0.5622514279999999,0.21680000000000002,65.72
20151204154908-25km-D4-AGGRESSIVE-MOTORWAY,D4,motorway,highway,aggressive,527.98,0.13709758024691363,0.11650108338819255,0.640535370909091,0.20630303030303027,55.43030303030302
20151204154908-25km-D4-AGGRESSIVE-MOTORWAY,D4,motorway,highway,aggressive,532.98,0.12128538765432104,0.040496014453426064,0.64979284,0.1394,52.18333333333335
20151204154908-25km-D4-AGGRESSIVE-MOTORWAY,D4,motorway,highway,aggressive,537.98,0.11990582222222226,0.032174728605506624,0.6106859640000001,0.18380000000000002,51.91000000000001
20151204154908-25km-D4-AGGRESSIVE-MOTORWAY,D4,motorway,highway,aggressive,542.98,0.12843420246913584,0.047132443340772066,0.5365421319999999,0.231,53.733333333333334
20151204154908-25km-D4-AGGRESSIVE-MOTORWAY,D4,motorway,highway,aggressive,547.98,0.11998115555555558,0.07427318007753028,0.41624215600000003,0.16426666666666664,51.84000000000001
20151204154908-25km-D4-AGGRESSIVE-MOTORWAY,D4,motorway,highway,aggressive,552.98,0.09550831111111113,0.08486099174248538,0.16773943600000002,0.05853333333333334,46.16333333333334
20151204154908-25km-D4-AGGRESSIVE-MOTORWAY,D4,motorway,highway,aggressive,557.98,0.09764090370370374,0.07933900854186063,0.160603356,0.08480000000000001,46.67
20151204154908-25km-D4-AGGRESSIVE-MOTORWAY,D4,motorway,highway,aggressive,562.98,0.12766436049382718,0.06715830339769457,0.50241458,0.12120000000000002,53.483333333333334
20151204154908-25km-D4-AGGRESSIVE-MOTORWAY,D4,motorway,highway,aggressive,567.98,0.15694911385459534,0.0835904797444193,0.6446469466666667,0.06659259259259259,59.303703703703704
20151204154908-25km-D4-AGGRESSIVE-MOTORWAY,D4,motorway,highway,aggressive,572.98,0.21160452839506175,0.09329837581236035,0.5626164479999999,0.06266666666666668,68.79666666666667
20151204154908-25km-D4-AGGRESSIVE-MOTORWAY,D4,motorway,highway,aggressive,577.98,0.24178331762065094,0.0488871430726976,0.5607721636363636,0.06612121212121212,73.73939393939393
20151204154908-25km-D4-AGGRESSIVE-MOTORWAY,D4,motorway,highway,aggressive,582.98,0.26465143703703703,0.0783168403891323,0.5455858920000001,0.06259999999999999,77.10000000000001
20151204154908-25km-D4-AGGRESSIVE-MOTORWAY,D4,motorway,highway,aggressive,587.98,0.3199863061728395,0.10362923178751578,0.46226581600000005,0.21073333333333336,84.63666666666667
20151204154908-25km-D4-AGGRESSIVE-MOTORWAY,D4,motorway,highway,aggressive,592.98,0.38036219259259263,0.06946851599779251,0.37764621600000003,0.2975333333333333,92.46000000000001
20151204154908-25km-D4-AGGRESSIVE-MOTORWAY,D4,motorway,highway,aggressive,597.98,0.4132631160493827,0.04287770534170143,0.40989255199999997,0.266,96.41000000000001
20151204154908-25km-D4-AGGRESSIVE-MOTORWAY,D4,motorway,highway,aggressive,602.98,0.436436612345679,0.03136665474725721,0.4876203759999999,0.29500000000000004,99.08666666666667
20151204154908-25km-D4-AGGRESSIVE-MOTORWAY,D4,motorway,highway,aggressive,607.98,0.45971159396433464,0.03068242360019341,0.5595622933333333,0.22,101.68888888888888
20151204154908-25km-D4-AGGRESSIVE-MOTORWAY,D4,motorway,highway,aggressive,612.98,0.4877819209876543,0.034797531079889484,0.550225252,0.17240000000000003,104.75
20151204154908-25km-D4-AGGRESSIVE-MOTORWAY,D4,motorway,highway,aggressive,617.98,0.5073707833894502,0.027302150144107303,0.4925408254545454,0.23509090909090913,106.83030303030301
20151204154908-25km-D4-AGGRESSIVE-MOTORWAY,D4,motorway,highway,aggressive,622.98,0.5030048049382716,0.06014163553861782,0.5204382639999999,0.18726666666666664,106.34333333333333
20151204154908-25km-D4-AGGRESSIVE-MOTORWAY,D4,motorway,highway,aggressive,627.98,0.46806679286694103,0.07909416774046578,0.5405947333333334,0.13318518518518518,102.57407407407408
20151204154908-25km-D4-AGGRESSIVE-MOTORWAY,D4,motorway,highway,aggressive,632.98,0.473178286419753,0.055301314718554664,0.5013825599999999,0.19726666666666667,103.14333333333335
20151204154908-25km-D4-AGGRESSIVE-MOTORWAY,D4,motorway,highway,aggressive,637.98,0.5153536938271606,0.06057513081402103,0.45474004400000007,0.16233333333333333,107.62333333333333
20151204154908-25km-D4-AGGRESSIVE-MOTORWAY,D4,motorway,highway,aggressive,642.98,0.580411037037037,0.05737628956202595,0.372536924,0.09233333333333335,114.24333333333334
20151204154908-25km-D4-AGGRESSIVE-MOTORWAY,D4,motorway,highway,aggressive,647.98,0.6260992996632997,0.049585218837913045,0.22338464363636365,0.19351515151515153,118.64545454545454
20151204154908-25km-D4-AGGRESSIVE-MOTORWAY,D4,motorway,highway,aggressive,652.98,0.6729902370370371,0.03571705007771549,0.04172622800000001,0.21693333333333334,123.04333333333334
20151204154908-25km-D4-AGGRESSIVE-MOTORWAY,D4,motorway,highway,aggressive,657.98,0.7007016021947874,0.030682858652302556,0.032400000000000005,0.09429629629629628,125.55185185185185
20151204154908-25km-D4-AGGRESSIVE-MOTORWAY,D4,motorway,highway,aggressive,662.98,0.7115472395061729,0.04381593202685526,0.248842788,0.10426666666666666,126.52666666666667
20151204154908-25km-D4-AGGRESSIVE-MOTORWAY,D4,motorway,highway,aggressive,667.98,0.6764688543209876,0.08760356121866514,0.3955219120000001,0.1628666666666667,123.30333333333333
20151204154908-25km-D4-AGGRESSIVE-MOTORWAY,D4,motorway,highway,aggressive,672.98,0.6214266469135803,0.09042967630923833,0.4041081,0.2195333333333333,118.21333333333334
20151204154908-25km-D4-AGGRESSIVE-MOTORWAY,D4,motorway,highway,aggressive,677.98,0.6474013647586981,0.0599785839090123,0.2075172509090909,0.24006060606060603,120.63030303030304
20151204154908-25km-D4-AGGRESSIVE-MOTORWAY,D4,motorway,highway,aggressive,682.98,0.7123976691358025,0.05109188360042083,0.0,0.2006666666666667,126.57333333333334
20151204154908-25km-D4-AGGRESSIVE-MOTORWAY,D4,motorway,highway,aggressive,687.98,0.7287432790123456,0.04505748081353275,0.001203123999999999,0.10906666666666667,128.04000000000002
20151204154908-25km-D4-AGGRESSIVE-MOTORWAY,D4,motorway,highway,aggressive,692.98,0.7195488888888889,0.05686298179499509,0.10519362799999998,0.08426666666666667,127.23333333333332
20151204154908-25km-D4-AGGRESSIVE-MOTORWAY,D4,motorway,highway,aggressive,697.98,0.6856544801097394,0.07721467985559427,0.3156794133333333,0.07037037037037037,124.14444444444445
20151204154908-25km-D4-AGGRESSIVE-MOTORWAY,D4,motorway,highway,aggressive,702.98,0.6139390074074074,0.05228341989701677,0.458274796,0.07746666666666666,117.50333333333333
20151204154908-25km-D4-AGGRESSIVE-MOTORWAY,D4,motorway,highway,aggressive,707.98,0.5905411447811448,0.021069331750567435,0.4334377454545455,0.0723030303030303,115.26666666666667
20151204154908-25km-D4-AGGRESSIVE-MOTORWAY,D4,motorway,highway,aggressive,712.98,0.5782372543209876,0.024130881251526154,0.39970819600000007,0.07006666666666665,114.05999999999999
20151204154908-25km-D4-AGGRESSIVE-MOTORWAY,D4,motorway,highway,aggressive,717.98,0.5862754222222222,0.02631179179031662,0.42805293200000005,0.14619999999999997,114.84333333333333
20151204154908-25km-D4-AGGRESSIVE-MOTORWAY,D4,motorway,highway,aggressive,722.98,0.5904194074074074,0.03953231672991532,0.430545928,0.1434666666666667,115.24666666666667
20151204154908-25km-D4-AGGRESSIVE-MOTORWAY,D4,motorway,highway,aggressive,727.98,0.5710389190672154,0.0501930921555284,0.22619277777777777,0.08377777777777777,113.33703703703704
20151204154908-25km-D4-AGGRESSIVE-MOTORWAY,D4,motorway,highway,aggressive,732.98,0.6042470716049382,0.06900379228877253,0.0,0.13466666666666666,116.52666666666664
20151204154908-25km-D4-AGGRESSIVE-MOTORWAY,D4,motorway,highway,aggressive,737.98,0.6672437037037035,0.06581558054390041,0.0,0.17933333333333334,122.46363636363635
20151204154908-25km-D4-AGGRESSIVE-MOTORWAY,D4,motorway,highway,aggressive,742.98,0.7043880197530863,0.03834806472767778,0.002323732000000002,0.2908666666666667,125.88666666666666
20151204154908-25km-D4-AGGRESSIVE-MOTORWAY,D4,motorway,highway,aggressive,747.98,0.685815471604938,0.035152080915653514,0.10516052000000001,0.38713333333333333,124.21
20151204154908-25km-D4-AGGRESSIVE-MOTORWAY,D4,motorway,highway,aggressive,752.98,0.6283171160493825,0.08475759317629418,0.392804748,0.2700666666666667,118.80666666666666
20151204154908-25km-D4-AGGRESSIVE-MOTORWAY,D4,motorway,highway,aggressive,757.98,0.5310382765432097,0.11847481611883057,0.6136982120000001,0.2284,109.10999999999999
20151204154908-25km-D4-AGGRESSIVE-MOTORWAY,D4,motorway,highway,aggressive,762.98,0.4626702370370369,0.07466690379398125,0.383978896,0.22499999999999995,101.99666666666664
20151204154908-25km-D4-AGGRESSIVE-MOTORWAY,D4,motorway,highway,aggressive,767.98,0.4673535950617283,0.04652069145461329,0.211528304,0.12060000000000001,102.52333333333331
20151204154908-25km-D4-AGGRESSIVE-MOTORWAY,D4,motorway,highway,aggressive,772.98,0.44672078518518504,0.06874273367396953,0.4401566600000001,0.0862,100.14999999999998
20151204154908-25km-D4-AGGRESSIVE-MOTORWAY,D4,motorway,highway,aggressive,777.98,0.40681094814814794,0.06003074244644764,0.611059976,0.08213333333333334,95.65666666666665
20151204154908-25km-D4-AGGRESSIVE-MOTORWAY,D4,motorway,highway,aggressive,782.98,0.4134815089163235,0.04436183804192125,0.63756088,0.08755555555555555,96.44074074074071
20151204154908-25km-D4-AGGRESSIVE-MOTORWAY,D4,motorway,highway,aggressive,787.98,0.44487981728395043,0.045225485512540686,0.63368476,0.12873333333333334,100.02333333333331
20151204154908-25km-D4-AGGRESSIVE-MOTORWAY,D4,motorway,highway,aggressive,792.98,0.45884253647586964,0.0377667711642562,0.6219347309090908,0.18987878787878787,101.6030303030303
20151204154908-25km-D4-AGGRESSIVE-MOTORWAY,D4,motorway,highway,aggressive,797.98,0.48862265185185166,0.06804002448991894,0.56960608,0.38993333333333335,104.78999999999996
20151204154908-25km-D4-AGGRESSIVE-MOTORWAY,D4,motorway,highway,aggressive,802.98,0.5560415209876541,0.08434387628380194,0.295593276,0.3252666666666667,111.76666666666665
20151204154908-25km-D4-AGGRESSIVE-MOTORWAY,D4,motorway,highway,aggressive,807.98,0.5982501289437585,0.096276543660289,0.10770463555555557,0.08540740740740742,115.99259259259257
20151204154908-25km-D4-AGGRESSIVE-MOTORWAY,D4,motorway,highway,aggressive,812.98,0.5389908691358022,0.08445687204399256,0.24226066,0.0654,109.96999999999998
20151204154908-25km-D4-AGGRESSIVE-MOTORWAY,D4,motorway,highway,aggressive,817.98,0.4860719551066215,0.04774328795729196,0.3168895272727273,0.2075151515151515,104.56363636363632
20151204154908-25km-D4-AGGRESSIVE-MOTORWAY,D4,motorway,highway,aggressive,822.98,0.48207978765432075,0.025984047193142568,0.48420480800000004,0.194,104.14333333333329
20151204154908-25km-D4-AGGRESSIVE-MOTORWAY,D4,motorway,highway,aggressive,827.98,0.4866859012345676,0.017095793709293615,0.573233928,0.04646666666666667,104.64333333333332
20151204154908-25km-D4-AGGRESSIVE-MOTORWAY,D4,motorway,highway,aggressive,832.98,0.49630646419753066,0.023316312882242587,0.48825917999999985,0.06386666666666665,105.6633333333333
20151204154908-25km-D4-AGGRESSIVE-MOTORWAY,D4,motorway,highway,aggressive,837.98,0.5234905827160492,0.042931993896378425,0.424871324,0.05853333333333335,108.50999999999996
20151204154908-25km-D4-AGGRESSIVE-MOTORWAY,D4,motorway,highway,aggressive,842.98,0.5562137135802466,0.04538901930272839,0.428285276,0.07200000000000001,111.84333333333329
20151204154908-25km-D4-AGGRESSIVE-MOTORWAY,D4,motorway,highway,aggressive,847.98,0.5566163012345676,0.060103499596270024,0.508764696,0.0612,111.87666666666664
20151204154908-25km-D4-AGGRESSIVE-MOTORWAY,D4,motorway,highway,aggressive,852.98,0.528761096296296,0.0532746981560388,0.5376687600000001,0.11793333333333333,109.05333333333331
20151204154908-25km-D4-AGGRESSIVE-MOTORWAY,D4,motorway,highway,aggressive,857.98,0.5217374567901232,0.032561866001608236,0.25634854,0.2472666666666667,108.34333333333329
20151204154908-25km-D4-AGGRESSIVE-MOTORWAY,D4,motorway,highway,aggressive,862.98,0.5560384543209874,0.058402347905334794,0.0,0.24980000000000002,111.79666666666665
20151204154908-25km-D4-AGGRESSIVE-MOTORWAY,D4,motorway,highway,aggressive,867.98,0.6139939160493826,0.06120860600054719,0.0,0.18046666666666666,117.49999999999997
20151204154908-25km-D4-AGGRESSIVE-MOTORWAY,D4,motorway,highway,aggressive,872.98,0.608823348148148,0.08344382957680274,0.0,0.24926666666666666,116.97999999999998
20151204154908-25km-D4-AGGRESSIVE-MOTORWAY,D4,motorway,highway,aggressive,877.98,0.5267295308641973,0.10185224680467123,0.0,0.2964,108.70666666666664
20151204154908-25km-D4-AGGRESSIVE-MOTORWAY,D4,motorway,highway,aggressive,882.98,0.4639659643347048,0.06915012652564188,0.00013227111111111079,0.22525925925925927,102.14444444444442
20151204154908-25km-D4-AGGRESSIVE-MOTORWAY,D4,motorway,highway,aggressive,887.98,0.42724673086419723,0.04420353227214808,0.31002196000000004,0.2727333333333333,98.02333333333331
20151204154908-25km-D4-AGGRESSIVE-MOTORWAY,D4,motorway,highway,aggressive,892.98,0.4000546913580244,0.050570901875963026,0.5530411679999999,0.23500000000000001,94.84999999999998
20151204154908-25km-D4-AGGRESSIVE-MOTORWAY,D4,motorway,highway,aggressive,897.98,0.38964820740740713,0.05546712169972675,0.5744882440000001,0.15426666666666664,93.61999999999998
20151204154908-25km-D4-AGGRESSIVE-MOTORWAY,D4,motorway,highway,aggressive,902.98,0.3894994864197529,0.03875510465711088,0.528620804,0.23713333333333336,93.60666666666665
20151204154908-25km-D4-AGGRESSIVE-MOTORWAY,D4,motorway,highway,aggressive,907.98,0.3785791220850478,0.025261889097771394,0.3933618933333334,0.32851851851851843,92.29259259259257
20151204154908-25km-D4-AGGRESSIVE-MOTORWAY,D4,motorway,highway,aggressive,912.98,0.35340729876543187,0.0547729396838512,0.364135084,0.2889333333333333,89.1133333333333
20151204154908-25km-D4-AGGRESSIVE-MOTORWAY,D4,motorway,highway,aggressive,917.98,0.3353512188552186,0.061798217753850436,0.42273538181818177,0.3116969696969697,86.84848484848483
20151204154908-25km-D4-AGGRESSIVE-MOTORWAY,D4,motorway,highway,aggressive,922.98,0.357220776655443,0.04523911646613353,0.23420793454545452,0.29212121212121217,89.61212121212118
20151204154908-25km-D4-AGGRESSIVE-MOTORWAY,D4,motorway,highway,aggressive,927.98,0.384118809876543,0.07572192559328911,0.0,0.12799999999999997,92.9433333333333
20151204160823-25km-D4-DROWSY-MOTORWAY,D4,motorway,highway,drowsy,7.61,0.25150207901234567,0.4052056435296484,0.037383287999999994,0.05393333333333333,69.19000000000001
20151204160823-25km-D4-DROWSY-MOTORWAY,D4,motorway,highway,drowsy,12.61,0.3138267851851852,0.060451033656698495,0.224004448,0.14406666666666665,83.97333333333333
20151204160823-25km-D4-DROWSY-MOTORWAY,D4,motorway,highway,drowsy,17.61,0.3050905086419753,0.07211399249302475,0.18662115999999998,0.14006666666666664,82.82000000000001
20151204160823-25km-D4-DROWSY-MOTORWAY,D4,motorway,highway,drowsy,22.61,0.3387459034792368,0.041056349449226426,0.0,0.08945454545454545,87.26060606060607
20151204160823-25km-D4-DROWSY-MOTORWAY,D4,motorway,highway,drowsy,27.61,0.3597351950617284,0.01952554278842065,0.0,0.1684,89.96333333333334
20151204160823-25km-D4-DROWSY-MOTORWAY,D4,motorway,highway,drowsy,32.61,0.3686206271604939,0.01233731658116838,0.188050572,0.21626666666666666,91.07
20151204160823-25km-D4-DROWSY-MOTORWAY,D4,motorway,highway,drowsy,37.61,0.3866796408529742,0.04251568740285324,0.17609373818181817,0.2730909090909091,93.23636363636363
20151204160823-25km-D4-DROWSY-MOTORWAY,D4,motorway,highway,drowsy,42.61,0.4207069684499314,0.05192870977107514,0.006280600000000001,0.2715555555555556,97.25555555555555
20151204160823-25km-D4-DROWSY-MOTORWAY,D4,motorway,highway,drowsy,47.61,0.4383825130315501,0.016206186947413475,0.0,0.1698518518518518,99.31481481481481
20151204160823-25km-D4-DROWSY-MOTORWAY,D4,motorway,highway,drowsy,52.61,0.43931166778900116,0.02532112289976115,0.0,0.25715151515151513,99.41818181818181
20151204160823-25km-D4-DROWSY-MOTORWAY,D4,motorway,highway,drowsy,57.61,0.44010120493827154,0.03059168478956128,0.0,0.23506666666666667,99.50666666666666
20151204160823-25km-D4-DROWSY-MOTORWAY,D4,motorway,highway,drowsy,62.61,0.437420658436214,0.026664271333553438,0.0,0.09881481481481481,99.20370370370371
20151204160823-25km-D4-DROWSY-MOTORWAY,D4,motorway,highway,drowsy,67.61,0.44746498765432097,0.04847515532969062,0.0,0.2142,100.32000000000001
20151204160823-25km-D4-DROWSY-MOTORWAY,D4,motorway,highway,drowsy,72.61,0.4750436588103254,0.05173784849951763,0.0,0.2657575757575757,103.36060606060606
20151204160823-25km-D4-DROWSY-MOTORWAY,D4,motorway,highway,drowsy,77.61,0.4792740641975309,0.02955475683247265,0.0,0.2566666666666667,103.83333333333333
20151204160823-25km-D4-DROWSY-MOTORWAY,D4,motorway,highway,drowsy,82.61,0.46205149629629627,0.016964511992435226,0.0,0.2553333333333333,101.96000000000001
20151204160823-25km-D4-DROWSY-MOTORWAY,D4,motorway,highway,drowsy,87.61,0.45266468237934904,0.017015411810957948,0.0,0.2241212121212121,100.91515151515154
20151204160823-25km-D4-DROWSY-MOTORWAY,D4,motorway,highway,drowsy,92.61,0.4442631001371742,0.02128910673636509,0.0,0.20874074074074075,99.97777777777777
20151204160823-25km-D4-DROWSY-MOTORWAY,D4,motorway,highway,drowsy,97.61,0.44789789629629634,0.01201128787885839,0.003457816,0.2255333333333333,100.38666666666667
20151204160823-25km-D4-DROWSY-MOTORWAY,D4,motorway,highway,drowsy,102.61,0.43829063075196406,0.03167608348435132,0.0031434690909090904,0.31587878787878787,99.28484848484847
20151204160823-25km-D4-DROWSY-MOTORWAY,D4,motorway,highway,drowsy,107.61,0.4150007956104252,0.05013299042700308,0.0,0.28059259259259256,96.61111111111111
20151204160823-25km-D4-DROWSY-MOTORWAY,D4,motorway,highway,drowsy,112.61,0.42086933882030175,0.04435789073104984,0.0,0.11748148148148146,97.29259259259258
20151204160823-25km-D4-DROWSY-MOTORWAY,D4,motorway,highway,drowsy,117.61,0.41889482962962965,0.04744835531151676,0.0,0.20600000000000002,97.06333333333332
20151204160823-25km-D4-DROWSY-MOTORWAY,D4,motorway,highway,drowsy,122.61,0.4105910469135803,0.04140335276038151,0.0,0.28546666666666665,96.11000000000001
20151204160823-25km-D4-DROWSY-MOTORWAY,D4,motorway,highway,drowsy,127.61,0.40211880987654325,0.04165531574469497,0.0,0.2457333333333333,95.09666666666666
20151204160823-25km-D4-DROWSY-MOTORWAY,D4,motorway,highway,drowsy,132.61,0.3848883501683502,0.028819667629784686,0.0,0.19090909090909092,93.05454545454545
20151204160823-25km-D4-DROWSY-MOTORWAY,D4,motorway,highway,drowsy,137.61,0.3798162109988777,0.022606658007287936,0.0,0.19587878787878787,92.43939393939394
20151204160823-25km-D4-DROWSY-MOTORWAY,D4,motorway,highway,drowsy,142.61,0.37956192592592597,0.03293583261164741,0.0,0.3002666666666666,92.40666666666667
20151204160823-25km-D4-DROWSY-MOTORWAY,D4,motorway,highway,drowsy,147.61,0.39227768888888886,0.022180036279093825,0.0,0.2046666666666667,93.94
20151204160823-25km-D4-DROWSY-MOTORWAY,D4,motorway,highway,drowsy,152.61,0.3984322962962963,0.011462408930871366,0.0,0.1399259259259259,94.68148148148147
20151204160823-25km-D4-DROWSY-MOTORWAY,D4,motorway,highway,drowsy,157.61,0.3942412345679013,0.019549686365900838,0.0,0.20725925925925925,94.1814814814815
20151204160823-25km-D4-DROWSY-MOTORWAY,D4,motorway,highway,drowsy,162.61,0.39510757800224466,0.024978988598020637,0.0,0.20642424242424237,94.2818181818182
20151204160823-25km-D4-DROWSY-MOTORWAY,D4,motorway,highway,drowsy,167.61,0.39192340740740744,0.016927915077617137,0.0,0.1861818181818182,93.89999999999999
20151204160823-25km-D4-DROWSY-MOTORWAY,D4,motorway,highway,drowsy,172.61,0.3811702112482853,0.020621755697089288,0.0,0.2454074074074074,92.60370370370369
20151204160823-25km-D4-DROWSY-MOTORWAY,D4,motorway,highway,drowsy,177.61,0.37536517421124826,0.041064516152558635,0.0,0.28059259259259256,91.8925925925926
20151204160823-25km-D4-DROWSY-MOTORWAY,D4,motorway,highway,drowsy,182.61,0.38112339259259265,0.04423132913853171,0.0,0.18460000000000001,92.59
20151204160823-25km-D4-DROWSY-MOTORWAY,D4,motorway,highway,drowsy,187.61,0.3809903456790123,0.038107643766825634,0.0007123360000000005,0.3179333333333333,92.57666666666668
20151204160823-25km-D4-DROWSY-MOTORWAY,D4,motorway,highway,drowsy,192.61,0.38663886913580237,0.030847132788773775,0.0007123360000000005,0.4592666666666666,93.25666666666666
20151204160823-25km-D4-DROWSY-MOTORWAY,D4,motorway,highway,drowsy,197.61,0.4018023950617283,0.030412422664024906,0.0,0.30379999999999996,95.07666666666665
20151204160823-25km-D4-DROWSY-MOTORWAY,D4,motorway,highway,drowsy,202.61,0.4057101773288439,0.02480899369888751,0.0,0.21424242424242423,95.53939393939395
20151204160823-25km-D4-DROWSY-MOTORWAY,D4,motorway,highway,drowsy,207.61,0.40774395061728386,0.017568478206358616,0.015476356000000007,0.15140000000000003,95.78
20151204160823-25km-D4-DROWSY-MOTORWAY,D4,motorway,highway,drowsy,212.61,0.41037805925925924,0.013162197610258311,0.015476356000000007,0.17506666666666665,96.09
20151204160823-25km-D4-DROWSY-MOTORWAY,D4,motorway,highway,drowsy,217.61,0.4122912197530864,0.012242127572863203,0.0,0.2019333333333333,96.31333333333332
20151204160823-25km-D4-DROWSY-MOTORWAY,D4,motorway,highway,drowsy,222.61,0.41632882304526747,0.007715151927124037,0.0,0.1622962962962963,96.78518518518518
20151204160823-25km-D4-DROWSY-MOTORWAY,D4,motorway,highway,drowsy,227.61,0.42072236049382716,0.012686472807401117,0.0,0.19393333333333335,97.29333333333335
20151204160823-25km-D4-DROWSY-MOTORWAY,D4,motorway,highway,drowsy,232.61,0.42311095802469134,0.011793109837924403,0.0,0.21353333333333335,97.57000000000001
20151204160823-25km-D4-DROWSY-MOTORWAY,D4,motorway,highway,drowsy,237.61,0.4187316987654321,0.00892840777975124,0.0,0.22360000000000002,97.06333333333336
20151204160823-25km-D4-DROWSY-MOTORWAY,D4,motorway,highway,drowsy,242.61,0.4111659438832771,0.009851194344735376,0.0,0.22769696969696973,96.18181818181819
20151204160823-25km-D4-DROWSY-MOTORWAY,D4,motorway,highway,drowsy,247.61,0.40645329876543207,0.012998795861666643,0.09446667600000001,0.2984,95.62999999999998
20151204160823-25km-D4-DROWSY-MOTORWAY,D4,motorway,highway,drowsy,252.61,0.379736424691358,0.048667285085044684,0.23918145600000001,0.32133333333333336,92.38
20151204160823-25km-D4-DROWSY-MOTORWAY,D4,motorway,highway,drowsy,257.61,0.3600971259259259,0.06203309102629241,0.23193146000000003,0.2667333333333333,89.98666666666666
20151204160823-25km-D4-DROWSY-MOTORWAY,D4,motorway,highway,drowsy,262.61,0.3686630271604938,0.04853966172988347,0.134271656,0.2484666666666666,91.05666666666667
20151204160823-25km-D4-DROWSY-MOTORWAY,D4,motorway,highway,drowsy,267.61,0.3977355106621773,0.040509331760382745,0.04277725090909091,0.19763636363636364,94.55454545454546
20151204160823-25km-D4-DROWSY-MOTORWAY,D4,motorway,highway,drowsy,272.61,0.42359384197530864,0.031358009577953636,0.04050049600000001,0.11973333333333333,97.62333333333333
20151204160823-25km-D4-DROWSY-MOTORWAY,D4,motorway,highway,drowsy,277.61,0.4309593744855966,0.01888911067292938,0.09409272000000003,0.16607407407407407,98.46666666666667
20151204160823-25km-D4-DROWSY-MOTORWAY,D4,motorway,highway,drowsy,282.61,0.446208286419753,0.019973681691937556,0.08597488,0.3676666666666667,100.19333333333331
20151204160823-25km-D4-DROWSY-MOTORWAY,D4,motorway,highway,drowsy,287.61,0.45775610864197536,0.02106835635672457,0.041791928,0.3602666666666667,101.47999999999999
20151204160823-25km-D4-DROWSY-MOTORWAY,D4,motorway,highway,drowsy,292.61,0.4569136938271604,0.030214786090126216,0.0,0.18386666666666668,101.38333333333333
20151204160823-25km-D4-DROWSY-MOTORWAY,D4,motorway,highway,drowsy,297.61,0.4337095111111111,0.04066406289574172,0.0,0.16293333333333332,98.75333333333332
20151204160823-25km-D4-DROWSY-MOTORWAY,D4,motorway,highway,drowsy,302.61,0.40212977229080926,0.03500775176940402,0.0,0.10548148148148147,95.1148148148148
20151204160823-25km-D4-DROWSY-MOTORWAY,D4,motorway,highway,drowsy,307.61,0.3810819506172839,0.04207148254968246,0.0,0.17573333333333335,92.57666666666668
20151204160823-25km-D4-DROWSY-MOTORWAY,D4,motorway,highway,drowsy,312.61,0.37125692929292936,0.03704554890015549,0.0017818181818181822,0.2938787878787879,91.39090909090909
20151204160823-25km-D4-DROWSY-MOTORWAY,D4,motorway,highway,drowsy,317.61,0.361052251402918,0.03690294497995707,0.0017818181818181822,0.29266666666666663,90.10000000000001
20151204160823-25km-D4-DROWSY-MOTORWAY,D4,motorway,highway,drowsy,322.61,0.3371710814814815,0.03913449422059994,0.0,0.24440000000000003,87.08666666666667
20151204160823-25km-D4-DROWSY-MOTORWAY,D4,motorway,highway,drowsy,327.61,0.3406949580246914,0.02131264587016904,0.0,0.23106666666666667,87.54333333333334
20151204160823-25km-D4-DROWSY-MOTORWAY,D4,motorway,highway,drowsy,332.61,0.35002735253772294,0.011454070565596356,0.0,0.2731851851851852,88.74444444444445
20151204160823-25km-D4-DROWSY-MOTORWAY,D4,motorway,highway,drowsy,337.61,0.3413794074074074,0.01983191816277865,0.10751619555555557,0.28503703703703703,87.63333333333334
20151204160823-25km-D4-DROWSY-MOTORWAY,D4,motorway,highway,drowsy,342.61,0.3351662567901234,0.023812795556399917,0.20959607200000002,0.18193333333333334,86.83666666666667
20151204160823-25km-D4-DROWSY-MOTORWAY,D4,motorway,highway,drowsy,347.61,0.33651475555555554,0.017475743301861187,0.11609093600000002,0.196,87.01333333333332
20151204160823-25km-D4-DROWSY-MOTORWAY,D4,motorway,highway,drowsy,352.61,0.3404089427609427,0.01399867478295966,0.021966021818181813,0.2227272727272727,87.51515151515152
20151204160823-25km-D4-DROWSY-MOTORWAY,D4,motorway,highway,drowsy,357.61,0.34044560987654326,0.012747581838958943,0.020903183999999995,0.21400000000000002,87.52000000000001
20151204160823-25km-D4-DROWSY-MOTORWAY,D4,motorway,highway,drowsy,362.61,0.33788486419753083,0.01803064456871248,0.00558656,0.2356666666666667,87.19
20151204160823-25km-D4-DROWSY-MOTORWAY,D4,motorway,highway,drowsy,367.61,0.34005942222222224,0.01923669475901793,0.0073875239999999995,0.21293333333333334,87.47
20151204160823-25km-D4-DROWSY-MOTORWAY,D4,motorway,highway,drowsy,372.61,0.34766470781893,0.02649497063814476,0.002001071111111111,0.1908888888888889,88.44074074074074
20151204160823-25km-D4-DROWSY-MOTORWAY,D4,motorway,highway,drowsy,377.61,0.34466529292929293,0.030074709791440505,2.9454545454546235e-07,0.19599999999999998,88.05454545454546
20151204160823-25km-D4-DROWSY-MOTORWAY,D4,motorway,highway,drowsy,382.61,0.3355078320987654,0.021452323244508166,3.2400000000000857e-07,0.20073333333333335,86.88
20151204160823-25km-D4-DROWSY-MOTORWAY,D4,motorway,highway,drowsy,387.61,0.329540548696845,0.01280084705464388,0.0,0.1548148148148148,86.10740740740741
20151204160823-25km-D4-DROWSY-MOTORWAY,D4,motorway,highway,drowsy,392.61,0.33335252076318744,0.03316739264453423,0.0,0.21242424242424238,86.5939393939394
20151204160823-25km-D4-DROWSY-MOTORWAY,D4,motorway,highway,drowsy,397.61,0.3550367138047138,0.04916512182306144,0.0,0.2535151515151515,89.33333333333333
20151204160823-25km-D4-DROWSY-MOTORWAY,D4,motorway,highway,drowsy,402.61,0.3670034019204389,0.03954759688976715,0.0,0.232,90.85925925925925
20151204160823-25km-D4-DROWSY-MOTORWAY,D4,motorway,highway,drowsy,407.61,0.3477043621399177,0.023389057035515155,0.021077057777777766,0.27755555555555556,88.44444444444443
20151204160823-25km-D4-DROWSY-MOTORWAY,D4,motorway,highway,drowsy,412.61,0.34327701234567903,0.022132658379593443,0.018969351999999988,0.2794666666666667,87.88333333333334
20151204160823-25km-D4-DROWSY-MOTORWAY,D4,motorway,highway,drowsy,417.61,0.3336625409652076,0.02650193985612739,0.0,0.28345454545454546,86.63333333333334
20151204160823-25km-D4-DROWSY-MOTORWAY,D4,motorway,highway,drowsy,422.61,0.3166007950617285,0.0265475793060806,0.0,0.23166666666666663,84.39
20151204160823-25km-D4-DROWSY-MOTORWAY,D4,motorway,highway,drowsy,427.61,0.30257044170096026,0.02481962343072155,0.0,0.09207407407407407,82.50740740740741
20151204160823-25km-D4-DROWSY-MOTORWAY,D4,motorway,highway,drowsy,432.61,0.29446758024691355,0.03140146306118001,0.0,0.09226666666666666,81.39
20151204160823-25km-D4-DROWSY-MOTORWAY,D4,motorway,highway,drowsy,437.61,0.2946093086419753,0.03457947316878869,0.0,0.16293333333333332,81.41
20151204160823-25km-D4-DROWSY-MOTORWAY,D4,motorway,highway,drowsy,442.61,0.31142178765432105,0.044642544099341486,0.0,0.2006666666666667,83.69333333333333
20151204160823-25km-D4-DROWSY-MOTORWAY,D4,motorway,highway,drowsy,447.61,0.29941795061728393,0.07416128345383634,0.0,0.1374,82.00333333333334
20151204160823-25km-D4-DROWSY-MOTORWAY,D4,motorway,highway,drowsy,452.61,0.25000335802469137,0.08693508847447622,0.0,0.15560000000000002,74.85999999999999
20151204160823-25km-D4-DROWSY-MOTORWAY,D4,motorway,highway,drowsy,457.61,0.21385909135802478,0.05410738823383411,0.0,0.16640000000000002,69.33333333333334
20151204160823-25km-D4-DROWSY-MOTORWAY,D4,motorway,highway,drowsy,462.61,0.19804137373737374,0.044846380513820804,0.0,0.1641212121212121,66.73939393939393
20151204160823-25km-D4-DROWSY-MOTORWAY,D4,motorway,highway,drowsy,467.61,0.20138322469135805,0.06292370877112671,0.0,0.1758666666666667,67.28333333333333
20151204160823-25km-D4-DROWSY-MOTORWAY,D4,motorway,highway,drowsy,472.61,0.20168697942386835,0.04641112427434153,0.0,0.11229629629629631,67.33333333333331
20151204160823-25km-D4-DROWSY-MOTORWAY,D4,motorway,highway,drowsy,477.61,0.1888881840628507,0.036321748812516215,0.0,0.09975757575757575,65.18484848484849
20151204160823-25km-D4-DROWSY-MOTORWAY,D4,motorway,highway,drowsy,482.61,0.18171251358024693,0.031794939720837405,0.0,0.163,63.92666666666666
20151204160823-25km-D4-DROWSY-MOTORWAY,D4,motorway,highway,drowsy,487.61,0.17077311111111113,0.018701603769588133,0.10256954,0.186,61.98333333333333
20151204160823-25km-D4-DROWSY-MOTORWAY,D4,motorway,highway,drowsy,492.61,0.1668838617283951,0.02287558779527236,0.23502250399999997,0.12,61.27333333333333
20151204160823-25km-D4-DROWSY-MOTORWAY,D4,motorway,highway,drowsy,497.61,0.16521180246913578,0.041483221412073036,0.15346373777777778,0.13244444444444445,60.959259259259255
20151204160823-25km-D4-DROWSY-MOTORWAY,D4,motorway,highway,drowsy,502.61,0.15136854320987653,0.05425819139274799,0.005664399999999999,0.10633333333333332,58.27333333333333
20151204160823-25km-D4-DROWSY-MOTORWAY,D4,motorway,highway,drowsy,507.61,0.1264194765432099,0.04408008274535104,0.0,0.042466666666666666,53.27333333333333
20151204160823-25km-D4-DROWSY-MOTORWAY,D4,motorway,highway,drowsy,512.61,0.11219303254769923,0.022398948437815598,0.0,0.05393939393939395,50.23030303030304
20151204160823-25km-D4-DROWSY-MOTORWAY,D4,motorway,highway,drowsy,517.61,0.1142724197530864,0.057614705964918,0.0,0.10980000000000001,50.65666666666667
20151204160823-25km-D4-DROWSY-MOTORWAY,D4,motorway,highway,drowsy,522.61,0.16460689876543214,0.13022577244821867,0.0,0.17440000000000003,60.38333333333334
20151204160823-25km-D4-DROWSY-MOTORWAY,D4,motorway,highway,drowsy,527.61,0.2117992987654321,0.09396203251212684,0.0,0.18993333333333334,68.84
20151204160823-25km-D4-DROWSY-MOTORWAY,D4,motorway,highway,drowsy,532.61,0.24500785185185187,0.02488638338161696,0.0,0.12577777777777777,74.24074074074075
20151204160823-25km-D4-DROWSY-MOTORWAY,D4,motorway,highway,drowsy,537.61,0.24572732210998882,0.0297476049257122,0.0,0.15066666666666667,74.34848484848484
20151204160823-25km-D4-DROWSY-MOTORWAY,D4,motorway,highway,drowsy,542.61,0.23673655308641978,0.04190461013945697,0.0,0.27219999999999994,72.96666666666667
20151204160823-25km-D4-DROWSY-MOTORWAY,D4,motorway,highway,drowsy,547.61,0.2499255528120714,0.07764665120351365,0.0,0.34874074074074074,74.9037037037037
20151204160823-25km-D4-DROWSY-MOTORWAY,D4,motorway,highway,drowsy,552.61,0.29152785185185187,0.058899860008151034,0.0,0.3098181818181818,80.91818181818182
20151204160823-25km-D4-DROWSY-MOTORWAY,D4,motorway,highway,drowsy,557.61,0.31581370864197533,0.038892173688888615,0.021205080000000005,0.26813333333333333,84.28666666666666
20151204160823-25km-D4-DROWSY-MOTORWAY,D4,motorway,highway,drowsy,562.61,0.3381844296296296,0.03150644675710147,0.04970908399999999,0.20813333333333334,87.21000000000001
20151204160823-25km-D4-DROWSY-MOTORWAY,D4,motorway,highway,drowsy,567.61,0.3488393679012346,0.015621907767268971,0.028504003999999982,0.17906666666666665,88.59333333333333
20151204160823-25km-D4-DROWSY-MOTORWAY,D4,motorway,highway,drowsy,572.61,0.34024630617283946,0.019782223221802835,0.012716355999999995,0.3165333333333333,87.49
20151204160823-25km-D4-DROWSY-MOTORWAY,D4,motorway,highway,drowsy,577.61,0.33420755106621775,0.023942495706244123,0.011560323636363633,0.2693939393939394,86.71515151515152
20151204160823-25km-D4-DROWSY-MOTORWAY,D4,motorway,highway,drowsy,582.61,0.3263518172839507,0.025507694568593597,0.003779136000000001,0.2215333333333333,85.68333333333335
20151204160823-25km-D4-DROWSY-MOTORWAY,D4,motorway,highway,drowsy,587.61,0.31242854320987656,0.028449465171415708,0.006916924444444444,0.3688148148148149,83.83703703703705
20151204160823-25km-D4-DROWSY-MOTORWAY,D4,motorway,highway,drowsy,592.61,0.28946107544581623,0.0472499494975267,0.07429150666666667,0.3613333333333333,80.67037037037038
20151204160823-25km-D4-DROWSY-MOTORWAY,D4,motorway,highway,drowsy,597.61,0.28951911111111117,0.06599144927665238,0.162300816,0.24253333333333332,80.67333333333333
20151204160823-25km-D4-DROWSY-MOTORWAY,D4,motorway,highway,drowsy,602.61,0.32751178451178453,0.06489529629195263,0.13510973818181818,0.35703030303030303,85.76969696969697
20151204160823-25km-D4-DROWSY-MOTORWAY,D4,motorway,highway,drowsy,607.61,0.36253870707070707,0.042740154718946745,0.05154631636363636,0.46654545454545454,90.2878787878788
20151204160823-25km-D4-DROWSY-MOTORWAY,D4,motorway,highway,drowsy,612.61,0.37495771193415645,0.025000593026555818,0.006963084444444442,0.4002222222222222,91.84814814814814
20151204160823-25km-D4-DROWSY-MOTORWAY,D4,motorway,highway,drowsy,617.61,0.376126325925926,0.02273729081072457,0.0004397520000000007,0.3985333333333333,91.99
20151204160823-25km-D4-DROWSY-MOTORWAY,D4,motorway,highway,drowsy,622.61,0.3887644399551066,0.02320688952393811,0.00024929454545454487,0.3617575757575758,93.51818181818184
20151204160823-25km-D4-DROWSY-MOTORWAY,D4,motorway,highway,drowsy,627.61,0.3962389530864198,0.012984435009093145,0.0015392279999999973,0.26260000000000006,94.41999999999999
20151204160823-25km-D4-DROWSY-MOTORWAY,D4,motorway,highway,drowsy,632.61,0.39686182167352546,0.01884616117310662,0.0015586355555555532,0.2871851851851852,94.4925925925926
20151204160823-25km-D4-DROWSY-MOTORWAY,D4,motorway,highway,drowsy,637.61,0.41999332839506176,0.03338272313382912,0.0,0.35746666666666665,97.19000000000001
20151204160823-25km-D4-DROWSY-MOTORWAY,D4,motorway,highway,drowsy,642.61,0.43436432323232327,0.02488799168550774,0.0,0.35939393939393943,98.85757575757576
20151204160823-25km-D4-DROWSY-MOTORWAY,D4,motorway,highway,drowsy,647.61,0.4281711001371742,0.027937420254748782,0.08793696888888888,0.23051851851851848,98.14444444444445
20151204160823-25km-D4-DROWSY-MOTORWAY,D4,motorway,highway,drowsy,652.61,0.41103073086419756,0.021033584242855417,0.09711139199999999,0.11446666666666667,96.16333333333334
20151204160823-25km-D4-DROWSY-MOTORWAY,D4,motorway,highway,drowsy,657.61,0.4077280296296297,0.010280750232454495,0.017968120000000004,0.1494666666666667,95.78
20151204160823-25km-D4-DROWSY-MOTORWAY,D4,motorway,highway,drowsy,662.61,0.41766671604938277,0.018033428558172124,0.0,0.2363703703703704,96.93703703703703
20151204160823-25km-D4-DROWSY-MOTORWAY,D4,motorway,highway,drowsy,667.61,0.42537046464646466,0.025103098558447622,0.0,0.33296969696969697,97.82727272727271
20151204160823-25km-D4-DROWSY-MOTORWAY,D4,motorway,highway,drowsy,672.61,0.4336943569023569,0.026716715595328597,0.0,0.318969696969697,98.77575757575757
20151204160823-25km-D4-DROWSY-MOTORWAY,D4,motorway,highway,drowsy,677.61,0.4349900839506174,0.022140968035911503,0.11024104399999998,0.3940666666666666,98.92666666666666
20151204160823-25km-D4-DROWSY-MOTORWAY,D4,motorway,highway,drowsy,682.61,0.43254127901234574,0.013789449088344518,0.15414491999999996,0.47346666666666665,98.65
20151204160823-25km-D4-DROWSY-MOTORWAY,D4,motorway,highway,drowsy,687.61,0.4336671456790124,0.021023586516417475,0.043903875999999994,0.4275333333333332,98.77666666666667
20151204160823-25km-D4-DROWSY-MOTORWAY,D4,motorway,highway,drowsy,692.61,0.41493876049382716,0.032091505014502815,0.0,0.3406666666666666,96.60333333333334
20151204160823-25km-D4-DROWSY-MOTORWAY,D4,motorway,highway,drowsy,697.61,0.39473432098765426,0.022411635849989626,0.0,0.2528148148148148,94.23703703703704
20151204160823-25km-D4-DROWSY-MOTORWAY,D4,motorway,highway,drowsy,702.61,0.3721132444444445,0.03079843215671485,0.006230015999999996,0.35613333333333336,91.48
20151204160823-25km-D4-DROWSY-MOTORWAY,D4,motorway,highway,drowsy,707.61,0.352790750617284,0.03377563661338769,0.017098847999999993,0.40800000000000003,89.07666666666668
20151204160823-25km-D4-DROWSY-MOTORWAY,D4,motorway,highway,drowsy,712.61,0.3353156592592593,0.025403555609375482,0.010868831999999998,0.2687333333333334,86.85666666666667
20151204160823-25km-D4-DROWSY-MOTORWAY,D4,motorway,highway,drowsy,717.61,0.34221816296296304,0.031468920171962005,0.0,0.3805333333333333,87.73333333333333
20151204160823-25km-D4-DROWSY-MOTORWAY,D4,motorway,highway,drowsy,722.61,0.3676169481481481,0.023284023681760822,0.07455040799999998,0.4551333333333333,90.94000000000001
20151204160823-25km-D4-DROWSY-MOTORWAY,D4,motorway,highway,drowsy,727.61,0.3728927160493827,0.013180420704377943,0.10989889999999998,0.33466666666666667,91.59666666666666
20151204160823-25km-D4-DROWSY-MOTORWAY,D4,motorway,highway,drowsy,732.61,0.36297589135802477,0.018771235170694962,0.035348491999999995,0.39666666666666667,90.36666666666667
20151204160823-25km-D4-DROWSY-MOTORWAY,D4,motorway,highway,drowsy,737.61,0.36175362065095396,0.02655613732881418,0.0,0.3477575757575757,90.21515151515153
20151204160823-25km-D4-DROWSY-MOTORWAY,D4,motorway,highway,drowsy,742.61,0.3765894024691358,0.028672569815404465,0.008491396,0.18786666666666665,92.03999999999999
20151204160823-25km-D4-DROWSY-MOTORWAY,D4,motorway,highway,drowsy,747.61,0.37592150617283954,0.031919863614972,0.008491396,0.16699999999999998,91.95666666666668
20151204160823-25km-D4-DROWSY-MOTORWAY,D4,motorway,highway,drowsy,752.61,0.3652348395061728,0.02575281955975058,0.0,0.19393333333333335,90.64999999999999
20151204160823-25km-D4-DROWSY-MOTORWAY,D4,motorway,highway,drowsy,757.61,0.3603223654320988,0.01731635713126163,0.0,0.13399999999999998,90.03666666666668
20151204160823-25km-D4-DROWSY-MOTORWAY,D4,motorway,highway,drowsy,762.61,0.35014805432098767,0.014548585650460346,0.0,0.1186,88.75666666666669
20151204160823-25km-D4-DROWSY-MOTORWAY,D4,motorway,highway,drowsy,767.61,0.3483053443072703,0.02485438605367902,0.09893718222222223,0.252962962962963,88.52222222222223
20151204160823-25km-D4-DROWSY-MOTORWAY,D4,motorway,highway,drowsy,772.61,0.3634269086419753,0.03102973407921784,0.133951072,0.3522,90.41666666666667
20151204160823-25km-D4-DROWSY-MOTORWAY,D4,motorway,highway,drowsy,777.61,0.37428906846240184,0.029763309619686297,0.04082509818181818,0.3311515151515152,91.76363636363637
20151204160823-25km-D4-DROWSY-MOTORWAY,D4,motorway,highway,drowsy,782.61,0.3854281728395062,0.023693940043530117,0.0,0.26259999999999994,93.11666666666669
20151204160823-25km-D4-DROWSY-MOTORWAY,D4,motorway,highway,drowsy,787.61,0.39527250480109744,0.019339784253151155,0.023043240000000003,0.29711111111111116,94.30370370370369
20151204160823-25km-D4-DROWSY-MOTORWAY,D4,motorway,highway,drowsy,792.61,0.40323580246913593,0.02259483506226615,0.023389200000000002,0.2514814814814815,95.24814814814815
20151204160823-25km-D4-DROWSY-MOTORWAY,D4,motorway,highway,drowsy,797.61,0.40030304197530864,0.018266224874512852,0.0003113639999999996,0.19526666666666667,94.9
20151204160823-25km-D4-DROWSY-MOTORWAY,D4,motorway,highway,drowsy,802.61,0.3789164691358025,0.036118542742906073,0.0,0.17506666666666668,92.31000000000002
20151204160823-25km-D4-DROWSY-MOTORWAY,D4,motorway,highway,drowsy,807.61,0.3590622913580247,0.034291762437419424,0.0,0.3024,89.87333333333332
20151204160823-25km-D4-DROWSY-MOTORWAY,D4,motorway,highway,drowsy,812.61,0.3562640839506173,0.015860795831225367,0.0,0.4505333333333333,89.53
20151204160823-25km-D4-DROWSY-MOTORWAY,D4,motorway,highway,drowsy,817.61,0.3540294410774411,0.014140259529330379,0.0,0.20993939393939395,89.24848484848485
20151204160823-25km-D4-DROWSY-MOTORWAY,D4,motorway,highway,drowsy,822.61,0.3550302177328844,0.022594205328652382,0.00260876,0.10533333333333332,89.37272727272727
20151204160823-25km-D4-DROWSY-MOTORWAY,D4,motorway,highway,drowsy,827.61,0.3772240345679012,0.031575479019757505,0.003641368,0.20213333333333336,92.10333333333332
20151204160823-25km-D4-DROWSY-MOTORWAY,D4,motorway,highway,drowsy,832.61,0.39501663648834023,0.018123160400938212,0.0008574799999999997,0.35088888888888886,94.27407407407408
20151204160823-25km-D4-DROWSY-MOTORWAY,D4,motorway,highway,drowsy,837.61,0.3957197530864198,0.006859069409988312,0.032205693333333334,0.36888888888888893,94.35925925925926
20151204160823-25km-D4-DROWSY-MOTORWAY,D4,motorway,highway,drowsy,842.61,0.39766472592592594,0.015210501282808162,0.029182259999999998,0.29033333333333333,94.59000000000002
20151204160823-25km-D4-DROWSY-MOTORWAY,D4,motorway,highway,drowsy,847.61,0.4070418945005612,0.02940925278003438,0.00017921454545454543,0.2527878787878788,95.69090909090909
20151204160823-25km-D4-DROWSY-MOTORWAY,D4,motorway,highway,drowsy,852.61,0.41299096790123463,0.02942163902488822,0.0,0.3635333333333334,96.39
20151204160823-25km-D4-DROWSY-MOTORWAY,D4,motorway,highway,drowsy,857.61,0.4131498271604938,0.012553853355926178,0.043018902222222224,0.4765925925925926,96.41481481481483
20151204160823-25km-D4-DROWSY-MOTORWAY,D4,motorway,highway,drowsy,862.61,0.40550289382716054,0.016004040542651834,0.038717012,0.29900000000000004,95.51333333333335
20151204160823-25km-D4-DROWSY-MOTORWAY,D4,motorway,highway,drowsy,867.61,0.39902065679012355,0.02264298877842528,0.003496900000000002,0.2464666666666667,94.75
20151204160823-25km-D4-DROWSY-MOTORWAY,D4,motorway,highway,drowsy,872.61,0.3950514123456791,0.02327793777857831,0.003496900000000002,0.4559333333333333,94.27666666666667
20151204160823-25km-D4-DROWSY-MOTORWAY,D4,motorway,highway,drowsy,877.61,0.3889796,0.026413887266074097,0.0,0.5226,93.55
20151204160823-25km-D4-DROWSY-MOTORWAY,D4,motorway,highway,drowsy,882.61,0.3824357710437711,0.021989997085105274,0.0,0.23630303030303026,92.75757575757576
20151204160823-25km-D4-DROWSY-MOTORWAY,D4,motorway,highway,drowsy,887.61,0.3777717037037037,0.01625170741460984,0.0,0.055266666666666665,92.19333333333334
20151204160823-25km-D4-DROWSY-MOTORWAY,D4,motorway,highway,drowsy,892.61,0.36693042962962963,0.0251112868594446,0.0,0.22160000000000002,90.85333333333334
20151204160823-25km-D4-DROWSY-MOTORWAY,D4,motorway,highway,drowsy,897.61,0.3477249086419754,0.03654834487252046,0.0,0.2922666666666667,88.42666666666666
20151204160823-25km-D4-DROWSY-MOTORWAY,D4,motorway,highway,drowsy,902.61,0.3276323017832648,0.028428675063662114,0.0,0.1317037037037037,85.85555555555557
20151204160823-25km-D4-DROWSY-MOTORWAY,D4,motorway,highway,drowsy,907.61,0.32170179573512914,0.013619289112412242,0.0011955781818181806,0.14145454545454547,85.07575757575759
20151204160823-25km-D4-DROWSY-MOTORWAY,D4,motorway,highway,drowsy,912.61,0.31650027654320995,0.014727859693554956,0.0025875199999999985,0.22966666666666663,84.38666666666668
20151204160823-25km-D4-DROWSY-MOTORWAY,D4,motorway,highway,drowsy,917.61,0.3296760691358025,0.03311245654364324,0.001272384,0.30366666666666664,86.10666666666668
20151204160823-25km-D4-DROWSY-MOTORWAY,D4,motorway,highway,drowsy,922.61,0.33631633086419754,0.032525713875037714,0.06377083200000001,0.4114,86.98333333333333
20151204160823-25km-D4-DROWSY-MOTORWAY,D4,motorway,highway,drowsy,927.61,0.3225246968449932,0.028329691513169702,0.10358272444444444,0.46992592592592597,85.17777777777778
20151204160823-25km-D4-DROWSY-MOTORWAY,D4,motorway,highway,drowsy,932.61,0.3104488938271605,0.029670361313121202,0.029453619999999993,0.4202666666666667,83.57000000000001
20151204160823-25km-D4-DROWSY-MOTORWAY,D4,motorway,highway,drowsy,937.61,0.31080428641975316,0.016906261040874816,0.0,0.33873333333333333,83.61999999999999
20151204160823-25km-D4-DROWSY-MOTORWAY,D4,motorway,highway,drowsy,942.61,0.3209595510662178,0.017736256517849793,0.0,0.2944848484848485,84.97575757575758
20151204160823-25km-D4-DROWSY-MOTORWAY,D4,motorway,highway,drowsy,947.61,0.3263282320987655,0.024573936215665598,0.0,0.3212666666666667,85.68333333333334
20151204160823-25km-D4-DROWSY-MOTORWAY,D4,motorway,highway,drowsy,952.61,0.3261588790123457,0.018014785166490445,0.0,0.264,85.66333333333333
20151204160823-25km-D4-DROWSY-MOTORWAY,D4,motorway,highway,drowsy,957.61,0.32197728395061737,0.012484064357149905,2.6243999999999974e-05,0.2666,85.11333333333334
20151204160823-25km-D4-DROWSY-MOTORWAY,D4,motorway,highway,drowsy,962.61,0.326452538271605,0.03151277727716298,2.6243999999999974e-05,0.16633333333333333,85.69666666666667
20151204160823-25km-D4-DROWSY-MOTORWAY,D4,motorway,highway,drowsy,967.61,0.3283684296296297,0.037529815209177246,0.026811684000000002,0.13613333333333336,85.95000000000002
20151204160823-25km-D4-DROWSY-MOTORWAY,D4,motorway,highway,drowsy,972.61,0.30923426666666676,0.028688753732304555,0.052559216,0.16366666666666668,83.39666666666668
20151204160823-25km-D4-DROWSY-MOTORWAY,D4,motorway,highway,drowsy,977.61,0.2951370518518519,0.02347577015669859,0.061244511999999994,0.15086666666666665,81.48333333333333
20151204160823-25km-D4-DROWSY-MOTORWAY,D4,motorway,highway,drowsy,982.61,0.29488729766803856,0.030735183464939593,0.04522722666666666,0.20207407407407407,81.44444444444444
20151204160823-25km-D4-DROWSY-MOTORWAY,D4,motorway,highway,drowsy,987.61,0.3088453037037038,0.033175602122692105,0.005207523999999998,0.16906666666666667,83.34666666666666
20151204160823-25km-D4-DROWSY-MOTORWAY,D4,motorway,highway,drowsy,992.61,0.3087755061728395,0.033342387655216396,0.0,0.2387878787878788,83.33939393939394
20151204160823-25km-D4-DROWSY-MOTORWAY,D4,motorway,highway,drowsy,997.61,0.30067265679012356,0.042565416289188036,0.0,0.3805333333333333,82.24333333333334
20151204160823-25km-D4-DROWSY-MOTORWAY,D4,motorway,highway,drowsy,1002.61,0.2769640000000001,0.04800153039726361,0.0,0.45660000000000006,78.88666666666668
20151204160823-25km-D4-DROWSY-MOTORWAY,D4,motorway,highway,drowsy,1007.61,0.25810137777777786,0.03792395777932229,0.0,0.3548666666666667,76.19000000000001
20151204160823-25km-D4-DROWSY-MOTORWAY,D4,motorway,highway,drowsy,1012.61,0.25743040329218103,0.028724895114244395,0.0,0.2432592592592592,76.1
20151204160823-25km-D4-DROWSY-MOTORWAY,D4,motorway,highway,drowsy,1017.61,0.24831296296296296,0.05932371101901544,0.0,0.36713333333333337,74.70333333333335
20151204152848-25km-D4-NORMAL-MOTORWAY,D4,motorway,highway,normal,15.07,0.31850911335577997,0.023666970876582042,0.0,0.007333333333333333,84.65151515151514
20151204152848-25km-D4-NORMAL-MOTORWAY,D4,motorway,highway,normal,20.07,0.31472449382716045,0.023111964299794042,0.0,0.033,84.14666666666668
20151204152848-25km-D4-NORMAL-MOTORWAY,D4,motorway,highway,normal,25.07,0.32383700740740745,0.0344873173645902,0.0,0.1286,85.34
20151204152848-25km-D4-NORMAL-MOTORWAY,D4,motorway,highway,normal,30.07,0.3509735456790124,0.038308950675399064,0.0,0.2288666666666667,88.83666666666667
20151204152848-25km-D4-NORMAL-MOTORWAY,D4,motorway,highway,normal,35.07,0.3792857333333334,0.04637895929119405,0.0,0.27126666666666666,92.35666666666665
20151204152848-25km-D4-NORMAL-MOTORWAY,D4,motorway,highway,normal,40.07,0.41931455308641985,0.055862380309405844,0.0,0.23833333333333334,97.07000000000001
20151204152848-25km-D4-NORMAL-MOTORWAY,D4,motorway,highway,normal,45.07,0.45235704691358036,0.0378904393576616,0.0,0.16566666666666668,100.88000000000001
20151204152848-25km-D4-NORMAL-MOTORWAY,D4,motorway,highway,normal,50.07,0.4501130024691358,0.021855802832560438,0.0,0.22833333333333333,100.62999999999998
20151204152848-25km-D4-NORMAL-MOTORWAY,D4,motorway,highway,normal,55.07,0.4286965037037037,0.038305880144367206,0.0,0.1791333333333333,98.19333333333334
20151204152848-25km-D4-NORMAL-MOTORWAY,D4,motorway,highway,normal,60.07,0.4031037777777778,0.04568756569268181,0.0,0.13866666666666666,95.21666666666665
20151204152848-25km-D4-NORMAL-MOTORWAY,D4,motorway,highway,normal,65.07,0.4097839259259259,0.04091187289964339,0.0,0.268,95.99
20151204152848-25km-D4-NORMAL-MOTORWAY,D4,motorway,highway,normal,70.07,0.43458545679012345,0.03536570737021971,0.05643917200000002,0.3097333333333333,98.87666666666668
20151204152848-25km-D4-NORMAL-MOTORWAY,D4,motorway,highway,normal,75.07,0.4337580543209877,0.012995874129548746,0.17435566,0.25853333333333334,98.78666666666668
20151204152848-25km-D4-NORMAL-MOTORWAY,D4,motorway,highway,normal,80.07,0.428067713580247,0.007881032560770008,0.11791648800000001,0.14073333333333332,98.14000000000001
20151204152848-25km-D4-NORMAL-MOTORWAY,D4,motorway,highway,normal,85.07,0.42949871056241423,0.011410860593500752,0.0,0.09881481481481481,98.30370370370369
20151204152848-25km-D4-NORMAL-MOTORWAY,D4,motorway,highway,normal,90.07,0.44062201481481483,0.03192043364712678,0.025960072,0.16640000000000002,99.56
20151204152848-25km-D4-NORMAL-MOTORWAY,D4,motorway,highway,normal,95.07,0.4606770011223346,0.03015937156780666,0.023600065454545457,0.20690909090909093,101.79393939393941
20151204152848-25km-D4-NORMAL-MOTORWAY,D4,motorway,highway,normal,100.07,0.47698812071330593,0.013422542383151279,0.0,0.157037037037037,103.5962962962963
20151204152848-25km-D4-NORMAL-MOTORWAY,D4,motorway,highway,normal,105.07,0.47819243950617285,0.026829095491672846,0.0,0.09020000000000002,103.72333333333331
20151204152848-25km-D4-NORMAL-MOTORWAY,D4,motorway,highway,normal,110.07,0.4974551604938272,0.038674221367453916,0.0,0.13769696969696968,105.76666666666667
20151204152848-25km-D4-NORMAL-MOTORWAY,D4,motorway,highway,normal,115.07,0.5300689679012345,0.041080468879433986,0.0,0.13793333333333332,109.2
20151204152848-25km-D4-NORMAL-MOTORWAY,D4,motorway,highway,normal,120.07,0.5173207407407407,0.05332352636601797,0.0,0.06853333333333332,107.85333333333332
20151204152848-25km-D4-NORMAL-MOTORWAY,D4,motorway,highway,normal,125.07,0.46466312592592585,0.07157852931659367,0.00453152,0.06793333333333333,102.17666666666666
20151204152848-25km-D4-NORMAL-MOTORWAY,D4,motorway,highway,normal,130.07,0.4226217728395061,0.059809764616755426,0.05474709999999999,0.1058,97.49
20151204152848-25km-D4-NORMAL-MOTORWAY,D4,motorway,highway,normal,135.07,0.42514305185185186,0.03963132402885666,0.184278992,0.13079999999999997,97.78666666666666
20151204152848-25km-D4-NORMAL-MOTORWAY,D4,motorway,highway,normal,140.07,0.42651551604938265,0.042370977265302014,0.316420304,0.13413333333333333,97.94666666666666
20151204152848-25km-D4-NORMAL-MOTORWAY,D4,motorway,highway,normal,145.07,0.3941032395061728,0.048437224902319435,0.330677436,0.11046666666666667,94.13333333333331
20151204152848-25km-D4-NORMAL-MOTORWAY,D4,motorway,highway,normal,150.07,0.3830268938271605,0.03231222018694573,0.24536876399999996,0.08613333333333333,92.82666666666667
20151204152848-25km-D4-NORMAL-MOTORWAY,D4,motorway,highway,normal,155.07,0.39574212345679005,0.016761308054712633,0.14315316000000003,0.0814,94.36
20151204152848-25km-D4-NORMAL-MOTORWAY,D4,motorway,highway,normal,160.07,0.40975588641975297,0.020556384997005954,0.091211548,0.11779999999999997,96.00999999999999
20151204152848-25km-D4-NORMAL-MOTORWAY,D4,motorway,highway,normal,165.07,0.41437674567901234,0.03868662313230893,0.10015715600000004,0.15886666666666666,96.54999999999998
20151204152848-25km-D4-NORMAL-MOTORWAY,D4,motorway,highway,normal,170.07,0.39865579259259254,0.05948726986591581,0.10402536000000003,0.2828,94.68666666666667
20151204152848-25km-D4-NORMAL-MOTORWAY,D4,motorway,highway,normal,175.07,0.4059352049382716,0.04659942539623614,0.240140156,0.23706666666666662,95.53666666666666
20151204152848-25km-D4-NORMAL-MOTORWAY,D4,motorway,highway,normal,180.07,0.44787092345679014,0.046640676034300596,0.27406940399999996,0.05053333333333332,100.34
20151204152848-25km-D4-NORMAL-MOTORWAY,D4,motorway,highway,normal,185.07,0.4868769135802468,0.04572704710345289,0.08822850000000002,0.04926666666666667,104.64333333333332
20151204152848-25km-D4-NORMAL-MOTORWAY,D4,motorway,highway,normal,190.07,0.5082711160493827,0.022278415668362368,0.0053244400000000015,0.06813333333333334,106.93666666666665
20151204152848-25km-D4-NORMAL-MOTORWAY,D4,motorway,highway,normal,195.07,0.5302417448559671,0.04232611865071938,0.0,0.10037037037037039,109.20740740740742
20151204152848-25km-D4-NORMAL-MOTORWAY,D4,motorway,highway,normal,200.07,0.5711089777777778,0.045516194865099634,0.0,0.1112,113.34
20151204152848-25km-D4-NORMAL-MOTORWAY,D4,motorway,highway,normal,205.07,0.5882514612794613,0.04123945328670506,0.0,0.12733333333333333,115.03939393939395
20151204152848-25km-D4-NORMAL-MOTORWAY,D4,motorway,highway,normal,210.07,0.6074280543209876,0.0406415924381545,0.0,0.20606666666666668,116.89000000000001
20151204152848-25km-D4-NORMAL-MOTORWAY,D4,motorway,highway,normal,215.07,0.6270957640603565,0.03580812905984969,0.0014525422222222205,0.24022222222222223,118.78148148148148
20151204152848-25km-D4-NORMAL-MOTORWAY,D4,motorway,highway,normal,220.07,0.5897900466392318,0.084345769219523,0.004830591111111114,0.32555555555555554,115.11111111111111
20151204152848-25km-D4-NORMAL-MOTORWAY,D4,motorway,highway,normal,225.07,0.5148208978675646,0.08188305953320338,0.016282483636363643,0.26515151515151514,107.53030303030302
20151204152848-25km-D4-NORMAL-MOTORWAY,D4,motorway,highway,normal,230.07,0.4891923061728395,0.05563452020194901,0.05253982400000001,0.18920000000000003,104.9
20151204152848-25km-D4-NORMAL-MOTORWAY,D4,motorway,highway,normal,235.07,0.4989747308641975,0.06693056078059667,0.20335294799999998,0.14613333333333334,105.93666666666668
20151204152848-25km-D4-NORMAL-MOTORWAY,D4,motorway,highway,normal,240.07,0.47396040852974186,0.07256263390715084,0.35191849454545454,0.22048484848484848,103.2090909090909
20151204152848-25km-D4-NORMAL-MOTORWAY,D4,motorway,highway,normal,245.07,0.47770434567901227,0.08023852315518522,0.25325470222222224,0.2582222222222222,103.5888888888889
20151204152848-25km-D4-NORMAL-MOTORWAY,D4,motorway,highway,normal,250.07,0.5419732395061728,0.05595477578402956,0.0065025,0.10506666666666667,110.39666666666668
20151204152848-25km-D4-NORMAL-MOTORWAY,D4,motorway,highway,normal,255.07,0.5455622671156004,0.049122100283364965,0.0,0.1750909090909091,110.7727272727273
20151204152848-25km-D4-NORMAL-MOTORWAY,D4,motorway,highway,normal,260.07,0.5252485086419753,0.053501557289222346,0.0,0.19599999999999998,108.69666666666667
20151204152848-25km-D4-NORMAL-MOTORWAY,D4,motorway,highway,normal,265.07,0.530593461728395,0.027836283835462043,0.0,0.08220000000000001,109.25333333333333
20151204152848-25km-D4-NORMAL-MOTORWAY,D4,motorway,highway,normal,270.07,0.5515896444444445,0.01985504464723821,0.0,0.023533333333333333,111.39666666666665
20151204152848-25km-D4-NORMAL-MOTORWAY,D4,motorway,highway,normal,275.07,0.5638135456790123,0.019400092571929976,0.0,0.10233333333333332,112.63
20151204152848-25km-D4-NORMAL-MOTORWAY,D4,motorway,highway,normal,280.07,0.5608219604938272,0.020317525326055623,0.002394199999999999,0.11253333333333333,112.33
20151204152848-25km-D4-NORMAL-MOTORWAY,D4,motorway,highway,normal,285.07,0.5371482716049382,0.05060624682943783,0.032576871999999986,0.07213333333333333,109.90333333333334
20151204152848-25km-D4-NORMAL-MOTORWAY,D4,motorway,highway,normal,290.07,0.49381369876543213,0.06439820752577269,0.08138815999999999,0.09899999999999998,105.35999999999999
20151204152848-25km-D4-NORMAL-MOTORWAY,D4,motorway,highway,normal,295.07,0.4577900987654321,0.030690477552403873,0.08174234799999999,0.057866666666666663,101.47666666666666
20151204152848-25km-D4-NORMAL-MOTORWAY,D4,motorway,highway,normal,300.07,0.44825115061728393,0.008386737428258469,0.03348472,0.0626,100.42666666666666
20151204152848-25km-D4-NORMAL-MOTORWAY,D4,motorway,highway,normal,305.07,0.4520500521262003,0.005115548610580471,0.00482251111111111,0.09200000000000001,100.85185185185186
20151204152848-25km-D4-NORMAL-MOTORWAY,D4,motorway,highway,normal,310.07,0.44886817777777777,0.02222513442509939,0.0013923999999999998,0.08820000000000001,100.49333333333334
20151204152848-25km-D4-NORMAL-MOTORWAY,D4,motorway,highway,normal,315.07,0.4297044579124579,0.04183606712868039,0.0,0.08933333333333335,98.30303030303031
20151204152848-25km-D4-NORMAL-MOTORWAY,D4,motorway,highway,normal,320.07,0.4170285925925926,0.042236900326364374,0.0,0.08546666666666666,96.86
20151204152848-25km-D4-NORMAL-MOTORWAY,D4,motorway,highway,normal,325.07,0.4202217887517146,0.024755187234305528,1.7084444444444353e-05,0.06659259259259259,97.23333333333333
20151204152848-25km-D4-NORMAL-MOTORWAY,D4,motorway,highway,normal,330.07,0.4204708395061728,0.015828415915863946,0.009795616000000002,0.08553333333333334,97.26333333333334
20151204152848-25km-D4-NORMAL-MOTORWAY,D4,motorway,highway,normal,335.07,0.42973292031425364,0.013321366419518716,0.019984123636363645,0.10345454545454547,98.32727272727271
20151204152848-25km-D4-NORMAL-MOTORWAY,D4,motorway,highway,normal,340.07,0.4421549728395061,0.01445275175194361,0.012335816000000001,0.09293333333333334,99.74000000000001
20151204152848-25km-D4-NORMAL-MOTORWAY,D4,motorway,highway,normal,345.07,0.4527127259259259,0.019625613472110996,0.0001335199999999999,0.08893333333333332,100.92333333333332
20151204152848-25km-D4-NORMAL-MOTORWAY,D4,motorway,highway,normal,350.07,0.45117862222222216,0.03141283108867473,0.0,0.05793333333333332,100.75
20151204152848-25km-D4-NORMAL-MOTORWAY,D4,motorway,highway,normal,355.07,0.454439649382716,0.03287808778537634,3.534399999999973e-05,0.06799999999999999,101.11
20151204152848-25km-D4-NORMAL-MOTORWAY,D4,motorway,highway,normal,360.07,0.4705932729766804,0.025228045700791547,0.00056016,0.10251851851851851,102.89629629629628
20151204152848-25km-D4-NORMAL-MOTORWAY,D4,motorway,highway,normal,365.07,0.47439949629629624,0.02925844354685484,0.0004688000000000003,0.13813333333333333,103.31333333333332
20151204152848-25km-D4-NORMAL-MOTORWAY,D4,motorway,highway,normal,370.07,0.46818513580246907,0.03061329218966623,0.0,0.10593939393939394,102.63333333333331
20151204152848-25km-D4-NORMAL-MOTORWAY,D4,motorway,highway,normal,375.07,0.4595602172839506,0.04417109751538092,0.0,0.08353333333333333,101.67333333333333
20151204152848-25km-D4-NORMAL-MOTORWAY,D4,motorway,highway,normal,380.07,0.4446105283950616,0.034841017253675874,0.015659792000000002,0.19806666666666667,100.0
20151204152848-25km-D4-NORMAL-MOTORWAY,D4,motorway,highway,normal,385.07,0.42752283127572016,0.01483605908788156,0.017876413333333337,0.26185185185185184,98.07407407407408
20151204152848-25km-D4-NORMAL-MOTORWAY,D4,motorway,highway,normal,390.07,0.4158863209876543,0.03643778948589297,0.0004289799999999995,0.17506666666666665,96.72666666666666
20151204152848-25km-D4-NORMAL-MOTORWAY,D4,motorway,highway,normal,395.07,0.39726286419753093,0.04514344629629908,0.0,0.1933333333333333,94.50666666666666
20151204152848-25km-D4-NORMAL-MOTORWAY,D4,motorway,highway,normal,400.07,0.3691453925925926,0.022661529474528413,0.0,0.2809333333333333,91.13333333333335
20151204152848-25km-D4-NORMAL-MOTORWAY,D4,motorway,highway,normal,405.07,0.3652133961840628,0.013504859194880807,0.0,0.2670303030303031,90.64848484848484
20151204152848-25km-D4-NORMAL-MOTORWAY,D4,motorway,highway,normal,410.07,0.355030732510288,0.024901016960622295,0.0,0.2805925925925925,89.36666666666666
20151204152848-25km-D4-NORMAL-MOTORWAY,D4,motorway,highway,normal,415.07,0.3286176790123457,0.033840857428824436,0.0,0.21413333333333334,85.96666666666667
20151204152848-25km-D4-NORMAL-MOTORWAY,D4,motorway,highway,normal,420.07,0.31697228731762067,0.03448377336955043,0.0,0.14018181818181816,84.44545454545454
20151204152848-25km-D4-NORMAL-MOTORWAY,D4,motorway,highway,normal,425.07,0.2975075336076818,0.06962145150385547,0.0,0.13614814814814816,81.75555555555555
20151204152848-25km-D4-NORMAL-MOTORWAY,D4,motorway,highway,normal,430.07,0.24920474074074073,0.07531563856080001,0.0,0.2572,74.79333333333334
20151204152848-25km-D4-NORMAL-MOTORWAY,D4,motorway,highway,normal,435.07,0.22795480134680135,0.0501170093411563,0.0,0.22157575757575756,71.60000000000001
20151204152848-25km-D4-NORMAL-MOTORWAY,D4,motorway,highway,normal,440.07,0.22720113580246912,0.06759670564370432,0.0,0.06666666666666665,71.47037037037038
20151204152848-25km-D4-NORMAL-MOTORWAY,D4,motorway,highway,normal,445.07,0.209351787654321,0.0482387313958643,0.0,0.13340000000000002,68.55
20151204152848-25km-D4-NORMAL-MOTORWAY,D4,motorway,highway,normal,450.07,0.1946436,0.019208014206084152,0.0,0.25253333333333333,66.17666666666668
20151204152848-25km-D4-NORMAL-MOTORWAY,D4,motorway,highway,normal,455.07,0.19319637311385457,0.012344550788847719,0.0,0.3224444444444445,65.92962962962962
20151204152848-25km-D4-NORMAL-MOTORWAY,D4,motorway,highway,normal,460.07,0.18447259708193042,0.019622839369533452,0.0,0.236969696969697,64.4090909090909
20151204152848-25km-D4-NORMAL-MOTORWAY,D4,motorway,highway,normal,465.07,0.17553872053872052,0.018567138341254327,0.0,0.10599999999999997,62.83636363636364
20151204152848-25km-D4-NORMAL-MOTORWAY,D4,motorway,highway,normal,470.07,0.164992637037037,0.039941683125957875,0.021585316,0.11786666666666668,60.89666666666667
20151204152848-25km-D4-NORMAL-MOTORWAY,D4,motorway,highway,normal,475.07,0.13819112098765432,0.07644764450867825,0.06072285200000001,0.13333333333333336,55.57333333333334
20151204152848-25km-D4-NORMAL-MOTORWAY,D4,motorway,highway,normal,480.07,0.10702933333333334,0.0632319212678745,0.03913753600000001,0.03433333333333334,48.973333333333336
20151204152848-25km-D4-NORMAL-MOTORWAY,D4,motorway,highway,normal,485.07,0.09891968888888887,0.04065446602050525,0.0,0.0,47.156666666666666
20151204152848-25km-D4-NORMAL-MOTORWAY,D4,motorway,highway,normal,490.07,0.11193173827160494,0.05952793016872383,0.0,0.02093333333333333,50.10333333333333
20151204152848-25km-D4-NORMAL-MOTORWAY,D4,motorway,highway,normal,495.07,0.14757882962962965,0.10112640074969434,0.0,0.09706666666666666,57.336666666666666
20151204152848-25km-D4-NORMAL-MOTORWAY,D4,motorway,highway,normal,500.07,0.19146394567901232,0.08359131763687998,0.0,0.22633333333333333,65.51666666666668
20151204152848-25km-D4-NORMAL-MOTORWAY,D4,motorway,highway,normal,505.07,0.23234235061728392,0.06017890264719071,0.0,0.29826666666666657,72.2
20151204152848-25km-D4-NORMAL-MOTORWAY,D4,motorway,highway,normal,510.07,0.2646594951989026,0.05322467350816759,0.0,0.3433333333333333,77.13703703703703
20151204152848-25km-D4-NORMAL-MOTORWAY,D4,motorway,highway,normal,515.0699999999999,0.2648393037037038,0.04294477280632375,0.0004776999999999993,0.34273333333333333,77.16999999999999
20151204152848-25km-D4-NORMAL-MOTORWAY,D4,motorway,highway,normal,520.0699999999999,0.2495331456790124,0.039420321972422914,0.0004978639999999992,0.27813333333333334,74.90666666666667
20151204152848-25km-D4-NORMAL-MOTORWAY,D4,motorway,highway,normal,525.0699999999999,0.2354058326474623,0.02417682235187522,0.13594326666666667,0.37111111111111117,72.77407407407406
20151204152848-25km-D4-NORMAL-MOTORWAY,D4,motorway,highway,normal,530.0699999999999,0.2406092049382716,0.026288598658757358,0.339537408,0.2989333333333334,73.56666666666665
20151204152848-25km-D4-NORMAL-MOTORWAY,D4,motorway,highway,normal,535.0699999999999,0.26370095173961833,0.055943910975626794,0.2851311309090909,0.18539393939393942,76.97878787878788
20151204152848-25km-D4-NORMAL-MOTORWAY,D4,motorway,highway,normal,540.0699999999999,0.29045450056116723,0.06745611551302565,0.09734348000000001,0.21478787878787875,80.78787878787878
20151204152848-25km-D4-NORMAL-MOTORWAY,D4,motorway,highway,normal,545.0699999999999,0.29079999451303157,0.051233442236895695,0.011824684444444447,0.15562962962962962,80.84074074074076
20151204152848-25km-D4-NORMAL-MOTORWAY,D4,motorway,highway,normal,550.0699999999999,0.25824960768175587,0.04592251445711059,0.0,0.07400000000000001,76.2037037037037
20151204152848-25km-D4-NORMAL-MOTORWAY,D4,motorway,highway,normal,555.0699999999999,0.23085085521885523,0.056567677818269144,0.0,0.03915151515151515,72.0060606060606
20151204152848-25km-D4-NORMAL-MOTORWAY,D4,motorway,highway,normal,560.0699999999999,0.20189087407407408,0.05825906836458937,0.012345687999999997,0.0418,67.31333333333333
20151204152848-25km-D4-NORMAL-MOTORWAY,D4,motorway,highway,normal,565.0699999999999,0.16840421947873802,0.05020931403643125,0.08854802222222223,0.03903703703703704,61.51481481481483
20151204152848-25km-D4-NORMAL-MOTORWAY,D4,motorway,highway,normal,570.0699999999999,0.16695527272727273,0.04477236143679126,0.14005730545454548,0.08030303030303029,61.26363636363637
20151204152848-25km-D4-NORMAL-MOTORWAY,D4,motorway,highway,normal,575.0699999999999,0.17669270482603816,0.0376799053849429,0.12230852000000003,0.11515151515151517,63.04242424242425
20151204152848-25km-D4-NORMAL-MOTORWAY,D4,motorway,highway,normal,580.0699999999999,0.1961385843621399,0.06684108744619174,0.06727506222222221,0.17222222222222222,66.34444444444445
20151204152848-25km-D4-NORMAL-MOTORWAY,D4,motorway,highway,normal,585.0699999999999,0.23850367901234568,0.06562048321247597,0.012956012000000003,0.19466666666666665,73.18333333333334
20151204152848-25km-D4-NORMAL-MOTORWAY,D4,motorway,highway,normal,590.0699999999999,0.24951322469135806,0.034128975416124877,0.0002323239999999991,0.10840000000000001,74.92000000000002
20151204152848-25km-D4-NORMAL-MOTORWAY,D4,motorway,highway,normal,595.0699999999999,0.2445121426611797,0.01993438025723175,0.0,0.06362962962962963,74.17037037037038
20151204152848-25km-D4-NORMAL-MOTORWAY,D4,motorway,highway,normal,600.0699999999999,0.2609690953984288,0.04984531025519665,0.0,0.10957575757575758,76.56969696969698
20151204152848-25km-D4-NORMAL-MOTORWAY,D4,motorway,highway,normal,605.0699999999999,0.29406543209876546,0.0522660590946348,0.0,0.12733333333333335,81.25757575757576
20151204152848-25km-D4-NORMAL-MOTORWAY,D4,motorway,highway,normal,610.0699999999999,0.31608713580246917,0.024027663559236922,0.0,0.16233333333333336,84.33000000000001
20151204152848-25km-D4-NORMAL-MOTORWAY,D4,motorway,highway,normal,615.0699999999999,0.321308024691358,0.03146060583321084,0.0,0.22226666666666667,85.01666666666667
20151204152848-25km-D4-NORMAL-MOTORWAY,D4,motorway,highway,normal,620.0699999999999,0.3311284170096022,0.027642455247166787,0.0,0.2028888888888889,86.3111111111111
20151204152848-25km-D4-NORMAL-MOTORWAY,D4,motorway,highway,normal,625.0699999999999,0.33535376296296293,0.017657939745798178,0.0,0.11379999999999998,86.86333333333334
20151204152848-25km-D4-NORMAL-MOTORWAY,D4,motorway,highway,normal,630.0699999999999,0.338998531986532,0.026715266902340384,0.0,0.1272727272727273,87.33030303030303
20151204152848-25km-D4-NORMAL-MOTORWAY,D4,motorway,highway,normal,635.0699999999999,0.3490536987654321,0.029978577917649858,0.0,0.14213333333333333,88.61333333333332
20151204152848-25km-D4-NORMAL-MOTORWAY,D4,motorway,highway,normal,640.0699999999999,0.34629579149519896,0.029750224466419877,0.2084693688888889,0.08311111111111114,88.25925925925925
20151204152848-25km-D4-NORMAL-MOTORWAY,D4,motorway,highway,normal,645.0699999999999,0.34853635555555557,0.03469716967775642,0.2960146,0.12933333333333333,88.53999999999999
20151204152848-25km-D4-NORMAL-MOTORWAY,D4,motorway,highway,normal,650.0699999999999,0.35616356453423115,0.02866481263946793,0.10773490909090908,0.1824848484848485,89.51515151515152
20151204152848-25km-D4-NORMAL-MOTORWAY,D4,motorway,highway,normal,655.0699999999999,0.35518997037037037,0.034726145694991786,0.010116231999999994,0.20073333333333335,89.38999999999999
20151204152848-25km-D4-NORMAL-MOTORWAY,D4,motorway,highway,normal,660.0699999999999,0.3715909300411522,0.048124549458529016,0.0,0.22370370370370368,91.40370370370368
20151204152848-25km-D4-NORMAL-MOTORWAY,D4,motorway,highway,normal,665.0699999999999,0.4049685086419753,0.037554546154151505,0.0,0.1844666666666667,95.44333333333334
20151204152848-25km-D4-NORMAL-MOTORWAY,D4,motorway,highway,normal,670.0699999999999,0.4207007209876544,0.029062072890269762,0.0,0.18986666666666668,97.28666666666666
20151204152848-25km-D4-NORMAL-MOTORWAY,D4,motorway,highway,normal,675.0699999999999,0.4115559012345679,0.040597317364017234,0.0,0.1508,96.2
20151204152848-25km-D4-NORMAL-MOTORWAY,D4,motorway,highway,normal,680.0699999999999,0.39328410325477,0.03496862783181772,0.013343796363636367,0.10836363636363634,94.05454545454545
20151204152848-25km-D4-NORMAL-MOTORWAY,D4,motorway,highway,normal,685.0699999999999,0.3826415802469135,0.0217001608079921,0.021735937777777777,0.12866666666666665,92.78518518518518
20151204152848-25km-D4-NORMAL-MOTORWAY,D4,motorway,highway,normal,690.0699999999999,0.400246286419753,0.043428502317517506,0.04204296399999999,0.14953333333333332,94.86333333333332
20151204152848-25km-D4-NORMAL-MOTORWAY,D4,motorway,highway,normal,695.0699999999999,0.41727934904601577,0.05335077568180402,0.12629916727272728,0.15745454545454549,96.88181818181816
20151204152848-25km-D4-NORMAL-MOTORWAY,D4,motorway,highway,normal,700.0699999999999,0.40723339753086424,0.048012722472425544,0.256085544,0.11186666666666667,95.70333333333333
20151204152848-25km-D4-NORMAL-MOTORWAY,D4,motorway,highway,normal,705.0699999999999,0.4238948543209876,0.06498973480572709,0.321752172,0.25926666666666665,97.58666666666667
20151204152848-25km-D4-NORMAL-MOTORWAY,D4,motorway,highway,normal,710.0699999999999,0.4752454765432098,0.05839628543889375,0.246850156,0.31920000000000004,103.36333333333334
20151204152848-25km-D4-NORMAL-MOTORWAY,D4,motorway,highway,normal,715.0699999999999,0.5121657086419752,0.035223317102763045,0.08263798000000001,0.18186666666666668,107.33333333333333
20151204152848-25km-D4-NORMAL-MOTORWAY,D4,motorway,highway,normal,720.0699999999999,0.5397113283950616,0.033173492237996524,0.003224739999999998,0.18386666666666668,110.18666666666665
20151204152848-25km-D4-NORMAL-MOTORWAY,D4,motorway,highway,normal,725.0699999999999,0.5661692592592593,0.03261135213933179,0.0,0.17713333333333334,112.85666666666665
20151204152848-25km-D4-NORMAL-MOTORWAY,D4,motorway,highway,normal,730.0699999999999,0.5627248592592592,0.04227600386100826,0.0,0.16299999999999998,112.50666666666669
20151204152848-25km-D4-NORMAL-MOTORWAY,D4,motorway,highway,normal,735.0699999999999,0.5467482359396434,0.031389887964888764,0.0,0.14288888888888887,110.91111111111111
20151204152848-25km-D4-NORMAL-MOTORWAY,D4,motorway,highway,normal,740.0699999999999,0.5461787379972565,0.014036825225175418,0.0,0.19600000000000004,110.85555555555555
20151204152848-25km-D4-NORMAL-MOTORWAY,D4,motorway,highway,normal,745.0699999999999,0.5599365432098765,0.027456122135632397,0.0,0.19654545454545455,112.23333333333335
20151204152848-25km-D4-NORMAL-MOTORWAY,D4,motorway,highway,normal,750.0699999999999,0.5552885162738496,0.04643567419088777,0.0,0.1395757575757576,111.75454545454545
20151204152848-25km-D4-NORMAL-MOTORWAY,D4,motorway,highway,normal,755.0699999999999,0.5148393135802469,0.04398925612632059,0.0,0.2053333333333333,107.60333333333332
20151204152848-25km-D4-NORMAL-MOTORWAY,D4,motorway,highway,normal,760.0699999999999,0.49135914567901234,0.01728672571576972,0.0,0.2249333333333333,105.14333333333335
20151204152848-25km-D4-NORMAL-MOTORWAY,D4,motorway,highway,normal,765.0699999999999,0.4836085185185185,0.018050827276891505,0.0,0.14620000000000002,104.31000000000002
20151204152848-25km-D4-NORMAL-MOTORWAY,D4,motorway,highway,normal,770.0699999999999,0.46888396543209876,0.020333470118196716,0.0,0.13133333333333336,102.7033333333333
20151204152848-25km-D4-NORMAL-MOTORWAY,D4,motorway,highway,normal,775.0699999999999,0.4570985777777777,0.008960994631452338,0.0,0.16699999999999998,101.41333333333333
20151204152848-25km-D4-NORMAL-MOTORWAY,D4,motorway,highway,normal,780.0699999999999,0.4530261530864198,0.006677191744114239,0.0,0.2289333333333333,100.96000000000001
20151204152848-25km-D4-NORMAL-MOTORWAY,D4,motorway,highway,normal,785.0699999999999,0.4532768493827161,0.01413231610390014,0.0,0.21820000000000003,100.98666666666666
20151204152848-25km-D4-NORMAL-MOTORWAY,D4,motorway,highway,normal,790.0699999999999,0.463163012345679,0.017894049042820156,0.0003691960000000003,0.20146666666666663,102.08
20151204152848-25km-D4-NORMAL-MOTORWAY,D4,motorway,highway,normal,795.0699999999999,0.4735116197530864,0.011637911066711696,0.0003691960000000003,0.19813333333333333,103.21666666666667
20151204152848-25km-D4-NORMAL-MOTORWAY,D4,motorway,highway,normal,800.0699999999999,0.4780918573388203,0.02042914391583604,0.0012906355555555539,0.21637037037037035,103.71481481481482
20151204152848-25km-D4-NORMAL-MOTORWAY,D4,motorway,highway,normal,805.0699999999999,0.4587668751714678,0.038698703593563664,0.06278837777777777,0.26948148148148143,101.57407407407408
20151204152848-25km-D4-NORMAL-MOTORWAY,D4,motorway,highway,normal,810.0699999999999,0.4361857598204265,0.029803803988879288,0.18930881818181816,0.20575757575757578,99.06060606060606
20151204152848-25km-D4-NORMAL-MOTORWAY,D4,motorway,highway,normal,815.0699999999999,0.4196395600448933,0.02634720918850303,0.25468480363636364,0.2050909090909091,97.15757575757576
20151204152848-25km-D4-NORMAL-MOTORWAY,D4,motorway,highway,normal,820.0699999999999,0.39528587160493833,0.03326704289513667,0.256952004,0.1522,94.29666666666665
20151204152848-25km-D4-NORMAL-MOTORWAY,D4,motorway,highway,normal,825.0699999999999,0.39926848395061726,0.03893900560183501,0.20275087200000003,0.0794,94.76
20151204152848-25km-D4-NORMAL-MOTORWAY,D4,motorway,highway,normal,830.0699999999999,0.42418933333333336,0.032286560277616526,0.08861751111111112,0.15266666666666667,97.68148148148148
20151204152848-25km-D4-NORMAL-MOTORWAY,D4,motorway,highway,normal,835.0699999999999,0.438424187654321,0.009867289782285519,0.006695339999999999,0.11386666666666664,99.32000000000001
20151204152848-25km-D4-NORMAL-MOTORWAY,D4,motorway,highway,normal,840.0699999999999,0.43985129966329956,0.008219060110203845,0.0,0.08939393939393939,99.48181818181818
20151204152848-25km-D4-NORMAL-MOTORWAY,D4,motorway,highway,normal,845.0699999999999,0.4355555160493827,0.01211197569323012,0.028836900000000006,0.09906666666666666,98.99333333333334
20151204152848-25km-D4-NORMAL-MOTORWAY,D4,motorway,highway,normal,850.0699999999999,0.4272330814814815,0.010545899975926856,0.028836900000000006,0.08026666666666667,98.04333333333332
20151204152848-25km-D4-NORMAL-MOTORWAY,D4,motorway,highway,normal,855.0699999999999,0.42250110617283954,0.004443758711055495,0.0,0.07680000000000001,97.5
20151204152848-25km-D4-NORMAL-MOTORWAY,D4,motorway,highway,normal,860.0699999999999,0.4251731160493827,0.008527681787701554,0.0,0.054533333333333336,97.80666666666666
20151204152848-25km-D4-NORMAL-MOTORWAY,D4,motorway,highway,normal,865.0699999999999,0.43174571851851856,0.013440873280436494,0.0,0.0728,98.55999999999999
20151204152848-25km-D4-NORMAL-MOTORWAY,D4,motorway,highway,normal,870.0699999999999,0.4330628691358025,0.016804138956798484,0.0,0.08086666666666667,98.71000000000001
20151204152848-25km-D4-NORMAL-MOTORWAY,D4,motorway,highway,normal,875.0699999999999,0.4369828740740741,0.01913417550535126,0.0,0.05926666666666667,99.15333333333332
20151204152848-25km-D4-NORMAL-MOTORWAY,D4,motorway,highway,normal,880.0699999999999,0.45420163950617287,0.025243203152259957,0.0,0.06193333333333334,101.08000000000001
20151204152848-25km-D4-NORMAL-MOTORWAY,D4,motorway,highway,normal,885.0699999999999,0.4673976098765432,0.022510071058505086,0.03718560399999999,0.07413333333333334,102.54666666666667
20151204152848-25km-D4-NORMAL-MOTORWAY,D4,motorway,highway,normal,890.0699999999999,0.4711665580246914,0.020725162190343337,0.12080640799999998,0.04713333333333333,102.96
20151204152848-25km-D4-NORMAL-MOTORWAY,D4,motorway,highway,normal,895.0699999999999,0.4798361481481481,0.02588001946054646,0.124168524,0.05246666666666666,103.9
20151204152848-25km-D4-NORMAL-MOTORWAY,D4,motorway,highway,normal,900.0699999999999,0.4833177283950617,0.014126881835510191,0.13458167599999998,0.07746666666666666,104.28
20151204152848-25km-D4-NORMAL-MOTORWAY,D4,motorway,highway,normal,905.0699999999999,0.484396874074074,0.009255438870476062,0.09545549599999999,0.08286666666666667,104.39666666666668
20151204152848-25km-D4-NORMAL-MOTORWAY,D4,motorway,highway,normal,910.0699999999999,0.48997343703703705,0.009660999387071028,0.0014215400000000009,0.05993333333333334,104.99666666666667
20151204152848-25km-D4-NORMAL-MOTORWAY,D4,motorway,highway,normal,915.0699999999999,0.4951859654320988,0.006647336320096002,0.0,0.1078,105.55333333333333
20151204152848-25km-D4-NORMAL-MOTORWAY,D4,motorway,highway,normal,920.0699999999999,0.49678862716049377,0.021312098951537982,0.0021183440000000025,0.12133333333333332,105.72333333333331
20151204152848-25km-D4-NORMAL-MOTORWAY,D4,motorway,highway,normal,925.0699999999999,0.4579785135802469,0.06985681102140531,0.0021183440000000025,0.0432,101.41
20151204152848-25km-D4-NORMAL-MOTORWAY,D4,motorway,highway,normal,930.0699999999999,0.40285993580246915,0.06438823598684021,0.0,0.15286666666666665,95.16333333333333
20151204152848-25km-D4-NORMAL-MOTORWAY,D4,motorway,highway,normal,935.0699999999999,0.38352228641975306,0.02882972288975786,0.037301072,0.29766666666666663,92.88999999999999
20151204152848-25km-D4-NORMAL-MOTORWAY,D4,motorway,highway,normal,940.0699999999999,0.36769429135802467,0.06572948632207912,0.08352238000000001,0.21293333333333328,90.92666666666668
20151204152848-25km-D4-NORMAL-MOTORWAY,D4,motorway,highway,normal,945.0699999999999,0.28707909629629635,0.16005984244805319,0.10251479999999998,0.08693333333333333,79.71000000000001
20151204152848-25km-D4-NORMAL-MOTORWAY,D4,motorway,highway,normal,950.0699999999999,0.19608602962962968,0.14529049571678554,0.31144186000000007,0.09966666666666668,66.16333333333333
20151204152848-25km-D4-NORMAL-MOTORWAY,D4,motorway,highway,normal,955.0699999999999,0.19365847407407408,0.07900556689513798,0.37047719600000006,0.0902,65.87000000000002
20151204152848-25km-D4-NORMAL-MOTORWAY,D4,motorway,highway,normal,960.0699999999999,0.22070664691358025,0.06638515941649412,0.16918357600000006,0.04846666666666667,70.44
20151204152848-25km-D4-NORMAL-MOTORWAY,D4,motorway,highway,normal,965.0699999999999,0.21362041152263375,0.045459968994701075,0.0912112711111111,0.13933333333333334,69.2888888888889
20151204152848-25km-D4-NORMAL-MOTORWAY,D4,motorway,highway,normal,970.0699999999999,0.1854230716049383,0.07410946359171547,0.0512261,0.2297333333333333,64.53333333333335
20151204152848-25km-D4-NORMAL-MOTORWAY,D4,motorway,highway,normal,975.0699999999999,0.13859730639730639,0.1383464927787507,0.04082893454545453,0.1340606060606061,55.048484848484854
20151204152848-25km-D4-NORMAL-MOTORWAY,D4,motorway,highway,normal,980.0699999999999,0.07481639012345678,0.12559931463328164,0.021921123999999993,0.019533333333333333,40.54333333333334
20151204152848-25km-D4-NORMAL-MOTORWAY,D4,motorway,highway,normal,985.0699999999999,0.060133446913580246,0.09688998852370154,0.0,0.0,36.65
20151204152848-25km-D4-NORMAL-MOTORWAY,D4,motorway,highway,normal,990.0699999999999,0.09738693827160497,0.14915667339670763,0.15637050800000002,0.0,45.93
20151204152848-25km-D4-NORMAL-MOTORWAY,D4,motorway,highway,normal,995.0699999999999,0.15419010370370373,0.10563650015513126,0.19149982399999999,0.12386666666666665,58.63333333333334
20151203174324-16km-D4-AGGRESSIVE-SECONDARY,D4,secondary,urban,aggressive,41.97,0.29624465308641973,0.29319235410044575,0.25440040399999997,0.06799999999999998,80.02166666666666
20151203174324-16km-D4-AGGRESSIVE-SECONDARY,D4,secondary,urban,aggressive,46.97,0.3672398271604938,0.03718061229470987,0.186095684,0.16219999999999998,90.88333333333333
20151203174324-16km-D4-AGGRESSIVE-SECONDARY,D4,secondary,urban,aggressive,51.97,0.3849861333333333,0.05012152405512236,0.019033040000000008,0.2740666666666667,93.06
20151203174324-16km-D4-AGGRESSIVE-SECONDARY,D4,secondary,urban,aggressive,56.97,0.3677741333333333,0.06742540404217373,0.139406068,0.21953333333333336,90.91333333333333
20151203174324-16km-D4-AGGRESSIVE-SECONDARY,D4,secondary,urban,aggressive,61.97,0.36068024197530857,0.05907314709704846,0.4255798479999999,0.13466666666666666,90.05666666666666
20151203174324-16km-D4-AGGRESSIVE-SECONDARY,D4,secondary,urban,aggressive,66.97,0.401509086419753,0.05623018196774723,0.507304092,0.19593333333333335,94.98666666666665
20151203174324-16km-D4-AGGRESSIVE-SECONDARY,D4,secondary,urban,aggressive,71.97,0.44135518024691356,0.04669011520837358,0.39068968400000004,0.28480000000000005,99.62666666666667
20151203174324-16km-D4-AGGRESSIVE-SECONDARY,D4,secondary,urban,aggressive,76.97,0.4660405234567901,0.023816049283532766,0.314309688,0.2888,102.39333333333335
20151203174324-16km-D4-AGGRESSIVE-SECONDARY,D4,secondary,urban,aggressive,81.97,0.47960349135802477,0.03329083973891848,0.26455085200000006,0.2881333333333333,103.87666666666667
20151203174324-16km-D4-AGGRESSIVE-SECONDARY,D4,secondary,urban,aggressive,86.97,0.5075197283950618,0.06391658453563723,0.228692544,0.24106666666666662,106.82333333333334
20151203174324-16km-D4-AGGRESSIVE-SECONDARY,D4,secondary,urban,aggressive,91.97,0.5218863061728396,0.06594566923633491,0.234352156,0.09426666666666664,108.35
20151203174324-16km-D4-AGGRESSIVE-SECONDARY,D4,secondary,urban,aggressive,96.97,0.5204232395061729,0.063098004884923,0.278116484,0.06533333333333333,108.19333333333334
20151203174324-16km-D4-AGGRESSIVE-SECONDARY,D4,secondary,urban,aggressive,101.97,0.5070869135802468,0.04607044405414851,0.378988412,0.12526666666666667,106.78
20151203174324-16km-D4-AGGRESSIVE-SECONDARY,D4,secondary,urban,aggressive,106.97,0.47122069629629626,0.03580185491660003,0.49070218,0.14873333333333333,102.95
20151203174324-16km-D4-AGGRESSIVE-SECONDARY,D4,secondary,urban,aggressive,111.97,0.443572686419753,0.031512853170865746,0.47588038800000004,0.11033333333333331,99.88333333333333
20151203174324-16km-D4-AGGRESSIVE-SECONDARY,D4,secondary,urban,aggressive,116.97,0.4280093234567901,0.0054469249517040555,0.31039199599999995,0.11920000000000001,98.13333333333334
20151203174324-16km-D4-AGGRESSIVE-SECONDARY,D4,secondary,urban,aggressive,121.97,0.42464306172839494,0.004560604066951726,0.13610546399999998,0.24386666666666662,97.74666666666664
20151203174324-16km-D4-AGGRESSIVE-SECONDARY,D4,secondary,urban,aggressive,126.97,0.4219539111111111,0.007077596959867377,0.048808135999999995,0.1866,97.43666666666665
20151203174324-16km-D4-AGGRESSIVE-SECONDARY,D4,secondary,urban,aggressive,131.97,0.4179822172839506,0.008528594316330499,0.0243606,0.064,96.97666666666666
20151203174324-16km-D4-AGGRESSIVE-SECONDARY,D4,secondary,urban,aggressive,136.97,0.4162574271604938,0.009963938680609807,0.048034212,0.05993333333333334,96.77666666666667
20151203174324-16km-D4-AGGRESSIVE-SECONDARY,D4,secondary,urban,aggressive,141.97,0.4301610222222222,0.03377903017800428,0.061067004,0.11653333333333334,98.36333333333332
20151203174324-16km-D4-AGGRESSIVE-SECONDARY,D4,secondary,urban,aggressive,146.97,0.46155518024691367,0.04697463974658753,0.037884388000000005,0.1946,101.88000000000001
20151203174324-16km-D4-AGGRESSIVE-SECONDARY,D4,secondary,urban,aggressive,151.97,0.47695078024691356,0.03412702997839546,0.012075380000000002,0.13393333333333332,103.58999999999999
20151203174324-16km-D4-AGGRESSIVE-SECONDARY,D4,secondary,urban,aggressive,156.97,0.47616195555555557,0.03630904573033479,0.0,0.0566,103.5
20151203174324-16km-D4-AGGRESSIVE-SECONDARY,D4,secondary,urban,aggressive,161.97,0.47773281975308646,0.04317852478499134,0.0,0.06406666666666667,103.66666666666666
20151203174324-16km-D4-AGGRESSIVE-SECONDARY,D4,secondary,urban,aggressive,166.97,0.47541351111111113,0.030129733211632048,0.0,0.06326666666666667,103.42
20151203174324-16km-D4-AGGRESSIVE-SECONDARY,D4,secondary,urban,aggressive,171.97,0.47442751111111103,0.02205863943283376,0.0,0.13186666666666666,103.31666666666665
20151203174324-16km-D4-AGGRESSIVE-SECONDARY,D4,secondary,urban,aggressive,176.97,0.4696359703703704,0.037213211660021304,0.0,0.2336666666666667,102.78666666666666
20151203174324-16km-D4-AGGRESSIVE-SECONDARY,D4,secondary,urban,aggressive,181.97,0.4658989333333333,0.04958779068613524,0.008291672000000005,0.21080000000000002,102.37333333333333
20151203174324-16km-D4-AGGRESSIVE-SECONDARY,D4,secondary,urban,aggressive,186.97,0.4607927456790124,0.05002784442548623,0.008291672000000005,0.23426666666666668,101.81
20151203174324-16km-D4-AGGRESSIVE-SECONDARY,D4,secondary,urban,aggressive,191.97,0.4634459308641975,0.057554256906884906,0.030289644000000004,0.3615333333333333,102.10333333333334
20151203174324-16km-D4-AGGRESSIVE-SECONDARY,D4,secondary,urban,aggressive,196.97,0.44464018271604944,0.09432644010242981,0.24740626399999996,0.3367333333333333,99.94333333333334
20151203174324-16km-D4-AGGRESSIVE-SECONDARY,D4,secondary,urban,aggressive,201.97,0.38164951604938274,0.08115299042931942,0.5313839600000001,0.23579999999999995,92.54333333333332
20151203174324-16km-D4-AGGRESSIVE-SECONDARY,D4,secondary,urban,aggressive,206.97,0.3459965185185185,0.030080038400187203,0.561686024,0.23906666666666668,88.22999999999999
20151203174324-16km-D4-AGGRESSIVE-SECONDARY,D4,secondary,urban,aggressive,211.97,0.33762482469135796,0.024613695452939906,0.573871552,0.23433333333333334,87.14999999999999
20151203174324-16km-D4-AGGRESSIVE-SECONDARY,D4,secondary,urban,aggressive,216.97,0.322614562962963,0.02171387807727012,0.62851318,0.25393333333333334,85.19000000000001
20151203174324-16km-D4-AGGRESSIVE-SECONDARY,D4,secondary,urban,aggressive,221.97,0.31834990123456797,0.019456304781434106,0.587945076,0.23440000000000003,84.63000000000001
20151203174324-16km-D4-AGGRESSIVE-SECONDARY,D4,secondary,urban,aggressive,226.97,0.32118330864197536,0.02341110879930099,0.595397096,0.18386666666666668,85.00666666666667
20151203174324-16km-D4-AGGRESSIVE-SECONDARY,D4,secondary,urban,aggressive,231.97,0.32021427160493826,0.0183843106834534,0.616641024,0.1993333333333333,84.88
20151203174324-16km-D4-AGGRESSIVE-SECONDARY,D4,secondary,urban,aggressive,236.97,0.3138905975308642,0.02759916811773245,0.5973238399999999,0.19860000000000003,84.03333333333333
20151203174324-16km-D4-AGGRESSIVE-SECONDARY,D4,secondary,urban,aggressive,241.97,0.32269182222222226,0.04378438884613776,0.562929384,0.18380000000000002,85.17999999999999
20151203174324-16km-D4-AGGRESSIVE-SECONDARY,D4,secondary,urban,aggressive,246.97,0.345896987654321,0.03064608866190945,0.5686291560000001,0.20746666666666663,88.20666666666666
20151203174324-16km-D4-AGGRESSIVE-SECONDARY,D4,secondary,urban,aggressive,251.97,0.35067293333333327,0.01559300414255663,0.6006443520000001,0.2828,88.82333333333334
20151203174324-16km-D4-AGGRESSIVE-SECONDARY,D4,secondary,urban,aggressive,256.97,0.34820273086419756,0.027923800310871622,0.602781196,0.28206666666666663,88.50999999999999
20151203174324-16km-D4-AGGRESSIVE-SECONDARY,D4,secondary,urban,aggressive,261.97,0.33360495308641974,0.048814790244931815,0.6188576960000001,0.2969333333333333,86.60333333333332
20151203174324-16km-D4-AGGRESSIVE-SECONDARY,D4,secondary,urban,aggressive,266.97,0.311118350617284,0.03711172726533021,0.5269205960000001,0.2686666666666667,83.65333333333334
20151203174324-16km-D4-AGGRESSIVE-SECONDARY,D4,secondary,urban,aggressive,271.97,0.3024332839506173,0.02393680260189683,0.30044966000000006,0.13873333333333335,82.48666666666665
20151203174324-16km-D4-AGGRESSIVE-SECONDARY,D4,secondary,urban,aggressive,276.97,0.29387029135802467,0.023362260667169572,0.21813493599999995,0.06533333333333333,81.30666666666666
20151203174324-16km-D4-AGGRESSIVE-SECONDARY,D4,secondary,urban,aggressive,281.97,0.2936493432098765,0.03100672580233883,0.12427555600000002,0.07346666666666665,81.27333333333334
20151203174324-16km-D4-AGGRESSIVE-SECONDARY,D4,secondary,urban,aggressive,286.97,0.3069400444444444,0.05362536237759561,0.10608901200000001,0.1018,83.08333333333334
20151203174324-16km-D4-AGGRESSIVE-SECONDARY,D4,secondary,urban,aggressive,291.97,0.3039258271604939,0.04227709266236775,0.352080956,0.12,82.67333333333335
20151203174324-16km-D4-AGGRESSIVE-SECONDARY,D4,secondary,urban,aggressive,296.97,0.30793154074074075,0.03707954487716908,0.24648756,0.18860000000000002,83.21000000000001
20151203174324-16km-D4-AGGRESSIVE-SECONDARY,D4,secondary,urban,aggressive,301.97,0.3377304296296297,0.04273219615210984,0.0,0.22279999999999997,87.14000000000001
20151203174324-16km-D4-AGGRESSIVE-SECONDARY,D4,secondary,urban,aggressive,306.97,0.3540162024691358,0.03586700177082332,0.0,0.2336666666666667,89.24333333333333
20151203174324-16km-D4-AGGRESSIVE-SECONDARY,D4,secondary,urban,aggressive,311.97,0.33870686913580245,0.03496342434052625,0.0,0.24446666666666667,87.27
20151203174324-16km-D4-AGGRESSIVE-SECONDARY,D4,secondary,urban,aggressive,316.97,0.3279168987654321,0.039768720769690014,0.0,0.22086666666666663,85.88666666666668
20151203174324-16km-D4-AGGRESSIVE-SECONDARY,D4,secondary,urban,aggressive,321.97,0.3418760098765432,0.02702846291947427,0.0,0.2195333333333333,87.69333333333334
20151203174324-16km-D4-AGGRESSIVE-SECONDARY,D4,secondary,urban,aggressive,326.97,0.33937035555555556,0.03861434706663221,0.0,0.23766666666666664,87.35666666666667
20151203174324-16km-D4-AGGRESSIVE-SECONDARY,D4,secondary,urban,aggressive,331.97,0.329397861728395,0.0592598729554667,0.0,0.21886666666666668,86.07000000000002
20151203174324-16km-D4-AGGRESSIVE-SECONDARY,D4,secondary,urban,aggressive,336.97,0.3503475555555555,0.05311238494227584,0.0,0.17786666666666667,88.74000000000001
20151203174324-16km-D4-AGGRESSIVE-SECONDARY,D4,secondary,urban,aggressive,341.97,0.3922769135802468,0.062072923099400844,0.0,0.24653333333333333,93.89666666666666
20151203174324-16km-D4-AGGRESSIVE-SECONDARY,D4,secondary,urban,aggressive,346.97,0.42740774814814814,0.06841089190035468,0.051552396,0.18186666666666668,98.03666666666668
20151203174324-16km-D4-AGGRESSIVE-SECONDARY,D4,secondary,urban,aggressive,351.97,0.42311118518518515,0.060945518781818066,0.20181014400000002,0.13006666666666666,97.53666666666668
20151203174324-16km-D4-AGGRESSIVE-SECONDARY,D4,secondary,urban,aggressive,356.97,0.3901657530864197,0.04335715099839106,0.392727328,0.2317333333333333,93.66999999999999
20151203174324-16km-D4-AGGRESSIVE-SECONDARY,D4,secondary,urban,aggressive,361.97,0.3637618320987654,0.04354741139861055,0.5319590240000001,0.18046666666666666,90.45666666666668
20151203174324-16km-D4-AGGRESSIVE-SECONDARY,D4,secondary,urban,aggressive,366.97,0.3542968000000001,0.03873832098627229,0.559643696,0.13533333333333333,89.28
20151203174324-16km-D4-AGGRESSIVE-SECONDARY,D4,secondary,urban,aggressive,371.97,0.354890049382716,0.022996718430232727,0.579877972,0.21146666666666664,89.35666666666667
20151203174324-16km-D4-AGGRESSIVE-SECONDARY,D4,secondary,urban,aggressive,376.97,0.35053181234567904,0.019740761556712276,0.6256812839999999,0.2324,88.80666666666666
20151203174324-16km-D4-AGGRESSIVE-SECONDARY,D4,secondary,urban,aggressive,381.97,0.3460716641975309,0.021392839840855233,0.61417158,0.24853333333333336,88.24
20151203174324-16km-D4-AGGRESSIVE-SECONDARY,D4,secondary,urban,aggressive,386.97,0.3455844592592592,0.037668630858367254,0.612413436,0.2255333333333333,88.17
20151203174324-16km-D4-AGGRESSIVE-SECONDARY,D4,secondary,urban,aggressive,391.97,0.3400269728395061,0.050539457845038216,0.6279406240000001,0.12726666666666667,87.45333333333333
20151203174324-16km-D4-AGGRESSIVE-SECONDARY,D4,secondary,urban,aggressive,396.97,0.3266319358024691,0.0480839139420046,0.6363779839999999,0.14206666666666667,85.71666666666667
20151203174324-16km-D4-AGGRESSIVE-SECONDARY,D4,secondary,urban,aggressive,401.97,0.30322172839506173,0.046909049606021394,0.6623543919999999,0.179,82.56666666666666
20151203174324-16km-D4-AGGRESSIVE-SECONDARY,D4,secondary,urban,aggressive,406.97,0.29617643456790127,0.043610399722131744,0.634767636,0.138,81.62
20151203174324-16km-D4-AGGRESSIVE-SECONDARY,D4,secondary,urban,aggressive,411.97,0.3233261827160494,0.04657598388374194,0.5768544039999999,0.08966666666666666,85.24666666666666
20151203174324-16km-D4-AGGRESSIVE-SECONDARY,D4,secondary,urban,aggressive,416.97,0.34711778271604943,0.03341366747502288,0.552649776,0.1012,88.36333333333334
20151203174324-16km-D4-AGGRESSIVE-SECONDARY,D4,secondary,urban,aggressive,421.97,0.3523481037037037,0.020708515616649277,0.5483709120000001,0.09513333333333333,89.03666666666666
20151203174324-16km-D4-AGGRESSIVE-SECONDARY,D4,secondary,urban,aggressive,426.97,0.3661766962962963,0.03437656463778868,0.5815589720000001,0.06746666666666666,90.75
20151203174324-16km-D4-AGGRESSIVE-SECONDARY,D4,secondary,urban,aggressive,431.97,0.37001382716049386,0.03913775261745954,0.629015252,0.05053333333333333,91.22666666666667
20151203174324-16km-D4-AGGRESSIVE-SECONDARY,D4,secondary,urban,aggressive,436.97,0.35836292345679016,0.03901087737596744,0.623364192,0.064,89.78666666666666
20151203174324-16km-D4-AGGRESSIVE-SECONDARY,D4,secondary,urban,aggressive,441.97,0.35562892345679015,0.026132214688307436,0.6155830120000001,0.05446666666666666,89.45
20151203174324-16km-D4-AGGRESSIVE-SECONDARY,D4,secondary,urban,aggressive,446.97,0.35719636543209876,0.019223729154543782,0.63912708,0.03626666666666666,89.64666666666668
20151203174324-16km-D4-AGGRESSIVE-SECONDARY,D4,secondary,urban,aggressive,451.97,0.35369030617283953,0.016764728988132624,0.638001092,0.10026666666666668,89.20333333333333
20151203174324-16km-D4-AGGRESSIVE-SECONDARY,D4,secondary,urban,aggressive,456.97,0.3474993333333334,0.008948252587533255,0.6252605680000001,0.10566666666666669,88.42333333333333
20151203174324-16km-D4-AGGRESSIVE-SECONDARY,D4,secondary,urban,aggressive,461.97,0.3525164395061729,0.018336820243227907,0.563019044,0.0498,89.05666666666669
20151203174324-16km-D4-AGGRESSIVE-SECONDARY,D4,secondary,urban,aggressive,466.97,0.3481622567901234,0.02972876980491474,0.387540004,0.03293333333333333,88.49666666666666
20151203174324-16km-D4-AGGRESSIVE-SECONDARY,D4,secondary,urban,aggressive,471.97,0.32899057283950617,0.054052290863727814,0.43086269999999993,0.05186666666666667,86.01
20151203174324-16km-D4-AGGRESSIVE-SECONDARY,D4,secondary,urban,aggressive,476.97,0.30501310123456793,0.06495697446442054,0.5937921120000001,0.13333333333333333,82.79666666666668
20151203174324-16km-D4-AGGRESSIVE-SECONDARY,D4,secondary,urban,aggressive,481.97,0.3043741283950617,0.046418385397636285,0.5776022400000002,0.21213333333333334,82.72333333333333
20151203174324-16km-D4-AGGRESSIVE-SECONDARY,D4,secondary,urban,aggressive,486.97,0.3258442962962963,0.033726478915470114,0.55829066,0.17713333333333334,85.61333333333333
20151203174324-16km-D4-AGGRESSIVE-SECONDARY,D4,secondary,urban,aggressive,491.97,0.34016651851851853,0.040117917334856486,0.5285015920000001,0.11453333333333333,87.47333333333333
20151203174324-16km-D4-AGGRESSIVE-SECONDARY,D4,secondary,urban,aggressive,496.97,0.34432319506172837,0.04540352493972179,0.5048026919999999,0.10373333333333332,88.01
20151203174324-16km-D4-AGGRESSIVE-SECONDARY,D4,secondary,urban,aggressive,501.97,0.33816199999999996,0.03134931397904751,0.49515753600000006,0.09966666666666665,87.22333333333333
20151203174324-16km-D4-AGGRESSIVE-SECONDARY,D4,secondary,urban,aggressive,506.97,0.3405894716049382,0.040561795900489486,0.504378872,0.15560000000000002,87.52666666666667
20151203174324-16km-D4-AGGRESSIVE-SECONDARY,D4,secondary,urban,aggressive,511.97,0.3437201728395061,0.05086090835517535,0.5523755159999999,0.21013333333333337,87.92999999999998
20151203174324-16km-D4-AGGRESSIVE-SECONDARY,D4,secondary,urban,aggressive,516.97,0.34094984197530864,0.033230985917016224,0.577440584,0.23233333333333334,87.58333333333333
20151203174324-16km-D4-AGGRESSIVE-SECONDARY,D4,secondary,urban,aggressive,521.97,0.3399530222222222,0.022094851958497586,0.5275977720000001,0.2,87.45666666666666
20151203174324-16km-D4-AGGRESSIVE-SECONDARY,D4,secondary,urban,aggressive,526.97,0.3453959753086419,0.02473027158405198,0.5140577559999999,0.24046666666666666,88.15
20151203174324-16km-D4-AGGRESSIVE-SECONDARY,D4,secondary,urban,aggressive,531.97,0.3591878518518518,0.02131819173079606,0.552027944,0.36773333333333336,89.89333333333333
20151203174324-16km-D4-AGGRESSIVE-SECONDARY,D4,secondary,urban,aggressive,536.97,0.3671660987654322,0.019875192554894422,0.579207676,0.3596,90.89000000000001
20151203174324-16km-D4-AGGRESSIVE-SECONDARY,D4,secondary,urban,aggressive,541.97,0.3586884740740741,0.024510039040527017,0.6034620079999999,0.2922666666666667,89.82666666666667
20151203174324-16km-D4-AGGRESSIVE-SECONDARY,D4,secondary,urban,aggressive,546.97,0.3471404691358025,0.019412360026381137,0.5923151240000001,0.3118,88.37666666666668
20151203174324-16km-D4-AGGRESSIVE-SECONDARY,D4,secondary,urban,aggressive,551.97,0.3539582271604938,0.027285366334904703,0.5754010920000001,0.3804666666666666,89.23
20151203174324-16km-D4-AGGRESSIVE-SECONDARY,D4,secondary,urban,aggressive,556.97,0.35649543209876544,0.04207781441849474,0.5917092159999999,0.338,89.55
20151203174324-16km-D4-AGGRESSIVE-SECONDARY,D4,secondary,urban,aggressive,561.97,0.3509456444444444,0.03795574534780287,0.61681488,0.20940000000000003,88.85666666666665
20151203174324-16km-D4-AGGRESSIVE-SECONDARY,D4,secondary,urban,aggressive,566.97,0.35219399999999995,0.030588900920161276,0.6133707839999999,0.1758,89.01666666666667
20151203174324-16km-D4-AGGRESSIVE-SECONDARY,D4,secondary,urban,aggressive,571.97,0.352555086419753,0.02081262938145791,0.591808576,0.22086666666666668,89.06333333333333
20151203174324-16km-D4-AGGRESSIVE-SECONDARY,D4,secondary,urban,aggressive,576.97,0.34508695802469136,0.024730930389631534,0.556026576,0.16553333333333334,88.10999999999999
20151203174324-16km-D4-AGGRESSIVE-SECONDARY,D4,secondary,urban,aggressive,581.97,0.34138806913580244,0.03115039973501748,0.535391572,0.14140000000000003,87.63999999999999
20151203174324-16km-D4-AGGRESSIVE-SECONDARY,D4,secondary,urban,aggressive,586.97,0.3467576740740741,0.03909523842132334,0.55699282,0.18593333333333334,88.32333333333334
20151203174324-16km-D4-AGGRESSIVE-SECONDARY,D4,secondary,urban,aggressive,591.97,0.33713504691358026,0.03787052887121398,0.5790320160000001,0.18253333333333333,87.07666666666667
20151203174324-16km-D4-AGGRESSIVE-SECONDARY,D4,secondary,urban,aggressive,596.97,0.3297385728395062,0.024261886648975127,0.56149062,0.2142,86.13000000000001
20151203174324-16km-D4-AGGRESSIVE-SECONDARY,D4,secondary,urban,aggressive,601.97,0.33554439506172845,0.01970948373991487,0.5389073600000002,0.2518666666666666,86.88666666666667
20151203174324-16km-D4-AGGRESSIVE-SECONDARY,D4,secondary,urban,aggressive,606.97,0.33180777283950613,0.018056315013910192,0.541758836,0.26126666666666665,86.4
20151203174324-16km-D4-AGGRESSIVE-SECONDARY,D4,secondary,urban,aggressive,611.97,0.32880731851851847,0.03573974877527409,0.5419171759999999,0.2969333333333334,86.00666666666666
20151203174324-16km-D4-AGGRESSIVE-SECONDARY,D4,secondary,urban,aggressive,616.97,0.34727133827160495,0.04328862838203047,0.5686508079999999,0.22833333333333328,88.36666666666666
20151203174324-16km-D4-AGGRESSIVE-SECONDARY,D4,secondary,urban,aggressive,621.97,0.34630559012345674,0.04769010688074165,0.6472928280000001,0.13406666666666667,88.23999999999998
20151203174324-16km-D4-AGGRESSIVE-SECONDARY,D4,secondary,urban,aggressive,626.97,0.321220049382716,0.05580484126016988,0.675388864,0.10433333333333332,84.99333333333334
20151203174324-16km-D4-AGGRESSIVE-SECONDARY,D4,secondary,urban,aggressive,631.97,0.31307833086419756,0.041054812355477775,0.63992506,0.10579999999999998,83.92
20151203174324-16km-D4-AGGRESSIVE-SECONDARY,D4,secondary,urban,aggressive,636.97,0.3111596197530865,0.023216556075463825,0.6257580240000001,0.16233333333333336,83.67
20151203174324-16km-D4-AGGRESSIVE-SECONDARY,D4,secondary,urban,aggressive,641.97,0.30201733333333325,0.03524344866068417,0.624801516,0.18180000000000002,82.42
20151203174324-16km-D4-AGGRESSIVE-SECONDARY,D4,secondary,urban,aggressive,646.97,0.25824179259259256,0.11543394985072133,0.6477637119999999,0.13673333333333335,75.94333333333334
20151203174324-16km-D4-AGGRESSIVE-SECONDARY,D4,secondary,urban,aggressive,651.97,0.1795593975308642,0.16249380298871446,0.693756456,0.1366666666666667,62.973333333333336
20151203174324-16km-D4-AGGRESSIVE-SECONDARY,D4,secondary,urban,aggressive,656.97,0.11667402469135801,0.09603612163729887,0.5050324039999999,0.10026666666666666,50.96666666666667
20151203175637-17km-D4-DROWSY-SECONDARY,D4,secondary,urban,drowsy,12.78,0.1836949595959596,0.23712760314383133,0.3276333818181818,0.172,62.965151515151526
20151203175637-17km-D4-DROWSY-SECONDARY,D4,secondary,urban,drowsy,17.78,0.24698867340067343,0.08133191170214851,0.35742238909090907,0.2149090909090909,74.40909090909092
20151203175637-17km-D4-DROWSY-SECONDARY,D4,secondary,urban,drowsy,22.78,0.3050699950617284,0.07788055096367902,0.289656224,0.12933333333333333,82.72666666666666
20151203175637-17km-D4-DROWSY-SECONDARY,D4,secondary,urban,drowsy,27.78,0.3413057629629629,0.04482050186318655,0.22014635999999999,0.08626666666666667,87.61666666666667
20151203175637-17km-D4-DROWSY-SECONDARY,D4,secondary,urban,drowsy,32.78,0.340344598079561,0.031651134298242505,0.16954652444444443,0.19533333333333333,87.5
20151203175637-17km-D4-DROWSY-SECONDARY,D4,secondary,urban,drowsy,37.78,0.33903253333333333,0.03135512502585289,0.205650524,0.38039999999999996,87.33333333333334
20151203175637-17km-D4-DROWSY-SECONDARY,D4,secondary,urban,drowsy,42.78,0.34107830303030306,0.020096465132319902,0.23881059636363638,0.3881212121212121,87.60000000000001
20151203175637-17km-D4-DROWSY-SECONDARY,D4,secondary,urban,drowsy,47.78,0.3358601426611797,0.011022501014952803,0.23860168444444443,0.3562222222222222,86.92962962962963
20151203175637-17km-D4-DROWSY-SECONDARY,D4,secondary,urban,drowsy,52.78,0.32774195555555563,0.019233741741787255,0.21858337199999997,0.26526666666666665,85.86666666666666
20151203175637-17km-D4-DROWSY-SECONDARY,D4,secondary,urban,drowsy,57.78,0.3207229777777778,0.02991219194974054,0.16146364800000002,0.2928666666666667,84.94333333333334
20151203175637-17km-D4-DROWSY-SECONDARY,D4,secondary,urban,drowsy,62.78,0.3344353799725651,0.03801073640296444,0.08498362666666666,0.41303703703703704,86.71851851851852
20151203175637-17km-D4-DROWSY-SECONDARY,D4,secondary,urban,drowsy,67.78,0.355411492704826,0.026657857209949728,0.10620028363636363,0.27424242424242423,89.41818181818184
20151203175637-17km-D4-DROWSY-SECONDARY,D4,secondary,urban,drowsy,72.78,0.36073071111111116,0.022457392046318782,0.15892177999999996,0.25993333333333335,90.09
20151203175637-17km-D4-DROWSY-SECONDARY,D4,secondary,urban,drowsy,77.78,0.35083845925925927,0.030947111628649576,0.203711316,0.2875333333333333,88.84
20151203175637-17km-D4-DROWSY-SECONDARY,D4,secondary,urban,drowsy,82.78,0.3506535398428732,0.024187845589518853,0.2119640981818182,0.34581818181818186,88.81818181818181
20151203175637-17km-D4-DROWSY-SECONDARY,D4,secondary,urban,drowsy,87.78,0.3498895555555557,0.03539614777551819,0.2487654,0.2975333333333333,88.71000000000001
20151203175637-17km-D4-DROWSY-SECONDARY,D4,secondary,urban,drowsy,92.78,0.3399768691358025,0.04527534198027962,0.30007171600000004,0.11779999999999999,87.44666666666667
20151203175637-17km-D4-DROWSY-SECONDARY,D4,secondary,urban,drowsy,97.78,0.34746378271604933,0.03415383045078691,0.317986516,0.2222666666666667,88.40666666666667
20151203175637-17km-D4-DROWSY-SECONDARY,D4,secondary,urban,drowsy,102.78,0.3553127061728395,0.03557544195518325,0.3394911559999999,0.2997333333333333,89.41
20151203175637-17km-D4-DROWSY-SECONDARY,D4,secondary,urban,drowsy,107.78,0.3394642304526749,0.04490434835913947,0.35603051999999996,0.2603703703703704,87.37037037037037
20151203175637-17km-D4-DROWSY-SECONDARY,D4,secondary,urban,drowsy,112.78,0.33124685322359393,0.03715946840509466,0.32810081333333335,0.4264444444444444,86.32222222222222
20151203175637-17km-D4-DROWSY-SECONDARY,D4,secondary,urban,drowsy,117.78,0.3405252296296296,0.025071061230627478,0.30488114,0.3696666666666666,87.53
20151203175637-17km-D4-DROWSY-SECONDARY,D4,secondary,urban,drowsy,122.78,0.3296425723905723,0.030235895494689045,0.30294961454545455,0.24666666666666667,86.10606060606061
20151203175637-17km-D4-DROWSY-SECONDARY,D4,secondary,urban,drowsy,127.78,0.32224807901234576,0.02643197877103784,0.27694064,0.23233333333333334,85.14666666666668
20151203175637-17km-D4-DROWSY-SECONDARY,D4,secondary,urban,drowsy,132.78,0.33480411851851855,0.022454615287335927,0.20026083999999997,0.24386666666666668,86.78666666666666
20151203175637-17km-D4-DROWSY-SECONDARY,D4,secondary,urban,drowsy,137.78,0.3342853975308642,0.036800200207132046,0.154659496,0.3340666666666666,86.71666666666667
20151203175637-17km-D4-DROWSY-SECONDARY,D4,secondary,urban,drowsy,142.78,0.32864304691358026,0.05324789991285417,0.11759141599999998,0.26799999999999996,85.98333333333335
20151203175637-17km-D4-DROWSY-SECONDARY,D4,secondary,urban,drowsy,147.78,0.31604365881032553,0.05588547917213786,0.06304481818181819,0.2461818181818181,84.29393939393941
20151203175637-17km-D4-DROWSY-SECONDARY,D4,secondary,urban,drowsy,152.78,0.32674642962962963,0.08204094749737696,0.019033219999999997,0.20006666666666667,85.64000000000001
20151203175637-17km-D4-DROWSY-SECONDARY,D4,secondary,urban,drowsy,157.78,0.3757697037037036,0.07558381943929383,0.019861491999999998,0.16426666666666664,91.89000000000001
20151203175637-17km-D4-DROWSY-SECONDARY,D4,secondary,urban,drowsy,162.78,0.37748914128943756,0.06685857592802683,0.021965466666666673,0.19155555555555556,92.11111111111111
20151203175637-17km-D4-DROWSY-SECONDARY,D4,secondary,urban,drowsy,167.78,0.32712423593964335,0.07209344585697461,0.035749800000000005,0.10851851851851851,85.72592592592592
20151203175637-17km-D4-DROWSY-SECONDARY,D4,secondary,urban,drowsy,172.78,0.29072741189674517,0.03982172937212237,0.014888654545454554,0.22224242424242424,80.85151515151516
20151203175637-17km-D4-DROWSY-SECONDARY,D4,secondary,urban,drowsy,177.78,0.2841630172839506,0.03458286872585123,0.0,0.3522666666666666,79.95
20151203175637-17km-D4-DROWSY-SECONDARY,D4,secondary,urban,drowsy,182.78,0.3025471385459534,0.03134805892230601,0.01454436,0.26637037037037037,82.4962962962963
20151203175637-17km-D4-DROWSY-SECONDARY,D4,secondary,urban,drowsy,187.78,0.3208684938271605,0.02265808711109336,0.01189993090909091,0.36793939393939395,84.95454545454545
20151203175637-17km-D4-DROWSY-SECONDARY,D4,secondary,urban,drowsy,192.78,0.3331775667789001,0.026492134891247462,0.0,0.27369696969696966,86.57878787878788
20151203175637-17km-D4-DROWSY-SECONDARY,D4,secondary,urban,drowsy,197.78,0.3211633777777778,0.02977773251103269,0.0,0.0714,84.97999999999999
20151203175637-17km-D4-DROWSY-SECONDARY,D4,secondary,urban,drowsy,202.78,0.30082668312757205,0.04286233012829106,0.0,0.11903703703703702,82.26296296296296
20151203175637-17km-D4-DROWSY-SECONDARY,D4,secondary,urban,drowsy,207.78,0.27134475555555554,0.03962891693772824,0.0,0.159,78.08333333333333
20151203175637-17km-D4-DROWSY-SECONDARY,D4,secondary,urban,drowsy,212.78,0.255635263748597,0.0169183268834948,0.0,0.24369696969696966,75.83939393939396
20151203175637-17km-D4-DROWSY-SECONDARY,D4,secondary,urban,drowsy,217.78,0.2564197679012346,0.005393776146761837,0.0,0.22360000000000002,75.95666666666668
20151203175637-17km-D4-DROWSY-SECONDARY,D4,secondary,urban,drowsy,222.78,0.25878942222222223,0.0050900777478354794,0.0,0.18253333333333335,76.30666666666667
20151203175637-17km-D4-DROWSY-SECONDARY,D4,secondary,urban,drowsy,227.78,0.26121100137174214,0.00694852657426167,0.0,0.22518518518518515,76.66296296296296
20151203175637-17km-D4-DROWSY-SECONDARY,D4,secondary,urban,drowsy,232.78,0.267942743484225,0.013658406157246124,0.0,0.26022222222222224,77.64074074074074
20151203175637-17km-D4-DROWSY-SECONDARY,D4,secondary,urban,drowsy,237.78,0.2749831555555556,0.01261537891767972,0.0,0.3453333333333333,78.65666666666667
20151203175637-17km-D4-DROWSY-SECONDARY,D4,secondary,urban,drowsy,242.78,0.28025020246913585,0.009374883309630915,0.0,0.22899999999999995,79.40666666666667
20151203175637-17km-D4-DROWSY-SECONDARY,D4,secondary,urban,drowsy,247.78,0.28590274074074074,0.009789355596082069,0.0,0.1462,80.20333333333333
20151203175637-17km-D4-DROWSY-SECONDARY,D4,secondary,urban,drowsy,252.78,0.2881428552188552,0.006734065643559554,0.0,0.33854545454545454,80.51818181818182
20151203175637-17km-D4-DROWSY-SECONDARY,D4,secondary,urban,drowsy,257.78,0.2887786370370371,0.006678368620745766,0.0,0.3845333333333333,80.60666666666667
20151203175637-17km-D4-DROWSY-SECONDARY,D4,secondary,urban,drowsy,262.78,0.2916026666666667,0.007465283488251413,0.0,0.3269629629629629,80.99999999999999
20151203175637-17km-D4-DROWSY-SECONDARY,D4,secondary,urban,drowsy,267.78,0.2979596938271604,0.016963964718502568,0.0,0.19119999999999998,81.87333333333333
20151203175637-17km-D4-DROWSY-SECONDARY,D4,secondary,urban,drowsy,272.78,0.3075169741863075,0.02837210773251829,0.0,0.07957575757575758,83.17575757575757
20151203175637-17km-D4-DROWSY-SECONDARY,D4,secondary,urban,drowsy,277.78,0.32169131313131316,0.04698916122055436,0.0,0.12430303030303032,85.04848484848485
20151203175637-17km-D4-DROWSY-SECONDARY,D4,secondary,urban,drowsy,282.78,0.33710026172839513,0.05367186313213394,0.0,0.12253333333333334,87.07666666666668
20151203175637-17km-D4-DROWSY-SECONDARY,D4,secondary,urban,drowsy,287.78,0.3412239176954733,0.0333391838700256,0.0,0.10170370370370371,87.61851851851853
20151203175637-17km-D4-DROWSY-SECONDARY,D4,secondary,urban,drowsy,292.78,0.33559033196159116,0.018237101011522348,0.0,0.22066666666666665,86.88888888888887
20151203175637-17km-D4-DROWSY-SECONDARY,D4,secondary,urban,drowsy,297.78,0.3254197306397306,0.012419027293778678,0.0,0.41066666666666674,85.56666666666666
20151203175637-17km-D4-DROWSY-SECONDARY,D4,secondary,urban,drowsy,302.78,0.3193273849607184,0.028398428861021105,0.0,0.4505454545454546,84.76060606060607
20151203175637-17km-D4-DROWSY-SECONDARY,D4,secondary,urban,drowsy,307.78,0.33102272098765434,0.038225612082517804,0.0,0.39599999999999996,86.27666666666669
20151203175637-17km-D4-DROWSY-SECONDARY,D4,secondary,urban,drowsy,312.78,0.35184982167352535,0.0269074848994332,0.0,0.26555555555555554,88.97037037037038
20151203175637-17km-D4-DROWSY-SECONDARY,D4,secondary,urban,drowsy,317.78,0.36322297942386833,0.016300311030264365,0.0,0.32466666666666666,90.4
20151203175637-17km-D4-DROWSY-SECONDARY,D4,secondary,urban,drowsy,322.78,0.3713400543209876,0.01955474618715865,0.0,0.3844666666666666,91.40333333333334
20151203175637-17km-D4-DROWSY-SECONDARY,D4,secondary,urban,drowsy,327.78,0.3677819797979798,0.031243465885912803,0.0,0.3018181818181818,90.95757575757574
20151203175637-17km-D4-DROWSY-SECONDARY,D4,secondary,urban,drowsy,332.78,0.3563112938271604,0.02861948532160049,0.0,0.3556,89.52999999999999
20151203175637-17km-D4-DROWSY-SECONDARY,D4,secondary,urban,drowsy,337.78,0.3476957333333333,0.02502531503369415,0.0,0.3118,88.44666666666666
20151203175637-17km-D4-DROWSY-SECONDARY,D4,secondary,urban,drowsy,342.78,0.35275656790123455,0.021674011574925912,0.0,0.2828,89.08333333333334
20151203175637-17km-D4-DROWSY-SECONDARY,D4,secondary,urban,drowsy,347.78,0.35956630617283947,0.02722667152408011,0.0,0.3292,89.94333333333334
20151203175637-17km-D4-DROWSY-SECONDARY,D4,secondary,urban,drowsy,352.78,0.36541598204264875,0.02916075245870877,0.0,0.2889090909090909,90.66666666666666
20151203175637-17km-D4-DROWSY-SECONDARY,D4,secondary,urban,drowsy,357.78,0.3686758847736626,0.019746144207326087,0.0,0.18637037037037038,91.07407407407408
20151203175637-17km-D4-DROWSY-SECONDARY,D4,secondary,urban,drowsy,362.78,0.36371907270233206,0.01887957800994207,0.0,0.1983703703703704,90.46296296296299
20151203175637-17km-D4-DROWSY-SECONDARY,D4,secondary,urban,drowsy,367.78,0.3518661679012345,0.033224687396276306,0.0,0.2639333333333333,88.95666666666668
20151203175637-17km-D4-DROWSY-SECONDARY,D4,secondary,urban,drowsy,372.78,0.33882479012345673,0.0391862401983725,0.0,0.26684848484848483,87.30303030303031
20151203175637-17km-D4-DROWSY-SECONDARY,D4,secondary,urban,drowsy,377.78,0.3423467115600449,0.024165012256623573,0.0,0.2638181818181818,87.75757575757575
20151203175637-17km-D4-DROWSY-SECONDARY,D4,secondary,urban,drowsy,382.78,0.3413120938271605,0.012996683711500659,0.0,0.18586666666666665,87.63000000000001
20151203175637-17km-D4-DROWSY-SECONDARY,D4,secondary,urban,drowsy,387.78,0.33925438134430735,0.01691485191323348,0.0,0.16162962962962962,87.36666666666666
20151203175637-17km-D4-DROWSY-SECONDARY,D4,secondary,urban,drowsy,392.78,0.3564899094650206,0.035218350083877914,0.0,0.2634074074074074,89.54074074074076
20151203175637-17km-D4-DROWSY-SECONDARY,D4,secondary,urban,drowsy,397.78,0.3815618469135803,0.04051063867085642,0.0,0.3469333333333333,92.63333333333335
20151203175637-17km-D4-DROWSY-SECONDARY,D4,secondary,urban,drowsy,402.78,0.39859805611672267,0.03851138006464452,0.0,0.22727272727272727,94.6939393939394
20151203175637-17km-D4-DROWSY-SECONDARY,D4,secondary,urban,drowsy,407.78,0.3824889786756454,0.04162916997632577,0.0,0.15866666666666668,92.72727272727273
20151203175637-17km-D4-DROWSY-SECONDARY,D4,secondary,urban,drowsy,412.78,0.3529633679012346,0.03870897208066041,0.0,0.3232666666666667,89.10666666666667
20151203175637-17km-D4-DROWSY-SECONDARY,D4,secondary,urban,drowsy,417.78,0.3538186419753086,0.019250624150327057,0.0,0.4444666666666667,89.21666666666667
20151203175637-17km-D4-DROWSY-SECONDARY,D4,secondary,urban,drowsy,422.78,0.3574136888888888,0.012767883002852651,0.0,0.38586666666666664,89.67333333333333
20151203175637-17km-D4-DROWSY-SECONDARY,D4,secondary,urban,drowsy,427.78,0.35273168175582986,0.019296669762474836,0.0,0.3763703703703703,89.08518518518518
20151203175637-17km-D4-DROWSY-SECONDARY,D4,secondary,urban,drowsy,432.78,0.3604919780521262,0.023290880435263967,0.0,0.4938518518518518,90.05555555555556
20151203175637-17km-D4-DROWSY-SECONDARY,D4,secondary,urban,drowsy,437.78,0.357870849382716,0.03203912837148653,0.0,0.43433333333333335,89.72333333333333
20151203175637-17km-D4-DROWSY-SECONDARY,D4,secondary,urban,drowsy,442.78,0.332787694725028,0.04508598384234397,0.0,0.21921212121212122,86.5060606060606
20151203175637-17km-D4-DROWSY-SECONDARY,D4,secondary,urban,drowsy,447.78,0.32698863299663294,0.040465031752394694,0.0,0.07896969696969698,85.76363636363637
20151203175637-17km-D4-DROWSY-SECONDARY,D4,secondary,urban,drowsy,452.78,0.35391251851851857,0.04580493682692395,0.0,0.11913333333333334,89.19666666666667
20151203175637-17km-D4-DROWSY-SECONDARY,D4,secondary,urban,drowsy,457.78,0.38187747599451305,0.041647885543771516,0.0,0.20651851851851857,92.67407407407407
20151203175637-17km-D4-DROWSY-SECONDARY,D4,secondary,urban,drowsy,462.78,0.39256319890260627,0.015276351036744037,0.0,0.35762962962962963,93.98148148148148
20151203175637-17km-D4-DROWSY-SECONDARY,D4,secondary,urban,drowsy,467.78,0.38673472592592584,0.01126950213194231,0.0,0.4080666666666667,93.28
20151203175637-17km-D4-DROWSY-SECONDARY,D4,secondary,urban,drowsy,472.78,0.379029224691358,0.012165522419727674,0.0,0.23159999999999997,92.34666666666666
20151203175637-17km-D4-DROWSY-SECONDARY,D4,secondary,urban,drowsy,477.78,0.3597190886644221,0.02792669125359023,0.0,0.22096969696969698,89.94242424242424
20151203175637-17km-D4-DROWSY-SECONDARY,D4,secondary,urban,drowsy,482.78,0.3423523654320987,0.02984901614295641,0.0,0.3206,87.76
20151203175637-17km-D4-DROWSY-SECONDARY,D4,secondary,urban,drowsy,487.78,0.3305123012345679,0.031077846519880443,0.0,0.43033333333333335,86.22999999999999
20151203175637-17km-D4-DROWSY-SECONDARY,D4,secondary,urban,drowsy,492.78,0.3352926644219978,0.02870665402042359,0.0,0.41139393939393953,86.84545454545456
20151203175637-17km-D4-DROWSY-SECONDARY,D4,secondary,urban,drowsy,497.78,0.3511963676268862,0.022298142409127312,0.0,0.26866666666666666,88.88888888888889
20151203175637-17km-D4-DROWSY-SECONDARY,D4,secondary,urban,drowsy,502.78,0.3553714518518519,0.02952236361547019,0.0,0.34620000000000006,89.41666666666667
20151203175637-17km-D4-DROWSY-SECONDARY,D4,secondary,urban,drowsy,507.78,0.3614053647586981,0.027961612371510344,0.0,0.44630303030303026,90.16666666666667
20151203175637-17km-D4-DROWSY-SECONDARY,D4,secondary,urban,drowsy,512.78,0.3788839851851851,0.03260574223255802,0.0,0.31446666666666667,92.32333333333332
20151203175637-17km-D4-DROWSY-SECONDARY,D4,secondary,urban,drowsy,517.78,0.37418527846364874,0.04256226384765667,0.0,0.19748148148148148,91.73703703703706
20151203175637-17km-D4-DROWSY-SECONDARY,D4,secondary,urban,drowsy,522.78,0.37118699588477366,0.04728422721835,0.0,0.3732592592592593,91.37037037037038
20151203175637-17km-D4-DROWSY-SECONDARY,D4,secondary,urban,drowsy,527.78,0.37995368395061735,0.05639415627814032,0.0,0.4006,92.44333333333333
20151203175637-17km-D4-DROWSY-SECONDARY,D4,secondary,urban,drowsy,532.78,0.37905121885521886,0.058255075377819036,0.0,0.22036363636363634,92.32424242424244
20151203175637-17km-D4-DROWSY-SECONDARY,D4,secondary,urban,drowsy,537.78,0.3815633265993266,0.04251857047353905,0.0,0.17509090909090907,92.63939393939394
20151203175637-17km-D4-DROWSY-SECONDARY,D4,secondary,urban,drowsy,542.78,0.38610475555555557,0.022286779003156277,0.0,0.3078666666666666,93.20333333333333
20151203175637-17km-D4-DROWSY-SECONDARY,D4,secondary,urban,drowsy,547.78,0.38883027160493827,0.013812968539551954,0.0,0.27626666666666666,93.53333333333333
20151203175637-17km-D4-DROWSY-SECONDARY,D4,secondary,urban,drowsy,552.78,0.3858547215363511,0.01262540422227316,0.0,0.3240740740740741,93.17407407407407
20151203175637-17km-D4-DROWSY-SECONDARY,D4,secondary,urban,drowsy,557.78,0.38484531687242796,0.028527421762114716,0.0,0.496074074074074,93.04814814814814
20151203175637-17km-D4-DROWSY-SECONDARY,D4,secondary,urban,drowsy,562.78,0.40021844219977554,0.03520529404757733,0.0,0.4646060606060605,94.87878787878789
20151203175637-17km-D4-DROWSY-SECONDARY,D4,secondary,urban,drowsy,567.78,0.4046423344556679,0.026052283692475565,0.0,0.3225454545454545,95.4121212121212
20151203175637-17km-D4-DROWSY-SECONDARY,D4,secondary,urban,drowsy,572.78,0.4162429849108368,0.048695437065099705,0.0,0.3508888888888889,96.73333333333333
20151203175637-17km-D4-DROWSY-SECONDARY,D4,secondary,urban,drowsy,577.78,0.4323447012345679,0.08745442582993435,0.007461664000000004,0.5206000000000001,98.59333333333333
20151203175637-17km-D4-DROWSY-SECONDARY,D4,secondary,urban,drowsy,582.78,0.386453014590348,0.0911744238454368,0.10827745090909091,0.4799393939393939,93.05151515151515
20151203175637-17km-D4-DROWSY-SECONDARY,D4,secondary,urban,drowsy,587.78,0.32443624142661176,0.06712083094580663,0.24211509333333328,0.4848148148148148,85.39629629629628
20151203175637-17km-D4-DROWSY-SECONDARY,D4,secondary,urban,drowsy,592.78,0.31435861179698216,0.05238123002092224,0.2479604133333333,0.45933333333333337,84.0925925925926
20151203175637-17km-D4-DROWSY-SECONDARY,D4,secondary,urban,drowsy,597.78,0.3000560740740742,0.06237458345721268,0.18725174,0.3508,82.11666666666667
20151203175637-17km-D4-DROWSY-SECONDARY,D4,secondary,urban,drowsy,602.78,0.29767529382716057,0.058901348774639116,0.07711483600000002,0.26193333333333324,81.79666666666665
20151203175637-17km-D4-DROWSY-SECONDARY,D4,secondary,urban,drowsy,607.78,0.31645995555555556,0.049873948393442474,0.006767416000000005,0.2275333333333333,84.37000000000002
20151203175637-17km-D4-DROWSY-SECONDARY,D4,secondary,urban,drowsy,612.78,0.3259075824915825,0.0389145149381313,0.0,0.15854545454545452,85.61818181818181
20151203175637-17km-D4-DROWSY-SECONDARY,D4,secondary,urban,drowsy,617.78,0.33637492345679015,0.04008214339918368,0.0,0.11379999999999998,86.98666666666668
20151203175637-17km-D4-DROWSY-SECONDARY,D4,secondary,urban,drowsy,622.78,0.32412807901234564,0.03455338118855515,0.06018656400000001,0.1696666666666667,85.37333333333333
20151203175637-17km-D4-DROWSY-SECONDARY,D4,secondary,urban,drowsy,627.78,0.3072379797979798,0.031615225110181944,0.05471505818181819,0.23024242424242428,83.13939393939394
20151203175637-17km-D4-DROWSY-SECONDARY,D4,secondary,urban,drowsy,632.78,0.3187293530864198,0.043734242747807,0.0,0.2156,84.64666666666668
20151203175637-17km-D4-DROWSY-SECONDARY,D4,secondary,urban,drowsy,637.78,0.35114223703703706,0.06683467712899407,0.05682882,0.2317333333333333,88.84333333333333
20151203175637-17km-D4-DROWSY-SECONDARY,D4,secondary,urban,drowsy,642.78,0.39088867489711937,0.0716464217244027,0.06314569333333334,0.32918518518518525,93.7074074074074
20151203175637-17km-D4-DROWSY-SECONDARY,D4,secondary,urban,drowsy,647.78,0.4320193135802469,0.06033563879053109,2.3040000000000253e-06,0.2981333333333333,98.56333333333333
20151203175637-17km-D4-DROWSY-SECONDARY,D4,secondary,urban,drowsy,652.78,0.44072256790123465,0.06076884243950229,0.0,0.27266666666666667,99.55333333333333
20151203175637-17km-D4-DROWSY-SECONDARY,D4,secondary,urban,drowsy,657.78,0.4386803209876543,0.04919292496668074,0.086444264,0.20340000000000003,99.33666666666667
20151203175637-17km-D4-DROWSY-SECONDARY,D4,secondary,urban,drowsy,662.78,0.42454454320987656,0.08973704239548536,0.30149085090909095,0.16830303030303032,97.66969696969699
20151203175637-17km-D4-DROWSY-SECONDARY,D4,secondary,urban,drowsy,667.78,0.3696260631001372,0.11386966961156669,0.5165702622222222,0.22451851851851856,90.94814814814815
20151203175637-17km-D4-DROWSY-SECONDARY,D4,secondary,urban,drowsy,672.78,0.3287945898491083,0.06422185376496185,0.4293280622222222,0.16325925925925924,85.98518518518519
20151203175637-17km-D4-DROWSY-SECONDARY,D4,secondary,urban,drowsy,677.78,0.3403202469135802,0.04794836344300557,0.3681864545454545,0.1506060606060606,87.49393939393939
20151203175637-17km-D4-DROWSY-SECONDARY,D4,secondary,urban,drowsy,682.78,0.3440815757575757,0.030036781429200885,0.37340494545454544,0.17630303030303027,87.98484848484847
20151203171800-16km-D4-NORMAL1-SECONDARY,D4,secondary,urban,normal,20.5,0.2342402765432098,0.3931503613109652,0.0,0.10973333333333335,66.78
20151203171800-16km-D4-NORMAL1-SECONDARY,D4,secondary,urban,normal,25.5,0.30918700740740734,0.02536850667104893,0.0,0.20940000000000003,83.40333333333334
20151203171800-16km-D4-NORMAL1-SECONDARY,D4,secondary,urban,normal,30.5,0.32132501234567895,0.028205730626041686,0.0,0.1448,85.00999999999999
20151203171800-16km-D4-NORMAL1-SECONDARY,D4,secondary,urban,normal,35.5,0.34067293333333337,0.023542117930554555,0.0,0.055799999999999995,87.54333333333334
20151203171800-16km-D4-NORMAL1-SECONDARY,D4,secondary,urban,normal,40.5,0.35010917530864194,0.01778145014929667,0.0,0.055799999999999995,88.75333333333333
20151203171800-16km-D4-NORMAL1-SECONDARY,D4,secondary,urban,normal,45.5,0.35504034074074065,0.013585986984652649,0.0,0.16299999999999998,89.37666666666667
20151203171800-16km-D4-NORMAL1-SECONDARY,D4,secondary,urban,normal,50.5,0.3687026666666667,0.02358578358287269,0.0,0.28163636363636363,91.06969696969698
20151203171800-16km-D4-NORMAL1-SECONDARY,D4,secondary,urban,normal,55.5,0.38652992592592594,0.03325424944533072,0.0,0.2712121212121212,93.24545454545455
20151203171800-16km-D4-NORMAL1-SECONDARY,D4,secondary,urban,normal,60.5,0.4050340137174211,0.0281843656734392,0.0,0.17133333333333334,95.45555555555555
20151203171800-16km-D4-NORMAL1-SECONDARY,D4,secondary,urban,normal,65.5,0.3898778518518518,0.05309944496610612,0.0,0.3536,93.61
20151203171800-16km-D4-NORMAL1-SECONDARY,D4,secondary,urban,normal,70.5,0.35439593265993263,0.04892081303723055,0.0012873636363636388,0.5013939393939393,89.24242424242424
20151203171800-16km-D4-NORMAL1-SECONDARY,D4,secondary,urban,normal,75.5,0.3302811248285322,0.01850387844044749,0.0015734444444444474,0.3867407407407408,86.2037037037037
20151203171800-16km-D4-NORMAL1-SECONDARY,D4,secondary,urban,normal,80.5,0.3341101508916324,0.013689436401341758,0.0,0.1391851851851852,86.7
20151203171800-16km-D4-NORMAL1-SECONDARY,D4,secondary,urban,normal,85.5,0.34745881481481483,0.029258513575856748,0.0,0.05119999999999999,88.40666666666668
20151203171800-16km-D4-NORMAL1-SECONDARY,D4,secondary,urban,normal,90.5,0.3610351245791246,0.049420660254057606,0.0,0.07648484848484849,90.11515151515151
20151203171800-16km-D4-NORMAL1-SECONDARY,D4,secondary,urban,normal,95.5,0.3521408197530864,0.03937398665439417,0.0,0.19326666666666664,88.97999999999999
20151203171800-16km-D4-NORMAL1-SECONDARY,D4,secondary,urban,normal,100.5,0.32824931138545954,0.02262471277614265,0.0,0.2693333333333333,85.93703703703703
20151203171800-16km-D4-NORMAL1-SECONDARY,D4,secondary,urban,normal,105.5,0.3235067923681258,0.01615432329894391,0.0,0.1738181818181818,85.31515151515151
20151203171800-16km-D4-NORMAL1-SECONDARY,D4,secondary,urban,normal,110.5,0.31971902222222226,0.011777734597501064,0.0,0.1502,84.81333333333332
20151203171800-16km-D4-NORMAL1-SECONDARY,D4,secondary,urban,normal,115.5,0.3091758518518518,0.019416539756581735,0.0,0.11113333333333335,83.39999999999999
20151203171800-16km-D4-NORMAL1-SECONDARY,D4,secondary,urban,normal,120.5,0.29799591111111107,0.02065773693231833,0.0,0.10773333333333332,81.87333333333332
20151203171800-16km-D4-NORMAL1-SECONDARY,D4,secondary,urban,normal,125.5,0.28340830727023314,0.013717881473111464,0.0,0.15940740740740744,79.85185185185185
20151203171800-16km-D4-NORMAL1-SECONDARY,D4,secondary,urban,normal,130.5,0.2778781481481481,0.010614478913404071,0.0,0.14953333333333335,79.07
20151203171800-16km-D4-NORMAL1-SECONDARY,D4,secondary,urban,normal,135.5,0.27388605432098767,0.011925156912618176,0.0,0.10106666666666668,78.50000000000001
20151203171800-16km-D4-NORMAL1-SECONDARY,D4,secondary,urban,normal,140.5,0.2695999654320988,0.010987685938223885,0.0,0.1146,77.88333333333334
20151203171800-16km-D4-NORMAL1-SECONDARY,D4,secondary,urban,normal,145.5,0.26828760493827164,0.013655677060268979,0.0,0.1226,77.69333333333334
20151203171800-16km-D4-NORMAL1-SECONDARY,D4,secondary,urban,normal,150.5,0.2716441234567902,0.02117547581473218,0.0,0.05313333333333333,78.17666666666666
20151203171800-16km-D4-NORMAL1-SECONDARY,D4,secondary,urban,normal,155.5,0.2858559160493828,0.03533353691411133,0.0,0.022199999999999998,80.17666666666669
20151203171800-16km-D4-NORMAL1-SECONDARY,D4,secondary,urban,normal,160.5,0.31343759012345684,0.04105780660248372,0.0,0.031066666666666666,83.94666666666666
20151203171800-16km-D4-NORMAL1-SECONDARY,D4,secondary,urban,normal,165.5,0.3249005297418631,0.03199020375036796,0.0,0.04969696969696969,85.49393939393941
20151203171800-16km-D4-NORMAL1-SECONDARY,D4,secondary,urban,normal,170.5,0.31716592098765434,0.02295785617797744,0.0,0.11179999999999998,84.47
20151203171800-16km-D4-NORMAL1-SECONDARY,D4,secondary,urban,normal,175.5,0.3190731796982167,0.025054589821270627,0.0,0.15118518518518517,84.72222222222223
20151203171800-16km-D4-NORMAL1-SECONDARY,D4,secondary,urban,normal,180.5,0.33974694500561164,0.041833651553803884,0.0,0.11218181818181816,87.41212121212119
20151203171800-16km-D4-NORMAL1-SECONDARY,D4,secondary,urban,normal,185.5,0.34521084938271607,0.039266502785440666,0.0,0.09566666666666666,88.12333333333335
20151203171800-16km-D4-NORMAL1-SECONDARY,D4,secondary,urban,normal,190.5,0.3396837860082305,0.013730598799498813,0.0,0.09725925925925925,87.42222222222223
20151203171800-16km-D4-NORMAL1-SECONDARY,D4,secondary,urban,normal,195.5,0.34773662716049386,0.014239404936126975,0.0,0.16240000000000002,88.45
20151203171800-16km-D4-NORMAL1-SECONDARY,D4,secondary,urban,normal,200.5,0.3547820790123456,0.016287436009899636,0.0010271080000000012,0.22906666666666667,89.34333333333333
20151203171800-16km-D4-NORMAL1-SECONDARY,D4,secondary,urban,normal,205.5,0.34238962962962965,0.0316969735043201,0.07538648363636363,0.24927272727272723,87.74545454545455
20151203171800-16km-D4-NORMAL1-SECONDARY,D4,secondary,urban,normal,210.5,0.31680470482603806,0.04076002767159297,0.1860102727272727,0.22290909090909095,84.39393939393939
20151203171800-16km-D4-NORMAL1-SECONDARY,D4,secondary,urban,normal,215.5,0.30488522908093274,0.03295723283649643,0.26955563111111114,0.2117777777777778,82.81851851851852
20151203171800-16km-D4-NORMAL1-SECONDARY,D4,secondary,urban,normal,220.5,0.296184898765432,0.05484094722158026,0.355699784,0.29233333333333333,81.6
20151203171800-16km-D4-NORMAL1-SECONDARY,D4,secondary,urban,normal,225.5,0.27398622671156,0.05011739216242535,0.41782852,0.2846666666666666,78.47272727272727
20151203171800-16km-D4-NORMAL1-SECONDARY,D4,secondary,urban,normal,230.5,0.26915432592592586,0.03270284559836412,0.45154831200000006,0.26993333333333336,77.80333333333333
20151203171800-16km-D4-NORMAL1-SECONDARY,D4,secondary,urban,normal,235.5,0.27672077914951987,0.02507353552903745,0.4701225866666667,0.3305925925925926,78.90370370370368
20151203171800-16km-D4-NORMAL1-SECONDARY,D4,secondary,urban,normal,240.5,0.2687275160493828,0.026698909189066738,0.47625304800000007,0.3541333333333333,77.75333333333333
20151203171800-16km-D4-NORMAL1-SECONDARY,D4,secondary,urban,normal,245.5,0.2532136888888889,0.03816428590258444,0.448748288,0.33326666666666666,75.44
20151203171800-16km-D4-NORMAL1-SECONDARY,D4,secondary,urban,normal,250.5,0.23408527846364885,0.036811744660152274,0.35396779999999994,0.25511111111111107,72.57037037037037
20151203171800-16km-D4-NORMAL1-SECONDARY,D4,secondary,urban,normal,255.5,0.23059624197530865,0.03855530249467666,0.338258584,0.17246666666666668,72.02333333333334
20151203171800-16km-D4-NORMAL1-SECONDARY,D4,secondary,urban,normal,260.5,0.2390341481481481,0.032226514994118924,0.3649924400000001,0.11653333333333335,73.30999999999999
20151203171800-16km-D4-NORMAL1-SECONDARY,D4,secondary,urban,normal,265.5,0.25214903703703706,0.018502636615294926,0.347518804,0.0996,75.32000000000001
20151203171800-16km-D4-NORMAL1-SECONDARY,D4,secondary,urban,normal,270.5,0.2607044893378227,0.030346529922926378,0.31355553818181814,0.22642424242424244,76.57272727272728
20151203171800-16km-D4-NORMAL1-SECONDARY,D4,secondary,urban,normal,275.5,0.27684199506172846,0.03888200203672483,0.32736898000000003,0.23160000000000003,78.89333333333335
20151203171800-16km-D4-NORMAL1-SECONDARY,D4,secondary,urban,normal,280.5,0.2967069679012345,0.03684643162328044,0.405974808,0.16633333333333333,81.69666666666666
20151203171800-16km-D4-NORMAL1-SECONDARY,D4,secondary,urban,normal,285.5,0.2985422864197531,0.038826064851258515,0.404514908,0.2215333333333333,81.95
20151203171800-16km-D4-NORMAL1-SECONDARY,D4,secondary,urban,normal,290.5,0.3109263155006859,0.03720001018230607,0.35649943999999995,0.21466666666666667,83.61851851851851
20151203171800-16km-D4-NORMAL1-SECONDARY,D4,secondary,urban,normal,295.5,0.3220260740740741,0.030656488229474563,0.3088410945454545,0.16890909090909093,85.11515151515151
20151203171800-16km-D4-NORMAL1-SECONDARY,D4,secondary,urban,normal,300.5,0.3193611111111111,0.026161742029778022,0.295239924,0.14073333333333332,84.76333333333334
20151203171800-16km-D4-NORMAL1-SECONDARY,D4,secondary,urban,normal,305.5,0.29380594787379977,0.06587052002112705,0.3357399511111111,0.11222222222222222,81.23703703703706
20151203171800-16km-D4-NORMAL1-SECONDARY,D4,secondary,urban,normal,310.5,0.25784138765432096,0.067177831914489,0.288856616,0.09159999999999999,76.09666666666666
20151203171800-16km-D4-NORMAL1-SECONDARY,D4,secondary,urban,normal,315.5,0.24808612839506172,0.03564987836798221,0.182446336,0.07813333333333333,74.69666666666667
20151203171800-16km-D4-NORMAL1-SECONDARY,D4,secondary,urban,normal,320.5,0.26816129382716053,0.0322994459334851,0.16118039599999995,0.0498,77.65333333333334
20151203171800-16km-D4-NORMAL1-SECONDARY,D4,secondary,urban,normal,325.5,0.2783060641975309,0.029334221342047724,0.23641104800000004,0.055866666666666676,79.12666666666667
20151203171800-16km-D4-NORMAL1-SECONDARY,D4,secondary,urban,normal,330.5,0.27301354567901237,0.02650641011265627,0.33032142000000003,0.14279999999999998,78.37
20151203171800-16km-D4-NORMAL1-SECONDARY,D4,secondary,urban,normal,335.5,0.2692653925925926,0.02524006526054947,0.406132664,0.13746666666666665,77.83333333333334
20151203171800-16km-D4-NORMAL1-SECONDARY,D4,secondary,urban,normal,340.5,0.25897267654320993,0.046243611836485884,0.45594323999999997,0.12326666666666666,76.30333333333333
20151203171800-16km-D4-NORMAL1-SECONDARY,D4,secondary,urban,normal,345.5,0.2437141548821549,0.0496234339811295,0.40214454545454553,0.20018181818181818,74.03030303030303
20151203171800-16km-D4-NORMAL1-SECONDARY,D4,secondary,urban,normal,350.5,0.24824545185185184,0.03187696594013694,0.298683664,0.21213333333333334,74.71333333333334
20151203171800-16km-D4-NORMAL1-SECONDARY,D4,secondary,urban,normal,355.5,0.2730415967078189,0.03815181185674617,0.17873111555555551,0.16318518518518518,78.35925925925925
20151203171800-16km-D4-NORMAL1-SECONDARY,D4,secondary,urban,normal,360.5,0.2950965827160494,0.03995299975060303,0.12683801999999997,0.1730666666666667,81.46000000000001
20151203171800-16km-D4-NORMAL1-SECONDARY,D4,secondary,urban,normal,365.5,0.31987875061728394,0.032666479344551365,0.1281309,0.23620000000000002,84.81666666666666
20151203171800-16km-D4-NORMAL1-SECONDARY,D4,secondary,urban,normal,370.5,0.33687889876543214,0.02629982725265201,0.149308592,0.2625333333333334,87.05666666666666
20151203171800-16km-D4-NORMAL1-SECONDARY,D4,secondary,urban,normal,375.5,0.35473941728395064,0.03568046534446111,0.17097268,0.167,89.32000000000002
20151203171800-16km-D4-NORMAL1-SECONDARY,D4,secondary,urban,normal,380.5,0.38590032098765426,0.05536636126745507,0.211705344,0.11793333333333333,93.15
20151203171800-16km-D4-NORMAL1-SECONDARY,D4,secondary,urban,normal,385.5,0.3909980875420875,0.04437435664506556,0.30281672363636364,0.17084848484848483,93.78181818181817
20151203171800-16km-D4-NORMAL1-SECONDARY,D4,secondary,urban,normal,390.5,0.3661869185185185,0.059079522895660944,0.36483606399999996,0.20733333333333331,90.72999999999998
20151203171800-16km-D4-NORMAL1-SECONDARY,D4,secondary,urban,normal,395.5,0.339238661728395,0.06292495790779193,0.32658336799999993,0.2484,87.34333333333333
20151203171800-16km-D4-NORMAL1-SECONDARY,D4,secondary,urban,normal,400.5,0.3396821530864197,0.031427815358927906,0.292055628,0.21606666666666668,87.41333333333333
20151203171800-16km-D4-NORMAL1-SECONDARY,D4,secondary,urban,normal,405.5,0.3362248148148148,0.0199362552770592,0.31329886399999995,0.1286,86.97
20151203171800-16km-D4-NORMAL1-SECONDARY,D4,secondary,urban,normal,410.5,0.3258188731762065,0.0189309434638492,0.33980920363636363,0.08206060606060606,85.61818181818181
20151203171800-16km-D4-NORMAL1-SECONDARY,D4,secondary,urban,normal,415.5,0.31167667654320985,0.03730241990152609,0.3707915280000001,0.2,83.72333333333333
20151203171800-16km-D4-NORMAL1-SECONDARY,D4,secondary,urban,normal,420.5,0.29501072153635116,0.05081751203250182,0.38402464888888893,0.30681481481481476,81.45185185185183
20151203171800-16km-D4-NORMAL1-SECONDARY,D4,secondary,urban,normal,425.5,0.29063962688614536,0.03604827842259653,0.3885112088888889,0.19385185185185183,80.85925925925926
20151203171800-16km-D4-NORMAL1-SECONDARY,D4,secondary,urban,normal,430.5,0.2990499703703703,0.03620925742362839,0.44195418399999997,0.20873333333333335,82.02333333333334
20151203171800-16km-D4-NORMAL1-SECONDARY,D4,secondary,urban,normal,435.5,0.28929127407407407,0.05084369990369182,0.43075990399999997,0.19393333333333332,80.65
20151203171800-16km-D4-NORMAL1-SECONDARY,D4,secondary,urban,normal,440.5,0.29062889382716045,0.04846931248756735,0.395342352,0.0754,80.83
20151203171800-16km-D4-NORMAL1-SECONDARY,D4,secondary,urban,normal,445.5,0.30540333333333336,0.030358468218050806,0.31580938000000003,0.15953333333333333,82.89
20151203171800-16km-D4-NORMAL1-SECONDARY,D4,secondary,urban,normal,450.5,0.30024246913580244,0.030104902995023653,0.29117278399999996,0.2384,82.18666666666667
20151203171800-16km-D4-NORMAL1-SECONDARY,D4,secondary,urban,normal,455.5,0.32387123456790123,0.06639754980431033,0.325582084,0.17306666666666667,85.27000000000001
20151203171800-16km-D4-NORMAL1-SECONDARY,D4,secondary,urban,normal,460.5,0.36516851627384955,0.0513735342345236,0.31679112,0.2216363636363636,90.61515151515151
20151203171800-16km-D4-NORMAL1-SECONDARY,D4,secondary,urban,normal,465.5,0.3742580691358025,0.010716092221548729,0.368244388,0.24853333333333336,91.76333333333334
20151203171800-16km-D4-NORMAL1-SECONDARY,D4,secondary,urban,normal,470.5,0.3498655582990398,0.05508192397040526,0.4368419911111111,0.14666666666666667,88.65925925925926
20151203171800-16km-D4-NORMAL1-SECONDARY,D4,secondary,urban,normal,475.5,0.3165598666666667,0.05076803126905236,0.45477746,0.1569333333333333,84.33666666666666
20151203171800-16km-D4-NORMAL1-SECONDARY,D4,secondary,urban,normal,480.5,0.3015391308641976,0.019270773045425644,0.385749228,0.21760000000000002,82.36666666666667
20151203171800-16km-D4-NORMAL1-SECONDARY,D4,secondary,urban,normal,485.5,0.32740550617283953,0.051147589791507894,0.27269948799999993,0.22026666666666667,85.75666666666667
20151203171800-16km-D4-NORMAL1-SECONDARY,D4,secondary,urban,normal,490.5,0.35396105185185184,0.04943163724147916,0.158758524,0.13999999999999999,89.22999999999999
20151203171800-16km-D4-NORMAL1-SECONDARY,D4,secondary,urban,normal,495.5,0.3734839506172839,0.0405959955738906,0.07248254800000001,0.10766666666666665,91.64
20151203171800-16km-D4-NORMAL1-SECONDARY,D4,secondary,urban,normal,500.5,0.38723174320987647,0.043889237690732864,0.09707830399999999,0.1266,93.33333333333334
20151203171800-16km-D4-NORMAL1-SECONDARY,D4,secondary,urban,normal,505.5,0.37045099753086413,0.03738323658592268,0.198301888,0.09433333333333332,91.27666666666666
20151203171800-16km-D4-NORMAL1-SECONDARY,D4,secondary,urban,normal,510.5,0.35070589135802466,0.028368269539101727,0.256573324,0.09433333333333334,88.82333333333334
20151203171800-16km-D4-NORMAL1-SECONDARY,D4,secondary,urban,normal,515.5,0.3355970962962963,0.02327243627307212,0.28122576,0.21413333333333334,86.88666666666668
20151203171800-16km-D4-NORMAL1-SECONDARY,D4,secondary,urban,normal,520.5,0.3211774500561167,0.02179850002561472,0.29551932,0.27793939393939393,85.0030303030303
20151203171800-16km-D4-NORMAL1-SECONDARY,D4,secondary,urban,normal,525.5,0.3214680790123457,0.05249216929846771,0.24899688800000003,0.29700000000000004,85.02666666666667
20151203171800-16km-D4-NORMAL1-SECONDARY,D4,secondary,urban,normal,530.5,0.37448062222222217,0.08345364987341722,0.074022688,0.31906666666666667,91.65333333333334
20151203171800-16km-D4-NORMAL1-SECONDARY,D4,secondary,urban,normal,535.5,0.41966920493827153,0.06058532521653881,0.0,0.25246666666666673,97.14
20151203171800-16km-D4-NORMAL1-SECONDARY,D4,secondary,urban,normal,540.5,0.4142454540466393,0.06878289164069568,0.0,0.24170370370370367,96.48148148148148
20151203171800-16km-D4-NORMAL1-SECONDARY,D4,secondary,urban,normal,545.5,0.368340736251403,0.06537898267175514,0.0,0.17260606060606062,90.97272727272727
20151203171800-16km-D4-NORMAL1-SECONDARY,D4,secondary,urban,normal,550.5,0.3503590370370371,0.05655572264203211,0.0,0.06533333333333334,88.77
20151203171800-16km-D4-NORMAL1-SECONDARY,D4,secondary,urban,normal,555.5,0.3736144855967078,0.05773530694680621,0.020844155555555553,0.04637037037037037,91.65185185185184
20151203171800-16km-D4-NORMAL1-SECONDARY,D4,secondary,urban,normal,560.5,0.3556505230078563,0.09294578166660127,0.22817763636363633,0.0961818181818182,89.30909090909091
20151203171800-16km-D4-NORMAL1-SECONDARY,D4,secondary,urban,normal,565.5,0.30039714927048256,0.09527612319219997,0.3760415636363636,0.18921212121212125,82.05757575757575
20151203171800-16km-D4-NORMAL1-SECONDARY,D4,secondary,urban,normal,570.5,0.28622365980795605,0.07290540073288579,0.3362165555555556,0.2094074074074074,80.19259259259259
20151203171800-16km-D4-NORMAL1-SECONDARY,D4,secondary,urban,normal,575.5,0.33159222496570645,0.07512833307310444,0.3273623555555556,0.2154814814814815,86.32222222222224
20151203171800-16km-D4-NORMAL1-SECONDARY,D4,secondary,urban,normal,580.5,0.3224597530864198,0.08480101524395994,0.4210607418181819,0.25896969696969696,85.07878787878788
20151203171800-16km-D4-NORMAL1-SECONDARY,D4,secondary,urban,normal,585.5,0.27487426262626263,0.08251259357223978,0.43499033818181815,0.2687878787878788,78.51515151515152
20151203171800-16km-D4-NORMAL1-SECONDARY,D4,secondary,urban,normal,590.5,0.2552220631001372,0.04517468254920622,0.3274333955555556,0.26948148148148143,75.75925925925927
20151203171800-16km-D4-NORMAL1-SECONDARY,D4,secondary,urban,normal,595.5,0.26787200548696843,0.019832296198478382,0.2794672,0.13925925925925928,77.63333333333334
20151203171800-16km-D4-NORMAL1-SECONDARY,D4,secondary,urban,normal,600.5,0.2666358877665544,0.008098637954926761,0.28017058909090903,0.17393939393939395,77.45454545454545
20151203171800-16km-D4-NORMAL1-SECONDARY,D4,secondary,urban,normal,605.5,0.26392557037037034,0.011555294707862132,0.23481006000000004,0.24860000000000002,77.05999999999999
20151203171800-16km-D4-NORMAL1-SECONDARY,D4,secondary,urban,normal,610.5,0.27056602469135804,0.021474573230879323,0.1555729822222222,0.10629629629629629,78.01481481481481
20151203171800-16km-D4-NORMAL1-SECONDARY,D4,secondary,urban,normal,615.5,0.2831964790123457,0.024454845232450707,0.11627200400000001,0.09093333333333334,79.81666666666666
20151203171800-16km-D4-NORMAL1-SECONDARY,D4,secondary,urban,normal,620.5,0.2931959259259259,0.02157389251415473,0.068323204,0.1172,81.21666666666667
20151203171800-16km-D4-NORMAL1-SECONDARY,D4,secondary,urban,normal,625.5,0.29848234074074076,0.02586373075147385,0.04444223199999999,0.10306666666666667,81.94666666666667
20151203171800-16km-D4-NORMAL1-SECONDARY,D4,secondary,urban,normal,630.5,0.2961804839506173,0.03166589559341315,0.048057632,0.19866666666666669,81.62666666666667
20151203171800-16km-D4-NORMAL1-SECONDARY,D4,secondary,urban,normal,635.5,0.30010270123456795,0.025097381401916297,0.05827628,0.22020000000000003,82.16333333333333
20151203171800-16km-D4-NORMAL1-SECONDARY,D4,secondary,urban,normal,640.5,0.3026723358024691,0.02173779144745776,0.096679708,0.2,82.52000000000001
20151203171800-16km-D4-NORMAL1-SECONDARY,D4,secondary,urban,normal,645.5,0.29494429629629626,0.033820044123302424,0.18433219636363637,0.22896969696969693,81.45454545454544
20151203171800-16km-D4-NORMAL1-SECONDARY,D4,secondary,urban,normal,650.5,0.2865214455667789,0.05686689969973948,0.2621326181818182,0.2650909090909091,80.26666666666667
20151203171800-16km-D4-NORMAL1-SECONDARY,D4,secondary,urban,normal,655.5,0.2603234913580247,0.05955634511085265,0.308619808,0.29019999999999996,76.46333333333334
20151203171800-16km-D4-NORMAL1-SECONDARY,D4,secondary,urban,normal,660.5,0.24783571467764062,0.054465159593139995,0.2923418933333334,0.18177777777777776,74.65555555555557
20151203171800-16km-D4-NORMAL1-SECONDARY,D4,secondary,urban,normal,665.5,0.2657084773662552,0.042267296672744564,0.2554095155555556,0.11007407407407406,77.3037037037037
20151203171800-16km-D4-NORMAL1-SECONDARY,D4,secondary,urban,normal,670.5,0.2681126370370371,0.03259461302342871,0.265540392,0.15973333333333334,77.66333333333334
20151203171800-16km-D4-NORMAL1-SECONDARY,D4,secondary,urban,normal,675.5,0.2750094024691358,0.033585801258787525,0.262847568,0.20406666666666667,78.64
20151203171800-16km-D4-NORMAL1-SECONDARY,D4,secondary,urban,normal,680.5,0.29217774186307516,0.03661089273088513,0.2940124218181817,0.18727272727272729,81.07272727272726
20151203171800-16km-D4-NORMAL1-SECONDARY,D4,secondary,urban,normal,685.5,0.29043274074074077,0.03146257379131459,0.360612536,0.13266666666666665,80.82666666666668
20151203171800-16km-D4-NORMAL1-SECONDARY,D4,secondary,urban,normal,690.5,0.2705895637860083,0.0314327946805579,0.37040893333333336,0.06296296296296297,78.00740740740741
20151203171800-16km-D4-NORMAL1-SECONDARY,D4,secondary,urban,normal,695.5,0.25442650864197536,0.03339149958683709,0.28248804399999994,0.04926666666666667,75.64666666666668
20151203171800-16km-D4-NORMAL1-SECONDARY,D4,secondary,urban,normal,700.5,0.23786747025813693,0.04082417305482525,0.21557861454545454,0.10909090909090909,73.13030303030304
20151203171800-16km-D4-NORMAL1-SECONDARY,D4,secondary,urban,normal,705.5,0.21305234118967453,0.06401396368811406,0.19510250181818184,0.15060606060606063,69.14242424242424
20151203171800-16km-D4-NORMAL1-SECONDARY,D4,secondary,urban,normal,710.5,0.17710451851851852,0.054384172395163424,0.14313810800000001,0.10153333333333334,63.05
20151203171800-16km-D4-NORMAL1-SECONDARY,D4,secondary,urban,normal,715.5,0.15383109465020575,0.05105099027032814,0.06539086222222222,0.10014814814814815,58.796296296296305
20151203171800-16km-D4-NORMAL1-SECONDARY,D4,secondary,urban,normal,720.5,0.1292262112482853,0.06164882570159691,0.005274622222222221,0.2708888888888889,53.833333333333336
20151203173103-17km-D4-NORMAL2-SECONDARY,D4,secondary,urban,normal,18.42,0.21595521885521887,0.3943268066193315,0.0,0.04672727272727273,64.32424242424241
20151203173103-17km-D4-NORMAL2-SECONDARY,D4,secondary,urban,normal,23.42,0.32337163950617276,0.07003106160963828,0.0,0.09286666666666668,85.21666666666667
20151203173103-17km-D4-NORMAL2-SECONDARY,D4,secondary,urban,normal,28.42,0.35240331358024696,0.04295462052963181,0.0,0.12913333333333332,89.03666666666666
20151203173103-17km-D4-NORMAL2-SECONDARY,D4,secondary,urban,normal,33.42,0.3494946864197531,0.056523035220654015,0.0,0.16066666666666665,88.64666666666668
20151203173103-17km-D4-NORMAL2-SECONDARY,D4,secondary,urban,normal,38.42,0.3408122578875172,0.06407966168300061,0.0,0.09888888888888889,87.54074074074074
20151203173103-17km-D4-NORMAL2-SECONDARY,D4,secondary,urban,normal,43.42,0.34293118518518517,0.028265298601131972,0.0,0.048133333333333334,87.83666666666666
20151203173103-17km-D4-NORMAL2-SECONDARY,D4,secondary,urban,normal,48.42,0.35100429135802474,0.020387566472623707,0.0,0.08293333333333333,88.86333333333333
20151203173103-17km-D4-NORMAL2-SECONDARY,D4,secondary,urban,normal,53.42,0.36384224197530857,0.04061242817739637,0.0,0.0568,90.47333333333333
20151203173103-17km-D4-NORMAL2-SECONDARY,D4,secondary,urban,normal,58.42,0.34982129382716043,0.05265103447389705,0.0,0.07413333333333333,88.67333333333333
20151203173103-17km-D4-NORMAL2-SECONDARY,D4,secondary,urban,normal,63.42,0.334654134430727,0.039141527338267326,0.0,0.17829629629629629,86.76296296296296
20151203173103-17km-D4-NORMAL2-SECONDARY,D4,secondary,urban,normal,68.42,0.34802956228956217,0.015625314181953568,0.0,0.13006060606060604,88.48787878787878
20151203173103-17km-D4-NORMAL2-SECONDARY,D4,secondary,urban,normal,73.42,0.3533696098765432,0.01023237428220842,0.0,0.0634,89.16666666666666
20151203173103-17km-D4-NORMAL2-SECONDARY,D4,secondary,urban,normal,78.42,0.35834423703703705,0.025172620742322994,0.0,0.10093333333333335,89.78666666666666
20151203173103-17km-D4-NORMAL2-SECONDARY,D4,secondary,urban,normal,83.42,0.3649507384960718,0.025875989046775284,0.0,0.09854545454545455,90.60909090909091
20151203173103-17km-D4-NORMAL2-SECONDARY,D4,secondary,urban,normal,88.42,0.3742012071330589,0.017692114204734665,0.0,0.06762962962962962,91.75555555555555
20151203173103-17km-D4-NORMAL2-SECONDARY,D4,secondary,urban,normal,93.42,0.3733196345679011,0.02241832617259895,0.0,0.08626666666666666,91.64666666666666
20151203173103-17km-D4-NORMAL2-SECONDARY,D4,secondary,urban,normal,98.42,0.36368112592592594,0.019853463550717192,0.0,0.12313333333333332,90.45333333333333
20151203173103-17km-D4-NORMAL2-SECONDARY,D4,secondary,urban,normal,103.42,0.35702286419753093,0.010685323698046503,0.0,0.12506666666666666,89.62666666666665
20151203173103-17km-D4-NORMAL2-SECONDARY,D4,secondary,urban,normal,108.42,0.36090341189674524,0.006592506565768568,0.0,0.08503030303030303,90.11212121212121
20151203173103-17km-D4-NORMAL2-SECONDARY,D4,secondary,urban,normal,113.42,0.36580719341563783,0.008151487194957834,0.0,0.10777777777777778,90.72222222222223
20151203173103-17km-D4-NORMAL2-SECONDARY,D4,secondary,urban,normal,118.42,0.36585621947873803,0.02318270819150305,0.0,0.19548148148148148,90.72592592592592
20151203173103-17km-D4-NORMAL2-SECONDARY,D4,secondary,urban,normal,123.42,0.35792001795735123,0.02673585130406625,0.0,0.16236363636363638,89.73333333333333
20151203173103-17km-D4-NORMAL2-SECONDARY,D4,secondary,urban,normal,128.42000000000002,0.35572572839506167,0.02913455384869319,0.0,0.08026666666666667,89.46000000000001
20151203173103-17km-D4-NORMAL2-SECONDARY,D4,secondary,urban,normal,133.42000000000002,0.342433550617284,0.032049847433034774,0.0,0.0374,87.75333333333334
20151203173103-17km-D4-NORMAL2-SECONDARY,D4,secondary,urban,normal,138.42000000000002,0.32938725925925927,0.02453414576519926,0.0,0.08454545454545455,86.0848484848485
20151203173103-17km-D4-NORMAL2-SECONDARY,D4,secondary,urban,normal,143.42000000000002,0.3319263259259259,0.025446618980797774,0.0,0.19266666666666665,86.41666666666667
20151203173103-17km-D4-NORMAL2-SECONDARY,D4,secondary,urban,normal,148.42000000000002,0.3232312592592593,0.03937122298439913,0.0,0.2557037037037037,85.25555555555556
20151203173103-17km-D4-NORMAL2-SECONDARY,D4,secondary,urban,normal,153.42000000000002,0.2951318353909465,0.04263057843001402,0.0,0.1651111111111111,81.47037037037038
20151203173103-17km-D4-NORMAL2-SECONDARY,D4,secondary,urban,normal,158.42000000000002,0.29430338945005613,0.03964575243689048,0.0,0.08696969696969696,81.35757575757576
20151203173103-17km-D4-NORMAL2-SECONDARY,D4,secondary,urban,normal,163.42000000000002,0.3133940830527497,0.034139776650653535,0.0,0.06563636363636363,83.94545454545454
20151203173103-17km-D4-NORMAL2-SECONDARY,D4,secondary,urban,normal,168.42000000000002,0.3295045333333334,0.025016365361713505,0.0,0.09100000000000001,86.1
20151203173103-17km-D4-NORMAL2-SECONDARY,D4,secondary,urban,normal,173.42000000000002,0.3200837969821674,0.030483113511189836,0.0010282711111111124,0.18133333333333335,84.84444444444445
20151203173103-17km-D4-NORMAL2-SECONDARY,D4,secondary,urban,normal,178.42000000000002,0.2968436790123457,0.030100314778821552,0.0009578440000000013,0.17186666666666667,81.71666666666667
20151203173103-17km-D4-NORMAL2-SECONDARY,D4,secondary,urban,normal,183.42000000000002,0.29825498092031427,0.03567643942678209,0.03479477818181819,0.11363636363636363,81.9060606060606
20151203173103-17km-D4-NORMAL2-SECONDARY,D4,secondary,urban,normal,188.42000000000002,0.31592696790123453,0.032851825619746935,0.10260564000000003,0.08553333333333334,84.29666666666665
20151203173103-17km-D4-NORMAL2-SECONDARY,D4,secondary,urban,normal,193.42000000000002,0.32395115061728397,0.015458370996911275,0.06436378400000001,0.12513333333333335,85.37333333333333
20151203173103-17km-D4-NORMAL2-SECONDARY,D4,secondary,urban,normal,198.42000000000002,0.3208719286694101,0.01474696101783128,0.0,0.2274814814814815,84.96666666666665
20151203173103-17km-D4-NORMAL2-SECONDARY,D4,secondary,urban,normal,203.42000000000002,0.3238853432098765,0.023542637294345713,0.0,0.2006666666666667,85.35999999999999
20151203173103-17km-D4-NORMAL2-SECONDARY,D4,secondary,urban,normal,208.42000000000002,0.32992449382716044,0.020473979121324672,0.0,0.14103030303030303,86.15454545454544
20151203173103-17km-D4-NORMAL2-SECONDARY,D4,secondary,urban,normal,213.42000000000002,0.3296387160493827,0.009669239026240072,0.0,0.22866666666666666,86.12
20151203173103-17km-D4-NORMAL2-SECONDARY,D4,secondary,urban,normal,218.42000000000002,0.3231956345679013,0.012755168238461892,0.0,0.3511333333333334,85.27333333333334
20151203173103-17km-D4-NORMAL2-SECONDARY,D4,secondary,urban,normal,223.42000000000002,0.3136146995884774,0.017752851329369435,0.0,0.32251851851851854,83.9962962962963
20151203173103-17km-D4-NORMAL2-SECONDARY,D4,secondary,urban,normal,228.42000000000002,0.30316732345679015,0.01008868396184667,0.0,0.2615333333333333,82.59
20151203173103-17km-D4-NORMAL2-SECONDARY,D4,secondary,urban,normal,233.42000000000002,0.3027921705948372,0.005134305583191435,0.05075934181818182,0.24812121212121213,82.53939393939395
20151203173103-17km-D4-NORMAL2-SECONDARY,D4,secondary,urban,normal,238.42000000000002,0.3053433975308641,0.005265842394596554,0.055835276,0.12639999999999998,82.88666666666667
20151203173103-17km-D4-NORMAL2-SECONDARY,D4,secondary,urban,normal,243.42000000000002,0.30573595061728404,0.004826131126115776,0.0,0.16386666666666666,82.94000000000001
20151203173103-17km-D4-NORMAL2-SECONDARY,D4,secondary,urban,normal,248.42000000000002,0.30563725432098765,0.003329763540744146,0.0,0.23879999999999998,82.92666666666668
20151203173103-17km-D4-NORMAL2-SECONDARY,D4,secondary,urban,normal,253.42000000000002,0.3062276839506172,0.004861857545241613,0.0,0.164,83.00666666666666
20151203173103-17km-D4-NORMAL2-SECONDARY,D4,secondary,urban,normal,258.42,0.3056347873799725,0.009148864103419562,0.0,0.17851851851851855,82.92592592592592
20151203173103-17km-D4-NORMAL2-SECONDARY,D4,secondary,urban,normal,263.42,0.30791945679012345,0.013148530627824053,0.0,0.16866666666666663,83.23333333333333
20151203173103-17km-D4-NORMAL2-SECONDARY,D4,secondary,urban,normal,268.42,0.32035402469135804,0.03044329956240168,0.0,0.23648484848484844,84.88787878787879
20151203173103-17km-D4-NORMAL2-SECONDARY,D4,secondary,urban,normal,273.42,0.3261919654320987,0.045322277131213694,0.0,0.2835333333333333,85.66333333333333
20151203173103-17km-D4-NORMAL2-SECONDARY,D4,secondary,urban,normal,278.42,0.3312675720164609,0.04141357349897474,0.0,0.19096296296296295,86.32222222222222
20151203173103-17km-D4-NORMAL2-SECONDARY,D4,secondary,urban,normal,283.42,0.3385534913580247,0.03327961819030108,0.0,0.11973333333333333,87.27333333333333
20151203173103-17km-D4-NORMAL2-SECONDARY,D4,secondary,urban,normal,288.42,0.351236709315376,0.04415674787220531,0.0,0.08818181818181818,88.88181818181818
20151203173103-17km-D4-NORMAL2-SECONDARY,D4,secondary,urban,normal,293.42,0.3612157580246914,0.05458955574944635,0.0,0.1934,90.14333333333333
20151203173103-17km-D4-NORMAL2-SECONDARY,D4,secondary,urban,normal,298.42,0.36865282853223597,0.033094017178654886,0.0,0.28022222222222226,91.06666666666666
20151203173103-17km-D4-NORMAL2-SECONDARY,D4,secondary,urban,normal,303.42,0.38049488888888894,0.016953267962752143,0.0,0.1866666666666667,92.52333333333334
20151203173103-17km-D4-NORMAL2-SECONDARY,D4,secondary,urban,normal,308.42,0.38902332210998886,0.03838603511564158,0.0,0.0753939393939394,93.54848484848485
20151203173103-17km-D4-NORMAL2-SECONDARY,D4,secondary,urban,normal,313.42,0.41287735129068465,0.05707588041012373,0.0,0.0503030303030303,96.33333333333334
20151203173103-17km-D4-NORMAL2-SECONDARY,D4,secondary,urban,normal,318.42,0.4122317728395061,0.07614512646824305,0.0,0.06073333333333333,96.24
20151203173103-17km-D4-NORMAL2-SECONDARY,D4,secondary,urban,normal,323.42,0.3619838957475994,0.07324812630145754,0.0,0.09444444444444446,90.16666666666667
20151203173103-17km-D4-NORMAL2-SECONDARY,D4,secondary,urban,normal,328.42,0.32775554074074076,0.0334299619900482,0.0,0.17806666666666665,85.87
20151203173103-17km-D4-NORMAL2-SECONDARY,D4,secondary,urban,normal,333.42,0.3355327048260381,0.026580055868024487,0.0,0.21345454545454545,86.87272727272727
20151203173103-17km-D4-NORMAL2-SECONDARY,D4,secondary,urban,normal,338.42,0.3524838024691358,0.04184106496817617,0.0,0.14573333333333333,89.04666666666667
20151203173103-17km-D4-NORMAL2-SECONDARY,D4,secondary,urban,normal,343.42,0.3662986962962963,0.03988987622789314,0.0,0.11106666666666667,90.76666666666668
20151203173103-17km-D4-NORMAL2-SECONDARY,D4,secondary,urban,normal,348.42,0.3800001097393689,0.03510930718264148,0.0,0.1814074074074074,92.45925925925924
20151203173103-17km-D4-NORMAL2-SECONDARY,D4,secondary,urban,normal,353.42,0.38785953580246907,0.026327215317761766,0.0,0.12966666666666665,93.41333333333333
20151203173103-17km-D4-NORMAL2-SECONDARY,D4,secondary,urban,normal,358.42,0.3912191407407407,0.016442275302948027,0.0,0.07206666666666665,93.82
20151203173103-17km-D4-NORMAL2-SECONDARY,D4,secondary,urban,normal,363.42,0.38652567352537726,0.024364177153883934,0.0,0.08392592592592593,93.25185185185185
20151203173103-17km-D4-NORMAL2-SECONDARY,D4,secondary,urban,normal,368.42,0.38467670931537595,0.030387630468190385,0.0,0.1258787878787879,93.02727272727273
20151203173103-17km-D4-NORMAL2-SECONDARY,D4,secondary,urban,normal,373.42,0.39077846464646465,0.03522398158878817,0.0,0.17266666666666666,93.76060606060607
20151203173103-17km-D4-NORMAL2-SECONDARY,D4,secondary,urban,normal,378.42,0.3802287407407408,0.030971912339166817,0.0,0.2106666666666667,92.47333333333334
20151203173103-17km-D4-NORMAL2-SECONDARY,D4,secondary,urban,normal,383.42,0.3575324773662552,0.028735842122066497,0.0,0.2385185185185185,89.6814814814815
20151203173103-17km-D4-NORMAL2-SECONDARY,D4,secondary,urban,normal,388.42,0.35862852674897117,0.04807093409902967,0.0,0.18577777777777774,89.81111111111112
20151203173103-17km-D4-NORMAL2-SECONDARY,D4,secondary,urban,normal,393.42,0.3544674523007856,0.06254288964762977,0.0,0.0953939393939394,89.27575757575757
20151203173103-17km-D4-NORMAL2-SECONDARY,D4,secondary,urban,normal,398.42,0.3335489827160493,0.04682222412526753,0.0,0.058066666666666655,86.60333333333334
20151203173103-17km-D4-NORMAL2-SECONDARY,D4,secondary,urban,normal,403.42,0.3221525333333333,0.022797321854157282,0.0,0.0648,85.13333333333333
20151203173103-17km-D4-NORMAL2-SECONDARY,D4,secondary,urban,normal,408.42,0.32566551604938276,0.02160972110737227,0.0,0.1264,85.59666666666668
20151203173103-17km-D4-NORMAL2-SECONDARY,D4,secondary,urban,normal,413.42,0.32761393141289447,0.014741761987941733,0.0,0.17096296296296296,85.85555555555555
20151203173103-17km-D4-NORMAL2-SECONDARY,D4,secondary,urban,normal,418.42,0.3272620592592592,0.009036072857482829,0.0,0.16193333333333332,85.81
20151203173103-17km-D4-NORMAL2-SECONDARY,D4,secondary,urban,normal,423.42,0.32584368888888887,0.010494824359566302,0.0,0.18066666666666667,85.62333333333333
20151203173103-17km-D4-NORMAL2-SECONDARY,D4,secondary,urban,normal,428.42,0.32332334006734004,0.01761430495589047,0.0,0.11000000000000001,85.2909090909091
20151203173103-17km-D4-NORMAL2-SECONDARY,D4,secondary,urban,normal,433.42,0.3199620875420876,0.023928329587948095,0.0,0.1318787878787879,84.84545454545454
20151203173103-17km-D4-NORMAL2-SECONDARY,D4,secondary,urban,normal,438.42,0.3159525481481481,0.029752700649255927,0.0,0.16453333333333334,84.31
20151203173103-17km-D4-NORMAL2-SECONDARY,D4,secondary,urban,normal,443.42,0.3207990222222222,0.04497647817441398,0.0,0.08293333333333333,84.94
20151203173103-17km-D4-NORMAL2-SECONDARY,D4,secondary,urban,normal,448.42,0.337517475994513,0.03938732112439196,0.0,0.07503703703703704,87.11851851851851
20151203173103-17km-D4-NORMAL2-SECONDARY,D4,secondary,urban,normal,453.42,0.35632738765432104,0.025110257927404477,0.10331274399999998,0.0648,89.53333333333333
20151203173103-17km-D4-NORMAL2-SECONDARY,D4,secondary,urban,normal,458.42,0.3710192861952862,0.026986589230839252,0.15470659272727272,0.07600000000000001,91.35151515151516
20151203173103-17km-D4-NORMAL2-SECONDARY,D4,secondary,urban,normal,463.42,0.37809195061728396,0.02055058901910374,0.07627527555555556,0.07725925925925925,92.22962962962963
20151203173103-17km-D4-NORMAL2-SECONDARY,D4,secondary,urban,normal,468.42,0.3778512691358024,0.021174142813798473,0.058528228,0.0648,92.19999999999999
20151203173103-17km-D4-NORMAL2-SECONDARY,D4,secondary,urban,normal,473.42,0.38229703209876537,0.020316355858350763,0.056744987999999996,0.0588,92.74333333333333
20151203173103-17km-D4-NORMAL2-SECONDARY,D4,secondary,urban,normal,478.42,0.374262732510288,0.02323335763719163,0.0,0.019999999999999997,91.75925925925925
20151203173103-17km-D4-NORMAL2-SECONDARY,D4,secondary,urban,normal,483.42,0.3605604296296297,0.017671030004663812,0.0,0.023333333333333334,90.06333333333333
20151203173103-17km-D4-NORMAL2-SECONDARY,D4,secondary,urban,normal,488.42,0.3541231694725028,0.014871466729598092,0.0,0.03696969696969697,89.26060606060607
20151203173103-17km-D4-NORMAL2-SECONDARY,D4,secondary,urban,normal,493.42,0.3610191515151515,0.01798343226638282,0.0,0.046666666666666676,90.12121212121212
20151203173103-17km-D4-NORMAL2-SECONDARY,D4,secondary,urban,normal,498.42,0.3555640839506172,0.041691106741279925,0.0,0.12233333333333334,89.41666666666666
20151203173103-17km-D4-NORMAL2-SECONDARY,D4,secondary,urban,normal,503.42,0.34799182222222225,0.05810059595605009,0.0,0.19466666666666665,88.46666666666667
20151203173103-17km-D4-NORMAL2-SECONDARY,D4,secondary,urban,normal,508.42,0.358925249382716,0.03753361394187425,0.0,0.1806666666666667,89.85666666666667
20151203173103-17km-D4-NORMAL2-SECONDARY,D4,secondary,urban,normal,513.4200000000001,0.35768544307270234,0.02006382081106817,0.0,0.18437037037037038,89.7037037037037
20151203173103-17km-D4-NORMAL2-SECONDARY,D4,secondary,urban,normal,518.4200000000001,0.34583131851851856,0.023658882921400705,0.0,0.18933333333333335,88.20666666666666
20151203173103-17km-D4-NORMAL2-SECONDARY,D4,secondary,urban,normal,523.4200000000001,0.3480631703703704,0.03561190169355481,0.0,0.18066666666666667,88.48666666666666
20151203173103-17km-D4-NORMAL2-SECONDARY,D4,secondary,urban,normal,528.4200000000001,0.34414457283950617,0.04730188788901753,0.0,0.18733333333333335,87.97333333333333
20151203173103-17km-D4-NORMAL2-SECONDARY,D4,secondary,urban,normal,533.4200000000001,0.335531645342312,0.04127593768432586,0.0,0.1915757575757576,86.87272727272727
20151203173103-17km-D4-NORMAL2-SECONDARY,D4,secondary,urban,normal,538.4200000000001,0.3389899478737997,0.034117772115903916,0.0,0.2214814814814815,87.32592592592593
20151203173103-17km-D4-NORMAL2-SECONDARY,D4,secondary,urban,normal,543.4200000000001,0.358355012345679,0.02565476449142253,0.12298685333333334,0.2169629629629629,89.78148148148149
20151203173103-17km-D4-NORMAL2-SECONDARY,D4,secondary,urban,normal,548.4200000000001,0.3600980740740741,0.022255739992245695,0.10212905818181818,0.22,90.0060606060606
20151203173103-17km-D4-NORMAL2-SECONDARY,D4,secondary,urban,normal,553.4200000000001,0.35744872278338946,0.026421932768259247,0.0015034509090909101,0.3100606060606061,89.67575757575759
20151203173103-17km-D4-NORMAL2-SECONDARY,D4,secondary,urban,normal,558.4200000000001,0.366079338271605,0.018269884168407094,0.0,0.35313333333333335,90.75333333333334
20151203173103-17km-D4-NORMAL2-SECONDARY,D4,secondary,urban,normal,563.4200000000001,0.3653168395061728,0.013310094826149073,0.0,0.26081481481481483,90.65925925925927
20151203173103-17km-D4-NORMAL2-SECONDARY,D4,secondary,urban,normal,568.4200000000001,0.35948014814814816,0.01765654575016782,0.0,0.2508666666666667,89.93333333333332
20151203173103-17km-D4-NORMAL2-SECONDARY,D4,secondary,urban,normal,573.4200000000001,0.3704933185185185,0.028687435681212216,0.0,0.25486666666666663,91.28333333333333
20151203173103-17km-D4-NORMAL2-SECONDARY,D4,secondary,urban,normal,578.4200000000001,0.3768338666666667,0.05596629964343926,0.0,0.30166666666666664,92.05333333333334
20151203173103-17km-D4-NORMAL2-SECONDARY,D4,secondary,urban,normal,583.4200000000001,0.3577010271604939,0.04234879384724255,0.0,0.29900000000000004,89.67333333333335
20151203173103-17km-D4-NORMAL2-SECONDARY,D4,secondary,urban,normal,588.4200000000001,0.3486687846364884,0.02589536794271261,0.0,0.1865925925925926,88.56296296296297
20151203173103-17km-D4-NORMAL2-SECONDARY,D4,secondary,urban,normal,593.4200000000001,0.3658211268237935,0.028719993690122462,0.0,0.19042424242424244,90.71515151515152
20151203173103-17km-D4-NORMAL2-SECONDARY,D4,secondary,urban,normal,598.4200000000001,0.36815978002244665,0.021258552022453327,0.0,0.1696969696969697,91.00909090909092
20151203173103-17km-D4-NORMAL2-SECONDARY,D4,secondary,urban,normal,603.4200000000001,0.3534669958847736,0.028216172142420243,0.0,0.10103703703703704,89.17037037037036
20151203173103-17km-D4-NORMAL2-SECONDARY,D4,secondary,urban,normal,608.4200000000001,0.32443694320987654,0.04362944548458096,0.0,0.06886666666666666,85.41
20151203173103-17km-D4-NORMAL2-SECONDARY,D4,secondary,urban,normal,613.4200000000001,0.31797922334455675,0.037518149449828286,0.0,0.05587878787878787,84.57575757575759
20151203173103-17km-D4-NORMAL2-SECONDARY,D4,secondary,urban,normal,618.4200000000001,0.32482619478738,0.0227592055982171,0.0,0.09281481481481481,85.4888888888889
20151203173103-17km-D4-NORMAL2-SECONDARY,D4,secondary,urban,normal,623.4200000000001,0.31266884499314124,0.028812642718910746,0.0,0.18874074074074074,83.86296296296297
20151203173103-17km-D4-NORMAL2-SECONDARY,D4,secondary,urban,normal,628.4200000000001,0.32216956228956223,0.045116118316593457,0.13586844,0.19151515151515153,85.09696969696971
20151203173103-17km-D4-NORMAL2-SECONDARY,D4,secondary,urban,normal,633.4200000000001,0.3589264870931537,0.06241772475909984,0.18735327272727276,0.17084848484848483,89.7969696969697
20151203173103-17km-D4-NORMAL2-SECONDARY,D4,secondary,urban,normal,638.4200000000001,0.41060300740740746,0.05959764783551401,0.05685047200000002,0.16519999999999996,96.05666666666667
20151203173103-17km-D4-NORMAL2-SECONDARY,D4,secondary,urban,normal,643.4200000000001,0.44503904691358026,0.04677888736701793,0.00024545999999999943,0.12846666666666667,100.05666666666667
20151203173103-17km-D4-NORMAL2-SECONDARY,D4,secondary,urban,normal,648.4200000000001,0.43523499259259263,0.04480018025857593,2.8303999999999673e-05,0.12853333333333333,98.93333333333334
20151203173103-17km-D4-NORMAL2-SECONDARY,D4,secondary,urban,normal,653.4200000000001,0.41103454320987654,0.05042524789445689,3.7640000000000325e-06,0.11500000000000002,96.15666666666667
20151203173103-17km-D4-NORMAL2-SECONDARY,D4,secondary,urban,normal,658.4200000000001,0.3873025514403292,0.04501964706493157,4.182222222222258e-06,0.11666666666666667,93.3111111111111
20151203173103-17km-D4-NORMAL2-SECONDARY,D4,secondary,urban,normal,663.4200000000001,0.344340088888889,0.05772083303945639,0.0,0.26766666666666666,87.97333333333333
20151203173103-17km-D4-NORMAL2-SECONDARY,D4,secondary,urban,normal,668.4200000000001,0.3154968664421998,0.06071449261879472,0.0,0.21763636363636368,84.2030303030303
20151203173103-17km-D4-NORMAL2-SECONDARY,D4,secondary,urban,normal,673.4200000000001,0.2964499950617284,0.049863161133092894,0.0,0.058733333333333325,81.66000000000001
20151203173103-17km-D4-NORMAL2-SECONDARY,D4,secondary,urban,normal,678.4200000000001,0.2803454979423869,0.05405338159824914,0.0,0.023703703703703703,79.37407407407409
20151203173103-17km-D4-NORMAL2-SECONDARY,D4,secondary,urban,normal,683.4200000000001,0.23354250864197534,0.09942238530468125,0.0,0.03813333333333333,72.31333333333333
20151209153137-25km-D5-AGGRESSIVE-MOTORWAY,D5,motorway,highway,aggressive,10.66,0.20208836812570147,0.24760374434557028,0.02459057818181818,0.13072727272727275,66.27878787878787
20151209153137-25km-D5-AGGRESSIVE-MOTORWAY,D5,motorway,highway,aggressive,15.66,0.2592729517396184,0.06423984212801676,0.17030650909090908,0.16660606060606065,76.26060606060607
20151209153137-25km-D5-AGGRESSIVE-MOTORWAY,D5,motorway,highway,aggressive,20.66,0.2809015582990398,0.005772000786957085,0.34529665777777774,0.07496296296296297,79.5
20151209153137-25km-D5-AGGRESSIVE-MOTORWAY,D5,motorway,highway,aggressive,25.66,0.3014591456790124,0.0631094733257567,0.12342983200000002,0.15106666666666665,82.29
20151209153137-25km-D5-AGGRESSIVE-MOTORWAY,D5,motorway,highway,aggressive,30.66,0.35627154657687987,0.10830597849728053,0.0018590000000000004,0.2255757575757576,89.29393939393938
20151209153137-25km-D5-AGGRESSIVE-MOTORWAY,D5,motorway,highway,aggressive,35.66,0.4590891901234567,0.12486541558422895,0.0020449000000000005,0.21333333333333332,101.41666666666666
20151209153137-25km-D5-AGGRESSIVE-MOTORWAY,D5,motorway,highway,aggressive,40.66,0.557809674074074,0.092911859112359,0.0,0.13040000000000002,111.90333333333334
20151209153137-25km-D5-AGGRESSIVE-MOTORWAY,D5,motorway,highway,aggressive,45.66,0.6154069135802469,0.048354609972808896,0.0,0.0468,117.66000000000001
20151209153137-25km-D5-AGGRESSIVE-MOTORWAY,D5,motorway,highway,aggressive,50.66,0.647497914951989,0.043397207396221424,0.0,0.12177777777777779,120.67777777777776
20151209153137-25km-D5-AGGRESSIVE-MOTORWAY,D5,motorway,highway,aggressive,55.66,0.6899902962962963,0.043387509130701864,0.0,0.15439999999999998,124.58999999999999
20151209153137-25km-D5-AGGRESSIVE-MOTORWAY,D5,motorway,highway,aggressive,60.66,0.6834363950617283,0.044180563276683814,0.0,0.1524666666666667,123.98666666666665
20151209153137-25km-D5-AGGRESSIVE-MOTORWAY,D5,motorway,highway,aggressive,65.66,0.653713624691358,0.02492519175042751,0.0032266400000000007,0.2568666666666667,121.27666666666667
20151209153137-25km-D5-AGGRESSIVE-MOTORWAY,D5,motorway,highway,aggressive,70.66,0.6519898585858587,0.012542191015315623,0.11075449454545455,0.24745454545454548,121.11818181818184
20151209153137-25km-D5-AGGRESSIVE-MOTORWAY,D5,motorway,highway,aggressive,75.66,0.6643617481481481,0.027501107676819382,0.17503344799999998,0.21013333333333337,122.25333333333333
20151209153137-25km-D5-AGGRESSIVE-MOTORWAY,D5,motorway,highway,aggressive,80.66,0.6803839456790124,0.028173424403664105,0.056430143999999995,0.21286666666666668,123.72333333333333
20151209153137-25km-D5-AGGRESSIVE-MOTORWAY,D5,motorway,highway,aggressive,85.66,0.6724050172839506,0.02652451547604571,0.0,0.28700000000000003,122.99333333333334
20151209153137-25km-D5-AGGRESSIVE-MOTORWAY,D5,motorway,highway,aggressive,90.66,0.6391990962962965,0.04068825763043712,0.0,0.3478,119.90333333333334
20151209153137-25km-D5-AGGRESSIVE-MOTORWAY,D5,motorway,highway,aggressive,95.66,0.616885639506173,0.043395434418923066,0.0,0.31233333333333335,117.80666666666666
20151209153137-25km-D5-AGGRESSIVE-MOTORWAY,D5,motorway,highway,aggressive,100.66,0.6412089108367627,0.06347053386882008,0.0,0.24896296296296297,120.07407407407408
20151209153137-25km-D5-AGGRESSIVE-MOTORWAY,D5,motorway,highway,aggressive,105.66,0.7219144543209879,0.0782239324593749,0.0,0.18666666666666668,127.38333333333335
20151209153137-25km-D5-AGGRESSIVE-MOTORWAY,D5,motorway,highway,aggressive,110.66,0.8002110437710439,0.08108983900406627,0.0,0.18127272727272728,134.09696969696972
20151209153137-25km-D5-AGGRESSIVE-MOTORWAY,D5,motorway,highway,aggressive,115.66,0.8855430617283953,0.07224140077148761,0.0,0.275037037037037,141.11481481481482
20151209153137-25km-D5-AGGRESSIVE-MOTORWAY,D5,motorway,highway,aggressive,120.66,0.9418002913580248,0.03379037080456165,0.0,0.2749333333333333,145.56333333333333
20151209153137-25km-D5-AGGRESSIVE-MOTORWAY,D5,motorway,highway,aggressive,125.66,0.9228093737373736,0.04984070020725171,0.0,0.1824242424242424,144.06060606060603
20151209153137-25km-D5-AGGRESSIVE-MOTORWAY,D5,motorway,highway,aggressive,130.66,0.8836047654320985,0.05077945835079284,0.0,0.1230666666666667,140.99
20151209153137-25km-D5-AGGRESSIVE-MOTORWAY,D5,motorway,highway,aggressive,135.66,0.8683907209876542,0.036568418577129766,0.0,0.2086666666666667,139.77
20151209153137-25km-D5-AGGRESSIVE-MOTORWAY,D5,motorway,highway,aggressive,140.66,0.8599297613168724,0.06147173452347374,0.0,0.2868888888888888,139.0851851851852
20151209153137-25km-D5-AGGRESSIVE-MOTORWAY,D5,motorway,highway,aggressive,145.66,0.889425674074074,0.08565762146997451,0.0,0.16119999999999998,141.44333333333333
20151209153137-25km-D5-AGGRESSIVE-MOTORWAY,D5,motorway,highway,aggressive,150.66,0.8246425050505052,0.11077769729810388,0.009555443636363637,0.08515151515151516,135.9878787878788
20151209153137-25km-D5-AGGRESSIVE-MOTORWAY,D5,motorway,highway,aggressive,155.66,0.7251143484224966,0.1104415915928303,0.09785942222222221,0.047555555555555545,127.6962962962963
20151209153137-25km-D5-AGGRESSIVE-MOTORWAY,D5,motorway,highway,aggressive,160.66,0.749859614814815,0.07243167272790045,0.30566778000000006,0.053466666666666676,129.86666666666667
20151209153137-25km-D5-AGGRESSIVE-MOTORWAY,D5,motorway,highway,aggressive,165.66,0.7389788462401796,0.055233273493135344,0.3959581454545455,0.07048484848484848,128.9090909090909
20151209153137-25km-D5-AGGRESSIVE-MOTORWAY,D5,motorway,highway,aggressive,170.66,0.7010634716049382,0.040715253960608565,0.207448672,0.0782,125.59
20151209153137-25km-D5-AGGRESSIVE-MOTORWAY,D5,motorway,highway,aggressive,175.66,0.7125326172839505,0.07324001764253374,0.0,0.06346666666666666,126.59
20151209153137-25km-D5-AGGRESSIVE-MOTORWAY,D5,motorway,highway,aggressive,180.66,0.7644732455418383,0.08301747233341862,0.0,0.06977777777777779,131.07777777777778
20151209153137-25km-D5-AGGRESSIVE-MOTORWAY,D5,motorway,highway,aggressive,185.66,0.7963660137174213,0.04340825200801572,0.0,0.09874074074074074,133.85185185185188
20151209153137-25km-D5-AGGRESSIVE-MOTORWAY,D5,motorway,highway,aggressive,190.66,0.7723022581369249,0.04122535118099423,0.0,0.12878787878787878,131.81212121212124
20151209153137-25km-D5-AGGRESSIVE-MOTORWAY,D5,motorway,highway,aggressive,195.66,0.7434054814814814,0.03664558894249462,0.002880363636363634,0.14230303030303026,129.3121212121212
20151209153137-25km-D5-AGGRESSIVE-MOTORWAY,D5,motorway,highway,aggressive,200.66,0.7326253580246912,0.029170228266122887,0.014641259999999994,0.1706,128.38333333333333
20151209153137-25km-D5-AGGRESSIVE-MOTORWAY,D5,motorway,highway,aggressive,205.66,0.7514155604938272,0.020386949863143287,0.019490555999999985,0.17926666666666666,130.02333333333337
20151209153137-25km-D5-AGGRESSIVE-MOTORWAY,D5,motorway,highway,aggressive,210.66,0.7539327259259261,0.010297989974389205,0.10126917599999999,0.09826666666666667,130.24333333333334
20151209153137-25km-D5-AGGRESSIVE-MOTORWAY,D5,motorway,highway,aggressive,215.66,0.7496485975308642,0.028764258925808122,0.31755398799999995,0.048,129.87
20151209153137-25km-D5-AGGRESSIVE-MOTORWAY,D5,motorway,highway,aggressive,220.66,0.7378293113854595,0.031145342726410244,0.5201936933333333,0.06977777777777777,128.83703703703702
20151209153137-25km-D5-AGGRESSIVE-MOTORWAY,D5,motorway,highway,aggressive,225.66,0.7249613185185186,0.009223228024854287,0.6299645479999999,0.08220000000000001,127.71666666666667
20151209153137-25km-D5-AGGRESSIVE-MOTORWAY,D5,motorway,highway,aggressive,230.66,0.7261336888888889,0.008516540624699403,0.634735756,0.05606666666666667,127.82000000000001
20151209153137-25km-D5-AGGRESSIVE-MOTORWAY,D5,motorway,highway,aggressive,235.66,0.7393009333333332,0.036479942810208645,0.42363340000000005,0.07346666666666667,128.9633333333333
20151209153137-25km-D5-AGGRESSIVE-MOTORWAY,D5,motorway,highway,aggressive,240.66,0.7821226262626262,0.04852375146149304,0.15908216,0.0875151515151515,132.6090909090909
20151209153137-25km-D5-AGGRESSIVE-MOTORWAY,D5,motorway,highway,aggressive,245.66,0.8292409925925928,0.03685368095712725,0.0,0.07753333333333333,136.59
20151209153137-25km-D5-AGGRESSIVE-MOTORWAY,D5,motorway,highway,aggressive,250.66,0.8558999209876543,0.029467053032054408,0.0,0.0794,138.76
20151209153137-25km-D5-AGGRESSIVE-MOTORWAY,D5,motorway,highway,aggressive,255.66,0.8921893283950618,0.03121744807486962,0.0,0.0634,141.67666666666668
20151209153137-25km-D5-AGGRESSIVE-MOTORWAY,D5,motorway,highway,aggressive,260.65999999999997,0.8814142222222221,0.058872223460195126,0.0,0.0736,140.79999999999998
20151209153137-25km-D5-AGGRESSIVE-MOTORWAY,D5,motorway,highway,aggressive,265.65999999999997,0.8214640274348421,0.0843207732013423,0.0,0.13385185185185186,135.89999999999998
20151209153137-25km-D5-AGGRESSIVE-MOTORWAY,D5,motorway,highway,aggressive,270.65999999999997,0.7191596888888888,0.08903870721131131,0.0006496360000000001,0.1312,127.10999999999999
20151209153137-25km-D5-AGGRESSIVE-MOTORWAY,D5,motorway,highway,aggressive,275.65999999999997,0.64656187654321,0.08162676491362011,0.04978212,0.12046666666666665,120.53333333333335
20151209153137-25km-D5-AGGRESSIVE-MOTORWAY,D5,motorway,highway,aggressive,280.65999999999997,0.5977784296296296,0.04808837100307013,0.30485249200000003,0.08420000000000001,115.96666666666667
20151209153137-25km-D5-AGGRESSIVE-MOTORWAY,D5,motorway,highway,aggressive,285.65999999999997,0.6128698047138048,0.03460396486988942,0.4726098763636364,0.09296969696969698,117.4151515151515
20151209153137-25km-D5-AGGRESSIVE-MOTORWAY,D5,motorway,highway,aggressive,290.65999999999997,0.614867791495199,0.048480474629514894,0.5480006444444445,0.17837037037037037,117.60370370370372
20151209153137-25km-D5-AGGRESSIVE-MOTORWAY,D5,motorway,highway,aggressive,295.65999999999997,0.5745291687242798,0.053310088749387835,0.5617822222222222,0.1925185185185185,113.67777777777779
20151209153137-25km-D5-AGGRESSIVE-MOTORWAY,D5,motorway,highway,aggressive,300.65999999999997,0.5749880628507296,0.039398000658675,0.5122323709090909,0.12527272727272729,113.73030303030303
20151209153137-25km-D5-AGGRESSIVE-MOTORWAY,D5,motorway,highway,aggressive,305.65999999999997,0.5793607946127947,0.04694417652189517,0.5091982945454544,0.09545454545454544,114.16666666666669
20151209153137-25km-D5-AGGRESSIVE-MOTORWAY,D5,motorway,highway,aggressive,310.65999999999997,0.611456138271605,0.0804109320197813,0.49697973200000006,0.09293333333333333,117.20000000000002
20151209153137-25km-D5-AGGRESSIVE-MOTORWAY,D5,motorway,highway,aggressive,315.65999999999997,0.6626395226337451,0.09014684754043184,0.4249244177777778,0.08466666666666667,122.07777777777778
20151209153137-25km-D5-AGGRESSIVE-MOTORWAY,D5,motorway,highway,aggressive,320.65999999999997,0.6143344032921813,0.10527417326088163,0.46008037333333335,0.13674074074074072,117.43333333333334
20151209153137-25km-D5-AGGRESSIVE-MOTORWAY,D5,motorway,highway,aggressive,325.65999999999997,0.5249957261503929,0.09836527207431262,0.39575953454545465,0.2681818181818182,108.58181818181819
20151209153137-25km-D5-AGGRESSIVE-MOTORWAY,D5,motorway,highway,aggressive,330.65999999999997,0.5136161975308643,0.07170831602383848,0.1663826909090909,0.2895151515151515,107.45454545454545
20151209153137-25km-D5-AGGRESSIVE-MOTORWAY,D5,motorway,highway,aggressive,335.65999999999997,0.5169956790123458,0.09007749006583914,0.060756184000000005,0.2502666666666667,107.79000000000003
20151209153137-25km-D5-AGGRESSIVE-MOTORWAY,D5,motorway,highway,aggressive,340.65999999999997,0.4609651950617285,0.07673276028264983,0.211837216,0.22946666666666665,101.76000000000002
20151209153137-25km-D5-AGGRESSIVE-MOTORWAY,D5,motorway,highway,aggressive,345.65999999999997,0.4260045651577504,0.030707445473481032,0.3178626488888889,0.1522962962962963,97.89629629629631
20151209153137-25km-D5-AGGRESSIVE-MOTORWAY,D5,motorway,highway,aggressive,350.65999999999997,0.4372255703703705,0.03650809027851196,0.365584224,0.1552,99.16666666666669
20151209153137-25km-D5-AGGRESSIVE-MOTORWAY,D5,motorway,highway,aggressive,355.65999999999997,0.4345931851851853,0.06564460689169267,0.44408419200000004,0.21613333333333334,98.85333333333335
20151209153137-25km-D5-AGGRESSIVE-MOTORWAY,D5,motorway,highway,aggressive,360.65999999999997,0.38804916872428,0.0629676168768657,0.3324491644444445,0.20370370370370366,93.38888888888891
20151209153137-25km-D5-AGGRESSIVE-MOTORWAY,D5,motorway,highway,aggressive,365.65999999999997,0.3801602370370372,0.06093947086592401,0.165208612,0.07026666666666666,92.45333333333336
20151209153137-25km-D5-AGGRESSIVE-MOTORWAY,D5,motorway,highway,aggressive,370.65999999999997,0.3807292704826039,0.07285513184761395,0.1623754436363636,0.12527272727272729,92.51212121212123
20151209153137-25km-D5-AGGRESSIVE-MOTORWAY,D5,motorway,highway,aggressive,375.65999999999997,0.362185063973064,0.04552152542778753,0.22860206909090908,0.31012121212121213,90.24545454545456
20151209153137-25km-D5-AGGRESSIVE-MOTORWAY,D5,motorway,highway,aggressive,380.65999999999997,0.3473640000000001,0.018879587692599308,0.29293279555555557,0.31140740740740736,88.40370370370371
20151209153137-25km-D5-AGGRESSIVE-MOTORWAY,D5,motorway,highway,aggressive,385.65999999999997,0.34527253333333346,0.05429926543489483,0.25550666000000005,0.1645333333333333,88.13333333333335
20151209153137-25km-D5-AGGRESSIVE-MOTORWAY,D5,motorway,highway,aggressive,390.65999999999997,0.28978279685746366,0.16832387563269166,0.31512212,0.20060606060606065,80.06666666666669
20151209153137-25km-D5-AGGRESSIVE-MOTORWAY,D5,motorway,highway,aggressive,395.65999999999997,0.18305317530864204,0.15977274209706577,0.35725710800000005,0.20726666666666663,63.63333333333335
20151209153137-25km-D5-AGGRESSIVE-MOTORWAY,D5,motorway,highway,aggressive,400.65999999999997,0.14524645432098776,0.03650961308781049,0.3692153799999999,0.16726666666666667,57.16333333333334
20151209153137-25km-D5-AGGRESSIVE-MOTORWAY,D5,motorway,highway,aggressive,405.65999999999997,0.15327594513031553,0.07466089807520915,0.4818775688888889,0.17103703703703702,58.67037037037038
20151209153137-25km-D5-AGGRESSIVE-MOTORWAY,D5,motorway,highway,aggressive,410.65999999999997,0.23300017283950622,0.16360543973418298,0.6033620439999999,0.13653333333333334,71.69666666666667
20151209153137-25km-D5-AGGRESSIVE-MOTORWAY,D5,motorway,highway,aggressive,415.65999999999997,0.31689355061728397,0.14780091768121165,0.6167517920000001,0.16993333333333333,84.10666666666667
20151209153137-25km-D5-AGGRESSIVE-MOTORWAY,D5,motorway,highway,aggressive,420.65999999999997,0.376193975308642,0.07755876894720251,0.58062868,0.3423999999999999,91.98666666666666
20151209153137-25km-D5-AGGRESSIVE-MOTORWAY,D5,motorway,highway,aggressive,425.65999999999997,0.3912830864197531,0.05345580410220624,0.5668548560000002,0.3772,93.80333333333334
20151209153137-25km-D5-AGGRESSIVE-MOTORWAY,D5,motorway,highway,aggressive,430.65999999999997,0.44492173333333335,0.07196825954142264,0.39108430000000005,0.27480000000000004,99.97666666666667
20151209153137-25km-D5-AGGRESSIVE-MOTORWAY,D5,motorway,highway,aggressive,435.65999999999997,0.5012210172839506,0.11213934030315324,0.22854967199999998,0.21999999999999997,106.06666666666668
20151209153137-25km-D5-AGGRESSIVE-MOTORWAY,D5,motorway,highway,aggressive,440.65999999999997,0.6138846803840878,0.12835120265348168,0.061099817777777794,0.11822222222222223,117.36666666666669
20151209153137-25km-D5-AGGRESSIVE-MOTORWAY,D5,motorway,highway,aggressive,445.65999999999997,0.731652637485971,0.1057602108890218,0.0015308981818181835,0.07793939393939393,128.15454545454546
20151209153137-25km-D5-AGGRESSIVE-MOTORWAY,D5,motorway,highway,aggressive,450.65999999999997,0.8027430222222224,0.07612956026131248,0.0,0.10586666666666666,134.3666666666667
20151209153137-25km-D5-AGGRESSIVE-MOTORWAY,D5,motorway,highway,aggressive,455.65999999999997,0.791417706447188,0.059501314252960534,0.01453534666666667,0.12051851851851852,133.41111111111115
20151209153137-25km-D5-AGGRESSIVE-MOTORWAY,D5,motorway,highway,aggressive,460.65999999999997,0.7384629225589227,0.03646256820896409,0.12835018545454543,0.16236363636363638,128.8787878787879
20151209153137-25km-D5-AGGRESSIVE-MOTORWAY,D5,motorway,highway,aggressive,465.65999999999997,0.7204731178451179,0.024155324028367918,0.20937085454545457,0.12460606060606061,127.31818181818181
20151209153137-25km-D5-AGGRESSIVE-MOTORWAY,D5,motorway,highway,aggressive,470.65999999999997,0.752405688888889,0.05206820429301604,0.10220454800000003,0.0494,130.08
20151209153137-25km-D5-AGGRESSIVE-MOTORWAY,D5,motorway,highway,aggressive,475.65999999999997,0.7868658913580248,0.06279047637653641,0.021002768,0.1752,133.04333333333335
20151209153137-25km-D5-AGGRESSIVE-MOTORWAY,D5,motorway,highway,aggressive,480.65999999999997,0.761317157750343,0.0744797014205863,0.16943514666666668,0.3032592592592593,130.82962962962964
20151209153137-25km-D5-AGGRESSIVE-MOTORWAY,D5,motorway,highway,aggressive,485.65999999999997,0.657872725925926,0.08414279123369804,0.4801250680000001,0.2341333333333333,121.55
20151209153137-25km-D5-AGGRESSIVE-MOTORWAY,D5,motorway,highway,aggressive,490.65999999999997,0.605338132435466,0.05491612828251275,0.6577325163636364,0.20127272727272727,116.6818181818182
20151209153137-25km-D5-AGGRESSIVE-MOTORWAY,D5,motorway,highway,aggressive,495.65999999999997,0.5854380098765433,0.0459045563080123,0.7550314279999999,0.1518,114.76333333333336
20151209153137-25km-D5-AGGRESSIVE-MOTORWAY,D5,motorway,highway,aggressive,500.65999999999997,0.5819458814814815,0.058962985665083865,0.6086374880000001,0.19193333333333334,114.4166666666667
20151209153137-25km-D5-AGGRESSIVE-MOTORWAY,D5,motorway,highway,aggressive,505.65999999999997,0.5590407242798354,0.06843875207311649,0.5182214933333333,0.19170370370370368,112.10370370370372
20151209153137-25km-D5-AGGRESSIVE-MOTORWAY,D5,motorway,highway,aggressive,510.65999999999997,0.49279424691358037,0.060498157825584285,0.64211618,0.15853333333333333,105.25
20151209153137-25km-D5-AGGRESSIVE-MOTORWAY,D5,motorway,highway,aggressive,515.66,0.48041777328844,0.051830880222492576,0.641909389090909,0.23896969696969694,103.95454545454548
20151209153137-25km-D5-AGGRESSIVE-MOTORWAY,D5,motorway,highway,aggressive,520.66,0.5078474842249657,0.049171813084204374,0.6584589911111112,0.17007407407407404,106.87407407407409
20151209153137-25km-D5-AGGRESSIVE-MOTORWAY,D5,motorway,highway,aggressive,525.66,0.5467065624142662,0.06237645958411816,0.6630426311111111,0.1842962962962963,110.8777777777778
20151209153137-25km-D5-AGGRESSIVE-MOTORWAY,D5,motorway,highway,aggressive,530.66,0.5735610864197531,0.050991631631040056,0.580040732,0.2916666666666667,113.58000000000001
20151209153137-25km-D5-AGGRESSIVE-MOTORWAY,D5,motorway,highway,aggressive,535.66,0.605185827160494,0.05470035815246435,0.5887829163636364,0.2821818181818182,116.65151515151514
20151209153137-25km-D5-AGGRESSIVE-MOTORWAY,D5,motorway,highway,aggressive,540.66,0.6331565970819305,0.06916491480430907,0.5380391018181819,0.22442424242424244,119.32121212121214
20151209153137-25km-D5-AGGRESSIVE-MOTORWAY,D5,motorway,highway,aggressive,545.66,0.6369771632373114,0.04399135030978133,0.49586060888888894,0.24081481481481484,119.7037037037037
20151209153137-25km-D5-AGGRESSIVE-MOTORWAY,D5,motorway,highway,aggressive,550.66,0.6215139407407408,0.03648992521251025,0.596063468,0.27159999999999995,118.25
20151209153137-25km-D5-AGGRESSIVE-MOTORWAY,D5,motorway,highway,aggressive,555.66,0.6233110913580248,0.03133111761620992,0.657325408,0.279,118.42
20151209153137-25km-D5-AGGRESSIVE-MOTORWAY,D5,motorway,highway,aggressive,560.66,0.6223541580246915,0.022391385014199443,0.5898516600000001,0.2682666666666667,118.33000000000001
20151209153137-25km-D5-AGGRESSIVE-MOTORWAY,D5,motorway,highway,aggressive,565.66,0.6303368843995513,0.04708289444321481,0.46498545454545454,0.20981818181818176,119.06969696969696
20151209153137-25km-D5-AGGRESSIVE-MOTORWAY,D5,motorway,highway,aggressive,570.66,0.6464556395061729,0.05485709471227988,0.35883833200000004,0.14853333333333335,120.58999999999999
20151209153137-25km-D5-AGGRESSIVE-MOTORWAY,D5,motorway,highway,aggressive,575.66,0.6384896641975308,0.03635130341066666,0.51953052,0.060866666666666666,119.85
20151209153137-25km-D5-AGGRESSIVE-MOTORWAY,D5,motorway,highway,aggressive,580.66,0.6296090425240056,0.04402155271127291,0.7295732088888889,0.023037037037037036,119.01481481481483
20151209153137-25km-D5-AGGRESSIVE-MOTORWAY,D5,motorway,highway,aggressive,585.66,0.6382148203017834,0.044612028012157044,0.6184960533333332,0.08177777777777778,119.82592592592593
20151209153137-25km-D5-AGGRESSIVE-MOTORWAY,D5,motorway,highway,aggressive,590.66,0.6457641795735131,0.039411598992220825,0.5313504327272728,0.18975757575757574,120.53636363636366
20151209153137-25km-D5-AGGRESSIVE-MOTORWAY,D5,motorway,highway,aggressive,595.66,0.6546801391694727,0.044142052264145644,0.5003598727272728,0.19393939393939394,121.36060606060609
20151209153137-25km-D5-AGGRESSIVE-MOTORWAY,D5,motorway,highway,aggressive,600.66,0.6537222962962963,0.04332570489980813,0.34425402800000005,0.10493333333333332,121.27000000000002
20151209153137-25km-D5-AGGRESSIVE-MOTORWAY,D5,motorway,highway,aggressive,605.66,0.6534353185185187,0.030457386785044283,0.10664146000000001,0.057533333333333325,121.2466666666667
20151209153137-25km-D5-AGGRESSIVE-MOTORWAY,D5,motorway,highway,aggressive,610.66,0.6512270419753088,0.028017666692011646,0.0,0.042800000000000005,121.04
20151209153137-25km-D5-AGGRESSIVE-MOTORWAY,D5,motorway,highway,aggressive,615.66,0.6258644499314132,0.03600333163129801,0.033318417777777776,0.13,118.65925925925927
20151209153137-25km-D5-AGGRESSIVE-MOTORWAY,D5,motorway,highway,aggressive,620.66,0.6151605333333335,0.026693788854278144,0.264246828,0.22006666666666663,117.64666666666668
20151209153137-25km-D5-AGGRESSIVE-MOTORWAY,D5,motorway,highway,aggressive,625.66,0.6138731703703705,0.014862950441025868,0.439937796,0.2314666666666667,117.52333333333335
20151209153137-25km-D5-AGGRESSIVE-MOTORWAY,D5,motorway,highway,aggressive,630.66,0.6082465925925927,0.01974439001990579,0.48407881599999997,0.2763333333333333,116.98333333333335
20151209153137-25km-D5-AGGRESSIVE-MOTORWAY,D5,motorway,highway,aggressive,635.66,0.6242961436588103,0.034394318134877915,0.38304732,0.26339393939393935,118.50303030303031
20151209153137-25km-D5-AGGRESSIVE-MOTORWAY,D5,motorway,highway,aggressive,640.66,0.663473950617284,0.03588095918896513,0.184753888,0.12846666666666667,122.16333333333334
20151209153137-25km-D5-AGGRESSIVE-MOTORWAY,D5,motorway,highway,aggressive,645.66,0.7085592641975309,0.04311914007685509,0.056198336,0.07293333333333334,126.23666666666668
20151209153137-25km-D5-AGGRESSIVE-MOTORWAY,D5,motorway,highway,aggressive,650.66,0.7270060641975311,0.06303736345605729,0.057529043999999994,0.17933333333333334,127.88000000000002
20151209153137-25km-D5-AGGRESSIVE-MOTORWAY,D5,motorway,highway,aggressive,655.66,0.704627125925926,0.03930155700237293,0.12592322799999997,0.21413333333333334,125.89666666666668
20151209153137-25km-D5-AGGRESSIVE-MOTORWAY,D5,motorway,highway,aggressive,660.66,0.6939762419753086,0.013047777613485394,0.148872372,0.2408666666666667,124.95666666666666
20151209153137-25km-D5-AGGRESSIVE-MOTORWAY,D5,motorway,highway,aggressive,665.66,0.7139018518518518,0.0273698600897297,0.06608296,0.26553333333333334,126.72999999999999
20151209153137-25km-D5-AGGRESSIVE-MOTORWAY,D5,motorway,highway,aggressive,670.66,0.7451997037037036,0.034765038164298226,0.0,0.16266666666666668,129.47407407407408
20151209153137-25km-D5-AGGRESSIVE-MOTORWAY,D5,motorway,highway,aggressive,675.66,0.763076587654321,0.019707070460674568,0.0,0.05473333333333332,131.03000000000003
20151209153137-25km-D5-AGGRESSIVE-MOTORWAY,D5,motorway,highway,aggressive,680.66,0.7450046285072953,0.030181295604386513,0.0,0.04787878787878788,129.45757575757577
20151209153137-25km-D5-AGGRESSIVE-MOTORWAY,D5,motorway,highway,aggressive,685.66,0.6973891259259262,0.06074805605775161,0.0,0.04733333333333333,125.22666666666669
20151209153137-25km-D5-AGGRESSIVE-MOTORWAY,D5,motorway,highway,aggressive,690.66,0.6432176987654322,0.060321251251906495,0.0,0.02333333333333333,120.2666666666667
20151209153137-25km-D5-AGGRESSIVE-MOTORWAY,D5,motorway,highway,aggressive,695.66,0.5663653086419754,0.11429785910289318,0.0,0.03266666666666666,112.71666666666667
20151209153137-25km-D5-AGGRESSIVE-MOTORWAY,D5,motorway,highway,aggressive,700.66,0.46616868587105625,0.12472856213736555,0.11379644444444444,0.06155555555555556,102.17407407407407
20151209153137-25km-D5-AGGRESSIVE-MOTORWAY,D5,motorway,highway,aggressive,705.66,0.41989848395061735,0.06725289467647666,0.115940844,0.06013333333333333,97.16333333333334
20151209153137-25km-D5-AGGRESSIVE-MOTORWAY,D5,motorway,highway,aggressive,710.66,0.43916290460157137,0.07535504057840849,0.1393862981818182,0.05224242424242423,99.36666666666669
20151209153137-25km-D5-AGGRESSIVE-MOTORWAY,D5,motorway,highway,aggressive,715.66,0.4131160987654321,0.09880472788414923,0.47674527555555557,0.09222222222222223,96.25555555555556
20151209153137-25km-D5-AGGRESSIVE-MOTORWAY,D5,motorway,highway,aggressive,720.66,0.3499413728395062,0.07510018016527661,0.6563722839999999,0.10033333333333334,88.69333333333334
20151209153137-25km-D5-AGGRESSIVE-MOTORWAY,D5,motorway,highway,aggressive,725.66,0.3696535847362515,0.08146603624801538,0.34159061090909093,0.14224242424242425,91.07272727272726
20151209153137-25km-D5-AGGRESSIVE-MOTORWAY,D5,motorway,highway,aggressive,730.66,0.46250060246913594,0.1288435790238406,0.008647252000000005,0.16133333333333336,101.77333333333334
20151209153137-25km-D5-AGGRESSIVE-MOTORWAY,D5,motorway,highway,aggressive,735.66,0.5706787555555557,0.12009447164231335,0.0,0.16526666666666665,113.15333333333335
20151209153137-25km-D5-AGGRESSIVE-MOTORWAY,D5,motorway,highway,aggressive,740.66,0.676887762962963,0.10571189500169058,0.0,0.1705333333333333,123.28000000000002
20151209153137-25km-D5-AGGRESSIVE-MOTORWAY,D5,motorway,highway,aggressive,745.66,0.7382417975308644,0.09242158587479146,0.0,0.2435333333333333,128.85333333333335
20151209153137-25km-D5-AGGRESSIVE-MOTORWAY,D5,motorway,highway,aggressive,750.66,0.6869929135802472,0.09769548763035235,0.0,0.2503333333333334,124.18333333333335
20151209153137-25km-D5-AGGRESSIVE-MOTORWAY,D5,motorway,highway,aggressive,755.66,0.6005673135802471,0.07090002636404427,0.0,0.21553333333333335,116.19666666666669
20151209153137-25km-D5-AGGRESSIVE-MOTORWAY,D5,motorway,highway,aggressive,760.66,0.5809890315500686,0.03734683850937574,0.0,0.2177777777777778,114.32962962962964
20151209153137-25km-D5-AGGRESSIVE-MOTORWAY,D5,motorway,highway,aggressive,765.66,0.5484800384087792,0.10930182233586463,0.05543661333333332,0.08837037037037038,110.9814814814815
20151209153137-25km-D5-AGGRESSIVE-MOTORWAY,D5,motorway,highway,aggressive,770.66,0.42448022446689126,0.154355206420669,0.18268502909090908,0.1890909090909091,97.1818181818182
20151209153137-25km-D5-AGGRESSIVE-MOTORWAY,D5,motorway,highway,aggressive,775.66,0.3366307456790125,0.1022225677241404,0.22054947600000002,0.29233333333333333,86.94000000000001
20151209153137-25km-D5-AGGRESSIVE-MOTORWAY,D5,motorway,highway,aggressive,780.66,0.32088239506172855,0.02957404252134388,0.277391316,0.3284,84.96333333333335
20151209153137-25km-D5-AGGRESSIVE-MOTORWAY,D5,motorway,highway,aggressive,785.66,0.31110186756453434,0.0430540752401024,0.4216242654545454,0.3064242424242425,83.63333333333334
20151209153137-25km-D5-AGGRESSIVE-MOTORWAY,D5,motorway,highway,aggressive,790.66,0.27095582716049393,0.08414841158248906,0.43926197200000006,0.31026666666666664,77.96333333333334
20151211160213-25km-D5-DROWSY-MOTORWAY,D5,motorway,highway,drowsy,28.27,0.27765485925925926,0.3999543883286554,0.014992384000000001,0.21260000000000004,72.69666666666669
20151211160213-25km-D5-DROWSY-MOTORWAY,D5,motorway,highway,drowsy,33.269999999999996,0.36823950123456795,0.010423967470428825,0.06175780399999999,0.5316666666666666,91.02333333333334
20151211160213-25km-D5-DROWSY-MOTORWAY,D5,motorway,highway,drowsy,38.269999999999996,0.3640452790123457,0.008557935462149472,0.05747140399999999,0.6381333333333333,90.50333333333334
20151211160213-25km-D5-DROWSY-MOTORWAY,D5,motorway,highway,drowsy,43.269999999999996,0.3663127654320988,0.010894891114587928,0.010705983999999997,0.5319333333333334,90.78333333333333
20151211160213-25km-D5-DROWSY-MOTORWAY,D5,motorway,highway,drowsy,48.269999999999996,0.3769727604938271,0.0168056611654422,0.0,0.3995333333333333,92.09333333333333
20151211160213-25km-D5-DROWSY-MOTORWAY,D5,motorway,highway,drowsy,53.269999999999996,0.3905907789001122,0.019767596087183814,0.0,0.25666666666666665,93.73939393939393
20151211160213-25km-D5-DROWSY-MOTORWAY,D5,motorway,highway,drowsy,58.269999999999996,0.3993097728395062,0.014773775293049527,0.0,0.2207333333333333,94.78333333333333
20151211160213-25km-D5-DROWSY-MOTORWAY,D5,motorway,highway,drowsy,63.269999999999996,0.40205060082304517,0.0030369946671849764,0.0,0.26237037037037036,95.11111111111111
20151211160213-25km-D5-DROWSY-MOTORWAY,D5,motorway,highway,drowsy,68.27,0.40015742222222217,0.005137596961789193,0.0,0.26953333333333335,94.88666666666666
20151211160213-25km-D5-DROWSY-MOTORWAY,D5,motorway,highway,drowsy,73.27,0.3959852395061728,0.008896212252327196,0.0,0.32239999999999996,94.39
20151211160213-25km-D5-DROWSY-MOTORWAY,D5,motorway,highway,drowsy,78.27,0.390161037037037,0.009896734545336622,0.0,0.1973333333333333,93.69333333333333
20151211160213-25km-D5-DROWSY-MOTORWAY,D5,motorway,highway,drowsy,83.27,0.3839127703703703,0.008886089492186038,0.0,0.13506666666666667,92.94000000000001
20151211160213-25km-D5-DROWSY-MOTORWAY,D5,motorway,highway,drowsy,88.27,0.36436563950617284,0.048683532740120584,0.087459904,0.35986666666666667,90.49999999999999
20151211160213-25km-D5-DROWSY-MOTORWAY,D5,motorway,highway,drowsy,93.27,0.32811343209876537,0.0553084965585986,0.087459904,0.3212,85.85999999999999
20151211160213-25km-D5-DROWSY-MOTORWAY,D5,motorway,highway,drowsy,98.27,0.315770962962963,0.03186075291324727,0.0,0.17400000000000002,84.28
20151211160213-25km-D5-DROWSY-MOTORWAY,D5,motorway,highway,drowsy,103.27,0.34007638518518524,0.044365682526838306,0.0,0.19933333333333333,87.44000000000001
20151211160213-25km-D5-DROWSY-MOTORWAY,D5,motorway,highway,drowsy,108.27,0.36625565432098767,0.026536628468046213,0.0,0.26026666666666665,90.76666666666668
20151211160213-25km-D5-DROWSY-MOTORWAY,D5,motorway,highway,drowsy,113.27,0.375065468013468,0.007861708726626983,0.0,0.2889090909090909,91.86363636363636
20151211160213-25km-D5-DROWSY-MOTORWAY,D5,motorway,highway,drowsy,118.27,0.37020701683501683,0.02535045572821604,0.0,0.27915151515151515,91.26363636363637
20151211160213-25km-D5-DROWSY-MOTORWAY,D5,motorway,highway,drowsy,123.27,0.34501577283950613,0.04600301653202238,0.0,0.18526666666666664,88.06666666666666
20151211160213-25km-D5-DROWSY-MOTORWAY,D5,motorway,highway,drowsy,128.26999999999998,0.3341223308641975,0.04144234083710316,0.0,0.1812666666666667,86.69333333333333
20151211160213-25km-D5-DROWSY-MOTORWAY,D5,motorway,highway,drowsy,133.26999999999998,0.3481058419753086,0.022016755088064346,0.0,0.3036666666666667,88.49666666666667
20151211160213-25km-D5-DROWSY-MOTORWAY,D5,motorway,highway,drowsy,138.26999999999998,0.351553706447188,0.015445562190372186,0.0,0.2028888888888889,88.93703703703703
20151211160213-25km-D5-DROWSY-MOTORWAY,D5,motorway,highway,drowsy,143.26999999999998,0.33689228532235943,0.028762456674978454,0.0,0.15237037037037038,87.04814814814814
20151211160213-25km-D5-DROWSY-MOTORWAY,D5,motorway,highway,drowsy,148.26999999999998,0.31785044219977554,0.03611765653667708,0.0,0.1884848484848485,84.55757575757576
20151211160213-25km-D5-DROWSY-MOTORWAY,D5,motorway,highway,drowsy,153.26999999999998,0.32726276992143655,0.04816406534145514,0.0,0.2510909090909091,85.76969696969695
20151211160213-25km-D5-DROWSY-MOTORWAY,D5,motorway,highway,drowsy,158.26999999999998,0.35443941838134424,0.041005717228899466,0.0,0.3374074074074074,89.28888888888888
20151211160213-25km-D5-DROWSY-MOTORWAY,D5,motorway,highway,drowsy,163.26999999999998,0.34698400987654326,0.03295022555557732,0.0,0.30713333333333337,88.33333333333334
20151211160213-25km-D5-DROWSY-MOTORWAY,D5,motorway,highway,drowsy,168.26999999999998,0.32948363456790125,0.028468592049124018,0.0,0.21879999999999997,86.08666666666667
20151211160213-25km-D5-DROWSY-MOTORWAY,D5,motorway,highway,drowsy,173.26999999999998,0.3178490765432099,0.00926150798891964,0.0,0.12513333333333332,84.56666666666668
20151211160213-25km-D5-DROWSY-MOTORWAY,D5,motorway,highway,drowsy,178.26999999999998,0.32088808888888887,0.018947069184374853,0.0,0.11706666666666668,84.96666666666667
20151211160213-25km-D5-DROWSY-MOTORWAY,D5,motorway,highway,drowsy,183.26999999999998,0.3384753086419753,0.02969017235149434,0.0,0.0497037037037037,87.25555555555556
20151211160213-25km-D5-DROWSY-MOTORWAY,D5,motorway,highway,drowsy,188.26999999999998,0.35086836363636364,0.01655290295878128,0.0,0.049818181818181824,88.84848484848484
20151211160213-25km-D5-DROWSY-MOTORWAY,D5,motorway,highway,drowsy,193.26999999999998,0.3554937418630752,0.016430829601236593,0.0,0.07666666666666667,89.43333333333334
20151211160213-25km-D5-DROWSY-MOTORWAY,D5,motorway,highway,drowsy,198.26999999999998,0.3578248888888889,0.022411351502874887,0.0,0.06318518518518518,89.72592592592592
20151211160213-25km-D5-DROWSY-MOTORWAY,D5,motorway,highway,drowsy,203.26999999999998,0.36503313031550066,0.017599197903145365,0.0,0.0557037037037037,90.62222222222222
20151211160213-25km-D5-DROWSY-MOTORWAY,D5,motorway,highway,drowsy,208.26999999999998,0.3715496641975308,0.01985583120187691,0.0,0.0722,91.42999999999999
20151211160213-25km-D5-DROWSY-MOTORWAY,D5,motorway,highway,drowsy,213.26999999999998,0.36465824197530866,0.017666464953689807,0.0004899999999999993,0.0548,90.57333333333332
20151211160213-25km-D5-DROWSY-MOTORWAY,D5,motorway,highway,drowsy,218.26999999999998,0.3529706397306397,0.01655591225338081,0.00044545454545454483,0.052303030303030296,89.11515151515151
20151211160213-25km-D5-DROWSY-MOTORWAY,D5,motorway,highway,drowsy,223.26999999999998,0.35695471111111116,0.024448439336601596,0.0,0.06753333333333333,89.61000000000001
20151211160213-25km-D5-DROWSY-MOTORWAY,D5,motorway,highway,drowsy,228.26999999999998,0.3706008888888889,0.020245776520236198,0.0,0.07826666666666666,91.31333333333332
20151211160213-25km-D5-DROWSY-MOTORWAY,D5,motorway,highway,drowsy,233.26999999999998,0.3695041301907969,0.0320091288157499,0.0,0.10466666666666667,91.17272727272727
20151211160213-25km-D5-DROWSY-MOTORWAY,D5,motorway,highway,drowsy,238.26999999999998,0.3428699358024691,0.049083637664944675,0.0,0.11373333333333333,87.77333333333334
20151211160213-25km-D5-DROWSY-MOTORWAY,D5,motorway,highway,drowsy,243.26999999999998,0.32611689382716047,0.04012816025111868,0.007918595999999998,0.07086666666666666,85.65
20151211160213-25km-D5-DROWSY-MOTORWAY,D5,motorway,highway,drowsy,248.26999999999998,0.32776018655692724,0.04385214457746226,0.00889711111111111,0.20881481481481481,85.86666666666666
20151211160213-25km-D5-DROWSY-MOTORWAY,D5,motorway,highway,drowsy,253.26999999999998,0.3093196296296296,0.03472314369368124,8.88040000000003e-05,0.2548666666666667,83.41
20151211160213-25km-D5-DROWSY-MOTORWAY,D5,motorway,highway,drowsy,258.27,0.30645306172839504,0.029614449770771645,0.0011534759999999988,0.3104666666666666,83.03
20151211160213-25km-D5-DROWSY-MOTORWAY,D5,motorway,highway,drowsy,263.27,0.3243777234567901,0.024794322521285217,0.0011534759999999988,0.30766666666666664,85.42333333333333
20151211160213-25km-D5-DROWSY-MOTORWAY,D5,motorway,highway,drowsy,268.27,0.3335836641975309,0.016168186061083212,0.0,0.18653333333333336,86.63333333333334
20151211160213-25km-D5-DROWSY-MOTORWAY,D5,motorway,highway,drowsy,273.27,0.3429252894375857,0.016907607751783932,0.0,0.1197037037037037,87.83703703703704
20151211160213-25km-D5-DROWSY-MOTORWAY,D5,motorway,highway,drowsy,278.27,0.3521399820426488,0.013985887961780075,0.0,0.11254545454545455,89.00909090909092
20151211160213-25km-D5-DROWSY-MOTORWAY,D5,motorway,highway,drowsy,283.27,0.35568118069584737,0.013079321139309192,0.0,0.12909090909090912,89.45757575757574
20151211160213-25km-D5-DROWSY-MOTORWAY,D5,motorway,highway,drowsy,288.27,0.3483832592592593,0.02370764476022084,0.0,0.18481481481481482,88.52962962962962
20151211160213-25km-D5-DROWSY-MOTORWAY,D5,motorway,highway,drowsy,293.27,0.3291703555555555,0.025018140602003452,0.0,0.2646,86.05
20151211160213-25km-D5-DROWSY-MOTORWAY,D5,motorway,highway,drowsy,298.27,0.3247440839506173,0.021988954239978573,0.0,0.2585333333333334,85.47666666666666
20151211160213-25km-D5-DROWSY-MOTORWAY,D5,motorway,highway,drowsy,303.27,0.3332318320987655,0.02038779533009741,0.0014113439999999978,0.2565333333333333,86.58666666666667
20151211160213-25km-D5-DROWSY-MOTORWAY,D5,motorway,highway,drowsy,308.27,0.33101701234567904,0.013674172152686417,0.0064918599999999995,0.13999999999999999,86.29666666666665
20151211160213-25km-D5-DROWSY-MOTORWAY,D5,motorway,highway,drowsy,313.27,0.32604489986282587,0.014439182185039852,0.00564501777777778,0.17874074074074076,85.64814814814815
20151211160213-25km-D5-DROWSY-MOTORWAY,D5,motorway,highway,drowsy,318.27,0.33559805432098766,0.020890392042965472,0.0,0.2673333333333333,86.88666666666667
20151211160213-25km-D5-DROWSY-MOTORWAY,D5,motorway,highway,drowsy,323.27,0.34519952413019084,0.017921835550079056,0.0,0.14321212121212118,88.12727272727273
20151211160213-25km-D5-DROWSY-MOTORWAY,D5,motorway,highway,drowsy,328.27,0.3457032296296296,0.012734063489197815,0.0,0.049,88.19333333333334
20151211160213-25km-D5-DROWSY-MOTORWAY,D5,motorway,highway,drowsy,333.27,0.3365943758573388,0.021314469156912035,0.0,0.1391111111111111,87.01851851851852
20151211160213-25km-D5-DROWSY-MOTORWAY,D5,motorway,highway,drowsy,338.27,0.3282271901234568,0.02436486558042656,0.0,0.3866,85.93333333333332
20151211160213-25km-D5-DROWSY-MOTORWAY,D5,motorway,highway,drowsy,343.27,0.3344022567901234,0.028816231180826685,0.0,0.47280000000000005,86.73
20151211160213-25km-D5-DROWSY-MOTORWAY,D5,motorway,highway,drowsy,348.27,0.3617663030303031,0.03655397748528641,0.0,0.45060606060606057,90.18787878787879
20151211160213-25km-D5-DROWSY-MOTORWAY,D5,motorway,highway,drowsy,353.27,0.3819492704826038,0.02699691024799429,0.0,0.39612121212121215,92.6969696969697
20151211160213-25km-D5-DROWSY-MOTORWAY,D5,motorway,highway,drowsy,358.27,0.3742259061728395,0.03734351588242951,0.0,0.24253333333333335,91.74
20151211160213-25km-D5-DROWSY-MOTORWAY,D5,motorway,highway,drowsy,363.27,0.34842196433470507,0.03825741447726653,0.0,0.2919259259259259,88.51481481481481
20151211160213-25km-D5-DROWSY-MOTORWAY,D5,motorway,highway,drowsy,368.27,0.3401949037037037,0.02695284439453065,0.0,0.4687333333333334,87.48
20151211160213-25km-D5-DROWSY-MOTORWAY,D5,motorway,highway,drowsy,373.27,0.3414189185185186,0.041102398223465855,0.0,0.3562666666666666,87.63666666666666
20151211160213-25km-D5-DROWSY-MOTORWAY,D5,motorway,highway,drowsy,378.27,0.3201514677640604,0.04009100667130608,0.0,0.16385185185185186,84.84814814814814
20151211160213-25km-D5-DROWSY-MOTORWAY,D5,motorway,highway,drowsy,383.27,0.3029290074074074,0.01954885778599614,0.044488900000000005,0.13999999999999999,82.55333333333333
20151211160213-25km-D5-DROWSY-MOTORWAY,D5,motorway,highway,drowsy,388.27,0.3012224938271605,0.014398792806046215,0.20014918,0.07806666666666667,82.32333333333334
20151211160213-25km-D5-DROWSY-MOTORWAY,D5,motorway,highway,drowsy,393.27,0.31415969023569024,0.024743862061264114,0.20832673454545458,0.24848484848484845,84.06363636363636
20151211160213-25km-D5-DROWSY-MOTORWAY,D5,motorway,highway,drowsy,398.27,0.33219590617283956,0.03286754776562173,0.09619150400000001,0.4107333333333333,86.43666666666667
20151211160213-25km-D5-DROWSY-MOTORWAY,D5,motorway,highway,drowsy,403.27,0.35933548422496575,0.03643772828088861,0.04833936444444445,0.46992592592592586,89.90370370370371
20151211160213-25km-D5-DROWSY-MOTORWAY,D5,motorway,highway,drowsy,408.27,0.3580209135802469,0.03972999660456189,0.09350610799999999,0.37639999999999996,89.73666666666666
20151211160213-25km-D5-DROWSY-MOTORWAY,D5,motorway,highway,drowsy,413.27,0.3361311753086419,0.030108857039861964,0.10633466800000002,0.2127333333333333,86.95000000000002
20151211160213-25km-D5-DROWSY-MOTORWAY,D5,motorway,highway,drowsy,418.27,0.3235250505050505,0.011631885234055677,0.04413267636363637,0.33242424242424246,85.31818181818181
20151211160213-25km-D5-DROWSY-MOTORWAY,D5,motorway,highway,drowsy,423.27,0.31616808395061735,0.017895151204139596,0.015431408000000002,0.4639333333333333,84.33666666666667
20151211160213-25km-D5-DROWSY-MOTORWAY,D5,motorway,highway,drowsy,428.27,0.30255111604938273,0.024611255059848142,0.0005270759999999999,0.4517333333333333,82.50333333333334
20151211160213-25km-D5-DROWSY-MOTORWAY,D5,motorway,highway,drowsy,433.27,0.30870092031425367,0.02640027305818581,0.0,0.43763636363636366,83.32727272727271
20151211160213-25km-D5-DROWSY-MOTORWAY,D5,motorway,highway,drowsy,438.27,0.32947086419753085,0.03261769026927964,0.0,0.4354074074074074,86.08518518518518
20151211160213-25km-D5-DROWSY-MOTORWAY,D5,motorway,highway,drowsy,443.27,0.3530291906721536,0.033819653767244044,0.0,0.48711111111111116,89.11111111111111
20151211160213-25km-D5-DROWSY-MOTORWAY,D5,motorway,highway,drowsy,448.27,0.3694862074074074,0.037617271288124955,0.0,0.45120000000000005,91.17000000000002
20151211160213-25km-D5-DROWSY-MOTORWAY,D5,motorway,highway,drowsy,453.27,0.35843414814814817,0.04117018134135606,0.0525625,0.2740666666666667,89.77
20151211160213-25km-D5-DROWSY-MOTORWAY,D5,motorway,highway,drowsy,458.27,0.33735115151515155,0.02678968676367213,0.06481438181818182,0.32327272727272727,87.11818181818182
20151211160213-25km-D5-DROWSY-MOTORWAY,D5,motorway,highway,drowsy,463.27,0.33018864197530867,0.020602871588861375,0.017030290909090914,0.4898181818181818,86.18787878787879
20151211160213-25km-D5-DROWSY-MOTORWAY,D5,motorway,highway,drowsy,468.27,0.32345027160493833,0.020217885632923684,0.0,0.43839999999999996,85.30666666666667
20151211160213-25km-D5-DROWSY-MOTORWAY,D5,motorway,highway,drowsy,473.27,0.32394462222222226,0.010379246921505861,0.0,0.25986666666666663,85.37333333333335
20151211160213-25km-D5-DROWSY-MOTORWAY,D5,motorway,highway,drowsy,478.27,0.32698791111111114,0.012135071946682067,0.0,0.22286666666666663,85.77333333333334
20151211160213-25km-D5-DROWSY-MOTORWAY,D5,motorway,highway,drowsy,483.27,0.33139305349794246,0.016899783217162245,0.0,0.28955555555555557,86.34814814814816
20151211160213-25km-D5-DROWSY-MOTORWAY,D5,motorway,highway,drowsy,488.27,0.33390813333333336,0.010963763435111745,0.0,0.3238666666666667,86.67666666666666
20151211160213-25km-D5-DROWSY-MOTORWAY,D5,motorway,highway,drowsy,493.27,0.32827548372615045,0.02897312157249536,0.0,0.27551515151515155,85.93333333333334
20151211160213-25km-D5-DROWSY-MOTORWAY,D5,motorway,highway,drowsy,498.27,0.30187599451303154,0.06325581486678714,0.0,0.23511111111111113,82.34074074074074
20151211160213-25km-D5-DROWSY-MOTORWAY,D5,motorway,highway,drowsy,503.27,0.25914634842249656,0.05504557474038715,0.0,0.15125925925925926,76.3185185185185
20151211160213-25km-D5-DROWSY-MOTORWAY,D5,motorway,highway,drowsy,508.27,0.24903570864197527,0.03311910774646748,0.0,0.066,74.85
20151211160213-25km-D5-DROWSY-MOTORWAY,D5,motorway,highway,drowsy,513.27,0.24871445432098765,0.028282696400407443,0.0,0.17099999999999999,74.80333333333334
20151211160213-25km-D5-DROWSY-MOTORWAY,D5,motorway,highway,drowsy,518.27,0.25639194567901236,0.04357477710449587,0.0,0.32926666666666665,75.92999999999999
20151211160213-25km-D5-DROWSY-MOTORWAY,D5,motorway,highway,drowsy,523.27,0.2661375654320988,0.044788353872830554,0.0,0.32199999999999995,77.37666666666668
20151211160213-25km-D5-DROWSY-MOTORWAY,D5,motorway,highway,drowsy,528.27,0.2779876363636364,0.034552840955267304,0.0,0.29763636363636364,79.06060606060606
20151211160213-25km-D5-DROWSY-MOTORWAY,D5,motorway,highway,drowsy,533.27,0.27596999506172837,0.08521274590126084,0.0,0.3366666666666667,78.72666666666666
20151211160213-25km-D5-DROWSY-MOTORWAY,D5,motorway,highway,drowsy,538.27,0.20305319012345682,0.13906160851076527,0.0,0.43566666666666665,67.11
20151211160213-25km-D5-DROWSY-MOTORWAY,D5,motorway,highway,drowsy,543.27,0.14702833670033671,0.10287543409315504,0.0,0.4438787878787878,57.24848484848485
20151211160213-25km-D5-DROWSY-MOTORWAY,D5,motorway,highway,drowsy,548.27,0.11815940246913578,0.08398148148148146,0.0,0.20066666666666663,51.503333333333345
20151211160213-25km-D5-DROWSY-MOTORWAY,D5,motorway,highway,drowsy,553.27,0.1394005157750343,0.1232727795587159,0.0,0.14955555555555555,55.65185185185185
20151211160213-25km-D5-DROWSY-MOTORWAY,D5,motorway,highway,drowsy,558.27,0.2082523407407407,0.11646963993751618,0.0,0.13933333333333334,68.21666666666665
20151211160213-25km-D5-DROWSY-MOTORWAY,D5,motorway,highway,drowsy,563.27,0.22720336790123455,0.056449084922185574,0.0,0.15353333333333335,71.47999999999999
20151211160213-25km-D5-DROWSY-MOTORWAY,D5,motorway,highway,drowsy,568.27,0.21912889986282577,0.019913100506723798,0.0,0.5154074074074075,70.21481481481482
20151211160213-25km-D5-DROWSY-MOTORWAY,D5,motorway,highway,drowsy,573.27,0.23369968574635241,0.03806281089214911,0.0,0.5062424242424242,72.47575757575758
20151211160213-25km-D5-DROWSY-MOTORWAY,D5,motorway,highway,drowsy,578.27,0.2560134716049383,0.04074995330988493,0.0,0.27146666666666663,75.86
20151211160213-25km-D5-DROWSY-MOTORWAY,D5,motorway,highway,drowsy,583.27,0.28424431111111115,0.0400598090661747,0.0,0.21813333333333335,79.95
20151211160213-25km-D5-DROWSY-MOTORWAY,D5,motorway,highway,drowsy,588.27,0.3059569333333333,0.042169178545206874,0.0,0.24299999999999997,82.92999999999999
20151211160213-25km-D5-DROWSY-MOTORWAY,D5,motorway,highway,drowsy,593.27,0.3336409218106996,0.02424434874528008,0.0,0.35607407407407404,86.63703703703703
20151211160213-25km-D5-DROWSY-MOTORWAY,D5,motorway,highway,drowsy,598.27,0.3438844938271605,0.013292010060668389,0.0,0.47733333333333333,87.96000000000001
20151211160213-25km-D5-DROWSY-MOTORWAY,D5,motorway,highway,drowsy,603.27,0.34722067789001126,0.009494205364936288,0.0,0.5166060606060606,88.38787878787879
20151211160213-25km-D5-DROWSY-MOTORWAY,D5,motorway,highway,drowsy,608.27,0.339178938271605,0.018486230351139204,0.0,0.5602666666666666,87.35000000000001
20151211160213-25km-D5-DROWSY-MOTORWAY,D5,motorway,highway,drowsy,613.27,0.32798456790123454,0.019015785719543772,0.0,0.49366666666666664,85.90333333333334
20151211160213-25km-D5-DROWSY-MOTORWAY,D5,motorway,highway,drowsy,618.27,0.33291915555555557,0.01760325211179161,0.0,0.5044,86.54333333333332
20151211160213-25km-D5-DROWSY-MOTORWAY,D5,motorway,highway,drowsy,623.27,0.35027298216735253,0.03284119088248963,0.0,0.5506666666666666,88.76666666666667
20151211160213-25km-D5-DROWSY-MOTORWAY,D5,motorway,highway,drowsy,628.27,0.346513812345679,0.036164744857463266,0.0,0.5245333333333334,88.28333333333333
20151211160213-25km-D5-DROWSY-MOTORWAY,D5,motorway,highway,drowsy,633.27,0.3248695407407408,0.03688967260511931,0.0,0.5474,85.48000000000002
20151211160213-25km-D5-DROWSY-MOTORWAY,D5,motorway,highway,drowsy,638.27,0.30744922962962973,0.02019796718675533,0.0,0.5926666666666667,83.16333333333334
20151211160213-25km-D5-DROWSY-MOTORWAY,D5,motorway,highway,drowsy,643.27,0.2966882567901235,0.016212972237729203,0.0,0.5004000000000001,81.7
20151211160213-25km-D5-DROWSY-MOTORWAY,D5,motorway,highway,drowsy,648.27,0.28073831200897864,0.025930547081088207,0.0,0.49703030303030304,79.45757575757577
20151211160213-25km-D5-DROWSY-MOTORWAY,D5,motorway,highway,drowsy,653.27,0.27520004040404045,0.03956345536941586,0.0,0.512969696969697,78.67575757575757
20151211160213-25km-D5-DROWSY-MOTORWAY,D5,motorway,highway,drowsy,658.27,0.3002622024691358,0.048251334780644334,0.009326916000000008,0.4949333333333333,82.14
20151211160213-25km-D5-DROWSY-MOTORWAY,D5,motorway,highway,drowsy,663.27,0.3100205333333333,0.04708595159816565,0.009326916000000008,0.534,83.5
20151211160213-25km-D5-DROWSY-MOTORWAY,D5,motorway,highway,drowsy,668.27,0.2853551950617284,0.04735196274459316,0.017225176,0.3023333333333333,80.09
20151211160213-25km-D5-DROWSY-MOTORWAY,D5,motorway,highway,drowsy,673.27,0.2683500296296296,0.0362103917443898,0.036387600000000006,0.13879999999999998,77.69666666666666
20151211160213-25km-D5-DROWSY-MOTORWAY,D5,motorway,highway,drowsy,678.27,0.28115920493827157,0.03711193524469951,0.055134008,0.3186,79.50333333333334
20151211160213-25km-D5-DROWSY-MOTORWAY,D5,motorway,highway,drowsy,683.27,0.288593585733882,0.04551578542965097,0.09916540000000001,0.3374814814814815,80.56666666666666
20151211160213-25km-D5-DROWSY-MOTORWAY,D5,motorway,highway,drowsy,688.27,0.25978214814814815,0.054982044137119004,0.091712676,0.27680000000000005,76.39666666666668
20151211160213-25km-D5-DROWSY-MOTORWAY,D5,motorway,highway,drowsy,693.27,0.24170647901234568,0.047453676386637375,0.03843539999999999,0.4074,73.72
20151211160213-25km-D5-DROWSY-MOTORWAY,D5,motorway,highway,drowsy,698.27,0.24795315775034293,0.03581120693102931,0.0,0.4054814814814815,74.66296296296295
20151211160213-25km-D5-DROWSY-MOTORWAY,D5,motorway,highway,drowsy,703.27,0.26535910213243546,0.023434231428855444,0.0007661127272727291,0.38127272727272726,77.26060606060605
20151211160213-25km-D5-DROWSY-MOTORWAY,D5,motorway,highway,drowsy,708.27,0.2735976071829405,0.009263507727288713,0.0007661127272727291,0.366,78.45757575757575
20151211160213-25km-D5-DROWSY-MOTORWAY,D5,motorway,highway,drowsy,713.27,0.27923290534979434,0.0072979039225445535,0.0,0.36207407407407405,79.26296296296296
20151211160213-25km-D5-DROWSY-MOTORWAY,D5,motorway,highway,drowsy,718.27,0.2866556323731138,0.012223820856088747,0.0,0.44962962962962966,80.30740740740741
20151211160213-25km-D5-DROWSY-MOTORWAY,D5,motorway,highway,drowsy,723.27,0.29184529292929295,0.008461432159404259,0.0,0.4481212121212121,81.03333333333332
20151211160213-25km-D5-DROWSY-MOTORWAY,D5,motorway,highway,drowsy,728.27,0.29646228058361396,0.009635793679484743,0.0,0.46581818181818185,81.66969696969699
20151211160213-25km-D5-DROWSY-MOTORWAY,D5,motorway,highway,drowsy,733.27,0.30349442962962964,0.011307537405352654,0.07252225600000001,0.3676666666666667,82.63333333333333
20151211160213-25km-D5-DROWSY-MOTORWAY,D5,motorway,highway,drowsy,738.27,0.30611096790123454,0.01699199890452558,0.07252225600000001,0.3542666666666667,82.99
20151211160213-25km-D5-DROWSY-MOTORWAY,D5,motorway,highway,drowsy,743.27,0.28907951165980794,0.05443335295215211,0.016311488888888885,0.3912592592592593,80.59629629629632
20151211160213-25km-D5-DROWSY-MOTORWAY,D5,motorway,highway,drowsy,748.27,0.2509445157750343,0.05696291119351282,0.021886600000000003,0.34274074074074073,75.09629629629632
20151211160213-25km-D5-DROWSY-MOTORWAY,D5,motorway,highway,drowsy,753.27,0.24626962469135805,0.044436339956967004,0.005017600000000004,0.4094666666666667,74.41666666666666
20151211160213-25km-D5-DROWSY-MOTORWAY,D5,motorway,highway,drowsy,758.27,0.2725364624017957,0.04216068566982779,0.0,0.4272727272727273,78.26363636363635
20151211160213-25km-D5-DROWSY-MOTORWAY,D5,motorway,highway,drowsy,763.27,0.2924726015712682,0.036565488040551423,0.0,0.42236363636363644,81.10909090909091
20151211160213-25km-D5-DROWSY-MOTORWAY,D5,motorway,highway,drowsy,768.27,0.3142656021947874,0.04408418811957605,0.0004839999999999992,0.49600000000000005,84.05185185185186
20151211160213-25km-D5-DROWSY-MOTORWAY,D5,motorway,highway,drowsy,773.27,0.3295751165980796,0.03479636223290272,0.0004839999999999992,0.5648888888888889,86.10740740740742
20151211160213-25km-D5-DROWSY-MOTORWAY,D5,motorway,highway,drowsy,778.27,0.3256293692480359,0.018177339615773877,0.0,0.6011515151515151,85.5939393939394
20151211160213-25km-D5-DROWSY-MOTORWAY,D5,motorway,highway,drowsy,783.27,0.32268328888888886,0.015229937633797163,0.0,0.4626000000000001,85.20666666666666
20151211160213-25km-D5-DROWSY-MOTORWAY,D5,motorway,highway,drowsy,788.27,0.3041035654320987,0.031213392100057896,0.0,0.12386666666666668,82.69333333333333
20151211160213-25km-D5-DROWSY-MOTORWAY,D5,motorway,highway,drowsy,793.27,0.28881093333333335,0.026757134922584525,0.0,0.17773333333333333,80.6
20151211160213-25km-D5-DROWSY-MOTORWAY,D5,motorway,highway,drowsy,798.27,0.2798314074074074,0.007556174996497391,0.0,0.2588148148148148,79.34814814814814
20151211160213-25km-D5-DROWSY-MOTORWAY,D5,motorway,highway,drowsy,803.27,0.28150185185185184,0.010647950239171386,0.0,0.2566,79.58333333333334
20151211160213-25km-D5-DROWSY-MOTORWAY,D5,motorway,highway,drowsy,808.27,0.2849516,0.014552535293384067,0.010125123999999996,0.4014666666666667,80.07000000000001
20151211160213-25km-D5-DROWSY-MOTORWAY,D5,motorway,highway,drowsy,813.27,0.28523152098765436,0.009808847417563448,0.010125123999999996,0.3616666666666667,80.11
20151211160213-25km-D5-DROWSY-MOTORWAY,D5,motorway,highway,drowsy,818.27,0.2885487901234568,0.00954963059822795,0.0,0.173,80.57333333333334
20151211160213-25km-D5-DROWSY-MOTORWAY,D5,motorway,highway,drowsy,823.27,0.2933750347923681,0.011011556006780152,0.013591163636363639,0.2687272727272727,81.24545454545455
20151211160213-25km-D5-DROWSY-MOTORWAY,D5,motorway,highway,drowsy,828.27,0.2984255622895623,0.016634949545873568,0.01369874181818182,0.3770909090909091,81.93939393939394
20151211160213-25km-D5-DROWSY-MOTORWAY,D5,motorway,highway,drowsy,833.27,0.3014132098765433,0.020384628676086647,0.00011833599999999989,0.4322666666666667,82.35
20151211160213-25km-D5-DROWSY-MOTORWAY,D5,motorway,highway,drowsy,838.27,0.30074880658436215,0.01819774937044178,0.0,0.40703703703703703,82.25925925925925
20151211160213-25km-D5-DROWSY-MOTORWAY,D5,motorway,highway,drowsy,843.27,0.2920037135802469,0.0203505609989211,0.0,0.36419999999999997,81.04666666666667
20151211160213-25km-D5-DROWSY-MOTORWAY,D5,motorway,highway,drowsy,848.27,0.28237232323232325,0.020234684108712486,0.0,0.3984848484848485,79.70606060606059
20151211160213-25km-D5-DROWSY-MOTORWAY,D5,motorway,highway,drowsy,853.27,0.2896686694101509,0.03589484344898521,0.0,0.4085925925925926,80.7074074074074
20151211160213-25km-D5-DROWSY-MOTORWAY,D5,motorway,highway,drowsy,858.27,0.2997494650205761,0.05103882854956245,0.0,0.32696296296296296,82.11111111111111
20151211160213-25km-D5-DROWSY-MOTORWAY,D5,motorway,highway,drowsy,863.27,0.2852941382716049,0.03761957706506547,0.0,0.14819999999999997,80.09666666666666
20151211160213-25km-D5-DROWSY-MOTORWAY,D5,motorway,highway,drowsy,868.27,0.28081779259259254,0.03482034229139867,0.0,0.25053333333333333,79.47666666666666
20151211160213-25km-D5-DROWSY-MOTORWAY,D5,motorway,highway,drowsy,873.27,0.29274339753086415,0.045704219479443885,0.011128896000000001,0.37039999999999995,81.14666666666668
20151211160213-25km-D5-DROWSY-MOTORWAY,D5,motorway,highway,drowsy,878.27,0.2834000444444444,0.03296157748985859,0.046825148000000004,0.2377333333333333,79.82333333333335
20151211160213-25km-D5-DROWSY-MOTORWAY,D5,motorway,highway,drowsy,883.27,0.27768995286195286,0.031753891316694136,0.03789391272727273,0.27909090909090906,79.02727272727275
20151211160213-25km-D5-DROWSY-MOTORWAY,D5,motorway,highway,drowsy,888.27,0.28934401481481486,0.04037121506331652,0.029794288000000002,0.3865333333333333,80.66999999999999
20151211160213-25km-D5-DROWSY-MOTORWAY,D5,motorway,highway,drowsy,893.27,0.30287174814814816,0.034845334424068994,0.08274756800000002,0.41620000000000007,82.54333333333334
20151211160213-25km-D5-DROWSY-MOTORWAY,D5,motorway,highway,drowsy,898.27,0.2970951111111111,0.0400296677203733,0.14748406545454548,0.468969696969697,81.73939393939393
20151211160213-25km-D5-DROWSY-MOTORWAY,D5,motorway,highway,drowsy,903.27,0.2676558864197531,0.04325958765019276,0.23450964800000004,0.3806,77.55666666666667
20151211160213-25km-D5-DROWSY-MOTORWAY,D5,motorway,highway,drowsy,908.27,0.24992512482853224,0.03673718219313927,0.23642877777777777,0.3442222222222222,74.98518518518517
20151211160213-25km-D5-DROWSY-MOTORWAY,D5,motorway,highway,drowsy,913.27,0.2524029300411522,0.04394367368907983,0.14582525333333338,0.3771111111111111,75.34814814814814
20151211160213-25km-D5-DROWSY-MOTORWAY,D5,motorway,highway,drowsy,918.27,0.2716155331088665,0.03886667829562885,0.09198067636363637,0.2504848484848484,78.13333333333334
20151211160213-25km-D5-DROWSY-MOTORWAY,D5,motorway,highway,drowsy,923.27,0.2851036004489338,0.02459922124214422,0.11897222909090908,0.28351515151515155,80.08787878787881
20151211160213-25km-D5-DROWSY-MOTORWAY,D5,motorway,highway,drowsy,928.27,0.28330056790123465,0.021000551993131857,0.139723668,0.2754666666666667,79.83666666666667
20151211160213-25km-D5-DROWSY-MOTORWAY,D5,motorway,highway,drowsy,933.27,0.2775375198902606,0.018931291901887803,0.10221734666666667,0.128,79.01851851851852
20151211160213-25km-D5-DROWSY-MOTORWAY,D5,motorway,highway,drowsy,938.27,0.2721236762688615,0.0260082631298851,0.0731925777777778,0.18266666666666667,78.24444444444445
20151211160213-25km-D5-DROWSY-MOTORWAY,D5,motorway,highway,drowsy,943.27,0.27447713131313134,0.032185380018477615,0.04762205090909093,0.2946060606060606,78.57878787878789
20151211160213-25km-D5-DROWSY-MOTORWAY,D5,motorway,highway,drowsy,948.27,0.26420293602693606,0.027533036892000727,0.016961269090909097,0.3918787878787878,77.07272727272728
20151211160213-25km-D5-DROWSY-MOTORWAY,D5,motorway,highway,drowsy,953.27,0.24701548422496572,0.017145174029838374,0.012012195555555553,0.41377777777777786,74.54814814814816
20151211160213-25km-D5-DROWSY-MOTORWAY,D5,motorway,highway,drowsy,958.27,0.24813507270233195,0.020202013226406263,0.011446115555555551,0.2520740740740741,74.71481481481482
20151211160213-25km-D5-DROWSY-MOTORWAY,D5,motorway,highway,drowsy,963.27,0.2633295358024691,0.034725637297351744,0.0,0.31306666666666666,76.94999999999999
20151211160213-25km-D5-DROWSY-MOTORWAY,D5,motorway,highway,drowsy,968.27,0.286144637037037,0.03794389024793496,0.0,0.5044,80.21666666666667
20151211160213-25km-D5-DROWSY-MOTORWAY,D5,motorway,highway,drowsy,973.27,0.30668653333333334,0.033016265431646125,0.0,0.40413333333333334,83.05666666666666
20151211160213-25km-D5-DROWSY-MOTORWAY,D5,motorway,highway,drowsy,978.27,0.30886140740740736,0.029046479428139305,0.033207496,0.33746666666666664,83.35666666666667
20151211160213-25km-D5-DROWSY-MOTORWAY,D5,motorway,highway,drowsy,983.27,0.30525625679012347,0.017182287172675927,0.033313772000000005,0.4296666666666666,82.87333333333333
20151211160213-25km-D5-DROWSY-MOTORWAY,D5,motorway,highway,drowsy,988.27,0.31102289382716053,0.007792531751373452,0.0057137000000000064,0.4242666666666667,83.65333333333334
20151211160213-25km-D5-DROWSY-MOTORWAY,D5,motorway,highway,drowsy,993.27,0.30829771851851856,0.021742065458062215,0.005607424000000006,0.4411333333333333,83.28
20151211160213-25km-D5-DROWSY-MOTORWAY,D5,motorway,highway,drowsy,998.27,0.3007101234567901,0.030826920596991613,0.002206694545454544,0.38636363636363646,82.24848484848484
20151211160213-25km-D5-DROWSY-MOTORWAY,D5,motorway,highway,drowsy,1003.27,0.30637667160493837,0.026844373099642632,0.0024273639999999983,0.33679999999999993,83.01333333333335
20151211160213-25km-D5-DROWSY-MOTORWAY,D5,motorway,highway,drowsy,1008.27,0.323895125925926,0.027284122802448074,0.011587216000000003,0.4492,85.36333333333334
20151211160213-25km-D5-DROWSY-MOTORWAY,D5,motorway,highway,drowsy,1013.27,0.3218217185185185,0.024290936781641754,0.013825232000000002,0.4955333333333334,85.08666666666667
20151211160213-25km-D5-DROWSY-MOTORWAY,D5,motorway,highway,drowsy,1018.27,0.31815581344307264,0.03401964592292536,0.002486684444444443,0.4166666666666667,84.6037037037037
20151211160213-25km-D5-DROWSY-MOTORWAY,D5,motorway,highway,drowsy,1023.27,0.3028012435465769,0.050112073443683555,0.0,0.4033333333333333,82.49999999999999
20151211160213-25km-D5-DROWSY-MOTORWAY,D5,motorway,highway,drowsy,1028.27,0.295252562962963,0.048193046685697356,0.0,0.31099999999999994,81.48666666666665
20151211160213-25km-D5-DROWSY-MOTORWAY,D5,motorway,highway,drowsy,1033.27,0.31433741015089156,0.028838724743196115,0.0,0.23792592592592593,84.0925925925926
20151211160213-25km-D5-DROWSY-MOTORWAY,D5,motorway,highway,drowsy,1038.27,0.3201193185185185,0.015682239603029585,0.0030695039999999968,0.3824666666666666,84.86666666666666
20151211160213-25km-D5-DROWSY-MOTORWAY,D5,motorway,highway,drowsy,1043.27,0.31161412839506164,0.03276166274203735,0.0030695039999999968,0.37773333333333337,83.71666666666667
20151211160213-25km-D5-DROWSY-MOTORWAY,D5,motorway,highway,drowsy,1048.27,0.2851491806958473,0.05492043944787661,0.0,0.20575757575757575,80.06060606060606
20151211160213-25km-D5-DROWSY-MOTORWAY,D5,motorway,highway,drowsy,1053.27,0.2788935703703704,0.04408765203362894,0.006411023999999999,0.2512,79.2
20151211160213-25km-D5-DROWSY-MOTORWAY,D5,motorway,highway,drowsy,1058.27,0.28374494375857345,0.021451754999227288,0.007123359999999999,0.2857777777777778,79.8962962962963
20151211160213-25km-D5-DROWSY-MOTORWAY,D5,motorway,highway,drowsy,1063.27,0.27666154882154886,0.013885477856236861,0.0,0.21436363636363637,78.89696969696969
20151211160213-25km-D5-DROWSY-MOTORWAY,D5,motorway,highway,drowsy,1068.27,0.27429999012345674,0.007781537806858622,0.0,0.3118666666666667,78.55999999999999
20151211160213-25km-D5-DROWSY-MOTORWAY,D5,motorway,highway,drowsy,1073.27,0.2782497448559671,0.01871123900481904,0.0,0.42266666666666663,79.11851851851851
20151211160213-25km-D5-DROWSY-MOTORWAY,D5,motorway,highway,drowsy,1078.27,0.2952916004489338,0.02992839497489125,0.0,0.45303030303030306,81.49090909090908
20151211160213-25km-D5-DROWSY-MOTORWAY,D5,motorway,highway,drowsy,1083.27,0.31293561481481486,0.02628323261358979,0.0,0.47813333333333324,83.9
20151211160213-25km-D5-DROWSY-MOTORWAY,D5,motorway,highway,drowsy,1088.27,0.3238684444444444,0.026230141351692778,0.0,0.5568000000000001,85.35999999999999
20151211160213-25km-D5-DROWSY-MOTORWAY,D5,motorway,highway,drowsy,1093.27,0.3159093432098765,0.02963479610736148,0.0,0.4551333333333333,84.29333333333332
20151211160213-25km-D5-DROWSY-MOTORWAY,D5,motorway,highway,drowsy,1098.27,0.29354815912208504,0.02227047492149544,0.0,0.3306666666666666,81.25925925925927
20151211160213-25km-D5-DROWSY-MOTORWAY,D5,motorway,highway,drowsy,1103.27,0.27729922469135804,0.027243030915954664,0.0,0.4357333333333334,78.97666666666667
20151211160213-25km-D5-DROWSY-MOTORWAY,D5,motorway,highway,drowsy,1108.27,0.25673178765432103,0.045696567378624486,0.0,0.3846,75.97
20151209151242-25km-D5-NORMAL-MOTORWAY,D5,motorway,highway,normal,7.32,0.08900292817059484,0.2345575086445861,0.0,0.0012121212121212121,43.26212121212121
20151209151242-25km-D5-NORMAL-MOTORWAY,D5,motorway,highway,normal,12.32,0.1663465086419753,0.17386796829702966,0.0,0.17913333333333337,60.48
20151209151242-25km-D5-NORMAL-MOTORWAY,D5,motorway,highway,normal,17.32,0.261967175308642,0.1471699129740712,0.066814276,0.29666666666666663,76.29666666666665
20151209151242-25km-D5-NORMAL-MOTORWAY,D5,motorway,highway,normal,22.32,0.3433200197530864,0.11119536208997191,0.184866244,0.16786666666666666,87.76
20151209151242-25km-D5-NORMAL-MOTORWAY,D5,motorway,highway,normal,27.32,0.4021968888888889,0.0670720799848738,0.18235741600000005,0.10606666666666667,95.04666666666667
20151209151242-25km-D5-NORMAL-MOTORWAY,D5,motorway,highway,normal,32.32,0.43791164444444447,0.057351908137522646,0.165250388,0.21013333333333334,99.25333333333333
20151209151242-25km-D5-NORMAL-MOTORWAY,D5,motorway,highway,normal,37.32,0.4127627654320987,0.06264588081309644,0.246886636,0.3396666666666667,96.29333333333332
20151209151242-25km-D5-NORMAL-MOTORWAY,D5,motorway,highway,normal,42.32,0.39329680987654314,0.06267461280241954,0.292084616,0.3188,94.04666666666665
20151209151242-25km-D5-NORMAL-MOTORWAY,D5,motorway,highway,normal,47.32,0.4391011950617284,0.08590788385421992,0.185782536,0.2502666666666667,99.29333333333334
20151209151242-25km-D5-NORMAL-MOTORWAY,D5,motorway,highway,normal,52.32,0.5092263901234568,0.08986864242440569,0.039639615999999996,0.17980000000000002,106.94666666666667
20151209151242-25km-D5-NORMAL-MOTORWAY,D5,motorway,highway,normal,57.32,0.5727448839506173,0.05278285102822807,0.0,0.13966666666666666,113.47666666666666
20151209151242-25km-D5-NORMAL-MOTORWAY,D5,motorway,highway,normal,62.32,0.6034055851851852,0.027053132924565338,0.0,0.19940000000000002,116.51666666666668
20151209151242-25km-D5-NORMAL-MOTORWAY,D5,motorway,highway,normal,67.32,0.5863034951989026,0.04307871512538239,0.0,0.2728888888888889,114.82962962962964
20151209151242-25km-D5-NORMAL-MOTORWAY,D5,motorway,highway,normal,72.32,0.548164237037037,0.04515554599976323,0.007150620000000005,0.2301333333333333,111.04666666666667
20151209151242-25km-D5-NORMAL-MOTORWAY,D5,motorway,highway,normal,77.32,0.5261103030303029,0.03279008605955735,0.014504923636363638,0.12442424242424241,108.78787878787877
20151209151242-25km-D5-NORMAL-MOTORWAY,D5,motorway,highway,normal,82.32,0.5190237827160493,0.033702074268067435,0.012559156000000002,0.15713333333333335,108.05999999999999
20151209151242-25km-D5-NORMAL-MOTORWAY,D5,motorway,highway,normal,87.32,0.5112032098765433,0.04253029140713945,0.2249944711111111,0.3214814814814815,107.22592592592592
20151209151242-25km-D5-NORMAL-MOTORWAY,D5,motorway,highway,normal,92.32,0.49400852839506165,0.043170949148201035,0.512309016,0.2798666666666666,105.42333333333333
20151209151242-25km-D5-NORMAL-MOTORWAY,D5,motorway,highway,normal,97.32,0.4929138136924803,0.02550719879983502,0.5130361963636363,0.2306666666666667,105.30909090909091
20151209151242-25km-D5-NORMAL-MOTORWAY,D5,motorway,highway,normal,102.32,0.4959633580246914,0.01704861235966547,0.4564567919999999,0.20673333333333335,105.63333333333335
20151209151242-25km-D5-NORMAL-MOTORWAY,D5,motorway,highway,normal,107.32,0.5136140740740741,0.025973529597042348,0.377853356,0.1966,107.49333333333334
20151209151242-25km-D5-NORMAL-MOTORWAY,D5,motorway,highway,normal,112.32,0.5213954913580248,0.024534251314314304,0.32261793600000005,0.19119999999999998,108.31000000000002
20151209151242-25km-D5-NORMAL-MOTORWAY,D5,motorway,highway,normal,117.32,0.5149322814814814,0.015762073178838033,0.31450663199999995,0.1248,107.63666666666666
20151209151242-25km-D5-NORMAL-MOTORWAY,D5,motorway,highway,normal,122.32,0.5079095034293553,0.016088618417044977,0.35277781777777784,0.1394074074074074,106.89999999999999
20151209151242-25km-D5-NORMAL-MOTORWAY,D5,motorway,highway,normal,127.32,0.5057857530864198,0.01802800519932763,0.34697388000000007,0.1591333333333333,106.67666666666666
20151209151242-25km-D5-NORMAL-MOTORWAY,D5,motorway,highway,normal,132.32,0.5187710213243547,0.025543147929380925,0.19875656727272722,0.12575757575757576,108.02727272727275
20151209151242-25km-D5-NORMAL-MOTORWAY,D5,motorway,highway,normal,137.32,0.5338556740740741,0.035013190114539725,0.13412638000000002,0.07853333333333334,109.59333333333333
20151209151242-25km-D5-NORMAL-MOTORWAY,D5,motorway,highway,normal,142.32,0.5165021432098766,0.04073341820835548,0.307361084,0.08859999999999998,107.78
20151209151242-25km-D5-NORMAL-MOTORWAY,D5,motorway,highway,normal,147.32,0.4848210913580246,0.03708771523565592,0.404161788,0.1583333333333333,104.42999999999999
20151209151242-25km-D5-NORMAL-MOTORWAY,D5,motorway,highway,normal,152.32,0.4727822057613168,0.029811541675459692,0.44812712444444447,0.2572592592592592,103.13703703703703
20151209151242-25km-D5-NORMAL-MOTORWAY,D5,motorway,highway,normal,157.32,0.45819990617283957,0.029964364508161728,0.531073168,0.2201333333333333,101.52333333333334
20151209151242-25km-D5-NORMAL-MOTORWAY,D5,motorway,highway,normal,162.32,0.43985410549943876,0.04864159277618369,0.4915058763636363,0.1487878787878788,99.47272727272725
20151209151242-25km-D5-NORMAL-MOTORWAY,D5,motorway,highway,normal,167.32,0.47222095802469133,0.08780065535465162,0.36401104000000006,0.14953333333333335,102.96
20151209151242-25km-D5-NORMAL-MOTORWAY,D5,motorway,highway,normal,172.32,0.5457238353909466,0.0871364948454772,0.2734720711111111,0.15355555555555556,110.72962962962964
20151209151242-25km-D5-NORMAL-MOTORWAY,D5,motorway,highway,normal,177.32,0.5830285432098765,0.046497943378535994,0.12940376800000003,0.12953333333333333,114.52666666666667
20151209151242-25km-D5-NORMAL-MOTORWAY,D5,motorway,highway,normal,182.32,0.582305212121212,0.023476326309002104,0.03662778545454545,0.09145454545454546,114.46060606060604
20151209151242-25km-D5-NORMAL-MOTORWAY,D5,motorway,highway,normal,187.32,0.5921883456790124,0.023501446839416112,7.290000000000013e-05,0.10333333333333332,115.42666666666666
20151209151242-25km-D5-NORMAL-MOTORWAY,D5,motorway,highway,normal,192.32,0.5963115720164609,0.027049250310670122,0.0,0.18274074074074076,115.82962962962964
20151209151242-25km-D5-NORMAL-MOTORWAY,D5,motorway,highway,normal,197.32,0.596477975308642,0.013532250039634163,0.0,0.1764666666666667,115.84666666666666
20151209151242-25km-D5-NORMAL-MOTORWAY,D5,motorway,highway,normal,202.32,0.6073340291806959,0.014415230788710235,0.0,0.12515151515151515,116.89393939393939
20151209151242-25km-D5-NORMAL-MOTORWAY,D5,motorway,highway,normal,207.32,0.6213157827160494,0.014251586314546075,0.0,0.10473333333333332,118.23333333333335
20151209151242-25km-D5-NORMAL-MOTORWAY,D5,motorway,highway,normal,212.32,0.6212447407407408,0.014511690158962656,0.0,0.11873333333333333,118.22666666666666
20151209151242-25km-D5-NORMAL-MOTORWAY,D5,motorway,highway,normal,217.32,0.6115418106995886,0.012865403763308416,0.0,0.1842222222222222,117.30000000000001
20151209151242-25km-D5-NORMAL-MOTORWAY,D5,motorway,highway,normal,222.32,0.6149299358024691,0.019628986223971162,0.0,0.13486666666666666,117.61999999999998
20151209151242-25km-D5-NORMAL-MOTORWAY,D5,motorway,highway,normal,227.32,0.6164131717171717,0.04083043440805334,0.0,0.05975757575757576,117.75757575757574
20151209151242-25km-D5-NORMAL-MOTORWAY,D5,motorway,highway,normal,232.32,0.6062336641975309,0.0359344479401529,0.0,0.09326666666666666,116.78333333333335
20151209151242-25km-D5-NORMAL-MOTORWAY,D5,motorway,highway,normal,237.32,0.5987665876543209,0.027499728062217167,0.0,0.23220000000000002,116.06666666666668
20151209151242-25km-D5-NORMAL-MOTORWAY,D5,motorway,highway,normal,242.32,0.5796997146776405,0.03556402189805345,0.0,0.34081481481481485,114.1888888888889
20151209151242-25km-D5-NORMAL-MOTORWAY,D5,motorway,highway,normal,247.32,0.5566071165980796,0.02236283926286037,0.0,0.2863703703703704,111.90740740740742
20151209151242-25km-D5-NORMAL-MOTORWAY,D5,motorway,highway,normal,252.32,0.5515808933782267,0.020505547680558293,0.02291290909090909,0.19521212121212123,111.4
20151209151242-25km-D5-NORMAL-MOTORWAY,D5,motorway,highway,normal,257.32,0.5319586352413019,0.03251898909480469,0.03647204,0.23121212121212123,109.38181818181819
20151209151242-25km-D5-NORMAL-MOTORWAY,D5,motorway,highway,normal,262.32,0.5064328230452675,0.03075411870742815,0.01657227111111111,0.2408888888888889,106.74074074074073
20151209151242-25km-D5-NORMAL-MOTORWAY,D5,motorway,highway,normal,267.32,0.505253812345679,0.03746932631130803,0.0,0.10806666666666667,106.61666666666665
20151209151242-25km-D5-NORMAL-MOTORWAY,D5,motorway,highway,normal,272.32,0.47312442199775534,0.07786734214454943,0.006810821818181817,0.1641212121212121,103.06363636363636
20151209151242-25km-D5-NORMAL-MOTORWAY,D5,motorway,highway,normal,277.32,0.40292849876543213,0.06897760634773106,0.129889544,0.1811333333333333,95.13666666666668
20151209151242-25km-D5-NORMAL-MOTORWAY,D5,motorway,highway,normal,282.32,0.37623778271604946,0.03538976000993152,0.371459792,0.10193333333333336,92.00333333333334
20151209151242-25km-D5-NORMAL-MOTORWAY,D5,motorway,highway,normal,287.32,0.4000063703703703,0.054042017650564926,0.5257066355555555,0.07377777777777778,94.8111111111111
20151209151242-25km-D5-NORMAL-MOTORWAY,D5,motorway,highway,normal,292.32,0.42941581234567894,0.060508700852697606,0.477073812,0.10606666666666667,98.28666666666666
20151209151242-25km-D5-NORMAL-MOTORWAY,D5,motorway,highway,normal,297.32,0.45568276543209874,0.057826766962418216,0.35866854545454546,0.2331515151515152,101.2
20151209151242-25km-D5-NORMAL-MOTORWAY,D5,motorway,highway,normal,302.32,0.4882877185185185,0.04127773261919014,0.28005202799999995,0.21480000000000002,104.80999999999999
20151209151242-25km-D5-NORMAL-MOTORWAY,D5,motorway,highway,normal,307.32,0.4787227012345679,0.020932867789464994,0.258732468,0.096,103.77666666666667
20151209151242-25km-D5-NORMAL-MOTORWAY,D5,motorway,highway,normal,312.32,0.4648190666666666,0.02532131042905807,0.18479072399999996,0.10746666666666667,102.26333333333334
20151209151242-25km-D5-NORMAL-MOTORWAY,D5,motorway,highway,normal,317.32,0.45089492839506173,0.035837504656071675,0.217382164,0.15446666666666667,100.71
20151209151242-25km-D5-NORMAL-MOTORWAY,D5,motorway,highway,normal,322.32,0.4276586666666667,0.03584290242542459,0.334141284,0.1618,98.08
20151209151242-25km-D5-NORMAL-MOTORWAY,D5,motorway,highway,normal,327.32,0.4322473185185185,0.04747133051268545,0.346197188,0.13146666666666668,98.59333333333333
20151209151242-25km-D5-NORMAL-MOTORWAY,D5,motorway,highway,normal,332.32,0.47032297777777776,0.05359557414630103,0.322048284,0.12079999999999998,102.83666666666667
20151209151242-25km-D5-NORMAL-MOTORWAY,D5,motorway,highway,normal,337.32,0.4736433234567901,0.04577340320444605,0.33683592000000007,0.18466666666666667,103.21
20151209151242-25km-D5-NORMAL-MOTORWAY,D5,motorway,highway,normal,342.32,0.4443053530864197,0.031311049530841045,0.39042514399999995,0.23760000000000003,99.97333333333333
20151209151242-25km-D5-NORMAL-MOTORWAY,D5,motorway,highway,normal,347.32,0.4341085876543209,0.014487853959167971,0.450592696,0.18053333333333332,98.83
20151209151242-25km-D5-NORMAL-MOTORWAY,D5,motorway,highway,normal,352.32,0.42436072592592583,0.027090805835717546,0.47713714399999996,0.1422,97.70333333333333
20151209151242-25km-D5-NORMAL-MOTORWAY,D5,motorway,highway,normal,357.32,0.4028446419753086,0.02649076987064312,0.44481322400000006,0.10326666666666666,95.19333333333334
20151209151242-25km-D5-NORMAL-MOTORWAY,D5,motorway,highway,normal,362.32,0.4038816641975309,0.03170275769354035,0.38533224399999993,0.08653333333333332,95.31
20151209151242-25km-D5-NORMAL-MOTORWAY,D5,motorway,highway,normal,367.32,0.4155863868312758,0.05855050704419863,0.4053580577777778,0.2199259259259259,96.68518518518519
20151209151242-25km-D5-NORMAL-MOTORWAY,D5,motorway,highway,normal,372.32,0.39418034567901233,0.04807385539404109,0.496579412,0.21673333333333336,94.14666666666668
20151209151242-25km-D5-NORMAL-MOTORWAY,D5,motorway,highway,normal,377.32,0.3880530953984287,0.02779656043234039,0.49391788727272734,0.17993939393939395,93.43333333333334
20151209151242-25km-D5-NORMAL-MOTORWAY,D5,motorway,highway,normal,382.32,0.4012072740740741,0.011891064806873183,0.355498124,0.29193333333333327,95.00999999999999
20151209151242-25km-D5-NORMAL-MOTORWAY,D5,motorway,highway,normal,387.32,0.40225887407407407,0.017097113546219695,0.12178339199999996,0.292,95.13333333333333
20151209151242-25km-D5-NORMAL-MOTORWAY,D5,motorway,highway,normal,392.32,0.3870452197530865,0.026037930783767184,0.0,0.25780000000000003,93.30333333333333
20151209151242-25km-D5-NORMAL-MOTORWAY,D5,motorway,highway,normal,397.32,0.37564030123456793,0.027093620042471116,0.0,0.2665333333333334,91.93
20151209151242-25km-D5-NORMAL-MOTORWAY,D5,motorway,highway,normal,402.32,0.3785942419753086,0.039822142641333005,0.0,0.2456666666666667,92.28666666666666
20151209151242-25km-D5-NORMAL-MOTORWAY,D5,motorway,highway,normal,407.32,0.3617743209876543,0.03543200947402063,0.058784396,0.4402666666666667,90.18666666666665
20151209151242-25km-D5-NORMAL-MOTORWAY,D5,motorway,highway,normal,412.32,0.3411664,0.015539544315841952,0.14184064400000002,0.5456666666666666,87.61333333333334
20151209151242-25km-D5-NORMAL-MOTORWAY,D5,motorway,highway,normal,417.32,0.3329619407407407,0.016169782585760472,0.13982469600000003,0.35640000000000005,86.55
20151209151242-25km-D5-NORMAL-MOTORWAY,D5,motorway,highway,normal,422.32,0.31640824197530865,0.03850207739332131,0.10522288000000002,0.3061333333333333,84.35666666666667
20151209151242-25km-D5-NORMAL-MOTORWAY,D5,motorway,highway,normal,427.32,0.2849399012345679,0.07528203577407121,0.09078843555555555,0.19696296296296298,79.98148148148148
20151209151242-25km-D5-NORMAL-MOTORWAY,D5,motorway,highway,normal,432.32,0.24324689163237315,0.06822977741241966,0.05313077333333332,0.05362962962962963,73.93333333333334
20151209151242-25km-D5-NORMAL-MOTORWAY,D5,motorway,highway,normal,437.32,0.240846711560045,0.035881703874522615,0.013238669090909093,0.09266666666666667,73.59696969696971
20151209151242-25km-D5-NORMAL-MOTORWAY,D5,motorway,highway,normal,442.32,0.24345516947250284,0.03528782629411153,0.0,0.15745454545454546,74.00303030303031
20151209151242-25km-D5-NORMAL-MOTORWAY,D5,motorway,highway,normal,447.32,0.24129065185185183,0.0339944802767808,0.0,0.14026666666666668,73.67666666666668
20151209151242-25km-D5-NORMAL-MOTORWAY,D5,motorway,highway,normal,452.32,0.2417509975308642,0.03922258829419487,0.00690788,0.08253333333333333,73.74333333333334
20151209151242-25km-D5-NORMAL-MOTORWAY,D5,motorway,highway,normal,457.32,0.24784310123456793,0.03729799887244266,0.00756398,0.09600000000000002,74.65333333333334
20151209151242-25km-D5-NORMAL-MOTORWAY,D5,motorway,highway,normal,462.32,0.24972334320987657,0.04781298569605369,0.0006560999999999994,0.0986,74.93666666666668
20151209151242-25km-D5-NORMAL-MOTORWAY,D5,motorway,highway,normal,467.32,0.20915147160493824,0.09234336589311826,0.0,0.2348666666666667,68.35
20151209151242-25km-D5-NORMAL-MOTORWAY,D5,motorway,highway,normal,472.32,0.16633369876543208,0.06793025681783188,0.0,0.29733333333333334,61.10666666666666
20151209151242-25km-D5-NORMAL-MOTORWAY,D5,motorway,highway,normal,477.32,0.17087010864197533,0.06456621701206441,0.0,0.2100666666666667,61.91666666666667
20151209151242-25km-D5-NORMAL-MOTORWAY,D5,motorway,highway,normal,482.32,0.22909644444444446,0.1312468211153433,0.0,0.14893333333333336,71.39333333333335
20151209151242-25km-D5-NORMAL-MOTORWAY,D5,motorway,highway,normal,487.32,0.2979588938271605,0.0905634256430085,0.0,0.18460000000000001,81.74000000000001
20151209151242-25km-D5-NORMAL-MOTORWAY,D5,motorway,highway,normal,492.32,0.3242065075445816,0.018863416951108013,0.0,0.2856296296296296,85.4074074074074
20151209151242-25km-D5-NORMAL-MOTORWAY,D5,motorway,highway,normal,497.32,0.32173157037037037,0.021202237965801736,0.0,0.36439999999999995,85.07666666666668
20151209151242-25km-D5-NORMAL-MOTORWAY,D5,motorway,highway,normal,502.32,0.3067311012345679,0.06552758828920624,0.0,0.27186666666666665,83.02666666666667
20151209151242-25km-D5-NORMAL-MOTORWAY,D5,motorway,highway,normal,507.32,0.23205819259259258,0.1394058668795234,0.12816352799999997,0.16519999999999999,71.87333333333333
20151209151242-25km-D5-NORMAL-MOTORWAY,D5,motorway,highway,normal,512.3199999999999,0.22295136251402917,0.1524137328954718,0.14366107272727272,0.18854545454545457,70.58181818181819
20151209151242-25km-D5-NORMAL-MOTORWAY,D5,motorway,highway,normal,517.3199999999999,0.29666774320987643,0.11747337680668087,0.029863652,0.13019999999999998,81.44666666666666
20151209151242-25km-D5-NORMAL-MOTORWAY,D5,motorway,highway,normal,522.3199999999999,0.36887746666666665,0.09973684605612278,0.0,0.16513333333333333,90.98333333333333
20151209151242-25km-D5-NORMAL-MOTORWAY,D5,motorway,highway,normal,527.3199999999999,0.4490722469135802,0.11714889696191078,0.0009748359999999992,0.16306666666666664,100.32666666666665
20151209151242-25km-D5-NORMAL-MOTORWAY,D5,motorway,highway,normal,532.3199999999999,0.5347954765432099,0.0771304692102867,0.0009748359999999992,0.10066666666666665,109.60666666666665
20151209151242-25km-D5-NORMAL-MOTORWAY,D5,motorway,highway,normal,537.3199999999999,0.5776348148148148,0.025319309612651254,0.0,0.1598,114.00000000000003
20151209151242-25km-D5-NORMAL-MOTORWAY,D5,motorway,highway,normal,542.3199999999999,0.5910483111111111,0.012132593371380018,0.0,0.229,115.31666666666668
20151209151242-25km-D5-NORMAL-MOTORWAY,D5,motorway,highway,normal,547.3199999999999,0.602323288888889,0.010968034510601327,0.0,0.1772,116.41333333333333
20151209151242-25km-D5-NORMAL-MOTORWAY,D5,motorway,highway,normal,552.3199999999999,0.6044697283950617,0.018745690645698723,0.0,0.10666666666666666,116.61999999999998
20151209151242-25km-D5-NORMAL-MOTORWAY,D5,motorway,highway,normal,557.3199999999999,0.5942638419753086,0.0321947908127105,0.0,0.12146666666666665,115.62666666666667
20151209151242-25km-D5-NORMAL-MOTORWAY,D5,motorway,highway,normal,562.3199999999999,0.5991402222222223,0.026749877219307872,0.0036633960000000006,0.16293333333333332,116.09666666666665
20151209151242-25km-D5-NORMAL-MOTORWAY,D5,motorway,highway,normal,567.3199999999999,0.6078625580246915,0.02235396111124089,0.0036633960000000006,0.24486666666666662,116.94666666666667
20151209151242-25km-D5-NORMAL-MOTORWAY,D5,motorway,highway,normal,572.3199999999999,0.6077554518518518,0.01891032368682758,0.0,0.3698666666666666,116.93666666666668
20151209151242-25km-D5-NORMAL-MOTORWAY,D5,motorway,highway,normal,577.3199999999999,0.6072016839506172,0.016050535344422877,0.0012633759999999988,0.3866,116.88333333333335
20151209151242-25km-D5-NORMAL-MOTORWAY,D5,motorway,highway,normal,582.3199999999999,0.6112533481481481,0.01965340076985477,0.0012633759999999988,0.2637999999999999,117.26999999999998
20151209151242-25km-D5-NORMAL-MOTORWAY,D5,motorway,highway,normal,587.3199999999999,0.6056038320987654,0.0418354178226172,0.0,0.21813333333333335,116.71333333333334
20151209151242-25km-D5-NORMAL-MOTORWAY,D5,motorway,highway,normal,592.3199999999999,0.5715753086419754,0.039359196097431236,0.0,0.24499999999999994,113.38
20151209151242-25km-D5-NORMAL-MOTORWAY,D5,motorway,highway,normal,597.3199999999999,0.5566322024691358,0.015291690881891709,0.0,0.2,111.91
20151209151242-25km-D5-NORMAL-MOTORWAY,D5,motorway,highway,normal,602.3199999999999,0.5628821893004115,0.012160117401320392,0.0,0.126,112.53703703703702
20151209151242-25km-D5-NORMAL-MOTORWAY,D5,motorway,highway,normal,607.3199999999999,0.5560259862825788,0.02265710660411106,0.0,0.14703703703703702,111.84444444444445
20151209151242-25km-D5-NORMAL-MOTORWAY,D5,motorway,highway,normal,612.3199999999999,0.5395308237934904,0.03048293982843068,0.0,0.26612121212121215,110.17272727272729
20151209151242-25km-D5-NORMAL-MOTORWAY,D5,motorway,highway,normal,617.3199999999999,0.5451090864197531,0.032001741973829795,0.0019004545454545435,0.25145454545454543,110.73636363636363
20151209151242-25km-D5-NORMAL-MOTORWAY,D5,motorway,highway,normal,622.3199999999999,0.537482754458162,0.07047213684408192,0.03701290666666667,0.10362962962962963,109.92592592592592
20151209151242-25km-D5-NORMAL-MOTORWAY,D5,motorway,highway,normal,627.3199999999999,0.4789005827160494,0.061269142163889304,0.2150421,0.07500000000000001,103.76000000000002
20151209151242-25km-D5-NORMAL-MOTORWAY,D5,motorway,highway,normal,632.3199999999999,0.46027178451178447,0.023835288012797853,0.3583686690909091,0.09503030303030306,101.76363636363637
20151209151242-25km-D5-NORMAL-MOTORWAY,D5,motorway,highway,normal,637.3199999999999,0.45076150617283944,0.028988097272498868,0.4374472160000001,0.05086666666666666,100.69666666666666
20151209151242-25km-D5-NORMAL-MOTORWAY,D5,motorway,highway,normal,642.3199999999999,0.4302034962962962,0.04277724086078418,0.46705131600000005,0.0428,98.37333333333333
20151209151242-25km-D5-NORMAL-MOTORWAY,D5,motorway,highway,normal,647.3199999999999,0.4430093432098766,0.0510879448176028,0.34132866,0.22213333333333335,99.8
20151209151242-25km-D5-NORMAL-MOTORWAY,D5,motorway,highway,normal,652.3199999999999,0.48103552098765434,0.03770302452913565,0.10134000800000001,0.2612,104.01666666666668
20151209151242-25km-D5-NORMAL-MOTORWAY,D5,motorway,highway,normal,657.3199999999999,0.48595291851851846,0.03639761135606253,0.0,0.09273333333333336,104.55333333333333
20151209151242-25km-D5-NORMAL-MOTORWAY,D5,motorway,highway,normal,662.3199999999999,0.44689495802469137,0.061818006311343335,0.0014496160000000014,0.049,100.21000000000001
20151209151242-25km-D5-NORMAL-MOTORWAY,D5,motorway,highway,normal,667.3199999999999,0.4063887753086419,0.03809462404905179,0.049170596000000004,0.1006,95.60333333333332
20151209151242-25km-D5-NORMAL-MOTORWAY,D5,motorway,highway,normal,672.3199999999999,0.393995387654321,0.009905322716717038,0.154315344,0.14826666666666669,94.15333333333334
20151209151242-25km-D5-NORMAL-MOTORWAY,D5,motorway,highway,normal,677.3199999999999,0.39575787160493825,0.009790337016056297,0.23232374800000005,0.08513333333333334,94.36333333333332
20151209151242-25km-D5-NORMAL-MOTORWAY,D5,motorway,highway,normal,682.3199999999999,0.4013746913580247,0.01022572905121379,0.23161416000000004,0.03613333333333334,95.03
20151209151242-25km-D5-NORMAL-MOTORWAY,D5,motorway,highway,normal,687.3199999999999,0.4089019802469136,0.012684030497156763,0.19313758799999997,0.12006666666666668,95.91666666666666
20151209151242-25km-D5-NORMAL-MOTORWAY,D5,motorway,highway,normal,692.3199999999999,0.41286771467764066,0.014455379538298393,0.17891053333333332,0.155037037037037,96.38148148148149
20151209151242-25km-D5-NORMAL-MOTORWAY,D5,motorway,highway,normal,697.3199999999999,0.4108577481481482,0.008551384700413748,0.183282212,0.07246666666666667,96.14666666666668
20151209151242-25km-D5-NORMAL-MOTORWAY,D5,motorway,highway,normal,702.3199999999999,0.4120928215488215,0.006791414551477811,0.16277182545454544,0.06163636363636363,96.29090909090907
20151209151242-25km-D5-NORMAL-MOTORWAY,D5,motorway,highway,normal,707.3199999999999,0.4124613772290809,0.01551635651898364,0.17010595555555555,0.06407407407407407,96.33333333333333
20151209151242-25km-D5-NORMAL-MOTORWAY,D5,motorway,highway,normal,712.3199999999999,0.3975690518518519,0.024418984822500607,0.270433496,0.04293333333333333,94.57
20151209151242-25km-D5-NORMAL-MOTORWAY,D5,motorway,highway,normal,717.3199999999999,0.38342887093153755,0.019824925231675002,0.33886915636363635,0.05551515151515151,92.87575757575758
20151209151242-25km-D5-NORMAL-MOTORWAY,D5,motorway,highway,normal,722.3199999999999,0.37457638024691364,0.012912849620055056,0.370386868,0.05633333333333333,91.80333333333333
20151209151242-25km-D5-NORMAL-MOTORWAY,D5,motorway,highway,normal,727.3199999999999,0.3837092126200274,0.02685739096264458,0.35157214666666664,0.04170370370370371,92.9037037037037
20151209151242-25km-D5-NORMAL-MOTORWAY,D5,motorway,highway,normal,732.3199999999999,0.4013654913580247,0.021747757066223415,0.336110632,0.11473333333333335,95.02666666666667
20151209151242-25km-D5-NORMAL-MOTORWAY,D5,motorway,highway,normal,737.3199999999999,0.402066177328844,0.007079949894662363,0.3424794,0.15618181818181823,95.11212121212121
20151209151242-25km-D5-NORMAL-MOTORWAY,D5,motorway,highway,normal,742.3199999999999,0.3963487802469136,0.009268326275499774,0.43093355599999994,0.13086666666666666,94.43333333333332
20151209151242-25km-D5-NORMAL-MOTORWAY,D5,motorway,highway,normal,747.3199999999999,0.39714072098765435,0.01457013078907366,0.491887012,0.08653333333333332,94.52666666666667
20151209151242-25km-D5-NORMAL-MOTORWAY,D5,motorway,highway,normal,752.3199999999999,0.4056259901234568,0.018245724837398176,0.4309254640000001,0.055600000000000004,95.53
20151209151242-25km-D5-NORMAL-MOTORWAY,D5,motorway,highway,normal,757.3199999999999,0.4061877185185184,0.01987259375216389,0.34887156399999997,0.05633333333333333,95.59666666666666
20151209151242-25km-D5-NORMAL-MOTORWAY,D5,motorway,highway,normal,762.3199999999999,0.394674049382716,0.01754575653886441,0.275201364,0.07046666666666665,94.22999999999999
20151209151242-25km-D5-NORMAL-MOTORWAY,D5,motorway,highway,normal,767.3199999999999,0.3751029777777778,0.05551389584231685,0.262726944,0.17653333333333335,91.83666666666667
20151209151242-25km-D5-NORMAL-MOTORWAY,D5,motorway,highway,normal,772.3199999999999,0.32739142716049374,0.09038081949123232,0.36436755200000004,0.19393333333333335,85.67999999999999
20151209151242-25km-D5-NORMAL-MOTORWAY,D5,motorway,highway,normal,777.3199999999999,0.3244321234567902,0.1145465174856027,0.22541317200000002,0.15626666666666664,85.29
20151209151242-25km-D5-NORMAL-MOTORWAY,D5,motorway,highway,normal,782.3199999999999,0.4086585185185185,0.13075797762511776,0.0,0.15300000000000002,95.63333333333334
20151209151242-25km-D5-NORMAL-MOTORWAY,D5,motorway,highway,normal,787.3199999999999,0.4929630469135803,0.07565984015382625,0.0,0.13893333333333333,105.23666666666668
20151209151242-25km-D5-NORMAL-MOTORWAY,D5,motorway,highway,normal,792.3199999999999,0.5305999012345679,0.024883267826421935,0.253227724,0.16973333333333335,109.25999999999999
20151209151242-25km-D5-NORMAL-MOTORWAY,D5,motorway,highway,normal,797.3199999999999,0.539061387654321,0.011167055003253098,0.38884326799999996,0.13279999999999997,110.13
20151209151242-25km-D5-NORMAL-MOTORWAY,D5,motorway,highway,normal,802.3199999999999,0.5384386172839506,0.008158885297624997,0.213214796,0.14020000000000002,110.06666666666668
20151209151242-25km-D5-NORMAL-MOTORWAY,D5,motorway,highway,normal,807.3199999999999,0.5304063407407409,0.023203792193819017,0.20367137200000002,0.13219999999999998,109.24000000000001
20151209151242-25km-D5-NORMAL-MOTORWAY,D5,motorway,highway,normal,812.3199999999999,0.5109793135802467,0.029651088694040408,0.29302941200000004,0.06846666666666668,107.21000000000001
20151209151242-25km-D5-NORMAL-MOTORWAY,D5,motorway,highway,normal,817.3199999999999,0.476516162962963,0.03982449587886374,0.31151947999999996,0.054333333333333324,103.51666666666668
20151209151242-25km-D5-NORMAL-MOTORWAY,D5,motorway,highway,normal,822.3199999999999,0.4485792049382716,0.046972241623054134,0.31994842,0.0718,100.45000000000002
20151209151242-25km-D5-NORMAL-MOTORWAY,D5,motorway,highway,normal,827.3199999999999,0.43298885432098755,0.02689052043407717,0.363875668,0.10193333333333332,98.69666666666666
20151209151242-25km-D5-NORMAL-MOTORWAY,D5,motorway,highway,normal,832.3199999999999,0.43035290864197523,0.015102049480947635,0.36525055999999995,0.09179999999999999,98.39999999999999
20151209151242-25km-D5-NORMAL-MOTORWAY,D5,motorway,highway,normal,837.3199999999999,0.44352676049382717,0.020949893280921224,0.325817044,0.09253333333333333,99.89000000000001
20151209151242-25km-D5-NORMAL-MOTORWAY,D5,motorway,highway,normal,842.3199999999999,0.4565544641975309,0.02084545162471148,0.26226608399999995,0.09193333333333334,101.35
20151209151242-25km-D5-NORMAL-MOTORWAY,D5,motorway,highway,normal,847.3199999999999,0.4658428395061728,0.013074296440877297,0.27406870399999994,0.07786666666666667,102.37666666666667
20151209151242-25km-D5-NORMAL-MOTORWAY,D5,motorway,highway,normal,852.3199999999999,0.4778526419753087,0.020675221120687794,0.313698024,0.11406666666666668,103.68666666666668
20151209151242-25km-D5-NORMAL-MOTORWAY,D5,motorway,highway,normal,857.3199999999999,0.4847630222222222,0.03605751185606383,0.21223428000000003,0.15573333333333333,104.43333333333332
20151209151242-25km-D5-NORMAL-MOTORWAY,D5,motorway,highway,normal,862.3199999999999,0.5037053530864197,0.044512414628201005,0.06442837599999998,0.13560000000000003,106.43333333333332
20151209151242-25km-D5-NORMAL-MOTORWAY,D5,motorway,highway,normal,867.3199999999999,0.5426663654320988,0.042732705428569065,0.03648241599999998,0.07780000000000001,110.47666666666666
20151209151242-25km-D5-NORMAL-MOTORWAY,D5,motorway,highway,normal,872.3199999999999,0.55014761042524,0.049048194547304406,0.08971603111111108,0.126,111.24444444444445
20151209151242-25km-D5-NORMAL-MOTORWAY,D5,motorway,highway,normal,877.3199999999999,0.525985837037037,0.040264355439164026,0.105383488,0.2778666666666666,108.78
20151209151242-25km-D5-NORMAL-MOTORWAY,D5,motorway,highway,normal,882.3199999999999,0.5111565207631874,0.031838400435026476,0.05589897454545454,0.3105454545454545,107.23333333333333
20151209151242-25km-D5-NORMAL-MOTORWAY,D5,motorway,highway,normal,887.3199999999999,0.4974967851851851,0.023367636810956258,0.005527711999999997,0.3274,105.79666666666667
20151209151242-25km-D5-NORMAL-MOTORWAY,D5,motorway,highway,normal,892.3199999999999,0.48885954567901224,0.0222244098190102,0.00012673600000000053,0.2153333333333333,104.87333333333333
20151209151242-25km-D5-NORMAL-MOTORWAY,D5,motorway,highway,normal,897.3199999999999,0.4745950172839505,0.019667066915136963,0.008689984000000003,0.10473333333333332,103.33
20151209151242-25km-D5-NORMAL-MOTORWAY,D5,motorway,highway,normal,902.3199999999999,0.47211026172839504,0.019109128603544613,0.025181436000000012,0.1356,103.05999999999999
20151209151242-25km-D5-NORMAL-MOTORWAY,D5,motorway,highway,normal,907.3199999999999,0.48033702716049387,0.03965420055806558,0.01649145200000001,0.16706666666666667,103.95333333333333
20151209151242-25km-D5-NORMAL-MOTORWAY,D5,motorway,highway,normal,912.3199999999999,0.4300762567901234,0.1433092273829325,0.0,0.2556,98.08
20151211165606-12km-D5-AGGRESSIVE-SECONDARY,D5,secondary,urban,aggressive,14.88,0.7130220572390573,0.03422515278402414,0.0,0.038363636363636364,126.65303030303029
20151211165606-12km-D5-AGGRESSIVE-SECONDARY,D5,secondary,urban,aggressive,19.880000000000003,0.7390031851851853,0.039448140239212635,0.0,0.05233333333333333,128.92333333333335
20151211165606-12km-D5-AGGRESSIVE-SECONDARY,D5,secondary,urban,aggressive,24.880000000000003,0.7721046962962965,0.017277796958506855,0.0,0.1336,131.80333333333334
20151211165606-12km-D5-AGGRESSIVE-SECONDARY,D5,secondary,urban,aggressive,29.880000000000003,0.7632515456790124,0.0228410846064466,0.0,0.17586666666666667,131.04000000000002
20151211165606-12km-D5-AGGRESSIVE-SECONDARY,D5,secondary,urban,aggressive,34.88,0.7270773530864197,0.03216719212313698,0.0,0.2053333333333333,127.89333333333335
20151211165606-12km-D5-AGGRESSIVE-SECONDARY,D5,secondary,urban,aggressive,39.88,0.7143793481481482,0.028006077968653148,0.0,0.18860000000000002,126.78000000000002
20151211165606-12km-D5-AGGRESSIVE-SECONDARY,D5,secondary,urban,aggressive,44.88,0.741524427983539,0.04937501968442785,0.0,0.3096296296296296,129.14444444444445
20151211165606-12km-D5-AGGRESSIVE-SECONDARY,D5,secondary,urban,aggressive,49.88,0.7904021086419752,0.05090980810414307,0.0,0.3598,133.33
20151211165606-12km-D5-AGGRESSIVE-SECONDARY,D5,secondary,urban,aggressive,54.88,0.7117337553310886,0.18291331776562325,0.0,0.238,125.94545454545455
20151211165606-12km-D5-AGGRESSIVE-SECONDARY,D5,secondary,urban,aggressive,59.88,0.5527314074074074,0.19982331061722977,0.0,0.14500000000000005,110.82666666666667
20151211165606-12km-D5-AGGRESSIVE-SECONDARY,D5,secondary,urban,aggressive,64.88,0.4226655604938271,0.05186156171030735,0.0023750479999999955,0.12953333333333333,97.48
20151211165606-12km-D5-AGGRESSIVE-SECONDARY,D5,secondary,urban,aggressive,69.88,0.391626455667789,0.04684661550528207,0.0270228909090909,0.17084848484848486,93.83939393939394
20151211165606-12km-D5-AGGRESSIVE-SECONDARY,D5,secondary,urban,aggressive,74.88,0.3881577009602195,0.056509039769982214,0.07716596444444444,0.1625925925925926,93.42592592592592
20151211165606-12km-D5-AGGRESSIVE-SECONDARY,D5,secondary,urban,aggressive,79.88,0.41337577777777773,0.0762620289773814,0.225277372,0.10333333333333335,96.41000000000001
20151211165606-12km-D5-AGGRESSIVE-SECONDARY,D5,secondary,urban,aggressive,84.88,0.40307167901234564,0.04903075318744698,0.36424376,0.1066,95.18333333333332
20151211165606-12km-D5-AGGRESSIVE-SECONDARY,D5,secondary,urban,aggressive,89.88,0.3571485876543209,0.04347933846393385,0.4293920279999999,0.27713333333333334,89.59666666666666
20151211165606-12km-D5-AGGRESSIVE-SECONDARY,D5,secondary,urban,aggressive,94.88,0.3394724345679011,0.04238282218763307,0.38992472000000006,0.3376,87.38
20151211165606-12km-D5-AGGRESSIVE-SECONDARY,D5,secondary,urban,aggressive,99.88,0.33382419259259255,0.01818816634066849,0.358281752,0.31346666666666667,86.66333333333333
20151211165606-12km-D5-AGGRESSIVE-SECONDARY,D5,secondary,urban,aggressive,104.88,0.33067692839506174,0.019541553993857406,0.380990136,0.26653333333333334,86.25333333333333
20151211165606-12km-D5-AGGRESSIVE-SECONDARY,D5,secondary,urban,aggressive,109.88,0.32665472153635117,0.017403758491812166,0.4431932800000001,0.12385185185185188,85.72962962962963
20151211165606-12km-D5-AGGRESSIVE-SECONDARY,D5,secondary,urban,aggressive,114.88,0.3153317755331088,0.018406359088826686,0.4976556254545455,0.15496969696969698,84.22121212121212
20151211165606-12km-D5-AGGRESSIVE-SECONDARY,D5,secondary,urban,aggressive,119.88,0.30569596049382713,0.015404396728473203,0.5342310159999999,0.3268666666666667,82.93333333333332
20151211165606-12km-D5-AGGRESSIVE-SECONDARY,D5,secondary,urban,aggressive,124.88,0.30061112208504803,0.011928546720000453,0.5969072533333333,0.4504444444444445,82.24074074074075
20151211165606-12km-D5-AGGRESSIVE-SECONDARY,D5,secondary,urban,aggressive,129.88,0.29144229405162736,0.016843182294059553,0.5590848618181817,0.3673333333333334,80.97272727272728
20151211165606-12km-D5-AGGRESSIVE-SECONDARY,D5,secondary,urban,aggressive,134.88,0.27975225140291804,0.025465767640562922,0.5879747418181819,0.3056969696969697,79.32727272727273
20151211165606-12km-D5-AGGRESSIVE-SECONDARY,D5,secondary,urban,aggressive,139.88,0.2591248641975309,0.039625428141084704,0.6910619560000001,0.35173333333333334,76.32333333333334
20151211165606-12km-D5-AGGRESSIVE-SECONDARY,D5,secondary,urban,aggressive,144.88,0.25511714074074077,0.05173274606770821,0.639611104,0.3060666666666667,75.73666666666665
20151211165606-12km-D5-AGGRESSIVE-SECONDARY,D5,secondary,urban,aggressive,149.88,0.2662841185185185,0.04497350098873766,0.5120811040000001,0.22013333333333335,77.39333333333333
20151211165606-12km-D5-AGGRESSIVE-SECONDARY,D5,secondary,urban,aggressive,154.88,0.2794078172839506,0.033567443649081166,0.48018740400000004,0.26986666666666664,79.27000000000001
20151211165606-12km-D5-AGGRESSIVE-SECONDARY,D5,secondary,urban,aggressive,159.88,0.29666771358024696,0.026831214149053335,0.491075284,0.337,81.69333333333334
20151211165606-12km-D5-AGGRESSIVE-SECONDARY,D5,secondary,urban,aggressive,164.88,0.31058042249657064,0.025943702453408216,0.4621685822222223,0.3408888888888889,83.5851851851852
20151211165606-12km-D5-AGGRESSIVE-SECONDARY,D5,secondary,urban,aggressive,169.88,0.338142414266118,0.047596940336664104,0.5082857022222222,0.35125925925925927,87.1888888888889
20151211165606-12km-D5-AGGRESSIVE-SECONDARY,D5,secondary,urban,aggressive,174.88,0.3651113777777778,0.039167736103869796,0.5344362200000001,0.3731333333333333,90.61333333333332
20151211165606-12km-D5-AGGRESSIVE-SECONDARY,D5,secondary,urban,aggressive,179.88,0.38884199012345666,0.02865919895227481,0.5233607840000001,0.4281999999999999,93.52333333333333
20151211165606-12km-D5-AGGRESSIVE-SECONDARY,D5,secondary,urban,aggressive,184.88,0.3946532740740741,0.04035913204291351,0.4575040960000001,0.40599999999999997,94.22666666666667
20151211165606-12km-D5-AGGRESSIVE-SECONDARY,D5,secondary,urban,aggressive,189.88,0.39638722962962963,0.035504831457691,0.427443272,0.39386666666666664,94.43333333333334
20151211165606-12km-D5-AGGRESSIVE-SECONDARY,D5,secondary,urban,aggressive,194.88,0.39233922469135807,0.03173111791100343,0.49712037200000003,0.38120000000000004,93.94333333333334
20151211165606-12km-D5-AGGRESSIVE-SECONDARY,D5,secondary,urban,aggressive,199.88,0.37957389629629634,0.042442598308107225,0.5336916279999999,0.18453333333333335,92.40666666666667
20151211165606-12km-D5-AGGRESSIVE-SECONDARY,D5,secondary,urban,aggressive,204.88,0.38224962469135804,0.05470893791014273,0.5841731080000001,0.16913333333333333,92.72333333333334
20151211165606-12km-D5-AGGRESSIVE-SECONDARY,D5,secondary,urban,aggressive,209.88,0.3697822626262626,0.042442295451459604,0.5877408,0.23993939393939395,91.18484848484849
20151211165606-12km-D5-AGGRESSIVE-SECONDARY,D5,secondary,urban,aggressive,214.88,0.3555835308641976,0.027007321319028887,0.5229467400000001,0.16793333333333332,89.44333333333334
20151211165606-12km-D5-AGGRESSIVE-SECONDARY,D5,secondary,urban,aggressive,219.88,0.35874928395061734,0.025382922343247433,0.392725212,0.22013333333333335,89.83999999999999
20151211165606-12km-D5-AGGRESSIVE-SECONDARY,D5,secondary,urban,aggressive,224.88,0.37464587160493823,0.041428819401044384,0.340528276,0.29186666666666666,91.78333333333333
20151211165606-12km-D5-AGGRESSIVE-SECONDARY,D5,secondary,urban,aggressive,229.88,0.40580511111111106,0.03252374983385657,0.42387041999999997,0.39193333333333336,95.54333333333334
20151211165606-12km-D5-AGGRESSIVE-SECONDARY,D5,secondary,urban,aggressive,234.88,0.4098944197530864,0.027411090823158703,0.5238099090909091,0.45581818181818173,96.03030303030302
20151211165606-12km-D5-AGGRESSIVE-SECONDARY,D5,secondary,urban,aggressive,239.88,0.3831310507544582,0.05500035583767072,0.5706078088888887,0.4571111111111111,92.78518518518518
20151211165606-12km-D5-AGGRESSIVE-SECONDARY,D5,secondary,urban,aggressive,244.88,0.36137680987654325,0.052364531400993876,0.4839584520000001,0.4831333333333334,90.15333333333334
20151211165606-12km-D5-AGGRESSIVE-SECONDARY,D5,secondary,urban,aggressive,249.88,0.36994306172839514,0.03450918005696163,0.4439712,0.32878787878787885,91.22121212121212
20151211165606-12km-D5-AGGRESSIVE-SECONDARY,D5,secondary,urban,aggressive,254.88,0.37319860740740746,0.01907186217378914,0.43115620000000004,0.11473333333333333,91.63333333333334
20151211165606-12km-D5-AGGRESSIVE-SECONDARY,D5,secondary,urban,aggressive,259.88,0.3845269728395062,0.027425689410358063,0.39137458799999997,0.10673333333333335,93.00000000000001
20151211165606-12km-D5-AGGRESSIVE-SECONDARY,D5,secondary,urban,aggressive,264.88,0.40471901234567903,0.023221444246505418,0.38757378,0.13686666666666666,95.42
20151211165606-12km-D5-AGGRESSIVE-SECONDARY,D5,secondary,urban,aggressive,269.88,0.4081357925925926,0.011888012090171962,0.44569085199999997,0.26773333333333327,95.82666666666665
20151211165606-12km-D5-AGGRESSIVE-SECONDARY,D5,secondary,urban,aggressive,274.88,0.39753941289437583,0.02299085204076011,0.5006106311111111,0.27822222222222226,94.57037037037037
20151211165606-12km-D5-AGGRESSIVE-SECONDARY,D5,secondary,urban,aggressive,279.88,0.37826483950617285,0.023510271338472145,0.517972564,0.094,92.24666666666667
20151211165606-12km-D5-AGGRESSIVE-SECONDARY,D5,secondary,urban,aggressive,284.88,0.36827352098765437,0.01705414905405451,0.508259356,0.07246666666666667,91.02666666666666
20151211165606-12km-D5-AGGRESSIVE-SECONDARY,D5,secondary,urban,aggressive,289.88,0.36758032592592593,0.029703481832813027,0.5060252759999999,0.27379999999999993,90.94000000000001
20151211165606-12km-D5-AGGRESSIVE-SECONDARY,D5,secondary,urban,aggressive,294.88,0.38757420740740733,0.0426797624435087,0.523594804,0.3355333333333333,93.34333333333333
20151211165606-12km-D5-AGGRESSIVE-SECONDARY,D5,secondary,urban,aggressive,299.88,0.41451956543209867,0.02554883983209738,0.5828070719999999,0.2724666666666667,96.57333333333334
20151211165606-12km-D5-AGGRESSIVE-SECONDARY,D5,secondary,urban,aggressive,304.88,0.405568098765432,0.02456465680427965,0.5784100945454546,0.3148484848484849,95.51515151515152
20151211165606-12km-D5-AGGRESSIVE-SECONDARY,D5,secondary,urban,aggressive,309.88,0.38079264746227703,0.049885232788836914,0.6088784355555554,0.3124444444444444,92.53333333333333
20151211165606-12km-D5-AGGRESSIVE-SECONDARY,D5,secondary,urban,aggressive,314.88,0.3463287259259259,0.041115710517158705,0.6939152560000001,0.3148,88.25
20151211165606-12km-D5-AGGRESSIVE-SECONDARY,D5,secondary,urban,aggressive,319.88,0.34153947160493825,0.038673118919724664,0.668616992,0.33426666666666666,87.65
20151211165606-12km-D5-AGGRESSIVE-SECONDARY,D5,secondary,urban,aggressive,324.88,0.361823649382716,0.030920965091239306,0.628729496,0.25433333333333336,90.21666666666667
20151211165606-12km-D5-AGGRESSIVE-SECONDARY,D5,secondary,urban,aggressive,329.88,0.36636463703703703,0.01861699192318199,0.6466843600000001,0.23226666666666668,90.78999999999999
20151211165606-12km-D5-AGGRESSIVE-SECONDARY,D5,secondary,urban,aggressive,334.88,0.36816889437585737,0.02868644571079832,0.6719654355555557,0.36103703703703705,91.0111111111111
20151211165606-12km-D5-AGGRESSIVE-SECONDARY,D5,secondary,urban,aggressive,339.88,0.38358866666666663,0.02721299670796849,0.6088192199999999,0.4155333333333333,92.89
20151211165606-12km-D5-AGGRESSIVE-SECONDARY,D5,secondary,urban,aggressive,344.88,0.4111533185185185,0.06564206241052314,0.44254795199999997,0.3457333333333333,96.13666666666666
20151211165606-12km-D5-AGGRESSIVE-SECONDARY,D5,secondary,urban,aggressive,349.88,0.48725049382716046,0.13855682711839817,0.170394584,0.2477333333333333,104.43666666666665
20151211165606-12km-D5-AGGRESSIVE-SECONDARY,D5,secondary,urban,aggressive,354.88,0.6267220592592594,0.1525461376726888,0.0,0.2242,118.43666666666668
20151211165606-12km-D5-AGGRESSIVE-SECONDARY,D5,secondary,urban,aggressive,359.88,0.7453769679012348,0.12838587925372713,0.0,0.2524,129.42666666666668
20151211165606-12km-D5-AGGRESSIVE-SECONDARY,D5,secondary,urban,aggressive,364.88,0.7204612974186307,0.1044188619968258,0.0,0.2667272727272727,127.20606060606063
20151211165606-12km-D5-AGGRESSIVE-SECONDARY,D5,secondary,urban,aggressive,369.88,0.7080946262626264,0.08968144678286569,0.0,0.24533333333333332,126.14545454545454
20151211165606-12km-D5-AGGRESSIVE-SECONDARY,D5,secondary,urban,aggressive,374.88,0.7664225234567901,0.05416431544869369,0.0,0.284,131.30333333333334
20151211165606-12km-D5-AGGRESSIVE-SECONDARY,D5,secondary,urban,aggressive,379.88,0.7872162172839505,0.03873506472230907,0.0,0.22426666666666667,133.07999999999998
20151211165606-12km-D5-AGGRESSIVE-SECONDARY,D5,secondary,urban,aggressive,384.88,0.8405642469135802,0.07326801588733219,0.0,0.08586666666666667,137.46666666666667
20151211165606-12km-D5-AGGRESSIVE-SECONDARY,D5,secondary,urban,aggressive,389.88,0.9087090666666665,0.08169405461917634,0.0,0.07246666666666668,142.96
20151211165606-12km-D5-AGGRESSIVE-SECONDARY,D5,secondary,urban,aggressive,394.88,0.8762975160493826,0.09255780289353224,0.0,0.06173333333333333,140.31666666666666
20151211165606-12km-D5-AGGRESSIVE-SECONDARY,D5,secondary,urban,aggressive,399.88,0.777191911111111,0.08397884521986398,0.0,0.09266666666666667,132.17333333333335
20151211165606-12km-D5-AGGRESSIVE-SECONDARY,D5,secondary,urban,aggressive,404.88,0.6998258913580246,0.058914454045824946,0.0,0.1048,125.43000000000002
20151211165606-12km-D5-AGGRESSIVE-SECONDARY,D5,secondary,urban,aggressive,409.88,0.6535110946502058,0.042904901003630674,0.0,0.12000000000000001,121.24814814814815
20151211165606-12km-D5-AGGRESSIVE-SECONDARY,D5,secondary,urban,aggressive,414.88,0.6124554019204389,0.06729411524484862,0.0,0.21703703703703703,117.34444444444446
20151211165606-12km-D5-AGGRESSIVE-SECONDARY,D5,secondary,urban,aggressive,419.88,0.530393274074074,0.12899876895564447,0.0,0.22959999999999997,109.02666666666667
20151211165606-12km-D5-AGGRESSIVE-SECONDARY,D5,secondary,urban,aggressive,424.88,0.4102123160493827,0.17051700875276837,0.0,0.23020000000000004,95.70000000000002
20151211165606-12km-D5-AGGRESSIVE-SECONDARY,D5,secondary,urban,aggressive,429.88,0.2833580543209877,0.20864635589582564,0.0,0.3174666666666667,79.11999999999999
20151211170502-16km-D5-DROWSY-SECONDARY,D5,secondary,urban,drowsy,11.83,0.21973786666666667,0.06699174500077756,0.0,0.0848,70.21333333333334
20151211170502-16km-D5-DROWSY-SECONDARY,D5,secondary,urban,drowsy,16.83,0.27218643621399174,0.0836400928054852,0.0,0.11896296296296296,78.14814814814815
20151211170502-16km-D5-DROWSY-SECONDARY,D5,secondary,urban,drowsy,21.83,0.3416200044893378,0.1115227584913066,0.0,0.17630303030303032,87.43636363636364
20151211170502-16km-D5-DROWSY-SECONDARY,D5,secondary,urban,drowsy,26.83,0.40221750617283947,0.09228203618069743,0.0,0.16826666666666668,95.03
20151211170502-16km-D5-DROWSY-SECONDARY,D5,secondary,urban,drowsy,31.83,0.4091994951989026,0.05099920120612068,0.0,0.16533333333333333,95.91111111111111
20151211170502-16km-D5-DROWSY-SECONDARY,D5,secondary,urban,drowsy,36.83,0.3853301135802468,0.035932971315297026,0.0,0.19933333333333336,93.10666666666665
20151211170502-16km-D5-DROWSY-SECONDARY,D5,secondary,urban,drowsy,41.83,0.36960966419753083,0.06021727680744817,0.0,0.2835333333333333,91.15666666666665
20151211170502-16km-D5-DROWSY-SECONDARY,D5,secondary,urban,drowsy,46.83,0.32938667160493823,0.06790242690374573,0.0,0.36973333333333336,85.98333333333332
20151211170502-16km-D5-DROWSY-SECONDARY,D5,secondary,urban,drowsy,51.83,0.295795338271605,0.024022802467630094,0.0,0.44913333333333333,81.57333333333334
20151211170502-16km-D5-DROWSY-SECONDARY,D5,secondary,urban,drowsy,56.83,0.2873759456790123,0.006895350371625604,0.0,0.5461333333333334,80.41
20151211170502-16km-D5-DROWSY-SECONDARY,D5,secondary,urban,drowsy,61.83,0.2847771061728395,0.004753308425612346,0.0,0.4344,80.04666666666667
20151211170502-16km-D5-DROWSY-SECONDARY,D5,secondary,urban,drowsy,66.83,0.2862266222222222,0.005713308033133266,0.0,0.29359999999999997,80.25
20151211170502-16km-D5-DROWSY-SECONDARY,D5,secondary,urban,drowsy,71.83,0.2802128125701459,0.025543748875012186,0.0,0.46036363636363636,79.39393939393939
20151211170502-16km-D5-DROWSY-SECONDARY,D5,secondary,urban,drowsy,76.83,0.25817529517396187,0.041542367873988566,0.0,0.3715757575757576,76.16666666666667
20151211170502-16km-D5-DROWSY-SECONDARY,D5,secondary,urban,drowsy,81.83,0.246462633744856,0.05324188498200195,0.0,0.10622222222222222,74.44814814814815
20151211170502-16km-D5-DROWSY-SECONDARY,D5,secondary,urban,drowsy,86.83,0.28149269629629625,0.06444563208307735,0.0,0.24446666666666667,79.50999999999999
20151211170502-16km-D5-DROWSY-SECONDARY,D5,secondary,urban,drowsy,91.83,0.3121805925925926,0.05149558404698048,0.0,0.39593333333333336,83.76666666666668
20151211170502-16km-D5-DROWSY-SECONDARY,D5,secondary,urban,drowsy,96.83,0.3450041207133059,0.03195444417890627,0.0,0.4503703703703703,88.09259259259258
20151211170502-16km-D5-DROWSY-SECONDARY,D5,secondary,urban,drowsy,101.83,0.3499204641975309,0.028893188775024826,0.0,0.4026666666666666,88.72666666666666
20151211170502-16km-D5-DROWSY-SECONDARY,D5,secondary,urban,drowsy,106.83,0.3364660345679013,0.02005969794021251,0.0,0.38513333333333327,87.0
20151211170502-16km-D5-DROWSY-SECONDARY,D5,secondary,urban,drowsy,111.83,0.3270597679012345,0.008054468048435055,0.0,0.3878,85.78333333333333
20151211170502-16km-D5-DROWSY-SECONDARY,D5,secondary,urban,drowsy,116.83,0.32687961481481476,0.005210529174466637,0.0,0.4303333333333333,85.75999999999999
20151211170502-16km-D5-DROWSY-SECONDARY,D5,secondary,urban,drowsy,121.83,0.33148121481481485,0.010715044147128374,0.0,0.5058,86.36
20151211170502-16km-D5-DROWSY-SECONDARY,D5,secondary,urban,drowsy,126.83,0.33839791111111117,0.014496288644761712,0.0,0.4430666666666667,87.25666666666666
20151211170502-16km-D5-DROWSY-SECONDARY,D5,secondary,urban,drowsy,131.82999999999998,0.3466094814814815,0.016926940602224612,0.0,0.373,88.30666666666669
20151211170502-16km-D5-DROWSY-SECONDARY,D5,secondary,urban,drowsy,136.82999999999998,0.36025077037037045,0.020823128266715576,0.0,0.41006666666666663,90.02333333333334
20151211170502-16km-D5-DROWSY-SECONDARY,D5,secondary,urban,drowsy,141.82999999999998,0.37958815308641974,0.030164035844414232,0.0,0.4484,92.40333333333334
20151211170502-16km-D5-DROWSY-SECONDARY,D5,secondary,urban,drowsy,146.82999999999998,0.37575446913580246,0.045597252032413584,0.0,0.44436363636363635,91.92121212121212
20151211170502-16km-D5-DROWSY-SECONDARY,D5,secondary,urban,drowsy,151.82999999999998,0.35226481257014586,0.03730219927971713,0.0,0.40272727272727277,89.0030303030303
20151211170502-16km-D5-DROWSY-SECONDARY,D5,secondary,urban,drowsy,156.82999999999998,0.33727264746227703,0.015708583923235507,0.0,0.36725925925925923,87.11111111111111
20151211170502-16km-D5-DROWSY-SECONDARY,D5,secondary,urban,drowsy,161.82999999999998,0.3300302716049382,0.02511101572331356,0.0,0.2625925925925926,86.16666666666667
20151211170502-16km-D5-DROWSY-SECONDARY,D5,secondary,urban,drowsy,166.82999999999998,0.3123901234567901,0.03456874244463979,0.0,0.1758,83.81333333333333
20151211170502-16km-D5-DROWSY-SECONDARY,D5,secondary,urban,drowsy,171.82999999999998,0.3024017679012346,0.03155888148158233,0.07015188,0.1508,82.47999999999999
20151211170502-16km-D5-DROWSY-SECONDARY,D5,secondary,urban,drowsy,176.82999999999998,0.3055603604938272,0.033408598037960716,0.11535929199999999,0.3042666666666667,82.91
20151211170502-16km-D5-DROWSY-SECONDARY,D5,secondary,urban,drowsy,181.82999999999998,0.29658680987654323,0.026165344679184344,0.047391895999999996,0.42153333333333337,81.67666666666666
20151211170502-16km-D5-DROWSY-SECONDARY,D5,secondary,urban,drowsy,186.82999999999998,0.2868283950617284,0.014347044788396204,0.0021844840000000013,0.41480000000000006,80.33333333333334
20151211170502-16km-D5-DROWSY-SECONDARY,D5,secondary,urban,drowsy,191.82999999999998,0.28167157800224474,0.013972453211015047,0.016231338181818187,0.3060606060606061,79.60606060606061
20151211170502-16km-D5-DROWSY-SECONDARY,D5,secondary,urban,drowsy,196.82999999999998,0.2768732641975309,0.010807817920217032,0.017854472000000003,0.24513333333333334,78.92666666666668
20151211170502-16km-D5-DROWSY-SECONDARY,D5,secondary,urban,drowsy,201.82999999999998,0.2762374211248285,0.007125300632499235,0.0,0.17666666666666667,78.83703703703705
20151211170502-16km-D5-DROWSY-SECONDARY,D5,secondary,urban,drowsy,206.82999999999998,0.28031123232323235,0.011523573789494436,0.0,0.17696969696969697,79.4151515151515
20151211170502-16km-D5-DROWSY-SECONDARY,D5,secondary,urban,drowsy,211.82999999999998,0.2833824938271605,0.010169289021283383,0.0,0.34140000000000004,79.85
20151211170502-16km-D5-DROWSY-SECONDARY,D5,secondary,urban,drowsy,216.82999999999998,0.2785529163237312,0.022488142473835678,0.0,0.40540740740740744,79.15925925925926
20151211170502-16km-D5-DROWSY-SECONDARY,D5,secondary,urban,drowsy,221.82999999999998,0.26686088395061736,0.021511984523891175,0.0,0.3621333333333333,77.47666666666666
20151211170502-16km-D5-DROWSY-SECONDARY,D5,secondary,urban,drowsy,226.82999999999998,0.2598089432098766,0.007600446942631366,0.0,0.4322666666666667,76.45666666666668
20151211170502-16km-D5-DROWSY-SECONDARY,D5,secondary,urban,drowsy,231.82999999999998,0.26478435016835017,0.011033265256274792,0.0,0.426,77.18181818181819
20151211170502-16km-D5-DROWSY-SECONDARY,D5,secondary,urban,drowsy,236.82999999999998,0.27322056296296293,0.020391467080645747,0.0,0.3709333333333333,78.4
20151211170502-16km-D5-DROWSY-SECONDARY,D5,secondary,urban,drowsy,241.82999999999998,0.29115303703703704,0.02838615729783554,0.0,0.4182962962962963,80.92222222222223
20151211170502-16km-D5-DROWSY-SECONDARY,D5,secondary,urban,drowsy,246.82999999999998,0.30300849831649834,0.01742782783416624,0.0,0.49169696969696974,82.56666666666666
20151211170502-16km-D5-DROWSY-SECONDARY,D5,secondary,urban,drowsy,251.82999999999998,0.3114899304152638,0.03390765111257592,0.0,0.47630303030303023,83.70909090909092
20151211170502-16km-D5-DROWSY-SECONDARY,D5,secondary,urban,drowsy,256.83,0.3029432098765433,0.058844959341985935,0.08408890000000001,0.2875333333333333,82.52666666666666
20151211170502-16km-D5-DROWSY-SECONDARY,D5,secondary,urban,drowsy,261.83,0.29118319341563786,0.03448058745209619,0.09343211111111112,0.12948148148148145,80.93703703703704
20151211170502-16km-D5-DROWSY-SECONDARY,D5,secondary,urban,drowsy,266.83,0.2942442469135803,0.019517219812496364,0.0,0.08903703703703704,81.36296296296297
20151211170502-16km-D5-DROWSY-SECONDARY,D5,secondary,urban,drowsy,271.83,0.2929949185185185,0.026302991585955126,0.0,0.26053333333333334,81.19
20151211170502-16km-D5-DROWSY-SECONDARY,D5,secondary,urban,drowsy,276.83,0.29865827654320987,0.02541751293125344,0.0,0.373,81.97
20151211170502-16km-D5-DROWSY-SECONDARY,D5,secondary,urban,drowsy,281.83,0.3137927061728395,0.03540028359407082,0.0,0.4086666666666667,84.01
20151211170502-16km-D5-DROWSY-SECONDARY,D5,secondary,urban,drowsy,286.83,0.3348121629629629,0.03524093568310217,0.0,0.2828,86.77666666666667
20151211170502-16km-D5-DROWSY-SECONDARY,D5,secondary,urban,drowsy,291.83,0.35068613827160494,0.021609265283803435,0.0,0.22366666666666662,88.82333333333334
20151211170502-16km-D5-DROWSY-SECONDARY,D5,secondary,urban,drowsy,296.83,0.36186842469135805,0.02413307760861766,0.0,0.396,90.22666666666666
20151211170502-16km-D5-DROWSY-SECONDARY,D5,secondary,urban,drowsy,301.83,0.3892195645342312,0.035242217088015275,0.0,0.5484848484848484,93.54545454545452
20151211170502-16km-D5-DROWSY-SECONDARY,D5,secondary,urban,drowsy,306.83,0.41367949719416386,0.029462519050867667,0.015237123636363635,0.5271515151515153,96.46666666666665
20151211170502-16km-D5-DROWSY-SECONDARY,D5,secondary,urban,drowsy,311.83,0.41971971358024696,0.03356060480076991,0.016760835999999998,0.34953333333333336,97.17333333333332
20151211170502-16km-D5-DROWSY-SECONDARY,D5,secondary,urban,drowsy,316.83,0.3927760932784637,0.07099670652172815,0.0,0.32392592592592595,93.93703703703704
20151211170502-16km-D5-DROWSY-SECONDARY,D5,secondary,urban,drowsy,321.83,0.33138683676268865,0.08662298598089184,0.0,0.23792592592592593,86.26296296296296
20151211170502-16km-D5-DROWSY-SECONDARY,D5,secondary,urban,drowsy,326.83,0.3230452740740741,0.07077301032532467,0.0,0.13666666666666666,85.21333333333334
20151211170502-16km-D5-DROWSY-SECONDARY,D5,secondary,urban,drowsy,331.83,0.34413059753086406,0.04189258050569518,0.0,0.1454666666666667,87.97999999999999
20151211170502-16km-D5-DROWSY-SECONDARY,D5,secondary,urban,drowsy,336.83,0.34868702222222214,0.018753244562139317,0.0,0.29700000000000004,88.57333333333332
20151211170502-16km-D5-DROWSY-SECONDARY,D5,secondary,urban,drowsy,341.83,0.33327167901234567,0.042259780385491434,0.0,0.37646666666666667,86.56333333333335
20151211170502-16km-D5-DROWSY-SECONDARY,D5,secondary,urban,drowsy,346.83,0.3045422814814815,0.0535556811803949,0.0,0.39126666666666665,82.74666666666668
20151211170502-16km-D5-DROWSY-SECONDARY,D5,secondary,urban,drowsy,351.83,0.3108213737373738,0.04710747456031732,0.0,0.34533333333333327,83.57878787878789
20151211170502-16km-D5-DROWSY-SECONDARY,D5,secondary,urban,drowsy,356.83,0.33076062222222224,0.043295326305495686,0.0,0.3402,86.25333333333333
20151211170502-16km-D5-DROWSY-SECONDARY,D5,secondary,urban,drowsy,361.83,0.323975122085048,0.03331261698321298,0.0,0.434,85.36296296296297
20151211170502-16km-D5-DROWSY-SECONDARY,D5,secondary,urban,drowsy,366.83,0.30953599102132434,0.026544379767035477,0.0,0.4370909090909091,83.44848484848485
20151211170502-16km-D5-DROWSY-SECONDARY,D5,secondary,urban,drowsy,371.83,0.30165232772166106,0.018332516445668485,0.0,0.47569696969696973,82.38181818181818
20151211170502-16km-D5-DROWSY-SECONDARY,D5,secondary,urban,drowsy,376.83,0.3039893382716049,0.021924165160004137,0.0,0.5576000000000001,82.69666666666664
20151211170502-16km-D5-DROWSY-SECONDARY,D5,secondary,urban,drowsy,381.83,0.31071110562414267,0.01551258994892015,0.0,0.49229629629629623,83.61111111111111
20151211170502-16km-D5-DROWSY-SECONDARY,D5,secondary,urban,drowsy,386.83,0.3099888230452674,0.005807773886377987,0.0,0.4601481481481482,83.5148148148148
20151211170502-16km-D5-DROWSY-SECONDARY,D5,secondary,urban,drowsy,391.83,0.31214139169472505,0.01122242031384285,0.0,0.5013333333333333,83.8030303030303
20151211170502-16km-D5-DROWSY-SECONDARY,D5,secondary,urban,drowsy,396.83,0.3169593283950617,0.01446344069335545,0.0,0.3905333333333333,84.44666666666666
20151211170502-16km-D5-DROWSY-SECONDARY,D5,secondary,urban,drowsy,401.83,0.31260978271604933,0.02789402566670383,0.0,0.16699999999999998,83.85666666666665
20151211170502-16km-D5-DROWSY-SECONDARY,D5,secondary,urban,drowsy,406.83,0.29634876543209865,0.031118300826403565,0.0,0.13666666666666666,81.63
20151211170502-16km-D5-DROWSY-SECONDARY,D5,secondary,urban,drowsy,411.83,0.27431190123456783,0.02368175778949476,0.0,0.30296296296296293,78.55555555555554
20151211170502-16km-D5-DROWSY-SECONDARY,D5,secondary,urban,drowsy,416.83,0.26658274074074073,0.019970333261696886,0.0,0.43233333333333335,77.44333333333333
20151211170502-16km-D5-DROWSY-SECONDARY,D5,secondary,urban,drowsy,421.83,0.27568462850729514,0.028839441811451264,0.0,0.48369696969696974,78.73636363636363
20151211170502-16km-D5-DROWSY-SECONDARY,D5,secondary,urban,drowsy,426.83,0.2947304790123457,0.03405108615092406,0.0,0.48279999999999995,81.41333333333333
20151211170502-16km-D5-DROWSY-SECONDARY,D5,secondary,urban,drowsy,431.83,0.3162142271604938,0.019281937955793825,0.0,0.4578666666666666,84.34333333333333
20151211170502-16km-D5-DROWSY-SECONDARY,D5,secondary,urban,drowsy,436.83,0.3241533728395061,0.011037758284337862,0.0,0.46126666666666666,85.4
20151211170502-16km-D5-DROWSY-SECONDARY,D5,secondary,urban,drowsy,441.83,0.330321950617284,0.005758567239529669,0.0,0.3913333333333334,86.21
20151211170502-16km-D5-DROWSY-SECONDARY,D5,secondary,urban,drowsy,446.83,0.33334439012345685,0.009185218401903228,0.0,0.2990666666666667,86.60333333333332
20151211170502-16km-D5-DROWSY-SECONDARY,D5,secondary,urban,drowsy,451.83,0.3348840246913581,0.010305433699384602,0.0,0.3838,86.80333333333334
20151211170502-16km-D5-DROWSY-SECONDARY,D5,secondary,urban,drowsy,456.83,0.33575919506172835,0.009273842152015667,0.0,0.43566666666666665,86.91666666666666
20151211170502-16km-D5-DROWSY-SECONDARY,D5,secondary,urban,drowsy,461.83,0.3318699039780521,0.022163711910580808,0.0,0.3688148148148148,86.4074074074074
20151211170502-16km-D5-DROWSY-SECONDARY,D5,secondary,urban,drowsy,466.83,0.3148744826038159,0.02490430154896753,0.10418089090909093,0.3721212121212121,84.15454545454544
20151211170502-16km-D5-DROWSY-SECONDARY,D5,secondary,urban,drowsy,471.83,0.299852187654321,0.017848839566152748,0.12688148000000002,0.4040000000000001,82.13333333333334
20151211170502-16km-D5-DROWSY-SECONDARY,D5,secondary,urban,drowsy,476.83,0.29096087407407406,0.013753973115022123,0.012282499999999998,0.4424666666666667,80.91
20151211170502-16km-D5-DROWSY-SECONDARY,D5,secondary,urban,drowsy,481.83,0.28714311604938275,0.009545161742551295,0.0,0.4094666666666667,80.37666666666667
20151211170502-16km-D5-DROWSY-SECONDARY,D5,secondary,urban,drowsy,486.83,0.28098698491083673,0.011336721949494885,0.0,0.37562962962962954,79.5111111111111
20151211170502-16km-D5-DROWSY-SECONDARY,D5,secondary,urban,drowsy,491.83,0.2713501432098765,0.022513763521200294,0.0,0.398,78.12666666666668
20151211170502-16km-D5-DROWSY-SECONDARY,D5,secondary,urban,drowsy,496.83,0.2621216835016835,0.03214384018609735,0.0,0.4064848484848485,76.79090909090907
20151211170502-16km-D5-DROWSY-SECONDARY,D5,secondary,urban,drowsy,501.83,0.2773934096520763,0.0432997892900397,0.0,0.4493939393939394,78.95151515151515
20151211170502-16km-D5-DROWSY-SECONDARY,D5,secondary,urban,drowsy,506.83,0.3067872757201646,0.03872784510837602,0.0,0.41155555555555556,83.06296296296297
20151211170502-16km-D5-DROWSY-SECONDARY,D5,secondary,urban,drowsy,511.83,0.3206155061728395,0.013493114646620877,0.0,0.2955555555555555,84.93333333333334
20151211170502-16km-D5-DROWSY-SECONDARY,D5,secondary,urban,drowsy,516.8299999999999,0.31918341234567904,0.008098149471923614,0.0,0.3952,84.74333333333334
20151211170502-16km-D5-DROWSY-SECONDARY,D5,secondary,urban,drowsy,521.8299999999999,0.3117816888888889,0.012519257959822097,0.0,0.4389333333333333,83.75333333333333
20151211170502-16km-D5-DROWSY-SECONDARY,D5,secondary,urban,drowsy,526.8299999999999,0.306237837037037,0.016973077663634296,0.0,0.3757333333333333,83.00666666666667
20151211170502-16km-D5-DROWSY-SECONDARY,D5,secondary,urban,drowsy,531.8299999999999,0.31193406913580246,0.0173151609188605,0.0,0.3918666666666667,83.77
20151211170502-16km-D5-DROWSY-SECONDARY,D5,secondary,urban,drowsy,536.8299999999999,0.3241767308641975,0.01762602159186766,0.0,0.38253333333333334,85.4
20151211170502-16km-D5-DROWSY-SECONDARY,D5,secondary,urban,drowsy,541.8299999999999,0.3327409827160494,0.01884776547760627,0.167042644,0.49033333333333334,86.52333333333334
20151211170502-16km-D5-DROWSY-SECONDARY,D5,secondary,urban,drowsy,546.8299999999999,0.3247394567901235,0.01979927847333326,0.4557702727272728,0.41878787878787876,85.46666666666668
20151211170502-16km-D5-DROWSY-SECONDARY,D5,secondary,urban,drowsy,551.8299999999999,0.315134237037037,0.016613350580440132,0.334304656,0.29766666666666663,84.20333333333333
20151211170502-16km-D5-DROWSY-SECONDARY,D5,secondary,urban,drowsy,556.8299999999999,0.3125356762688615,0.016395659488178144,0.0,0.398,83.85555555555555
20151211170502-16km-D5-DROWSY-SECONDARY,D5,secondary,urban,drowsy,561.8299999999999,0.30507131313131314,0.016449991373121007,0.0,0.36539393939393944,82.84545454545456
20151211170502-16km-D5-DROWSY-SECONDARY,D5,secondary,urban,drowsy,566.8299999999999,0.3032735456790124,0.01506268316097362,0.0,0.2619333333333333,82.60333333333335
20151211170502-16km-D5-DROWSY-SECONDARY,D5,secondary,urban,drowsy,571.8299999999999,0.31573082469135805,0.015059498783289198,0.0,0.2848,84.28
20151211170502-16km-D5-DROWSY-SECONDARY,D5,secondary,urban,drowsy,576.8299999999999,0.3214418617283951,0.008281561157063242,0.0,0.4470666666666666,85.04333333333334
20151211170502-16km-D5-DROWSY-SECONDARY,D5,secondary,urban,drowsy,581.8299999999999,0.323231437037037,0.00617924091411421,0.0,0.6236,85.28
20151211170502-16km-D5-DROWSY-SECONDARY,D5,secondary,urban,drowsy,586.8299999999999,0.3241986083052749,0.014870005483415483,0.0,0.6140606060606061,85.4060606060606
20151211170502-16km-D5-DROWSY-SECONDARY,D5,secondary,urban,drowsy,591.8299999999999,0.3272624417009602,0.01795970941488771,0.0,0.5551851851851851,85.80740740740741
20151211170502-16km-D5-DROWSY-SECONDARY,D5,secondary,urban,drowsy,596.8299999999999,0.34056813168724287,0.026586849102889925,0.0,0.4960740740740741,87.52592592592593
20151211170502-16km-D5-DROWSY-SECONDARY,D5,secondary,urban,drowsy,601.8299999999999,0.3550780426487093,0.03168658916660502,0.0,0.4598181818181818,89.37575757575758
20151211170502-16km-D5-DROWSY-SECONDARY,D5,secondary,urban,drowsy,606.8299999999999,0.3480762567901234,0.03279435407090929,0.0,0.5360666666666667,88.47333333333333
20151211170502-16km-D5-DROWSY-SECONDARY,D5,secondary,urban,drowsy,611.8299999999999,0.32408765432098763,0.02571110245161705,0.0,0.5851111111111111,85.3888888888889
20151211170502-16km-D5-DROWSY-SECONDARY,D5,secondary,urban,drowsy,616.8299999999999,0.31289840987654316,0.015203398304380115,0.0,0.526,83.9
20151211170502-16km-D5-DROWSY-SECONDARY,D5,secondary,urban,drowsy,621.8299999999999,0.29806695847362513,0.02309261079683551,0.0,0.48303030303030314,81.88181818181819
20151211170502-16km-D5-DROWSY-SECONDARY,D5,secondary,urban,drowsy,626.8299999999999,0.2880837800224467,0.02222477190930279,0.0,0.46278787878787875,80.50303030303029
20151211170502-16km-D5-DROWSY-SECONDARY,D5,secondary,urban,drowsy,631.8299999999999,0.29078822716049385,0.01922728206316517,0.0,0.5252,80.87999999999998
20151211170502-16km-D5-DROWSY-SECONDARY,D5,secondary,urban,drowsy,636.8299999999999,0.3014122578875171,0.017026456926069026,0.0,0.5005185185185186,82.34814814814814
20151211170502-16km-D5-DROWSY-SECONDARY,D5,secondary,urban,drowsy,641.8299999999999,0.3090909849108367,0.016290588808953406,0.0,0.26037037037037036,83.39259259259259
20151211170502-16km-D5-DROWSY-SECONDARY,D5,secondary,urban,drowsy,646.8299999999999,0.2945640224466891,0.03843965324512882,0.0,0.09363636363636364,81.36969696969696
20151211170502-16km-D5-DROWSY-SECONDARY,D5,secondary,urban,drowsy,651.8299999999999,0.2702195407407407,0.04448598443152797,0.0,0.12866666666666665,77.93666666666667
20151211170502-16km-D5-DROWSY-SECONDARY,D5,secondary,urban,drowsy,656.8299999999999,0.254771231824417,0.03574276470317675,0.0,0.18866666666666665,75.7074074074074
20151211170502-16km-D5-DROWSY-SECONDARY,D5,secondary,urban,drowsy,661.8299999999999,0.2796742320987654,0.06691831000498319,0.0,0.3407333333333334,79.22666666666666
20151211170502-16km-D5-DROWSY-SECONDARY,D5,secondary,urban,drowsy,666.8299999999999,0.32993845117845116,0.06754591842853844,0.04196221454545455,0.3757575757575758,86.0848484848485
20151211170502-16km-D5-DROWSY-SECONDARY,D5,secondary,urban,drowsy,671.8299999999999,0.36016196632996633,0.02632218290664842,0.15412389454545455,0.20684848484848484,90.00606060606061
20151211170502-16km-D5-DROWSY-SECONDARY,D5,secondary,urban,drowsy,676.8299999999999,0.37346184691358025,0.006827323810558178,0.12498976799999997,0.09973333333333333,91.66666666666667
20151211170502-16km-D5-DROWSY-SECONDARY,D5,secondary,urban,drowsy,681.8299999999999,0.37617974211248284,0.010296931915226301,0.06454632888888888,0.10325925925925926,92.0
20151211170502-16km-D5-DROWSY-SECONDARY,D5,secondary,urban,drowsy,686.8299999999999,0.3921966716049382,0.027194878381362177,0.060189128,0.16626666666666665,93.91999999999999
20151211170502-16km-D5-DROWSY-SECONDARY,D5,secondary,urban,drowsy,691.8299999999999,0.4062850320987653,0.027006774050108113,0.003709351999999998,0.19193333333333334,95.60333333333332
20151211170502-16km-D5-DROWSY-SECONDARY,D5,secondary,urban,drowsy,696.8299999999999,0.4166632208504801,0.013848969008531734,0.0,0.389037037037037,96.82222222222222
20151211162829-16km-D5-NORMAL1-SECONDARY,D5,secondary,urban,normal,21.34,0.380910524691358,0.015532646039346978,0.0,0.2384,92.575
20151211162829-16km-D5-NORMAL1-SECONDARY,D5,secondary,urban,normal,26.34,0.3852278222222222,0.021478598100949924,0.0,0.34540000000000004,93.09333333333333
20151211162829-16km-D5-NORMAL1-SECONDARY,D5,secondary,urban,normal,31.34,0.39247174814814806,0.01683736529016496,0.0,0.27140000000000003,93.97
20151211162829-16km-D5-NORMAL1-SECONDARY,D5,secondary,urban,normal,36.34,0.394992874074074,0.01743516926590402,0.0,0.2533333333333333,94.27000000000001
20151211162829-16km-D5-NORMAL1-SECONDARY,D5,secondary,urban,normal,41.34,0.41165501728395065,0.03657885344518963,0.0,0.3340666666666666,96.22333333333333
20151211162829-16km-D5-NORMAL1-SECONDARY,D5,secondary,urban,normal,46.34,0.4350168691358025,0.04702190270462189,0.0,0.28353333333333336,98.92
20151211162829-16km-D5-NORMAL1-SECONDARY,D5,secondary,urban,normal,51.34,0.42161018765432096,0.05399515117584155,0.0,0.19733333333333333,97.35
20151211162829-16km-D5-NORMAL1-SECONDARY,D5,secondary,urban,normal,56.34,0.37620621234567897,0.05920418234945093,0.0,0.21753333333333336,91.95333333333332
20151211162829-16km-D5-NORMAL1-SECONDARY,D5,secondary,urban,normal,61.34,0.3439447138047138,0.037704137237671694,0.0,0.21006060606060606,87.95454545454544
20151211162829-16km-D5-NORMAL1-SECONDARY,D5,secondary,urban,normal,66.34,0.3448819618406285,0.025815758957758114,0.0,0.1892121212121212,88.07575757575758
20151211162829-16km-D5-NORMAL1-SECONDARY,D5,secondary,urban,normal,71.34,0.35923834842249663,0.0328409907055397,0.0,0.16081481481481483,89.89999999999999
20151211162829-16km-D5-NORMAL1-SECONDARY,D5,secondary,urban,normal,76.34,0.3788516790123456,0.032187136654685734,0.0,0.14553333333333335,92.30999999999999
20151211162829-16km-D5-NORMAL1-SECONDARY,D5,secondary,urban,normal,81.34,0.38088852345679014,0.04411560697760262,0.0,0.12599999999999997,92.56
20151211162829-16km-D5-NORMAL1-SECONDARY,D5,secondary,urban,normal,86.34,0.3491079122085048,0.05083479513909247,0.0,0.1519259259259259,88.5962962962963
20151211162829-16km-D5-NORMAL1-SECONDARY,D5,secondary,urban,normal,91.34,0.32446370864197527,0.029884253160563857,0.0,0.21286666666666668,85.42999999999999
20151211162829-16km-D5-NORMAL1-SECONDARY,D5,secondary,urban,normal,96.34,0.3170546666666667,0.016166779676950613,0.0,0.19326666666666667,84.46000000000001
20151211162829-16km-D5-NORMAL1-SECONDARY,D5,secondary,urban,normal,101.34,0.3240352246913581,0.012862065903073303,0.0,0.14679999999999999,85.38333333333334
20151211162829-16km-D5-NORMAL1-SECONDARY,D5,secondary,urban,normal,106.34,0.32766898271604933,0.006890756581679156,0.0,0.20673333333333335,85.86333333333333
20151211162829-16km-D5-NORMAL1-SECONDARY,D5,secondary,urban,normal,111.34,0.3268031456790123,0.003977501342183309,0.0,0.2788,85.75
20151211162829-16km-D5-NORMAL1-SECONDARY,D5,secondary,urban,normal,116.34,0.3251599209876543,0.011823307259999787,0.0,0.2740666666666667,85.53333333333333
20151211162829-16km-D5-NORMAL1-SECONDARY,D5,secondary,urban,normal,121.34,0.3252377827160494,0.012801775501524445,0.0,0.21620000000000003,85.54333333333334
20151211162829-16km-D5-NORMAL1-SECONDARY,D5,secondary,urban,normal,126.34,0.32327491851851853,0.01264087119079676,0.0,0.2088,85.28333333333335
20151211162829-16km-D5-NORMAL1-SECONDARY,D5,secondary,urban,normal,131.34,0.3137628592592593,0.016572082197446852,0.0,0.19740000000000002,84.01666666666667
20151211162829-16km-D5-NORMAL1-SECONDARY,D5,secondary,urban,normal,136.34,0.31086846913580246,0.02174823840641114,0.0,0.14626666666666666,83.63000000000001
20151211162829-16km-D5-NORMAL1-SECONDARY,D5,secondary,urban,normal,141.34,0.32639033086419755,0.03648122805659885,0.0,0.12066666666666667,85.67333333333333
20151211162829-16km-D5-NORMAL1-SECONDARY,D5,secondary,urban,normal,146.34,0.3569190222222222,0.055225675162802544,0.0,0.07479999999999998,89.57333333333334
20151211162829-16km-D5-NORMAL1-SECONDARY,D5,secondary,urban,normal,151.34,0.3998443905723905,0.06366606526078615,0.0,0.08206060606060606,94.8
20151211162829-16km-D5-NORMAL1-SECONDARY,D5,secondary,urban,normal,156.34,0.40819942716049373,0.05416647669640525,0.0,0.1678,95.81333333333333
20151211162829-16km-D5-NORMAL1-SECONDARY,D5,secondary,urban,normal,161.34,0.3795517421124828,0.025196066331881383,0.0,0.18637037037037038,92.4037037037037
20151211162829-16km-D5-NORMAL1-SECONDARY,D5,secondary,urban,normal,166.34,0.36907716543209873,0.010746451368133025,0.0,0.13466666666666666,91.12666666666668
20151211162829-16km-D5-NORMAL1-SECONDARY,D5,secondary,urban,normal,171.34,0.36989705499438835,0.012896696802660366,0.0,0.14993939393939393,91.22727272727272
20151211162829-16km-D5-NORMAL1-SECONDARY,D5,secondary,urban,normal,176.34,0.38061150168350166,0.01930013274094109,0.0,0.16587878787878785,92.53333333333333
20151211162829-16km-D5-NORMAL1-SECONDARY,D5,secondary,urban,normal,181.34,0.38402908093278465,0.03465169622522314,0.0,0.1608888888888889,92.94814814814815
20151211162829-16km-D5-NORMAL1-SECONDARY,D5,secondary,urban,normal,186.34,0.36042052126200275,0.042870436086967854,0.0,0.21614814814814817,90.02962962962962
20151211162829-16km-D5-NORMAL1-SECONDARY,D5,secondary,urban,normal,191.34,0.33855643097643107,0.0222990926869862,0.0,0.15545454545454546,87.26969696969697
20151211162829-16km-D5-NORMAL1-SECONDARY,D5,secondary,urban,normal,196.34,0.3296110469135803,0.015702712766924733,0.0,0.11726666666666667,86.11666666666667
20151211162829-16km-D5-NORMAL1-SECONDARY,D5,secondary,urban,normal,201.34,0.31373513305898487,0.030095319987610045,0.0,0.18481481481481485,84.00000000000001
20151211162829-16km-D5-NORMAL1-SECONDARY,D5,secondary,urban,normal,206.34,0.3090194024691358,0.03283402777375663,0.0,0.20200000000000004,83.37666666666668
20151211162829-16km-D5-NORMAL1-SECONDARY,D5,secondary,urban,normal,211.34,0.3243517777777778,0.025576306994791697,0.0,0.12586666666666668,85.41666666666666
20151211162829-16km-D5-NORMAL1-SECONDARY,D5,secondary,urban,normal,216.34,0.3318178913580247,0.02013631583463592,0.0,0.078,86.40333333333334
20151211162829-16km-D5-NORMAL1-SECONDARY,D5,secondary,urban,normal,221.34,0.33491933333333335,0.025733943102245933,0.0,0.0868,86.80333333333331
20151211162829-16km-D5-NORMAL1-SECONDARY,D5,secondary,urban,normal,226.34,0.3472926962962963,0.02260075104529925,0.0,0.08746666666666666,88.39
20151211162829-16km-D5-NORMAL1-SECONDARY,D5,secondary,urban,normal,231.34,0.3522113283950617,0.017536451413478073,0.0,0.09219999999999999,89.02
20151211162829-16km-D5-NORMAL1-SECONDARY,D5,secondary,urban,normal,236.34,0.3557511950617284,0.017146642750676445,0.0,0.08146666666666666,89.46333333333334
20151211162829-16km-D5-NORMAL1-SECONDARY,D5,secondary,urban,normal,241.34,0.368330987654321,0.021252016271098136,0.0,0.13940000000000002,91.03
20151211162829-16km-D5-NORMAL1-SECONDARY,D5,secondary,urban,normal,246.34,0.38552740246913586,0.029491209750932407,0.0,0.16026666666666667,93.12333333333333
20151211162829-16km-D5-NORMAL1-SECONDARY,D5,secondary,urban,normal,251.34,0.40969538496071833,0.0263579849962284,0.0,0.18981818181818183,95.9969696969697
20151211162829-16km-D5-NORMAL1-SECONDARY,D5,secondary,urban,normal,256.34000000000003,0.4267530617283951,0.02034921232022146,0.0,0.16973333333333332,97.98333333333332
20151211162829-16km-D5-NORMAL1-SECONDARY,D5,secondary,urban,normal,261.34000000000003,0.4469380839506173,0.018741515000493147,0.0,0.13533333333333336,100.27333333333334
20151211162829-16km-D5-NORMAL1-SECONDARY,D5,secondary,urban,normal,266.34000000000003,0.4533966554433221,0.03528178467913738,0.30125965090909096,0.1586060606060606,100.9969696969697
20151211162829-16km-D5-NORMAL1-SECONDARY,D5,secondary,urban,normal,271.34000000000003,0.42083721810699587,0.08440139398542344,0.5523093600000001,0.17740740740740737,97.2037037037037
20151211162829-16km-D5-NORMAL1-SECONDARY,D5,secondary,urban,normal,276.34000000000003,0.34426153086419753,0.0935418327697094,0.18410312,0.15933333333333333,87.88148148148149
20151211162829-16km-D5-NORMAL1-SECONDARY,D5,secondary,urban,normal,281.34000000000003,0.3083155851851852,0.043142784061714214,0.0,0.09826666666666667,83.27333333333334
20151211162829-16km-D5-NORMAL1-SECONDARY,D5,secondary,urban,normal,286.34000000000003,0.3024219950617284,0.018086478391375563,0.0,0.07813333333333333,82.48666666666666
20151211162829-16km-D5-NORMAL1-SECONDARY,D5,secondary,urban,normal,291.34000000000003,0.2990635061728395,0.0137149059853758,0.0,0.07146666666666666,82.02666666666667
20151211162829-16km-D5-NORMAL1-SECONDARY,D5,secondary,urban,normal,296.34000000000003,0.29107324938271606,0.016534915297074772,0.0,0.16913333333333333,80.92333333333333
20151211162829-16km-D5-NORMAL1-SECONDARY,D5,secondary,urban,normal,301.34000000000003,0.27711534006734007,0.0251422808085445,0.0,0.2607878787878788,78.95151515151515
20151211162829-16km-D5-NORMAL1-SECONDARY,D5,secondary,urban,normal,306.34000000000003,0.2742563187429855,0.023251230292194783,0.0,0.26684848484848483,78.54848484848486
20151211162829-16km-D5-NORMAL1-SECONDARY,D5,secondary,urban,normal,311.34000000000003,0.2826607308641976,0.015274079016393322,0.011483299999999998,0.307,79.74666666666667
20151211162829-16km-D5-NORMAL1-SECONDARY,D5,secondary,urban,normal,316.34000000000003,0.2795062825788752,0.03737924171747062,0.03460856444444444,0.3463703703703704,79.2888888888889
20151211162829-16km-D5-NORMAL1-SECONDARY,D5,secondary,urban,normal,321.34000000000003,0.25679290864197535,0.041729964190230326,0.03933295199999999,0.3420666666666667,75.97999999999999
20151211162829-16km-D5-NORMAL1-SECONDARY,D5,secondary,urban,normal,326.34000000000003,0.2537134716049383,0.031430809356929754,0.019721444,0.3097333333333333,75.53999999999999
20151211162829-16km-D5-NORMAL1-SECONDARY,D5,secondary,urban,normal,331.34000000000003,0.2797906556927297,0.041367137475399496,0.00422260888888889,0.3045185185185185,79.31481481481482
20151211162829-16km-D5-NORMAL1-SECONDARY,D5,secondary,urban,normal,336.34000000000003,0.27958672502805837,0.04550745299510683,0.022304898181818175,0.38751515151515153,79.28181818181818
20151211162829-16km-D5-NORMAL1-SECONDARY,D5,secondary,urban,normal,341.34000000000003,0.2664023928170595,0.04274988218244608,0.021909087272727265,0.34521212121212125,77.4030303030303
20151211162829-16km-D5-NORMAL1-SECONDARY,D5,secondary,urban,normal,346.34000000000003,0.2750997585733882,0.04510850992329618,0.0036800622222222224,0.2730370370370371,78.64074074074074
20151211162829-16km-D5-NORMAL1-SECONDARY,D5,secondary,urban,normal,351.34000000000003,0.2957547105624142,0.0469299548833935,0.0,0.3307407407407407,81.56296296296296
20151211162829-16km-D5-NORMAL1-SECONDARY,D5,secondary,urban,normal,356.34000000000003,0.2904992296296296,0.026280658524362226,0.0,0.32060000000000005,80.83333333333333
20151211162829-16km-D5-NORMAL1-SECONDARY,D5,secondary,urban,normal,361.34000000000003,0.2885328740740741,0.027338297248028172,0.0032328040000000023,0.34079999999999994,80.56333333333333
20151211162829-16km-D5-NORMAL1-SECONDARY,D5,secondary,urban,normal,366.34000000000003,0.3099875456790123,0.03913251919478483,0.025783508000000004,0.32926666666666665,83.48666666666668
20151211162829-16km-D5-NORMAL1-SECONDARY,D5,secondary,urban,normal,371.34000000000003,0.3388136071829405,0.03592957277636282,0.04211333454545455,0.28224242424242424,87.28787878787878
20151211162829-16km-D5-NORMAL1-SECONDARY,D5,secondary,urban,normal,376.34000000000003,0.3411694635241302,0.04218833857814427,0.04058032727272728,0.30800000000000005,87.59393939393941
20151211162829-16km-D5-NORMAL1-SECONDARY,D5,secondary,urban,normal,381.34000000000003,0.3212175604938272,0.034005925321834884,0.043985940000000015,0.38926666666666665,85.00000000000001
20151211162829-16km-D5-NORMAL1-SECONDARY,D5,secondary,urban,normal,386.34000000000003,0.29616096790123464,0.044319965574169194,0.06331227999999998,0.39193333333333336,81.58000000000001
20151211162829-16km-D5-NORMAL1-SECONDARY,D5,secondary,urban,normal,391.34000000000003,0.2745603358024692,0.056441614083534264,0.09468547999999999,0.2996,78.57333333333334
20151211162829-16km-D5-NORMAL1-SECONDARY,D5,secondary,urban,normal,396.34000000000003,0.27442815912208507,0.023784195373479814,0.12041998666666667,0.2416296296296296,78.57037037037037
20151211162829-16km-D5-NORMAL1-SECONDARY,D5,secondary,urban,normal,401.34000000000003,0.2754224526748971,0.011112065898786208,0.07265858222222221,0.1459259259259259,78.71851851851854
20151211162829-16km-D5-NORMAL1-SECONDARY,D5,secondary,urban,normal,406.34000000000003,0.27830033580246916,0.02956111197805189,0.055684092000000004,0.1111333333333333,79.12
20151211162829-16km-D5-NORMAL1-SECONDARY,D5,secondary,urban,normal,411.34000000000003,0.29222970145903476,0.03981164516089176,0.09488619636363636,0.13969696969696968,81.07272727272726
20151211162829-16km-D5-NORMAL1-SECONDARY,D5,secondary,urban,normal,416.34000000000003,0.2941824148148148,0.025110210812391353,0.10242513999999998,0.1658,81.35
20151211162829-16km-D5-NORMAL1-SECONDARY,D5,secondary,urban,normal,421.34000000000003,0.2803928691358024,0.022548576858761788,0.12953560400000003,0.10506666666666664,79.41999999999999
20151211162829-16km-D5-NORMAL1-SECONDARY,D5,secondary,urban,normal,426.34000000000003,0.26941301907968573,0.02055312715120281,0.13611075272727274,0.11945454545454547,77.84848484848484
20151211162829-16km-D5-NORMAL1-SECONDARY,D5,secondary,urban,normal,431.34000000000003,0.2640429382716049,0.011054452870399842,0.089330488,0.18200000000000002,77.07666666666668
20151211162829-16km-D5-NORMAL1-SECONDARY,D5,secondary,urban,normal,436.34000000000003,0.267895412345679,0.012219442467022893,0.036099164,0.21826666666666666,77.63666666666667
20151211162829-16km-D5-NORMAL1-SECONDARY,D5,secondary,urban,normal,441.34000000000003,0.2703789481481481,0.00729810536350321,0.009204575999999997,0.2148666666666667,77.99666666666667
20151211162829-16km-D5-NORMAL1-SECONDARY,D5,secondary,urban,normal,446.34000000000003,0.2687427325102881,0.011405367780385707,2.748888888888915e-05,0.2154814814814815,77.75925925925925
20151211162829-16km-D5-NORMAL1-SECONDARY,D5,secondary,urban,normal,451.34000000000003,0.2721225953360768,0.02963970375692628,0.0,0.33888888888888885,78.24074074074073
20151211162829-16km-D5-NORMAL1-SECONDARY,D5,secondary,urban,normal,456.34000000000003,0.2847055802469136,0.021338886322674996,0.0,0.31720000000000004,80.02666666666666
20151211162829-16km-D5-NORMAL1-SECONDARY,D5,secondary,urban,normal,461.34000000000003,0.2935256987654321,0.007784005375394294,0.0,0.202,81.26666666666668
20151211162829-16km-D5-NORMAL1-SECONDARY,D5,secondary,urban,normal,466.34000000000003,0.30550319640852974,0.020797809953725023,0.0,0.10587878787878786,82.89393939393939
20151211162829-16km-D5-NORMAL1-SECONDARY,D5,secondary,urban,normal,471.34000000000003,0.31579856296296294,0.020101691966308906,0.0,0.11320000000000001,84.29
20151211162829-16km-D5-NORMAL1-SECONDARY,D5,secondary,urban,normal,476.34000000000003,0.3162951407407407,0.0040270488589949595,0.0,0.21693333333333334,84.35999999999999
20151211162829-16km-D5-NORMAL1-SECONDARY,D5,secondary,urban,normal,481.34000000000003,0.3130657777777777,0.00844784918057351,0.0,0.18981818181818183,83.92727272727271
20151211162829-16km-D5-NORMAL1-SECONDARY,D5,secondary,urban,normal,486.34000000000003,0.3064698930041152,0.011479027831762618,0.0,0.09733333333333333,83.03703703703702
20151211162829-16km-D5-NORMAL1-SECONDARY,D5,secondary,urban,normal,491.34000000000003,0.2986353827160494,0.009417630736190823,0.0,0.08220000000000001,81.97000000000001
20151211162829-16km-D5-NORMAL1-SECONDARY,D5,secondary,urban,normal,496.34000000000003,0.29375385858585856,0.009340011887749645,0.0,0.0887878787878788,81.2969696969697
20151211162829-16km-D5-NORMAL1-SECONDARY,D5,secondary,urban,normal,501.34000000000003,0.2997784790123457,0.03213818889813094,0.0018367959999999995,0.1246,82.10666666666665
20151211162829-16km-D5-NORMAL1-SECONDARY,D5,secondary,urban,normal,506.34000000000003,0.3180737613168725,0.034606727928426693,0.009616791111111113,0.14066666666666666,84.57407407407408
20151211162829-16km-D5-NORMAL1-SECONDARY,D5,secondary,urban,normal,511.34000000000003,0.3320428696844993,0.014091164254330083,0.013505173333333334,0.16977777777777778,86.43333333333335
20151211162829-16km-D5-NORMAL1-SECONDARY,D5,secondary,urban,normal,516.34,0.34397472098765436,0.03294929323998712,0.012377227999999994,0.2235333333333333,87.96333333333334
20151211162829-16km-D5-NORMAL1-SECONDARY,D5,secondary,urban,normal,521.34,0.34129039012345685,0.0362954271746926,0.014080992,0.2742,87.61333333333334
20151211162829-16km-D5-NORMAL1-SECONDARY,D5,secondary,urban,normal,526.34,0.3291645881032548,0.0298165128255346,0.022960934545454545,0.2823030303030303,86.05454545454546
20151211162829-16km-D5-NORMAL1-SECONDARY,D5,secondary,urban,normal,531.34,0.33848764444444446,0.028923902190945937,0.04888480399999999,0.2653333333333333,87.25333333333333
20151211162829-16km-D5-NORMAL1-SECONDARY,D5,secondary,urban,normal,536.34,0.3353276159122085,0.04937102400992884,0.07752988,0.37555555555555553,86.82222222222222
20151211162829-16km-D5-NORMAL1-SECONDARY,D5,secondary,urban,normal,541.34,0.3139469382716049,0.04747643990430674,0.08672475600000001,0.3776666666666667,84.02333333333333
20151211162829-16km-D5-NORMAL1-SECONDARY,D5,secondary,urban,normal,546.34,0.31286102716049385,0.03251312256642421,0.101043772,0.2511333333333334,83.89333333333332
20151211162829-16km-D5-NORMAL1-SECONDARY,D5,secondary,urban,normal,551.34,0.3059004296296296,0.04292140280453978,0.13626214,0.2848666666666667,82.93666666666668
20151211162829-16km-D5-NORMAL1-SECONDARY,D5,secondary,urban,normal,556.34,0.27480687766554435,0.03985118625416681,0.18477250909090912,0.35018181818181815,78.5939393939394
20151211162829-16km-D5-NORMAL1-SECONDARY,D5,secondary,urban,normal,561.34,0.26487531851851853,0.04569708822694523,0.186633876,0.3130666666666667,77.18666666666667
20151211162829-16km-D5-NORMAL1-SECONDARY,D5,secondary,urban,normal,566.34,0.29046013717421126,0.050387391257393964,0.13619610666666665,0.20044444444444448,80.8
20151211162829-16km-D5-NORMAL1-SECONDARY,D5,secondary,urban,normal,571.34,0.3031606716049383,0.02671888793664568,0.08669497999999998,0.17033333333333334,82.58666666666666
20151211162829-16km-D5-NORMAL1-SECONDARY,D5,secondary,urban,normal,576.34,0.2999657679012346,0.007866030430030051,0.05017350399999998,0.13799999999999998,82.15333333333334
20151211162829-16km-D5-NORMAL1-SECONDARY,D5,secondary,urban,normal,581.34,0.2974244987654321,0.013018918517578193,0.03376372799999999,0.07200000000000001,81.80333333333334
20151211162829-16km-D5-NORMAL1-SECONDARY,D5,secondary,urban,normal,586.34,0.2857376395061729,0.023743099934089816,0.017984892000000006,0.052466666666666675,80.16666666666667
20151211162829-16km-D5-NORMAL1-SECONDARY,D5,secondary,urban,normal,591.34,0.2790312839506173,0.027402308572560447,0.004537804000000003,0.06186666666666667,79.23
20151211162829-16km-D5-NORMAL1-SECONDARY,D5,secondary,urban,normal,596.34,0.291580987654321,0.027139056859828162,0.00043622545454545416,0.12921212121212122,80.98484848484848
20151211162829-16km-D5-NORMAL1-SECONDARY,D5,secondary,urban,normal,601.34,0.3098746419753086,0.03388273860446411,0.0,0.18466666666666667,83.47666666666666
20151211162829-16km-D5-NORMAL1-SECONDARY,D5,secondary,urban,normal,606.34,0.3285551220850481,0.034876902030919865,0.0,0.1923703703703704,85.97407407407408
20151211162829-16km-D5-NORMAL1-SECONDARY,D5,secondary,urban,normal,611.34,0.31779160000000006,0.0321193433140737,0.0,0.2027333333333333,84.53666666666666
20151211162829-16km-D5-NORMAL1-SECONDARY,D5,secondary,urban,normal,616.34,0.29851520987654323,0.027484630561399614,0.0009063280000000014,0.23639999999999994,81.94666666666667
20151211162829-16km-D5-NORMAL1-SECONDARY,D5,secondary,urban,normal,621.34,0.3008360628507295,0.02170582858439997,0.0028296836363636366,0.2088484848484848,82.26363636363637
20151211162829-16km-D5-NORMAL1-SECONDARY,D5,secondary,urban,normal,626.34,0.31352906172839506,0.021144675228776357,0.004204751999999998,0.14626666666666668,83.98333333333333
20151211162829-16km-D5-NORMAL1-SECONDARY,D5,secondary,urban,normal,631.34,0.3189956433470508,0.013474592266632572,0.010058328888888884,0.1728888888888889,84.71851851851851
20151211162829-16km-D5-NORMAL1-SECONDARY,D5,secondary,urban,normal,636.34,0.3103204641975309,0.02187892605416337,0.025171508,0.17099999999999999,83.55333333333334
20151211162829-16km-D5-NORMAL1-SECONDARY,D5,secondary,urban,normal,641.34,0.2897012543209877,0.035667017496352184,0.03797223200000001,0.1192,80.70666666666668
20151211162829-16km-D5-NORMAL1-SECONDARY,D5,secondary,urban,normal,646.34,0.2849278864197531,0.05346923497793506,0.029281312000000014,0.17173333333333332,80.04333333333332
20151211162829-16km-D5-NORMAL1-SECONDARY,D5,secondary,urban,normal,651.34,0.309828775308642,0.04192815653019288,0.02784336,0.16433333333333333,83.45666666666666
20151211162829-16km-D5-NORMAL1-SECONDARY,D5,secondary,urban,normal,656.34,0.33112619753086414,0.02257007663960518,0.022062127999999997,0.17439999999999997,86.31
20151211162829-16km-D5-NORMAL1-SECONDARY,D5,secondary,urban,normal,661.34,0.34836198428731757,0.021256537289212833,0.0107462509090909,0.18975757575757576,88.52121212121212
20151211162829-16km-D5-NORMAL1-SECONDARY,D5,secondary,urban,normal,666.34,0.3559038666666666,0.027032411870338287,0.027236187999999984,0.20946666666666663,89.48333333333333
20151211162829-16km-D5-NORMAL1-SECONDARY,D5,secondary,urban,normal,671.34,0.3341620027434842,0.03937233157348655,0.06697522666666665,0.24474074074074068,86.67777777777778
20151211162829-16km-D5-NORMAL1-SECONDARY,D5,secondary,urban,normal,676.34,0.3155316839506173,0.02931022344222544,0.08757268000000003,0.1482,84.25333333333333
20151211162829-16km-D5-NORMAL1-SECONDARY,D5,secondary,urban,normal,681.34,0.29763699753086426,0.04231189003332062,0.08185239600000002,0.19866666666666666,81.79999999999998
20151211162829-16km-D5-NORMAL1-SECONDARY,D5,secondary,urban,normal,686.34,0.2647207209876543,0.05837584173432383,0.08522877999999999,0.22293333333333334,77.11333333333334
20151211162829-16km-D5-NORMAL1-SECONDARY,D5,secondary,urban,normal,691.34,0.2241653019079686,0.07738637814450498,0.11884951636363637,0.1450909090909091,70.90606060606062
20151211162829-16km-D5-NORMAL1-SECONDARY,D5,secondary,urban,normal,696.34,0.1823970024691358,0.09410572787115026,0.094732256,0.2505333333333334,63.80333333333333
20151211164124-17km-D5-NORMAL2-SECONDARY,D5,secondary,urban,normal,17.73,0.3172371806958473,0.04093847040966723,0.03214083272727273,0.34593939393939394,84.46666666666668
20151211164124-17km-D5-NORMAL2-SECONDARY,D5,secondary,urban,normal,22.73,0.3382731851851851,0.03737989438967744,0.0,0.3414666666666667,87.22
20151211164124-17km-D5-NORMAL2-SECONDARY,D5,secondary,urban,normal,27.73,0.356365256515775,0.04755855376099854,0.0,0.22674074074074074,89.53333333333335
20151211164124-17km-D5-NORMAL2-SECONDARY,D5,secondary,urban,normal,32.730000000000004,0.34618007901234576,0.03348096337216866,0.0,0.2566,88.23333333333332
20151211164124-17km-D5-NORMAL2-SECONDARY,D5,secondary,urban,normal,37.730000000000004,0.333434581369248,0.014536334138755113,0.0,0.3691515151515151,86.61515151515151
20151211164124-17km-D5-NORMAL2-SECONDARY,D5,secondary,urban,normal,42.730000000000004,0.3363954518518518,0.016646743262549463,0.0,0.5278666666666666,86.99666666666666
20151211164124-17km-D5-NORMAL2-SECONDARY,D5,secondary,urban,normal,47.730000000000004,0.3418246271604938,0.02034134064720458,0.0,0.5467333333333333,87.69666666666667
20151211164124-17km-D5-NORMAL2-SECONDARY,D5,secondary,urban,normal,52.730000000000004,0.34090300137174206,0.0212088632700798,0.0,0.37177777777777776,87.57777777777778
20151211164124-17km-D5-NORMAL2-SECONDARY,D5,secondary,urban,normal,57.730000000000004,0.3502073728395062,0.023450546266735338,0.0,0.16086666666666666,88.75666666666666
20151211164124-17km-D5-NORMAL2-SECONDARY,D5,secondary,urban,normal,62.730000000000004,0.35559761616161617,0.020499737815614146,0.0,0.1549090909090909,89.44545454545454
20151211164124-17km-D5-NORMAL2-SECONDARY,D5,secondary,urban,normal,67.73,0.3550743950617284,0.02910547509496698,0.0,0.17453333333333335,89.37666666666667
20151211164124-17km-D5-NORMAL2-SECONDARY,D5,secondary,urban,normal,72.73,0.3712458052126201,0.04071933798502809,0.0,0.14148148148148146,91.37037037037037
20151211164124-17km-D5-NORMAL2-SECONDARY,D5,secondary,urban,normal,77.73,0.395571486419753,0.04223924592537457,0.20799253200000006,0.0728,94.33333333333333
20151211164124-17km-D5-NORMAL2-SECONDARY,D5,secondary,urban,normal,82.73,0.39194109090909085,0.027595143740976404,0.23475243272727273,0.10296969696969697,93.8969696969697
20151211164124-17km-D5-NORMAL2-SECONDARY,D5,secondary,urban,normal,87.73,0.38128626611796984,0.010823706196025996,0.055816826666666666,0.15866666666666665,92.6222222222222
20151211164124-17km-D5-NORMAL2-SECONDARY,D5,secondary,urban,normal,92.73,0.36667839999999996,0.02996458644270924,0.0,0.10906666666666667,90.81333333333332
20151211164124-17km-D5-NORMAL2-SECONDARY,D5,secondary,urban,normal,97.73,0.3520208098765432,0.03282924728883983,0.058553104,0.10706666666666667,88.98666666666668
20151211164124-17km-D5-NORMAL2-SECONDARY,D5,secondary,urban,normal,102.73,0.3521612888888889,0.016705720013017213,0.293611852,0.1434666666666667,89.01
20151211164124-17km-D5-NORMAL2-SECONDARY,D5,secondary,urban,normal,107.73,0.3570493580246914,0.009808941327058136,0.3357988,0.12326666666666664,89.63000000000001
20151211164124-17km-D5-NORMAL2-SECONDARY,D5,secondary,urban,normal,112.73,0.3516468839506173,0.011324818182814627,0.20720756799999998,0.198,88.94666666666667
20151211164124-17km-D5-NORMAL2-SECONDARY,D5,secondary,urban,normal,117.73,0.3485944107744107,0.018379605914900118,0.0967886509090909,0.16036363636363637,88.56060606060606
20151211164124-17km-D5-NORMAL2-SECONDARY,D5,secondary,urban,normal,122.73,0.35477265185185186,0.015197689973591189,0.0,0.0896,89.33999999999999
20151211164124-17km-D5-NORMAL2-SECONDARY,D5,secondary,urban,normal,127.73,0.35956179423868306,0.011421633031123294,0.0,0.09814814814814814,89.94444444444444
20151211164124-17km-D5-NORMAL2-SECONDARY,D5,secondary,urban,normal,132.73000000000002,0.3620769432098765,0.022481363188243113,0.0,0.07139999999999999,90.25666666666666
20151211164124-17km-D5-NORMAL2-SECONDARY,D5,secondary,urban,normal,137.73000000000002,0.3581024870931537,0.029913852406333066,0.0,0.07036363636363635,89.75454545454545
20151211164124-17km-D5-NORMAL2-SECONDARY,D5,secondary,urban,normal,142.73000000000002,0.345804024691358,0.02548057435068209,0.0,0.08486666666666666,88.20333333333333
20151211164124-17km-D5-NORMAL2-SECONDARY,D5,secondary,urban,normal,147.73000000000002,0.3302363209876543,0.032248898136672574,0.0,0.07613333333333334,86.18333333333334
20151211164124-17km-D5-NORMAL2-SECONDARY,D5,secondary,urban,normal,152.73000000000002,0.3106027950617284,0.028763846862717907,0.0,0.05193333333333333,83.58666666666667
20151211164124-17km-D5-NORMAL2-SECONDARY,D5,secondary,urban,normal,157.73000000000002,0.30387881481481477,0.013837068994870166,0.0,0.04853333333333333,82.68666666666667
20151211164124-17km-D5-NORMAL2-SECONDARY,D5,secondary,urban,normal,162.73000000000002,0.31105014320987656,0.014996949592252978,0.0,0.12993333333333332,83.65333333333334
20151211164124-17km-D5-NORMAL2-SECONDARY,D5,secondary,urban,normal,167.73000000000002,0.3173276098765432,0.013236346342159422,0.0,0.1952666666666667,84.49666666666667
20151211164124-17km-D5-NORMAL2-SECONDARY,D5,secondary,urban,normal,172.73000000000002,0.3166266617283951,0.010850410398091235,0.0,0.15286666666666665,84.40333333333334
20151211164124-17km-D5-NORMAL2-SECONDARY,D5,secondary,urban,normal,177.73000000000002,0.3231622617283951,0.023191972937323977,0.0,0.1098666666666667,85.26
20151211164124-17km-D5-NORMAL2-SECONDARY,D5,secondary,urban,normal,182.73000000000002,0.33386936790123456,0.03603778708974883,0.0,0.18866666666666668,86.66333333333333
20151211164124-17km-D5-NORMAL2-SECONDARY,D5,secondary,urban,normal,187.73000000000002,0.3319692,0.034306456599503224,0.0,0.22693333333333335,86.41666666666667
20151211164124-17km-D5-NORMAL2-SECONDARY,D5,secondary,urban,normal,192.73000000000002,0.3372288449931412,0.028853340050959235,0.025621337777777788,0.17585185185185187,87.0925925925926
20151211164124-17km-D5-NORMAL2-SECONDARY,D5,secondary,urban,normal,197.73000000000002,0.340924498765432,0.02871463239541619,0.04558140400000001,0.2666666666666667,87.57666666666667
20151211164124-17km-D5-NORMAL2-SECONDARY,D5,secondary,urban,normal,202.73000000000002,0.3396741099887767,0.02326369258132701,0.02047472727272728,0.20624242424242423,87.41818181818184
20151211164124-17km-D5-NORMAL2-SECONDARY,D5,secondary,urban,normal,207.73000000000002,0.34761052345679017,0.010501374742790972,0.0,0.09826666666666667,88.43666666666667
20151211164124-17km-D5-NORMAL2-SECONDARY,D5,secondary,urban,normal,212.73000000000002,0.3476861728395061,0.007238484227461121,0.0,0.08346666666666668,88.44666666666667
20151211164124-17km-D5-NORMAL2-SECONDARY,D5,secondary,urban,normal,217.73000000000002,0.346690775308642,0.0129485390373873,0.0,0.13333333333333336,88.32
20151211164124-17km-D5-NORMAL2-SECONDARY,D5,secondary,urban,normal,222.73000000000002,0.34580453333333333,0.01424938259004122,0.0,0.1710666666666667,88.20666666666668
20151211164124-17km-D5-NORMAL2-SECONDARY,D5,secondary,urban,normal,227.73000000000002,0.3450715259259259,0.011911204643413383,0.0,0.08760000000000001,88.11333333333333
20151211164124-17km-D5-NORMAL2-SECONDARY,D5,secondary,urban,normal,232.73000000000002,0.34606663703703705,0.0165273362983762,0.0,0.07413333333333334,88.24000000000001
20151211164124-17km-D5-NORMAL2-SECONDARY,D5,secondary,urban,normal,237.73000000000002,0.34381005761316874,0.016771899308282753,0.0,0.12503703703703703,87.95185185185186
20151211164124-17km-D5-NORMAL2-SECONDARY,D5,secondary,urban,normal,242.73000000000002,0.3427068296296295,0.019828467631367204,0.0,0.21893333333333334,87.80999999999997
20151211164124-17km-D5-NORMAL2-SECONDARY,D5,secondary,urban,normal,247.73000000000002,0.3430237975308641,0.022094954441755302,0.0,0.27146666666666663,87.85
20151211164124-17km-D5-NORMAL2-SECONDARY,D5,secondary,urban,normal,252.73000000000002,0.34584494320987647,0.022983201640001134,0.0,0.20213333333333336,88.21000000000001
20151211164124-17km-D5-NORMAL2-SECONDARY,D5,secondary,urban,normal,257.73,0.34725719865319865,0.02077455844751613,0.0,0.198969696969697,88.39090909090909
20151211164124-17km-D5-NORMAL2-SECONDARY,D5,secondary,urban,normal,262.73,0.3442741481481481,0.02154265321815938,0.0,0.28146666666666664,88.00999999999999
20151211164124-17km-D5-NORMAL2-SECONDARY,D5,secondary,urban,normal,267.73,0.3565625580246914,0.0324871407731155,0.0,0.2606666666666667,89.54666666666668
20151211164124-17km-D5-NORMAL2-SECONDARY,D5,secondary,urban,normal,272.73,0.3610455358024692,0.05278512606609653,0.0,0.2284,90.11
20151211164124-17km-D5-NORMAL2-SECONDARY,D5,secondary,urban,normal,277.73,0.3371527187928669,0.05106382095805727,0.0,0.2911111111111111,87.06296296296296
20151211164124-17km-D5-NORMAL2-SECONDARY,D5,secondary,urban,normal,282.73,0.3289119358024691,0.03475406764654728,0.0,0.26053333333333334,86.01666666666665
20151211164124-17km-D5-NORMAL2-SECONDARY,D5,secondary,urban,normal,287.73,0.34919427160493827,0.03705578178307902,0.0,0.18727272727272729,88.61212121212121
20151211164124-17km-D5-NORMAL2-SECONDARY,D5,secondary,urban,normal,292.73,0.3784108098765432,0.03123210819044246,0.0,0.13873333333333332,92.25666666666666
20151211164124-17km-D5-NORMAL2-SECONDARY,D5,secondary,urban,normal,297.73,0.37974721975308634,0.04860141855850798,0.0,0.06739999999999999,92.41333333333333
20151211164124-17km-D5-NORMAL2-SECONDARY,D5,secondary,urban,normal,302.73,0.3527910814814815,0.04604140763483229,0.0,0.026999999999999996,89.06
20151211164124-17km-D5-NORMAL2-SECONDARY,D5,secondary,urban,normal,307.73,0.3346568790123457,0.017003772967073304,0.0,0.03573333333333333,86.77333333333334
20151211164124-17km-D5-NORMAL2-SECONDARY,D5,secondary,urban,normal,312.73,0.33574107654320984,0.0151250322948108,0.0,0.072,86.91333333333334
20151211164124-17km-D5-NORMAL2-SECONDARY,D5,secondary,urban,normal,317.73,0.3425482024691358,0.012729026893415638,0.0,0.1004,87.78999999999999
20151211164124-17km-D5-NORMAL2-SECONDARY,D5,secondary,urban,normal,322.73,0.34813484938271605,0.013743307793083337,0.0,0.08493333333333333,88.50333333333334
20151211164124-17km-D5-NORMAL2-SECONDARY,D5,secondary,urban,normal,327.73,0.3527185728395062,0.019124924429240724,0.0,0.06326666666666667,89.08333333333333
20151211164124-17km-D5-NORMAL2-SECONDARY,D5,secondary,urban,normal,332.73,0.34535714074074075,0.032735937153442904,0.0,0.07206666666666667,88.13666666666668
20151211164124-17km-D5-NORMAL2-SECONDARY,D5,secondary,urban,normal,337.73,0.3221527802469136,0.0369775134733769,0.0,0.11246666666666667,85.11333333333333
20151211164124-17km-D5-NORMAL2-SECONDARY,D5,secondary,urban,normal,342.73,0.31475112592592586,0.04065195737099049,0.0,0.10500000000000001,84.14333333333333
20151211164124-17km-D5-NORMAL2-SECONDARY,D5,secondary,urban,normal,347.73,0.34131321975308637,0.05164725703057749,0.0,0.06393333333333333,87.58333333333333
20151211164124-17km-D5-NORMAL2-SECONDARY,D5,secondary,urban,normal,352.73,0.3683887604938271,0.03952885096786001,0.0,0.052533333333333335,91.03333333333333
20151211164124-17km-D5-NORMAL2-SECONDARY,D5,secondary,urban,normal,357.73,0.36151169876543204,0.029116970628532145,0.0,0.054533333333333336,90.17
20151211164124-17km-D5-NORMAL2-SECONDARY,D5,secondary,urban,normal,362.73,0.3524327703703704,0.03659408091686739,0.0,0.06399999999999999,89.04
20151211164124-17km-D5-NORMAL2-SECONDARY,D5,secondary,urban,normal,367.73,0.36088514567901236,0.04207516691848795,0.0,0.07213333333333334,90.1
20151211164124-17km-D5-NORMAL2-SECONDARY,D5,secondary,urban,normal,372.73,0.3524518913580247,0.02453136943267708,0.0,0.14819999999999997,89.03333333333333
20151211164124-17km-D5-NORMAL2-SECONDARY,D5,secondary,urban,normal,377.73,0.34124101234567894,0.009741251105308458,0.0,0.2397333333333333,87.62333333333332
20151211164124-17km-D5-NORMAL2-SECONDARY,D5,secondary,urban,normal,382.73,0.34462750123456787,0.011302358592236852,0.0,0.22693333333333335,88.05666666666667
20151211164124-17km-D5-NORMAL2-SECONDARY,D5,secondary,urban,normal,387.73,0.3398292296296296,0.016052098850664262,0.0,0.14813333333333334,87.43666666666667
20151211164124-17km-D5-NORMAL2-SECONDARY,D5,secondary,urban,normal,392.73,0.33307203950617287,0.017243775414629316,0.0,0.1178666666666667,86.56666666666666
20151211164124-17km-D5-NORMAL2-SECONDARY,D5,secondary,urban,normal,397.73,0.3308013283950617,0.020057390905524955,0.0,0.134,86.27000000000001
20151211164124-17km-D5-NORMAL2-SECONDARY,D5,secondary,urban,normal,402.73,0.3240709234567901,0.01967207442322607,0.0,0.1433333333333333,85.38666666666666
20151211164124-17km-D5-NORMAL2-SECONDARY,D5,secondary,urban,normal,407.73,0.31691131851851845,0.019676694180979056,0.0,0.09893333333333335,84.43999999999998
20151211164124-17km-D5-NORMAL2-SECONDARY,D5,secondary,urban,normal,412.73,0.31555536790123456,0.017123560174781928,0.0,0.04106666666666667,84.26000000000002
20151211164124-17km-D5-NORMAL2-SECONDARY,D5,secondary,urban,normal,417.73,0.3202937333333333,0.010659709530628305,0.0,0.068,84.89
20151211164124-17km-D5-NORMAL2-SECONDARY,D5,secondary,urban,normal,422.73,0.3291753234567901,0.01547577703173868,0.0,0.15693333333333337,86.05666666666666
20151211164124-17km-D5-NORMAL2-SECONDARY,D5,secondary,urban,normal,427.73,0.34004720987654324,0.016001127620680893,0.0,0.161,87.46666666666667
20151211164124-17km-D5-NORMAL2-SECONDARY,D5,secondary,urban,normal,432.73,0.34133314567901235,0.014627247076490732,0.0,0.1516,87.63333333333333
20151211164124-17km-D5-NORMAL2-SECONDARY,D5,secondary,urban,normal,437.73,0.3388374222222222,0.014371345720072953,0.0,0.13606666666666664,87.31333333333333
20151211164124-17km-D5-NORMAL2-SECONDARY,D5,secondary,urban,normal,442.73,0.3370192839506173,0.02101803792488621,0.0,0.08953333333333333,87.07666666666665
20151211164124-17km-D5-NORMAL2-SECONDARY,D5,secondary,urban,normal,447.73,0.3253490320987654,0.0239131805787607,0.0,0.11113333333333333,85.55
20151211164124-17km-D5-NORMAL2-SECONDARY,D5,secondary,urban,normal,452.73,0.3125502057613168,0.01742364082644734,0.0,0.09207407407407407,83.85555555555555
20151211164124-17km-D5-NORMAL2-SECONDARY,D5,secondary,urban,normal,457.73,0.30490983703703706,0.017744636474931463,0.0,0.05926666666666667,82.82666666666667
20151211164124-17km-D5-NORMAL2-SECONDARY,D5,secondary,urban,normal,462.73,0.3146697687991022,0.028678539967116314,0.0,0.07533333333333335,84.12424242424241
20151211164124-17km-D5-NORMAL2-SECONDARY,D5,secondary,urban,normal,467.73,0.34074825679012344,0.03515477613174582,0.0,0.0634,87.53999999999999
20151211164124-17km-D5-NORMAL2-SECONDARY,D5,secondary,urban,normal,472.73,0.357577274074074,0.016163514887783174,0.0,0.03713333333333333,89.69333333333331
20151211164124-17km-D5-NORMAL2-SECONDARY,D5,secondary,urban,normal,477.73,0.3618158320987654,0.0015372270082925966,0.0,0.05053333333333333,90.22666666666666
20151211164124-17km-D5-NORMAL2-SECONDARY,D5,secondary,urban,normal,482.73,0.3589746518518518,0.010365370407165422,0.0,0.05726666666666667,89.87
20151211164124-17km-D5-NORMAL2-SECONDARY,D5,secondary,urban,normal,487.73,0.3502313679012345,0.013632129604087596,0.0,0.07406666666666668,88.76666666666668
20151211164124-17km-D5-NORMAL2-SECONDARY,D5,secondary,urban,normal,492.73,0.3438317366255144,0.006410641580821676,0.0,0.1345925925925926,87.95555555555555
20151211164124-17km-D5-NORMAL2-SECONDARY,D5,secondary,urban,normal,497.73,0.3397667555555556,0.00821577022337948,0.0,0.1973333333333333,87.43333333333332
20151211164124-17km-D5-NORMAL2-SECONDARY,D5,secondary,urban,normal,502.73,0.33816268013468026,0.009778401773700842,0.0,0.24800000000000003,87.22727272727272
20151211164124-17km-D5-NORMAL2-SECONDARY,D5,secondary,urban,normal,507.73,0.3372626282578875,0.00783838208561652,0.0,0.24911111111111112,87.1111111111111
20151211164124-17km-D5-NORMAL2-SECONDARY,D5,secondary,urban,normal,512.73,0.33534481481481476,0.00488274472505509,0.0,0.18786666666666668,86.86333333333333
20151211164124-17km-D5-NORMAL2-SECONDARY,D5,secondary,urban,normal,517.73,0.3360672641975309,0.006294332268414209,0.0,0.1758,86.95666666666668
20151211164124-17km-D5-NORMAL2-SECONDARY,D5,secondary,urban,normal,522.73,0.3374348938271606,0.009849411057022372,0.0,0.16513333333333333,87.13333333333334
20151211164124-17km-D5-NORMAL2-SECONDARY,D5,secondary,urban,normal,527.73,0.33956493827160494,0.01504758521146293,0.0,0.1988666666666667,87.40666666666667
20151211164124-17km-D5-NORMAL2-SECONDARY,D5,secondary,urban,normal,532.73,0.3469640296296295,0.014162647918566298,0.0,0.24526666666666666,88.35333333333332
20151211164124-17km-D5-NORMAL2-SECONDARY,D5,secondary,urban,normal,537.73,0.3529415802469135,0.008735555664565194,0.0,0.26945454545454545,89.11212121212121
20151211164124-17km-D5-NORMAL2-SECONDARY,D5,secondary,urban,normal,542.73,0.3553238716049383,0.005796468537710418,0.0,0.25793333333333324,89.41333333333333
20151211164124-17km-D5-NORMAL2-SECONDARY,D5,secondary,urban,normal,547.73,0.35404014266117967,0.0034850146947857435,0.0,0.15792592592592594,89.25185185185185
20151211164124-17km-D5-NORMAL2-SECONDARY,D5,secondary,urban,normal,552.73,0.35246954074074077,0.008231466198235253,0.0,0.06933333333333333,89.05333333333333
20151211164124-17km-D5-NORMAL2-SECONDARY,D5,secondary,urban,normal,557.73,0.35305608978675646,0.008540566919982208,0.0,0.06909090909090908,89.12727272727274
20151211164124-17km-D5-NORMAL2-SECONDARY,D5,secondary,urban,normal,562.73,0.35020680987654323,0.015413009289720525,0.0,0.06266666666666666,88.76333333333334
20151211164124-17km-D5-NORMAL2-SECONDARY,D5,secondary,urban,normal,567.73,0.3468154567901235,0.023435060728857024,0.0,0.09166666666666666,88.33333333333334
20151211164124-17km-D5-NORMAL2-SECONDARY,D5,secondary,urban,normal,572.73,0.3465559506172839,0.024196422814839982,0.0,0.09633333333333333,88.29999999999998
20151211164124-17km-D5-NORMAL2-SECONDARY,D5,secondary,urban,normal,577.73,0.33972050864197534,0.019731188211573856,0.0,0.0862,87.42333333333333
20151211164124-17km-D5-NORMAL2-SECONDARY,D5,secondary,urban,normal,582.73,0.3339755994513032,0.016062269590092944,0.0,0.11962962962962963,86.68518518518519
20151211164124-17km-D5-NORMAL2-SECONDARY,D5,secondary,urban,normal,587.73,0.33599710617283945,0.013856610810750389,0.0,0.12453333333333334,86.94666666666667
20151211164124-17km-D5-NORMAL2-SECONDARY,D5,secondary,urban,normal,592.73,0.33677899887766555,0.005936838534240188,0.0,0.10957575757575758,87.04848484848485
20151211164124-17km-D5-NORMAL2-SECONDARY,D5,secondary,urban,normal,597.73,0.3352668345679012,0.001159460977081075,0.0,0.10906666666666667,86.85333333333332
20151211164124-17km-D5-NORMAL2-SECONDARY,D5,secondary,urban,normal,602.73,0.33545574211248286,0.001981363165780318,0.0,0.11755555555555557,86.87777777777778
20151211164124-17km-D5-NORMAL2-SECONDARY,D5,secondary,urban,normal,607.73,0.33575614320987657,0.0024105689038690418,0.0,0.10713333333333334,86.91666666666666
20151211164124-17km-D5-NORMAL2-SECONDARY,D5,secondary,urban,normal,612.73,0.33590844893378224,0.0030698144651887752,0.0,0.14999999999999997,86.93636363636362
20151211164124-17km-D5-NORMAL2-SECONDARY,D5,secondary,urban,normal,617.73,0.33904272592592594,0.00998510745190913,0.0,0.11986666666666665,87.34
20151211164124-17km-D5-NORMAL2-SECONDARY,D5,secondary,urban,normal,622.73,0.33832614320987653,0.016534089832377214,0.14454483999999998,0.0538,87.24666666666667
20151211164124-17km-D5-NORMAL2-SECONDARY,D5,secondary,urban,normal,627.73,0.3344504197530863,0.015427537539589156,0.21524429599999997,0.1414,86.74666666666667
20151211164124-17km-D5-NORMAL2-SECONDARY,D5,secondary,urban,normal,632.73,0.3436199654320987,0.0375914829957577,0.07073114,0.15699999999999997,87.91
20151211164124-17km-D5-NORMAL2-SECONDARY,D5,secondary,urban,normal,637.73,0.36839143703703703,0.0394932823088427,3.168400000000013e-05,0.09506666666666667,91.01333333333334
20151211164124-17km-D5-NORMAL2-SECONDARY,D5,secondary,urban,normal,642.73,0.39219569876543214,0.033683985525181766,0.0,0.16433333333333336,93.92333333333333
20151211164124-17km-D5-NORMAL2-SECONDARY,D5,secondary,urban,normal,647.73,0.4126398074074074,0.02917148981159745,0.0,0.19460000000000002,96.33666666666667
20151211164124-17km-D5-NORMAL2-SECONDARY,D5,secondary,urban,normal,652.73,0.4201293580246913,0.0198166775049463,0.0,0.14880000000000002,97.22333333333333
20151211164124-17km-D5-NORMAL2-SECONDARY,D5,secondary,urban,normal,657.73,0.3975940641975309,0.03619552187412718,0.0,0.11846666666666668,94.55333333333334
20151211164124-17km-D5-NORMAL2-SECONDARY,D5,secondary,urban,normal,662.73,0.3704284296296297,0.0402056004543849,0.0,0.23299999999999996,91.28333333333333
20151211164124-17km-D5-NORMAL2-SECONDARY,D5,secondary,urban,normal,667.73,0.37491518024691356,0.041277701676474834,0.0,0.19733333333333333,91.82666666666667
20151211164124-17km-D5-NORMAL2-SECONDARY,D5,secondary,urban,normal,672.73,0.38169828806584355,0.046137704947175985,0.0,0.04711111111111112,92.66296296296296
20151211164124-17km-D5-NORMAL2-SECONDARY,D5,secondary,urban,normal,677.73,0.3426758320987654,0.08914129144909907,0.0,0.10846666666666667,87.70666666666668
20151211164124-17km-D5-NORMAL2-SECONDARY,D5,secondary,urban,normal,682.73,0.26359857687991023,0.1902380019023827,0.0,0.11818181818181821,76.19696969696969
20151211164124-17km-D5-NORMAL2-SECONDARY,D5,secondary,urban,normal,687.73,0.13150641975308644,0.29443263838922706,0.0,0.05519999999999999,52.19333333333334
20151221120051-26km-D6-AGGRESSIVE-MOTORWAY,D6,motorway,highway,aggressive,10.07,0.22208051178451182,0.07786921796298475,0.05857713090909091,0.20193939393939395,70.51515151515152
20151221120051-26km-D6-AGGRESSIVE-MOTORWAY,D6,motorway,highway,aggressive,15.07,0.26216076049382714,0.06481577021961576,0.117029812,0.1489333333333333,76.72666666666666
20151221120051-26km-D6-AGGRESSIVE-MOTORWAY,D6,motorway,highway,aggressive,20.07,0.2935477969821673,0.03101378716037241,0.17523711999999997,0.18266666666666664,81.25925925925927
20151221120051-26km-D6-AGGRESSIVE-MOTORWAY,D6,motorway,highway,aggressive,25.07,0.3076104296296296,0.017600248172256947,0.22077438000000002,0.17579999999999998,83.18666666666665
20151221120051-26km-D6-AGGRESSIVE-MOTORWAY,D6,motorway,highway,aggressive,30.07,0.3195795358024691,0.01686902772586578,0.16225581600000002,0.15499999999999997,84.79333333333332
20151221120051-26km-D6-AGGRESSIVE-MOTORWAY,D6,motorway,highway,aggressive,35.07,0.33530959820426487,0.02311753833856378,0.04236352363636364,0.13842424242424242,86.84545454545454
20151221120051-26km-D6-AGGRESSIVE-MOTORWAY,D6,motorway,highway,aggressive,40.07,0.3481421432098766,0.024478713571540002,0.0,0.10733333333333335,88.5
20151221120051-26km-D6-AGGRESSIVE-MOTORWAY,D6,motorway,highway,aggressive,45.07,0.3664928839506173,0.023484773442745313,0.0,0.056999999999999995,90.79666666666667
20151221120051-26km-D6-AGGRESSIVE-MOTORWAY,D6,motorway,highway,aggressive,50.07,0.37993139753086413,0.01767936220262417,0.0,0.028733333333333326,92.45333333333333
20151221120051-26km-D6-AGGRESSIVE-MOTORWAY,D6,motorway,highway,aggressive,55.07,0.3997986063100137,0.029812514293581394,0.0,0.09614814814814815,94.82962962962962
20151221120051-26km-D6-AGGRESSIVE-MOTORWAY,D6,motorway,highway,aggressive,60.07,0.41931009382716045,0.02680081788074524,0.0,0.10333333333333335,97.12
20151221120051-26km-D6-AGGRESSIVE-MOTORWAY,D6,motorway,highway,aggressive,65.07,0.42667745185185185,0.010966456246405906,0.0,0.053666666666666675,97.97999999999999
20151221120051-26km-D6-AGGRESSIVE-MOTORWAY,D6,motorway,highway,aggressive,70.07,0.4217006419753087,0.011077352417906356,0.0,0.040933333333333335,97.40666666666667
20151221120051-26km-D6-AGGRESSIVE-MOTORWAY,D6,motorway,highway,aggressive,75.07,0.42763604040404046,0.015103772602924049,0.0,0.05975757575757576,98.0848484848485
20151221120051-26km-D6-AGGRESSIVE-MOTORWAY,D6,motorway,highway,aggressive,80.07,0.43523685432098774,0.02084833035736964,0.0,0.10533333333333335,98.95666666666666
20151221120051-26km-D6-AGGRESSIVE-MOTORWAY,D6,motorway,highway,aggressive,85.07,0.4428355226337448,0.023411108545598303,0.0,0.08274074074074075,99.81481481481482
20151221120051-26km-D6-AGGRESSIVE-MOTORWAY,D6,motorway,highway,aggressive,90.07,0.456419249382716,0.01823746658329682,0.0,0.07853333333333333,101.33333333333334
20151221120051-26km-D6-AGGRESSIVE-MOTORWAY,D6,motorway,highway,aggressive,95.07,0.46664683456790124,0.010788360183628712,0.0,0.11679999999999999,102.46666666666667
20151221120051-26km-D6-AGGRESSIVE-MOTORWAY,D6,motorway,highway,aggressive,100.07,0.47700167901234564,0.013783567770748302,0.2295258109090909,0.2043636363636364,103.5939393939394
20151221120051-26km-D6-AGGRESSIVE-MOTORWAY,D6,motorway,highway,aggressive,105.07,0.48439420740740735,0.014076555937317358,0.370161116,0.1946,104.39666666666668
20151221120051-26km-D6-AGGRESSIVE-MOTORWAY,D6,motorway,highway,aggressive,110.07,0.490479649382716,0.01066483201697107,0.16984210000000002,0.10879999999999998,105.05
20151221120051-26km-D6-AGGRESSIVE-MOTORWAY,D6,motorway,highway,aggressive,115.07,0.49732118518518514,0.011744584990561685,0.052159376,0.09266666666666666,105.78
20151221120051-26km-D6-AGGRESSIVE-MOTORWAY,D6,motorway,highway,aggressive,120.07,0.5001144087791496,0.009893616604894519,0.0,0.04244444444444444,106.07777777777778
20151221120051-26km-D6-AGGRESSIVE-MOTORWAY,D6,motorway,highway,aggressive,125.07,0.5026623209876543,0.011483656398335533,0.0,0.05973333333333334,106.34666666666666
20151221120051-26km-D6-AGGRESSIVE-MOTORWAY,D6,motorway,highway,aggressive,130.07,0.4744559461279461,0.06779917643376175,0.13836272363636362,0.05987878787878787,103.21818181818183
20151221120051-26km-D6-AGGRESSIVE-MOTORWAY,D6,motorway,highway,aggressive,135.07,0.42612062222222213,0.08324015615252339,0.33966022,0.05653333333333334,97.81333333333333
20151221120051-26km-D6-AGGRESSIVE-MOTORWAY,D6,motorway,highway,aggressive,140.07,0.3716924060356652,0.04406998854941011,0.42119532444444446,0.05222222222222222,91.41111111111111
20151221120051-26km-D6-AGGRESSIVE-MOTORWAY,D6,motorway,highway,aggressive,145.07,0.34933835555555554,0.07088513022972935,0.39824432,0.12079999999999999,88.64333333333335
20151221120051-26km-D6-AGGRESSIVE-MOTORWAY,D6,motorway,highway,aggressive,150.07,0.3896644197530864,0.09718606416258256,0.274580684,0.17046666666666668,93.45666666666666
20151221120051-26km-D6-AGGRESSIVE-MOTORWAY,D6,motorway,highway,aggressive,155.07,0.4607914792368126,0.06319706882820245,0.06177357454545454,0.14206060606060605,101.76969696969697
20151221120051-26km-D6-AGGRESSIVE-MOTORWAY,D6,motorway,highway,aggressive,160.07,0.4847520942760944,0.021429183875543087,0.0,0.1549090909090909,104.43333333333334
20151221120051-26km-D6-AGGRESSIVE-MOTORWAY,D6,motorway,highway,aggressive,165.07,0.47613773827160494,0.02686728201951908,0.0,0.13553333333333334,103.49333333333334
20151221120051-26km-D6-AGGRESSIVE-MOTORWAY,D6,motorway,highway,aggressive,170.07,0.4728793037037038,0.04625673152054631,0.0,0.07913333333333333,103.13666666666668
20151221120051-26km-D6-AGGRESSIVE-MOTORWAY,D6,motorway,highway,aggressive,175.07,0.4793226666666667,0.04424978853181603,0.0,0.08246666666666666,103.84
20151221120051-26km-D6-AGGRESSIVE-MOTORWAY,D6,motorway,highway,aggressive,180.07,0.4722349574759945,0.04608636927816608,0.02410039555555555,0.1431851851851852,103.07037037037038
20151221120051-26km-D6-AGGRESSIVE-MOTORWAY,D6,motorway,highway,aggressive,185.07,0.4454862331961591,0.05109664936083576,0.1688439377777778,0.15362962962962964,100.09629629629629
20151221120051-26km-D6-AGGRESSIVE-MOTORWAY,D6,motorway,highway,aggressive,190.07,0.42318350123456794,0.07372180140394234,0.386139836,0.07846666666666666,97.55
20151221120051-26km-D6-AGGRESSIVE-MOTORWAY,D6,motorway,highway,aggressive,195.07,0.39683664691358034,0.06931067933404592,0.31131356399999993,0.10400000000000001,94.43666666666667
20151221120051-26km-D6-AGGRESSIVE-MOTORWAY,D6,motorway,highway,aggressive,200.07,0.3857228493827161,0.0325239680247839,0.275274396,0.16099999999999998,93.15
20151221120051-26km-D6-AGGRESSIVE-MOTORWAY,D6,motorway,highway,aggressive,205.07,0.3937042617283951,0.026531508535971714,0.5086227720000001,0.12406666666666669,94.11666666666666
20151221120051-26km-D6-AGGRESSIVE-MOTORWAY,D6,motorway,highway,aggressive,210.07,0.38777982940516265,0.02875112594343754,0.5777828436363636,0.07193939393939394,93.4030303030303
20151221120051-26km-D6-AGGRESSIVE-MOTORWAY,D6,motorway,highway,aggressive,215.07,0.37731653333333337,0.018816204583358812,0.5995347719999998,0.07313333333333333,92.13333333333333
20151221120051-26km-D6-AGGRESSIVE-MOTORWAY,D6,motorway,highway,aggressive,220.07,0.371215975308642,0.015687254105190042,0.519206208,0.08786666666666666,91.39
20151221120051-26km-D6-AGGRESSIVE-MOTORWAY,D6,motorway,highway,aggressive,225.07,0.37130076049382715,0.02389354337540947,0.5294453960000001,0.046866666666666675,91.4
20151221120051-26km-D6-AGGRESSIVE-MOTORWAY,D6,motorway,highway,aggressive,230.07,0.3837110765432098,0.09270381624875587,0.49470541200000007,0.16566666666666668,92.83666666666666
20151221120051-26km-D6-AGGRESSIVE-MOTORWAY,D6,motorway,highway,aggressive,235.07,0.45859658810325465,0.12247406266728547,0.22029606909090915,0.18854545454545454,101.1939393939394
20151221120051-26km-D6-AGGRESSIVE-MOTORWAY,D6,motorway,highway,aggressive,240.07,0.5288568779149521,0.11249519034194308,0.05400136444444445,0.08437037037037037,109.03703703703702
20151221120051-26km-D6-AGGRESSIVE-MOTORWAY,D6,motorway,highway,aggressive,245.07,0.4999539917695474,0.057754466836897195,0.12008905333333332,0.08577777777777779,106.02592592592593
20151221120051-26km-D6-AGGRESSIVE-MOTORWAY,D6,motorway,highway,aggressive,250.07,0.4873724691358025,0.02016394864716286,0.12323303999999999,0.20866666666666664,104.71666666666667
20151221120051-26km-D6-AGGRESSIVE-MOTORWAY,D6,motorway,highway,aggressive,255.07,0.5145346469135802,0.04628574853617899,0.133746004,0.2476,107.55999999999999
20151221120051-26km-D6-AGGRESSIVE-MOTORWAY,D6,motorway,highway,aggressive,260.07,0.5403851753086419,0.05798610374509081,0.294410024,0.10473333333333334,110.25333333333333
20151221120051-26km-D6-AGGRESSIVE-MOTORWAY,D6,motorway,highway,aggressive,265.07,0.5292204098765432,0.04829661142929748,0.48602083999999995,0.03353333333333333,109.10333333333332
20151221120051-26km-D6-AGGRESSIVE-MOTORWAY,D6,motorway,highway,aggressive,270.07,0.5278778271604938,0.03002098250636049,0.5463770360000001,0.06506666666666666,108.97333333333333
20151221120051-26km-D6-AGGRESSIVE-MOTORWAY,D6,motorway,highway,aggressive,275.07,0.5330894222222222,0.05546836026239813,0.609689836,0.08853333333333332,109.50666666666666
20151221120051-26km-D6-AGGRESSIVE-MOTORWAY,D6,motorway,highway,aggressive,280.07,0.47074965207631864,0.0851062811168972,0.6654241490909091,0.09878787878787879,102.73636363636363
20151221120051-26km-D6-AGGRESSIVE-MOTORWAY,D6,motorway,highway,aggressive,285.07,0.41696488888888883,0.0594855711712329,0.63838512,0.08460000000000001,96.83333333333334
20151221120051-26km-D6-AGGRESSIVE-MOTORWAY,D6,motorway,highway,aggressive,290.07,0.4198747873799725,0.0342882597964784,0.6109290177777777,0.09992592592592592,97.18518518518518
20151221120051-26km-D6-AGGRESSIVE-MOTORWAY,D6,motorway,highway,aggressive,295.07,0.4176090567901234,0.044146875462317436,0.63380368,0.0818,96.91999999999999
20151221120051-26km-D6-AGGRESSIVE-MOTORWAY,D6,motorway,highway,aggressive,300.07,0.40220663703703696,0.05124284577514889,0.604932036,0.03946666666666667,95.11999999999999
20151221120051-26km-D6-AGGRESSIVE-MOTORWAY,D6,motorway,highway,aggressive,305.07,0.4039046222222222,0.07838464253750682,0.420778344,0.06839999999999999,95.29333333333334
20151221120051-26km-D6-AGGRESSIVE-MOTORWAY,D6,motorway,highway,aggressive,310.07,0.43803826666666656,0.07359396436685478,0.39309348,0.13286666666666666,99.18999999999998
20151221120051-26km-D6-AGGRESSIVE-MOTORWAY,D6,motorway,highway,aggressive,315.07,0.45149559012345664,0.05165879463226254,0.5862450760000001,0.18313333333333334,100.77
20151221120051-26km-D6-AGGRESSIVE-MOTORWAY,D6,motorway,highway,aggressive,320.07,0.4682609827160493,0.10771951798783601,0.529352992,0.18386666666666668,102.53
20151221120051-26km-D6-AGGRESSIVE-MOTORWAY,D6,motorway,highway,aggressive,325.07,0.5618106074074074,0.12969807974572106,0.27512666799999996,0.21139999999999998,112.21333333333332
20151221120051-26km-D6-AGGRESSIVE-MOTORWAY,D6,motorway,highway,aggressive,330.07,0.5718930684624017,0.10225958666172974,0.0792836581818182,0.2006060606060606,113.3181818181818
20151221120051-26km-D6-AGGRESSIVE-MOTORWAY,D6,motorway,highway,aggressive,335.07,0.5100193625140291,0.08389538007312904,0.1277272909090909,0.14696969696969694,107.07575757575756
20151221120051-26km-D6-AGGRESSIVE-MOTORWAY,D6,motorway,highway,aggressive,340.07,0.49312320438957474,0.05733639945343916,0.33543908,0.0791111111111111,105.32592592592593
20151221120051-26km-D6-AGGRESSIVE-MOTORWAY,D6,motorway,highway,aggressive,345.07,0.48115404663923184,0.043159308888500385,0.44860131555555555,0.0977037037037037,104.02592592592593
20151221120051-26km-D6-AGGRESSIVE-MOTORWAY,D6,motorway,highway,aggressive,350.07,0.4700909728395062,0.03277311888166225,0.46667855999999996,0.10733333333333332,102.83999999999999
20151221120051-26km-D6-AGGRESSIVE-MOTORWAY,D6,motorway,highway,aggressive,355.07,0.4862950419753087,0.02966756960389965,0.4473910360000001,0.05226666666666666,104.59333333333332
20151221120051-26km-D6-AGGRESSIVE-MOTORWAY,D6,motorway,highway,aggressive,360.07,0.5157273975308643,0.03283363009294621,0.38704790000000006,0.13486666666666666,107.7
20151221120051-26km-D6-AGGRESSIVE-MOTORWAY,D6,motorway,highway,aggressive,365.07,0.5379384691358025,0.02617847344127224,0.35137535999999997,0.16913333333333333,110.01333333333332
20151221120051-26km-D6-AGGRESSIVE-MOTORWAY,D6,motorway,highway,aggressive,370.07,0.5340771268237934,0.013888134629771738,0.34981359272727275,0.06945454545454545,109.61818181818181
20151221120051-26km-D6-AGGRESSIVE-MOTORWAY,D6,motorway,highway,aggressive,375.07,0.5303251160493827,0.02465475472119042,0.308916176,0.04953333333333334,109.23333333333332
20151221120051-26km-D6-AGGRESSIVE-MOTORWAY,D6,motorway,highway,aggressive,380.07,0.5232889272976681,0.04061119664909272,0.19220673333333332,0.08200000000000002,108.5
20151221120051-26km-D6-AGGRESSIVE-MOTORWAY,D6,motorway,highway,aggressive,385.07,0.523287416386083,0.021795243567059138,0.0841552290909091,0.08109090909090909,108.5030303030303
20151221120051-26km-D6-AGGRESSIVE-MOTORWAY,D6,motorway,highway,aggressive,390.07,0.5233483277216611,0.025694111166952735,0.029650818181818184,0.136,108.50909090909092
20151221120051-26km-D6-AGGRESSIVE-MOTORWAY,D6,motorway,highway,aggressive,395.07,0.47655099039780524,0.10782999034661549,0.008931613333333335,0.1812592592592593,103.39999999999999
20151221120051-26km-D6-AGGRESSIVE-MOTORWAY,D6,motorway,highway,aggressive,400.07,0.3849495912208505,0.10400792008777303,0.0,0.11488888888888889,92.90740740740739
20151221120051-26km-D6-AGGRESSIVE-MOTORWAY,D6,motorway,highway,aggressive,405.07,0.3630357629629629,0.06332780979765239,0.0,0.1758,90.34666666666665
20151221120051-26km-D6-AGGRESSIVE-MOTORWAY,D6,motorway,highway,aggressive,410.07,0.4170892570145904,0.0892174996160592,0.0,0.18484848484848485,96.75151515151515
20151221120051-26km-D6-AGGRESSIVE-MOTORWAY,D6,motorway,highway,aggressive,415.07,0.4248557396184063,0.08476317292147934,0.0,0.10860606060606061,97.69696969696969
20151221120051-26km-D6-AGGRESSIVE-MOTORWAY,D6,motorway,highway,aggressive,420.07,0.3999187379972564,0.07786689605442336,0.0,0.11637037037037039,94.83703703703704
20151221120051-26km-D6-AGGRESSIVE-MOTORWAY,D6,motorway,highway,aggressive,425.07,0.4453905925925926,0.06638273727120639,0.0,0.1832666666666667,100.03
20151221120051-26km-D6-AGGRESSIVE-MOTORWAY,D6,motorway,highway,aggressive,430.07,0.45621138496071817,0.09076082234075923,0.0,0.14581818181818185,101.26060606060605
20151221120051-26km-D6-AGGRESSIVE-MOTORWAY,D6,motorway,highway,aggressive,435.07,0.3943387061728395,0.11780902534852208,0.0,0.10400000000000001,93.98666666666665
20151221120051-26km-D6-AGGRESSIVE-MOTORWAY,D6,motorway,highway,aggressive,440.07,0.321974414266118,0.0926161455584375,0.0,0.19177777777777777,84.98888888888888
20151221120051-26km-D6-AGGRESSIVE-MOTORWAY,D6,motorway,highway,aggressive,445.07,0.29077376131687255,0.06728109872819847,0.0,0.2085185185185185,80.86666666666666
20151221120051-26km-D6-AGGRESSIVE-MOTORWAY,D6,motorway,highway,aggressive,450.07,0.3046003259259259,0.051372642809617085,0.0,0.18919999999999998,82.75999999999999
20151221120051-26km-D6-AGGRESSIVE-MOTORWAY,D6,motorway,highway,aggressive,455.07,0.30287827160493824,0.041457991980505,0.0,0.2981212121212122,82.53030303030303
20151221120051-26km-D6-AGGRESSIVE-MOTORWAY,D6,motorway,highway,aggressive,460.07,0.28182887542087537,0.057162963696072606,0.0,0.29139393939393937,79.60000000000001
20151221120051-26km-D6-AGGRESSIVE-MOTORWAY,D6,motorway,highway,aggressive,465.07,0.26302858161865567,0.06477837590163622,0.0,0.16607407407407407,76.9
20151221120051-26km-D6-AGGRESSIVE-MOTORWAY,D6,motorway,highway,aggressive,470.07,0.25702995061728395,0.0912961959421704,0.0,0.1791333333333333,75.98333333333333
20151221120051-26km-D6-AGGRESSIVE-MOTORWAY,D6,motorway,highway,aggressive,475.07,0.22939267160493831,0.11915785420308045,0.0,0.2162,71.53333333333333
20151221120051-26km-D6-AGGRESSIVE-MOTORWAY,D6,motorway,highway,aggressive,480.07,0.14923292345679015,0.10018308542633754,0.0,0.17046666666666668,57.61
20151221120051-26km-D6-AGGRESSIVE-MOTORWAY,D6,motorway,highway,aggressive,485.07,0.12166822222222225,0.06726686483864043,0.00037945599999999986,0.09906666666666666,52.263333333333335
20151221120051-26km-D6-AGGRESSIVE-MOTORWAY,D6,motorway,highway,aggressive,490.07,0.14034139917695476,0.10441669762111085,0.0004216177777777776,0.12274074074074075,55.94814814814815
20151221120051-26km-D6-AGGRESSIVE-MOTORWAY,D6,motorway,highway,aggressive,495.07,0.20741010370370372,0.16251226893322424,0.0,0.17586666666666664,67.72666666666666
20151221120051-26km-D6-AGGRESSIVE-MOTORWAY,D6,motorway,highway,aggressive,500.07,0.31096275645342314,0.13108883647338374,0.0,0.14515151515151517,83.27272727272727
20151221120051-26km-D6-AGGRESSIVE-MOTORWAY,D6,motorway,highway,aggressive,505.07,0.3421883187429854,0.12400253662444313,0.0,0.09727272727272727,87.63030303030304
20151221120051-26km-D6-AGGRESSIVE-MOTORWAY,D6,motorway,highway,aggressive,510.07,0.30482612345679017,0.10500754028653742,0.0,0.06125925925925926,82.69259259259259
20151221120051-26km-D6-AGGRESSIVE-MOTORWAY,D6,motorway,highway,aggressive,515.0699999999999,0.3123500444444444,0.06987847884166164,0.0,0.13540000000000002,83.73333333333333
20151221120051-26km-D6-AGGRESSIVE-MOTORWAY,D6,motorway,highway,aggressive,520.0699999999999,0.34543862177328843,0.06690044627317368,0.0,0.14757575757575758,88.11818181818184
20151221120051-26km-D6-AGGRESSIVE-MOTORWAY,D6,motorway,highway,aggressive,525.0699999999999,0.3675766694101509,0.05753866881340031,0.006442702222222225,0.15400000000000003,90.92592592592592
20151221120051-26km-D6-AGGRESSIVE-MOTORWAY,D6,motorway,highway,aggressive,530.0699999999999,0.40218270617283947,0.08758957773088369,0.005798432000000002,0.22553333333333336,95.08000000000001
20151221120051-26km-D6-AGGRESSIVE-MOTORWAY,D6,motorway,highway,aggressive,535.0699999999999,0.4018255578002245,0.07897948975649578,0.02998625818181817,0.27987878787878784,95.04545454545455
20151221120051-26km-D6-AGGRESSIVE-MOTORWAY,D6,motorway,highway,aggressive,540.0699999999999,0.4012166968449931,0.06324175411785049,0.04324727999999998,0.327037037037037,94.96666666666665
20151221120051-26km-D6-AGGRESSIVE-MOTORWAY,D6,motorway,highway,aggressive,545.0699999999999,0.4444844279835391,0.04830491376986548,0.013910799999999994,0.2326666666666667,99.98148148148148
20151221120051-26km-D6-AGGRESSIVE-MOTORWAY,D6,motorway,highway,aggressive,550.0699999999999,0.44872073580246913,0.04266152595084634,0.04843858399999999,0.10173333333333334,100.47
20151221120051-26km-D6-AGGRESSIVE-MOTORWAY,D6,motorway,highway,aggressive,555.0699999999999,0.4599824062850729,0.057040714209936734,0.17106583636363637,0.08266666666666667,101.7
20151221120051-26km-D6-AGGRESSIVE-MOTORWAY,D6,motorway,highway,aggressive,560.0699999999999,0.4740132794612796,0.08866288729722062,0.33933831999999997,0.09848484848484848,103.23030303030303
20151221120051-26km-D6-AGGRESSIVE-MOTORWAY,D6,motorway,highway,aggressive,565.0699999999999,0.4352294913580247,0.09555506696709601,0.4954126199999999,0.0754,98.84
20151221120051-26km-D6-AGGRESSIVE-MOTORWAY,D6,motorway,highway,aggressive,570.0699999999999,0.4289048943758573,0.07786736168907239,0.475659,0.055407407407407405,98.15925925925927
20151221120051-26km-D6-AGGRESSIVE-MOTORWAY,D6,motorway,highway,aggressive,575.0699999999999,0.4757066721536351,0.08728969015889522,0.47824552000000004,0.09718518518518518,103.43333333333334
20151221120051-26km-D6-AGGRESSIVE-MOTORWAY,D6,motorway,highway,aggressive,580.0699999999999,0.45454375757575766,0.0799453388314901,0.46627607272727273,0.12115151515151515,101.06666666666666
20151221120051-26km-D6-AGGRESSIVE-MOTORWAY,D6,motorway,highway,aggressive,585.0699999999999,0.4459401705948372,0.06915865981117811,0.26832463636363635,0.08448484848484848,100.13636363636361
20151221120051-26km-D6-AGGRESSIVE-MOTORWAY,D6,motorway,highway,aggressive,590.0699999999999,0.44241890809327844,0.05923374208974977,0.21781545777777778,0.07185185185185185,99.71851851851851
20151221120051-26km-D6-AGGRESSIVE-MOTORWAY,D6,motorway,highway,aggressive,595.0699999999999,0.42079436488340183,0.0583166103857623,0.42542845333333335,0.08237037037037037,97.28518518518518
20151221120051-26km-D6-AGGRESSIVE-MOTORWAY,D6,motorway,highway,aggressive,600.0699999999999,0.4428650518518518,0.04229444641107271,0.5280890840000001,0.06806666666666666,99.79666666666667
20151221120051-26km-D6-AGGRESSIVE-MOTORWAY,D6,motorway,highway,aggressive,605.0699999999999,0.4712695488215488,0.06418343344807066,0.43811483636363646,0.12375757575757575,102.93939393939394
20151221120051-26km-D6-AGGRESSIVE-MOTORWAY,D6,motorway,highway,aggressive,610.0699999999999,0.5417536700336701,0.10771324310264241,0.2656050836363637,0.12618181818181815,110.16363636363636
20151221120051-26km-D6-AGGRESSIVE-MOTORWAY,D6,motorway,highway,aggressive,615.0699999999999,0.6367828641975309,0.08247601569292932,0.20661608888888888,0.05022222222222222,119.64814814814814
20151221120051-26km-D6-AGGRESSIVE-MOTORWAY,D6,motorway,highway,aggressive,620.0699999999999,0.6441033141289437,0.03907421729894903,0.1290421822222222,0.07948148148148147,120.36666666666666
20151221120051-26km-D6-AGGRESSIVE-MOTORWAY,D6,motorway,highway,aggressive,625.0699999999999,0.6004596395061729,0.0527894090260745,0.12727160799999998,0.21226666666666666,116.19666666666667
20151221120051-26km-D6-AGGRESSIVE-MOTORWAY,D6,motorway,highway,aggressive,630.0699999999999,0.5812717934904602,0.0552930579507572,0.33908989090909086,0.1971515151515151,114.34545454545454
20151221120051-26km-D6-AGGRESSIVE-MOTORWAY,D6,motorway,highway,aggressive,635.0699999999999,0.5922382074074075,0.05017569767589457,0.486232548,0.07200000000000001,115.42333333333333
20151221120051-26km-D6-AGGRESSIVE-MOTORWAY,D6,motorway,highway,aggressive,640.0699999999999,0.5772516707818931,0.04339580612189498,0.5490329822222222,0.10555555555555556,113.94444444444447
20151221120051-26km-D6-AGGRESSIVE-MOTORWAY,D6,motorway,highway,aggressive,645.0699999999999,0.5609103209876544,0.022843467043232975,0.567467132,0.19266666666666668,112.34
20151221120051-26km-D6-AGGRESSIVE-MOTORWAY,D6,motorway,highway,aggressive,650.0699999999999,0.564565014590348,0.010422383577633294,0.5164294254545454,0.21066666666666667,112.7060606060606
20151221120051-26km-D6-AGGRESSIVE-MOTORWAY,D6,motorway,highway,aggressive,655.0699999999999,0.5765086666666667,0.02253579096292558,0.433584104,0.18053333333333335,113.88333333333335
20151221120051-26km-D6-AGGRESSIVE-MOTORWAY,D6,motorway,highway,aggressive,660.0699999999999,0.5778066117969822,0.05467099410107343,0.41938608,0.09503703703703703,114.0037037037037
20151221120051-26km-D6-AGGRESSIVE-MOTORWAY,D6,motorway,highway,aggressive,665.0699999999999,0.571358824691358,0.05488360203809772,0.5084996920000001,0.04986666666666667,113.37333333333333
20151221120051-26km-D6-AGGRESSIVE-MOTORWAY,D6,motorway,highway,aggressive,670.0699999999999,0.5945890962962963,0.07660758159152159,0.473312024,0.07886666666666667,115.62666666666667
20151221120051-26km-D6-AGGRESSIVE-MOTORWAY,D6,motorway,highway,aggressive,675.0699999999999,0.6568373037037036,0.07748783080298019,0.19152784399999997,0.08426666666666668,121.47333333333331
20151221120051-26km-D6-AGGRESSIVE-MOTORWAY,D6,motorway,highway,aggressive,680.0699999999999,0.6895357283950616,0.09294086326107376,0.013552164,0.09566666666666666,124.51666666666665
20151221120051-26km-D6-AGGRESSIVE-MOTORWAY,D6,motorway,highway,aggressive,685.0699999999999,0.6182137679012345,0.10021914710998044,0.013552164,0.1132,117.76666666666665
20151221120051-26km-D6-AGGRESSIVE-MOTORWAY,D6,motorway,highway,aggressive,690.0699999999999,0.5737508444444444,0.047483482158502135,0.09423624399999998,0.1476,113.60666666666665
20151221120051-26km-D6-AGGRESSIVE-MOTORWAY,D6,motorway,highway,aggressive,695.0699999999999,0.5368975937149268,0.10061935874518026,0.41074779272727274,0.13224242424242424,109.7121212121212
20151221120051-26km-D6-AGGRESSIVE-MOTORWAY,D6,motorway,highway,aggressive,700.0699999999999,0.4847009203142536,0.13513927849568017,0.5186476072727273,0.09545454545454546,104.3151515151515
20151221120051-26km-D6-AGGRESSIVE-MOTORWAY,D6,motorway,highway,aggressive,705.0699999999999,0.5259225404663922,0.12778264525531358,0.3813495777777778,0.11525925925925924,108.57407407407406
20151221120051-26km-D6-AGGRESSIVE-MOTORWAY,D6,motorway,highway,aggressive,710.0699999999999,0.632806286419753,0.0709507049413764,0.285217856,0.0754,119.26333333333332
20151221120051-26km-D6-AGGRESSIVE-MOTORWAY,D6,motorway,highway,aggressive,715.0699999999999,0.6615489530864196,0.014622307047888727,0.20545587599999998,0.10026666666666666,122.0033333333333
20151221120051-26km-D6-AGGRESSIVE-MOTORWAY,D6,motorway,highway,aggressive,720.0699999999999,0.664206962962963,0.007858543367960675,0.06003442666666667,0.199037037037037,122.24814814814812
20151221120051-26km-D6-AGGRESSIVE-MOTORWAY,D6,motorway,highway,aggressive,725.0699999999999,0.6656411654320988,0.014253434944453362,0.0035043840000000014,0.16899999999999998,122.38
20151221120051-26km-D6-AGGRESSIVE-MOTORWAY,D6,motorway,highway,aggressive,730.0699999999999,0.6529379160493827,0.022430434696000784,0.0,0.10693333333333332,121.2
20151221120051-26km-D6-AGGRESSIVE-MOTORWAY,D6,motorway,highway,aggressive,735.0699999999999,0.6395862518518519,0.018795589077690557,0.0,0.11699999999999999,119.96
20151221120051-26km-D6-AGGRESSIVE-MOTORWAY,D6,motorway,highway,aggressive,740.0699999999999,0.640290024691358,0.01015822039103831,0.0,0.12986666666666666,120.02666666666667
20151221120051-26km-D6-AGGRESSIVE-MOTORWAY,D6,motorway,highway,aggressive,745.0699999999999,0.6380538222222223,0.010082525442328426,0.005466151999999997,0.1549333333333333,119.81666666666665
20151221120051-26km-D6-AGGRESSIVE-MOTORWAY,D6,motorway,highway,aggressive,750.0699999999999,0.6236351950617284,0.02057550884211068,0.080578948,0.15766666666666668,118.44999999999997
20151221120051-26km-D6-AGGRESSIVE-MOTORWAY,D6,motorway,highway,aggressive,755.0699999999999,0.6003665813692479,0.022253130557643143,0.26161792727272726,0.13593939393939397,116.2181818181818
20151221120051-26km-D6-AGGRESSIVE-MOTORWAY,D6,motorway,highway,aggressive,760.0699999999999,0.5855360134680133,0.015660353911873384,0.41475985818181815,0.10715151515151514,114.77878787878785
20151221120051-26km-D6-AGGRESSIVE-MOTORWAY,D6,motorway,highway,aggressive,765.0699999999999,0.5726532400548696,0.020898112324297224,0.5120775333333333,0.05237037037037037,113.50740740740741
20151221120051-26km-D6-AGGRESSIVE-MOTORWAY,D6,motorway,highway,aggressive,770.0699999999999,0.574663111111111,0.02869276693491768,0.5365032088888888,0.09200000000000001,113.7037037037037
20151221120051-26km-D6-AGGRESSIVE-MOTORWAY,D6,motorway,highway,aggressive,775.0699999999999,0.5908747295173961,0.03274581639134792,0.5479542036363636,0.12303030303030303,115.2969696969697
20151221120051-26km-D6-AGGRESSIVE-MOTORWAY,D6,motorway,highway,aggressive,780.0699999999999,0.6197969086419752,0.0530879612804366,0.39922897199999996,0.21013333333333334,118.05333333333333
20151221120051-26km-D6-AGGRESSIVE-MOTORWAY,D6,motorway,highway,aggressive,785.0699999999999,0.6838378913580245,0.04547517033081384,0.06203137600000001,0.21080000000000002,124.01666666666665
20151221120051-26km-D6-AGGRESSIVE-MOTORWAY,D6,motorway,highway,aggressive,790.0699999999999,0.6974998814814815,0.04660090237432236,0.0,0.16699999999999998,125.26666666666665
20151221120051-26km-D6-AGGRESSIVE-MOTORWAY,D6,motorway,highway,aggressive,795.0699999999999,0.6476040438957475,0.05945656734998945,0.0,0.15785185185185183,120.65555555555557
20151221120051-26km-D6-AGGRESSIVE-MOTORWAY,D6,motorway,highway,aggressive,800.0699999999999,0.6149552197530863,0.026508349009223796,0.0,0.08280000000000001,117.62666666666664
20151221120051-26km-D6-AGGRESSIVE-MOTORWAY,D6,motorway,highway,aggressive,805.0699999999999,0.619617768799102,0.008864288158056738,0.0,0.09187878787878788,118.07272727272725
20151221120051-26km-D6-AGGRESSIVE-MOTORWAY,D6,motorway,highway,aggressive,810.0699999999999,0.6251257328843995,0.008866942622208026,0.0,0.09799999999999999,118.59696969696967
20151221120051-26km-D6-AGGRESSIVE-MOTORWAY,D6,motorway,highway,aggressive,815.0699999999999,0.6357017382716049,0.012988148745822414,0.0,0.057199999999999994,119.59333333333332
20151221120051-26km-D6-AGGRESSIVE-MOTORWAY,D6,motorway,highway,aggressive,820.0699999999999,0.6428502057613169,0.012904071415975379,0.0,0.03585185185185185,120.26666666666665
20151221120051-26km-D6-AGGRESSIVE-MOTORWAY,D6,motorway,highway,aggressive,825.0699999999999,0.6581884098765433,0.024402006297364453,0.0,0.1024,121.68333333333332
20151221120051-26km-D6-AGGRESSIVE-MOTORWAY,D6,motorway,highway,aggressive,830.0699999999999,0.6647186172839507,0.05678166494699772,0.021667203636363635,0.24987878787878784,122.27878787878787
20151221120051-26km-D6-AGGRESSIVE-MOTORWAY,D6,motorway,highway,aggressive,835.0699999999999,0.6357586337448561,0.0709896822761639,0.026482137777777776,0.268,119.55925925925925
20151221120051-26km-D6-AGGRESSIVE-MOTORWAY,D6,motorway,highway,aggressive,840.0699999999999,0.6338376131687242,0.04718126614438142,0.0506982311111111,0.17822222222222223,119.39629629629628
20151221120051-26km-D6-AGGRESSIVE-MOTORWAY,D6,motorway,highway,aggressive,845.0699999999999,0.6514823061728393,0.02786558917619526,0.215246536,0.23246666666666665,121.06999999999998
20151221120051-26km-D6-AGGRESSIVE-MOTORWAY,D6,motorway,highway,aggressive,850.0699999999999,0.627760552188552,0.034725918480443624,0.46083604,0.1744848484848485,118.82727272727271
20151221120051-26km-D6-AGGRESSIVE-MOTORWAY,D6,motorway,highway,aggressive,855.0699999999999,0.5971520592592592,0.03865860146410835,0.6027106560000001,0.16566666666666668,115.89333333333332
20151221120051-26km-D6-AGGRESSIVE-MOTORWAY,D6,motorway,highway,aggressive,860.0699999999999,0.5682976460905348,0.057573760616665276,0.2948990444444444,0.2005925925925926,113.05925925925925
20151221120051-26km-D6-AGGRESSIVE-MOTORWAY,D6,motorway,highway,aggressive,865.0699999999999,0.5250273283950616,0.08298156847303063,0.0,0.26526666666666665,108.59999999999998
20151221120051-26km-D6-AGGRESSIVE-MOTORWAY,D6,motorway,highway,aggressive,870.0699999999999,0.4482887901234567,0.0835790550337671,0.058297184000000016,0.23833333333333334,100.31999999999998
20151221120051-26km-D6-AGGRESSIVE-MOTORWAY,D6,motorway,highway,aggressive,875.0699999999999,0.3732102271604937,0.08950251954647545,0.37767068400000003,0.18913333333333335,91.50999999999999
20151221120051-26km-D6-AGGRESSIVE-MOTORWAY,D6,motorway,highway,aggressive,880.0699999999999,0.32373386172839497,0.059354978413632374,0.6904027439999999,0.24973333333333336,85.30999999999997
20151221120051-26km-D6-AGGRESSIVE-MOTORWAY,D6,motorway,highway,aggressive,885.0699999999999,0.316816162962963,0.024055197585606793,0.718317224,0.2659333333333333,84.42333333333332
20151221120051-26km-D6-AGGRESSIVE-MOTORWAY,D6,motorway,highway,aggressive,890.0699999999999,0.3240178024691357,0.01574261177922171,0.644744996,0.177,85.38333333333333
20151221120051-26km-D6-AGGRESSIVE-MOTORWAY,D6,motorway,highway,aggressive,895.0699999999999,0.3328442913580246,0.021839424537008545,0.43945078400000004,0.1872,86.52999999999999
20151221120051-26km-D6-AGGRESSIVE-MOTORWAY,D6,motorway,highway,aggressive,900.0699999999999,0.3477975753086419,0.028748803522358417,0.16906004800000002,0.24586666666666662,88.45666666666666
20151221120051-26km-D6-AGGRESSIVE-MOTORWAY,D6,motorway,highway,aggressive,905.0699999999999,0.31093822671156,0.0951969473705969,0.05411970909090911,0.1426060606060606,83.39999999999999
20151221120051-26km-D6-AGGRESSIVE-MOTORWAY,D6,motorway,highway,aggressive,910.0699999999999,0.23520900561167224,0.1551956099660266,0.03209518181818183,0.17509090909090907,72.29090909090908
20151217164730-25km-D6-DROWSY-MOTORWAY,D6,motorway,highway,drowsy,8.72,0.27318011481481486,0.2856372026233279,0.0,0.09286666666666667,76.94166666666668
20151217164730-25km-D6-DROWSY-MOTORWAY,D6,motorway,highway,drowsy,13.72,0.3414120219478738,0.04058342456799136,0.0,0.1499259259259259,87.62592592592593
20151217164730-25km-D6-DROWSY-MOTORWAY,D6,motorway,highway,drowsy,18.72,0.36129373288439953,0.01710780180083621,0.0,0.08327272727272726,90.15454545454546
20151217164730-25km-D6-DROWSY-MOTORWAY,D6,motorway,highway,drowsy,23.72,0.36983930415263744,0.008464504304143266,0.0,0.09115151515151515,91.22121212121212
20151217164730-25km-D6-DROWSY-MOTORWAY,D6,motorway,highway,drowsy,28.72,0.3643839703703704,0.0220805117827782,0.0,0.18226666666666666,90.53999999999999
20151217164730-25km-D6-DROWSY-MOTORWAY,D6,motorway,highway,drowsy,33.72,0.35470590397805213,0.036918918496587905,0.001459239999999998,0.3411851851851852,89.32962962962964
20151217164730-25km-D6-DROWSY-MOTORWAY,D6,motorway,highway,drowsy,38.72,0.37024492345679016,0.036960928231084614,0.0013133159999999982,0.4033333333333333,91.24333333333334
20151217164730-25km-D6-DROWSY-MOTORWAY,D6,motorway,highway,drowsy,43.72,0.38487095802469135,0.03338082779281439,0.00027248400000000025,0.3416666666666667,93.05
20151217164730-25km-D6-DROWSY-MOTORWAY,D6,motorway,highway,drowsy,48.72,0.3885302962962963,0.018749435536120667,0.00027248400000000025,0.3118,93.49666666666667
20151217164730-25km-D6-DROWSY-MOTORWAY,D6,motorway,highway,drowsy,53.72,0.3948595802469136,0.024789041476854727,0.0,0.2312,94.25000000000001
20151217164730-25km-D6-DROWSY-MOTORWAY,D6,motorway,highway,drowsy,58.72,0.4109485267489712,0.027018842937238968,0.0,0.2802962962962963,96.15185185185186
20151217164730-25km-D6-DROWSY-MOTORWAY,D6,motorway,highway,drowsy,63.72,0.4098495555555555,0.02290793647648556,0.0,0.28266666666666673,96.02333333333334
20151217164730-25km-D6-DROWSY-MOTORWAY,D6,motorway,highway,drowsy,68.72,0.3861965701459035,0.031665405457366735,0.0,0.3001212121212121,93.19393939393939
20151217164730-25km-D6-DROWSY-MOTORWAY,D6,motorway,highway,drowsy,73.72,0.37027194163860827,0.02889882946681171,0.0,0.3316363636363636,91.26969696969697
20151217164730-25km-D6-DROWSY-MOTORWAY,D6,motorway,highway,drowsy,78.72,0.36817950123456794,0.03052045688837992,0.0,0.21966666666666662,91.00999999999999
20151217164730-25km-D6-DROWSY-MOTORWAY,D6,motorway,highway,drowsy,83.72,0.3616220148148147,0.023285213680201693,0.0,0.19193333333333332,90.19333333333333
20151217164730-25km-D6-DROWSY-MOTORWAY,D6,motorway,highway,drowsy,88.72,0.3485779901234568,0.01262558246881788,0.009535743999999997,0.19393333333333335,88.55666666666666
20151217164730-25km-D6-DROWSY-MOTORWAY,D6,motorway,highway,drowsy,93.72,0.3422581530864197,0.013296047695212393,0.009535747999999998,0.24059999999999998,87.75333333333333
20151217164730-25km-D6-DROWSY-MOTORWAY,D6,motorway,highway,drowsy,98.72,0.34578583209876546,0.013872051887852909,3.9999999999991185e-09,0.261,88.20333333333333
20151217164730-25km-D6-DROWSY-MOTORWAY,D6,motorway,highway,drowsy,103.72,0.3644688395061727,0.030919115546694197,0.018204547999999994,0.27053333333333335,90.53333333333333
20151217164730-25km-D6-DROWSY-MOTORWAY,D6,motorway,highway,drowsy,108.72,0.3794972510288066,0.03393066296898972,0.04804840888888889,0.3721481481481481,92.4
20151217164730-25km-D6-DROWSY-MOTORWAY,D6,motorway,highway,drowsy,113.72,0.37602338765432103,0.013863211006641049,0.037471696000000006,0.2312,91.97999999999999
20151217164730-25km-D6-DROWSY-MOTORWAY,D6,motorway,highway,drowsy,118.72,0.3765433234567901,0.011395980200157788,0.012432676000000002,0.12073333333333333,92.04333333333332
20151217164730-25km-D6-DROWSY-MOTORWAY,D6,motorway,highway,drowsy,123.72,0.3839170041152264,0.008638743116645071,0.0,0.2191851851851852,92.94074074074075
20151217164730-25km-D6-DROWSY-MOTORWAY,D6,motorway,highway,drowsy,128.72,0.38545261234567907,0.009610208506540728,0.0,0.23246666666666665,93.12666666666667
20151217164730-25km-D6-DROWSY-MOTORWAY,D6,motorway,highway,drowsy,133.72,0.3851056341189674,0.01013353432023701,0.0,0.29581818181818176,93.0848484848485
20151217164730-25km-D6-DROWSY-MOTORWAY,D6,motorway,highway,drowsy,138.72,0.39149653827160497,0.01492810048900548,0.0,0.2827333333333333,93.85
20151217164730-25km-D6-DROWSY-MOTORWAY,D6,motorway,highway,drowsy,143.72,0.3981728049382716,0.019309463085481864,0.0,0.24939999999999998,94.64999999999999
20151217164730-25km-D6-DROWSY-MOTORWAY,D6,motorway,highway,drowsy,148.72,0.39439461279461274,0.011869906149116554,0.0,0.2138181818181818,94.2
20151217164730-25km-D6-DROWSY-MOTORWAY,D6,motorway,highway,drowsy,153.72,0.3932416515775034,0.0076777122174901775,0.0,0.22377777777777774,94.06296296296296
20151217164730-25km-D6-DROWSY-MOTORWAY,D6,motorway,highway,drowsy,158.72,0.3938058469135802,0.023049504407813438,0.08396092400000002,0.26713333333333333,94.12666666666667
20151217164730-25km-D6-DROWSY-MOTORWAY,D6,motorway,highway,drowsy,163.72,0.38774838024691355,0.026895433660552685,0.198268824,0.21633333333333332,93.39666666666668
20151217164730-25km-D6-DROWSY-MOTORWAY,D6,motorway,highway,drowsy,168.72,0.3800788861454046,0.03580981016079158,0.39113499555555564,0.25540740740740747,92.47037037037036
20151217164730-25km-D6-DROWSY-MOTORWAY,D6,motorway,highway,drowsy,173.72,0.3538379528619528,0.04031457828572404,0.3827274145454545,0.21327272727272725,89.16969696969696
20151217164730-25km-D6-DROWSY-MOTORWAY,D6,motorway,highway,drowsy,178.72,0.33610098765432095,0.04000077252914043,0.256493852,0.12953333333333333,86.95333333333333
20151217164730-25km-D6-DROWSY-MOTORWAY,D6,motorway,highway,drowsy,183.72,0.35772221124828535,0.040789143783512484,0.1517384977777778,0.20259259259259257,89.69259259259259
20151217164730-25km-D6-DROWSY-MOTORWAY,D6,motorway,highway,drowsy,188.72,0.38845941189674527,0.0389142847097553,0.12317098545454547,0.280969696969697,93.46060606060605
20151217164730-25km-D6-DROWSY-MOTORWAY,D6,motorway,highway,drowsy,193.72,0.4119680049382716,0.03107962782657751,0.14168249200000002,0.24266666666666667,96.26333333333334
20151217164730-25km-D6-DROWSY-MOTORWAY,D6,motorway,highway,drowsy,198.72,0.411513412345679,0.023045960750328866,0.07501352,0.2846666666666666,96.21333333333334
20151217164730-25km-D6-DROWSY-MOTORWAY,D6,motorway,highway,drowsy,203.72,0.3997872098765432,0.02150905684963821,0.0049652327272727255,0.3549090909090909,94.83939393939394
20151217164730-25km-D6-DROWSY-MOTORWAY,D6,motorway,highway,drowsy,208.72,0.3999718573388203,0.01453579195216545,0.0,0.3343703703703704,94.86296296296297
20151217164730-25km-D6-DROWSY-MOTORWAY,D6,motorway,highway,drowsy,213.72,0.41795905679012346,0.02707428171539174,0.0,0.21213333333333337,96.96333333333332
20151217164730-25km-D6-DROWSY-MOTORWAY,D6,motorway,highway,drowsy,218.72,0.4278700471380471,0.03512381472379706,0.016809090909090912,0.23781818181818182,98.1121212121212
20151217164730-25km-D6-DROWSY-MOTORWAY,D6,motorway,highway,drowsy,223.72,0.4050160691358025,0.054205081035545,0.018490000000000003,0.20673333333333335,95.40666666666667
20151217164730-25km-D6-DROWSY-MOTORWAY,D6,motorway,highway,drowsy,228.72,0.3657904296296296,0.045523870659646776,0.0,0.1038,90.69333333333333
20151217164730-25km-D6-DROWSY-MOTORWAY,D6,motorway,highway,drowsy,233.72,0.3439725267489712,0.026457315599458617,0.021432960000000004,0.2508888888888889,87.96666666666667
20151217164730-25km-D6-DROWSY-MOTORWAY,D6,motorway,highway,drowsy,238.72,0.3248647297668039,0.03344078174588484,0.05612997333333335,0.4014074074074074,85.4851851851852
20151217164730-25km-D6-DROWSY-MOTORWAY,D6,motorway,highway,drowsy,243.72,0.33438604713804715,0.044274424604305224,0.04480892,0.28654545454545455,86.7030303030303
20151217164730-25km-D6-DROWSY-MOTORWAY,D6,motorway,highway,drowsy,248.72,0.3560916947250281,0.04103611481127745,0.016420454545454547,0.16515151515151516,89.4939393939394
20151217164730-25km-D6-DROWSY-MOTORWAY,D6,motorway,highway,drowsy,253.72,0.3582404444444445,0.02839278649159276,0.0,0.2264,89.77333333333334
20151217164730-25km-D6-DROWSY-MOTORWAY,D6,motorway,highway,drowsy,258.72,0.3584512153635116,0.018997365823576275,0.0,0.3781481481481481,89.80000000000001
20151217164730-25km-D6-DROWSY-MOTORWAY,D6,motorway,highway,drowsy,263.72,0.36437934156378593,0.01303199867758163,0.0,0.33977777777777773,90.54444444444444
20151217164730-25km-D6-DROWSY-MOTORWAY,D6,motorway,highway,drowsy,268.72,0.35319200897867564,0.021762716381419946,0.0,0.31624242424242427,89.13333333333334
20151217164730-25km-D6-DROWSY-MOTORWAY,D6,motorway,highway,drowsy,273.72,0.3394015398428732,0.024468985043443227,0.010806741818181816,0.42884848484848487,87.37878787878786
20151217164730-25km-D6-DROWSY-MOTORWAY,D6,motorway,highway,drowsy,278.72,0.3405403621399177,0.03737885822647616,0.013208239999999996,0.40511111111111103,87.52222222222221
20151217164730-25km-D6-DROWSY-MOTORWAY,D6,motorway,highway,drowsy,283.72,0.3645750507544582,0.03950939995435251,0.0004701955555555563,0.3533333333333333,90.55185185185185
20151217164730-25km-D6-DROWSY-MOTORWAY,D6,motorway,highway,drowsy,288.72,0.3756900098765432,0.02614186346203859,0.004129263999999999,0.3552666666666667,91.93666666666667
20151217164730-25km-D6-DROWSY-MOTORWAY,D6,motorway,highway,drowsy,293.72,0.36848055308641975,0.02346859959676223,0.009464328,0.3456666666666667,91.04666666666667
20151217164730-25km-D6-DROWSY-MOTORWAY,D6,motorway,highway,drowsy,298.72,0.3566499506172839,0.02054291340730206,0.023211076,0.4073333333333333,89.57666666666668
20151217164730-25km-D6-DROWSY-MOTORWAY,D6,motorway,highway,drowsy,303.72,0.3559987923681257,0.02562454086114333,0.022879065454545457,0.35563636363636364,89.4939393939394
20151217164730-25km-D6-DROWSY-MOTORWAY,D6,motorway,highway,drowsy,308.72,0.3600561212121213,0.027745453743326078,0.007012850909090915,0.27181818181818185,90.0030303030303
20151217164730-25km-D6-DROWSY-MOTORWAY,D6,motorway,highway,drowsy,313.72,0.35783209876543215,0.0160160662079197,0.0,0.25681481481481483,89.72592592592594
20151217164730-25km-D6-DROWSY-MOTORWAY,D6,motorway,highway,drowsy,318.72,0.34232384197530863,0.02821234975168363,0.044158624,0.4521333333333334,87.74666666666668
20151217164730-25km-D6-DROWSY-MOTORWAY,D6,motorway,highway,drowsy,323.72,0.32728668013468015,0.03054506103956556,0.04115029818181818,0.6033333333333334,85.8
20151217164730-25km-D6-DROWSY-MOTORWAY,D6,motorway,highway,drowsy,328.72,0.32715190123456783,0.023688437240773658,0.0011067039999999992,0.43859999999999993,85.78666666666666
20151217164730-25km-D6-DROWSY-MOTORWAY,D6,motorway,highway,drowsy,333.72,0.332487989026063,0.028628848719568445,0.00041767555555555463,0.2545925925925926,86.48888888888888
20151217164730-25km-D6-DROWSY-MOTORWAY,D6,motorway,highway,drowsy,338.72,0.3213270024691358,0.032442163319240505,0.019146203999999997,0.2597333333333333,85.02000000000001
20151217164730-25km-D6-DROWSY-MOTORWAY,D6,motorway,highway,drowsy,343.72,0.2908219932659933,0.05798804138777249,0.1921003309090909,0.19115151515151518,80.77272727272728
20151217164730-25km-D6-DROWSY-MOTORWAY,D6,motorway,highway,drowsy,348.72,0.2458730716049383,0.07932018691750635,0.453603576,0.10573333333333332,74.31
20151217164730-25km-D6-DROWSY-MOTORWAY,D6,motorway,highway,drowsy,353.72,0.224879670781893,0.06347605847227507,0.4995446177777778,0.06614814814814814,71.0962962962963
20151217164730-25km-D6-DROWSY-MOTORWAY,D6,motorway,highway,drowsy,358.72,0.22974851577503427,0.04385278768084896,0.40773772444444445,0.08281481481481484,71.86296296296297
20151217164730-25km-D6-DROWSY-MOTORWAY,D6,motorway,highway,drowsy,363.72,0.2528957481481482,0.04013032978014401,0.285449736,0.14446666666666666,75.40333333333334
20151217164730-25km-D6-DROWSY-MOTORWAY,D6,motorway,highway,drowsy,368.72,0.27570957575757576,0.028482757845571693,0.2760803890909091,0.37775757575757574,78.74545454545455
20151217164730-25km-D6-DROWSY-MOTORWAY,D6,motorway,highway,drowsy,373.72,0.28897962962962964,0.019496529314860393,0.256591236,0.4296666666666667,80.63
20151217164730-25km-D6-DROWSY-MOTORWAY,D6,motorway,highway,drowsy,378.72,0.3099844839506173,0.03340102571676173,0.082218432,0.18580000000000002,83.49333333333334
20151217164730-25km-D6-DROWSY-MOTORWAY,D6,motorway,highway,drowsy,383.72,0.32866791919191923,0.03156608007781705,0.02061168727272727,0.10006060606060606,85.97878787878788
20151217164730-25km-D6-DROWSY-MOTORWAY,D6,motorway,highway,drowsy,388.72,0.35315117037037036,0.031148208470320994,0.021566480000000002,0.23806666666666665,89.12
20151217164730-25km-D6-DROWSY-MOTORWAY,D6,motorway,highway,drowsy,393.72,0.3725628197530864,0.03286055091344626,0.04463378400000001,0.35113333333333335,91.55
20151217164730-25km-D6-DROWSY-MOTORWAY,D6,motorway,highway,drowsy,398.72,0.3747823923182442,0.02424596766955693,0.026041075555555564,0.21237037037037035,91.82592592592593
20151217164730-25km-D6-DROWSY-MOTORWAY,D6,motorway,highway,drowsy,403.72,0.36779300740740745,0.03527867003391755,0.10737976,0.223,90.96000000000001
20151217164730-25km-D6-DROWSY-MOTORWAY,D6,motorway,highway,drowsy,408.72,0.34901272727272725,0.042334904299460546,0.09761796363636364,0.18587878787878787,88.57272727272728
20151217164730-25km-D6-DROWSY-MOTORWAY,D6,motorway,highway,drowsy,413.72,0.31946350068587104,0.03068264010336518,0.0,0.09200000000000001,84.76666666666668
20151217164730-25km-D6-DROWSY-MOTORWAY,D6,motorway,highway,drowsy,418.72,0.2872276872427984,0.07014708925445207,0.04783144000000001,0.18777777777777777,80.3037037037037
20151217164730-25km-D6-DROWSY-MOTORWAY,D6,motorway,highway,drowsy,423.72,0.2509371209876543,0.0675505108325494,0.15603208,0.4316,75.04333333333332
20151217164730-25km-D6-DROWSY-MOTORWAY,D6,motorway,highway,drowsy,428.72,0.23553427160493828,0.03829298166647522,0.114427276,0.39666666666666667,72.78666666666666
20151217164730-25km-D6-DROWSY-MOTORWAY,D6,motorway,highway,drowsy,433.72,0.2590911560044894,0.04725368053131165,0.0017379418181818192,0.1506060606060606,76.29393939393941
20151217164730-25km-D6-DROWSY-MOTORWAY,D6,motorway,highway,drowsy,438.72,0.28101481975308645,0.03271390694286098,0.00046824399999999977,0.11306666666666668,79.50333333333334
20151217164730-25km-D6-DROWSY-MOTORWAY,D6,motorway,highway,drowsy,443.72,0.3080555407407407,0.041401761173468755,0.0,0.06673333333333334,83.21666666666667
20151217164730-25km-D6-DROWSY-MOTORWAY,D6,motorway,highway,drowsy,448.72,0.3109246554433221,0.06389416861429341,0.0,0.045393939393939396,83.60909090909091
20151217164730-25km-D6-DROWSY-MOTORWAY,D6,motorway,highway,drowsy,453.72,0.2835960329218107,0.06146563100193999,0.0,0.026888888888888886,79.82592592592593
20151217164730-25km-D6-DROWSY-MOTORWAY,D6,motorway,highway,drowsy,458.72,0.2657964641975309,0.032369569741673945,0.0,0.04446666666666667,77.32666666666665
20151217164730-25km-D6-DROWSY-MOTORWAY,D6,motorway,highway,drowsy,463.72,0.2569483995510662,0.05273437989688636,0.0,0.07424242424242425,75.99393939393939
20151217164730-25km-D6-DROWSY-MOTORWAY,D6,motorway,highway,drowsy,468.72,0.228070743484225,0.07447842865641768,0.0,0.08385185185185184,71.54444444444444
20151217164730-25km-D6-DROWSY-MOTORWAY,D6,motorway,highway,drowsy,473.72,0.20441443072702337,0.0407517095025149,0.0,0.03585185185185185,67.80740740740741
20151217164730-25km-D6-DROWSY-MOTORWAY,D6,motorway,highway,drowsy,478.72,0.1954264098765432,0.05365023306052119,0.0,0.047799999999999995,66.26666666666667
20151217164730-25km-D6-DROWSY-MOTORWAY,D6,motorway,highway,drowsy,483.72,0.1833781054994388,0.053518225816732046,0.0,0.13036363636363638,64.19696969696969
20151217164730-25km-D6-DROWSY-MOTORWAY,D6,motorway,highway,drowsy,488.72,0.1815052794612795,0.020460506978915213,0.0,0.24242424242424246,63.9
20151217164730-25km-D6-DROWSY-MOTORWAY,D6,motorway,highway,drowsy,493.72,0.1814800049382716,0.015441462055397875,0.0,0.23713333333333333,63.89666666666666
20151217164730-25km-D6-DROWSY-MOTORWAY,D6,motorway,highway,drowsy,498.72,0.17583919506172835,0.014368646986259514,0.0,0.10446666666666667,62.89666666666667
20151217164730-25km-D6-DROWSY-MOTORWAY,D6,motorway,highway,drowsy,503.72,0.17479273580246912,0.017474813747554878,0.014882595999999993,0.20673333333333335,62.709999999999994
20151217164730-25km-D6-DROWSY-MOTORWAY,D6,motorway,highway,drowsy,508.72,0.16725155555555557,0.042285188150177344,0.014882595999999993,0.21279999999999996,61.31333333333333
20151217164730-25km-D6-DROWSY-MOTORWAY,D6,motorway,highway,drowsy,513.72,0.14343206913580248,0.06284079725787675,0.0,0.0862,56.70666666666667
20151217164730-25km-D6-DROWSY-MOTORWAY,D6,motorway,highway,drowsy,518.72,0.11809442469135803,0.06400977933115948,0.0,0.057866666666666663,51.470000000000006
20151217164730-25km-D6-DROWSY-MOTORWAY,D6,motorway,highway,drowsy,523.72,0.09279400493827161,0.06355135621801848,0.0,0.016133333333333333,45.52
20151217164730-25km-D6-DROWSY-MOTORWAY,D6,motorway,highway,drowsy,528.72,0.08389642962962962,0.08464291091753527,0.0,0.0,43.35666666666666
20151217164730-25km-D6-DROWSY-MOTORWAY,D6,motorway,highway,drowsy,533.72,0.10894857613168724,0.11040671669674061,0.02579883999999999,0.0845185185185185,49.19259259259259
20151217164730-25km-D6-DROWSY-MOTORWAY,D6,motorway,highway,drowsy,538.72,0.14843350891632373,0.06808175210465289,0.05434527111111109,0.20948148148148146,57.6925925925926
20151217164730-25km-D6-DROWSY-MOTORWAY,D6,motorway,highway,drowsy,543.72,0.1701280404040404,0.038708252872667125,0.08074053818181817,0.16903030303030303,61.83939393939393
20151217164730-25km-D6-DROWSY-MOTORWAY,D6,motorway,highway,drowsy,548.72,0.19010066442199774,0.04660614788559537,0.07238912363636364,0.19533333333333333,65.34848484848484
20151217164730-25km-D6-DROWSY-MOTORWAY,D6,motorway,highway,drowsy,553.72,0.21758784087791497,0.04516023962691172,0.021778555555555558,0.23785185185185187,69.92592592592592
20151217164730-25km-D6-DROWSY-MOTORWAY,D6,motorway,highway,drowsy,558.72,0.23326331412894374,0.03388587487889569,0.03443888,0.178,72.44074074074075
20151217164730-25km-D6-DROWSY-MOTORWAY,D6,motorway,highway,drowsy,563.72,0.23812473625140293,0.033264967270391146,0.1907546581818182,0.3936363636363636,73.18484848484847
20151217164730-25km-D6-DROWSY-MOTORWAY,D6,motorway,highway,drowsy,568.72,0.25505454814814815,0.05192589517769316,0.28350444399999997,0.4565999999999999,75.70666666666666
20151217164730-25km-D6-DROWSY-MOTORWAY,D6,motorway,highway,drowsy,573.72,0.29224361975308644,0.045048528597209515,0.12394364399999998,0.2398,81.05666666666667
20151217164730-25km-D6-DROWSY-MOTORWAY,D6,motorway,highway,drowsy,578.72,0.3018589382716049,0.02241023495593552,0.023214164000000002,0.1542666666666667,82.41
20151217164730-25km-D6-DROWSY-MOTORWAY,D6,motorway,highway,drowsy,583.72,0.304279175308642,0.020638553508003667,0.013375964000000004,0.27480000000000004,82.73666666666668
20151217164730-25km-D6-DROWSY-MOTORWAY,D6,motorway,highway,drowsy,588.72,0.3168607506172839,0.03167728993124225,0.012531600000000007,0.30106666666666665,84.42
20151217164730-25km-D6-DROWSY-MOTORWAY,D6,motorway,highway,drowsy,593.72,0.3365635116598079,0.02587705615168304,0.007802991111111111,0.31881481481481483,87.0148148148148
20151217164730-25km-D6-DROWSY-MOTORWAY,D6,motorway,highway,drowsy,598.72,0.34828917530864195,0.011627746287505474,0.00881558,0.36293333333333344,88.52
20151217164730-25km-D6-DROWSY-MOTORWAY,D6,motorway,highway,drowsy,603.72,0.34949922962962965,0.020716267584817698,0.001824907999999999,0.17166666666666666,88.67333333333333
20151217164730-25km-D6-DROWSY-MOTORWAY,D6,motorway,highway,drowsy,608.72,0.3286142271604938,0.03962085575262964,0.007261119999999998,0.13946666666666666,85.95666666666666
20151217164730-25km-D6-DROWSY-MOTORWAY,D6,motorway,highway,drowsy,613.72,0.30102088395061727,0.03988004638068261,0.08548087999999998,0.25526666666666664,82.27666666666667
20151217164730-25km-D6-DROWSY-MOTORWAY,D6,motorway,highway,drowsy,618.72,0.28397038832772165,0.02204640168917167,0.21882024727272728,0.4107272727272727,79.92727272727272
20151217164730-25km-D6-DROWSY-MOTORWAY,D6,motorway,highway,drowsy,623.72,0.27660624466891126,0.01739698638751328,0.2964807709090909,0.494,78.88787878787878
20151217164730-25km-D6-DROWSY-MOTORWAY,D6,motorway,highway,drowsy,628.72,0.27551913305898484,0.01746303976556207,0.3592645333333333,0.4811111111111111,78.73333333333333
20151217164730-25km-D6-DROWSY-MOTORWAY,D6,motorway,highway,drowsy,633.72,0.2888880987654321,0.04321700367950131,0.43870925333333344,0.4182222222222223,80.59999999999998
20151217164730-25km-D6-DROWSY-MOTORWAY,D6,motorway,highway,drowsy,638.72,0.3255459034792368,0.0567602625715301,0.23274014909090912,0.2356969696969697,85.5030303030303
20151217164730-25km-D6-DROWSY-MOTORWAY,D6,motorway,highway,drowsy,643.72,0.3588374567901235,0.03827119795121878,0.020835559999999996,0.1501333333333333,89.83666666666667
20151217164730-25km-D6-DROWSY-MOTORWAY,D6,motorway,highway,drowsy,648.72,0.3660408340192044,0.04935872879954897,0.0,0.20718518518518522,90.74074074074075
20151217164730-25km-D6-DROWSY-MOTORWAY,D6,motorway,highway,drowsy,653.72,0.330948587654321,0.05961722889652689,0.0,0.16773333333333335,86.19666666666667
20151217164730-25km-D6-DROWSY-MOTORWAY,D6,motorway,highway,drowsy,658.72,0.3012334365881033,0.0320343895812596,0.0,0.16103030303030305,82.32121212121211
20151217164730-25km-D6-DROWSY-MOTORWAY,D6,motorway,highway,drowsy,663.72,0.2996972570145904,0.015746846236698694,0.0,0.36363636363636365,82.11515151515151
20151217164730-25km-D6-DROWSY-MOTORWAY,D6,motorway,highway,drowsy,668.72,0.29595222716049385,0.02000929943127282,0.0,0.5522,81.6
20151217164730-25km-D6-DROWSY-MOTORWAY,D6,motorway,highway,drowsy,673.72,0.3027909026063101,0.023931094212612358,0.12397593777777777,0.39962962962962967,82.52592592592593
20151217164730-25km-D6-DROWSY-MOTORWAY,D6,motorway,highway,drowsy,678.72,0.32048058765432097,0.02616880560710467,0.129758984,0.35760000000000003,84.91000000000001
20151217164730-25km-D6-DROWSY-MOTORWAY,D6,motorway,highway,drowsy,683.72,0.3316785432098765,0.019862406458564838,0.01818064,0.46453333333333324,86.37666666666667
20151217164730-25km-D6-DROWSY-MOTORWAY,D6,motorway,highway,drowsy,688.72,0.3410908477366255,0.014405122219141633,0.0,0.4129629629629629,87.60370370370372
20151217164730-25km-D6-DROWSY-MOTORWAY,D6,motorway,highway,drowsy,693.72,0.32580516049382713,0.03910809631269146,0.0,0.3138,85.59
20151217164730-25km-D6-DROWSY-MOTORWAY,D6,motorway,highway,drowsy,698.72,0.2998958518518518,0.042907861035109816,0.0,0.3151333333333334,82.12000000000002
20151217164730-25km-D6-DROWSY-MOTORWAY,D6,motorway,highway,drowsy,703.72,0.30378156677890006,0.038534852473097105,0.0,0.4475151515151515,82.64242424242424
20151217164730-25km-D6-DROWSY-MOTORWAY,D6,motorway,highway,drowsy,708.72,0.32700373827160495,0.04059489745724036,0.0,0.38386666666666663,85.75
20151217164730-25km-D6-DROWSY-MOTORWAY,D6,motorway,highway,drowsy,713.72,0.33885096296296296,0.04920391735344999,0.0,0.22620000000000004,87.3
20151217164730-25km-D6-DROWSY-MOTORWAY,D6,motorway,highway,drowsy,718.72,0.31731606913580246,0.06075112043924843,0.0,0.30500000000000005,84.41999999999999
20151217164730-25km-D6-DROWSY-MOTORWAY,D6,motorway,highway,drowsy,723.72,0.2795168010973937,0.03144066484481354,0.0,0.17133333333333334,79.2925925925926
20151217164730-25km-D6-DROWSY-MOTORWAY,D6,motorway,highway,drowsy,728.72,0.2856832861952862,0.032257737959350635,0.01357283636363637,0.22218181818181817,80.14545454545454
20151217164730-25km-D6-DROWSY-MOTORWAY,D6,motorway,highway,drowsy,733.72,0.3044133728395061,0.032947759747741216,0.01651078000000001,0.3164666666666666,82.74000000000001
20151217164730-25km-D6-DROWSY-MOTORWAY,D6,motorway,highway,drowsy,738.72,0.32528715061728397,0.02430843521243361,0.0015806599999999998,0.2869333333333334,85.53999999999999
20151217164730-25km-D6-DROWSY-MOTORWAY,D6,motorway,highway,drowsy,743.72,0.3399065544332211,0.030314583605912757,0.0,0.3581818181818182,87.43939393939394
20151217164730-25km-D6-DROWSY-MOTORWAY,D6,motorway,highway,drowsy,748.72,0.35947176406035664,0.024152912960337385,0.0,0.42874074074074076,89.92222222222223
20151217164730-25km-D6-DROWSY-MOTORWAY,D6,motorway,highway,drowsy,753.72,0.3749637481481481,0.016440745266482218,0.024940035999999995,0.35886666666666667,91.85
20151217164730-25km-D6-DROWSY-MOTORWAY,D6,motorway,highway,drowsy,758.72,0.38280237485970825,0.012197948328631143,0.04830682545454545,0.318969696969697,92.8030303030303
20151217164730-25km-D6-DROWSY-MOTORWAY,D6,motorway,highway,drowsy,763.72,0.38805668587105624,0.013923395630572464,0.031330524444444445,0.2978518518518518,93.44074074074075
20151217164730-25km-D6-DROWSY-MOTORWAY,D6,motorway,highway,drowsy,768.72,0.39028104801097396,0.014443329302883966,0.0,0.34785185185185186,93.70740740740742
20151217164730-25km-D6-DROWSY-MOTORWAY,D6,motorway,highway,drowsy,773.72,0.3986291407407408,0.011340919427385961,0.0,0.38513333333333327,94.70333333333335
20151217164730-25km-D6-DROWSY-MOTORWAY,D6,motorway,highway,drowsy,778.72,0.40175514074074076,0.021975797220268056,0.0,0.26060000000000005,95.07333333333334
20151217164730-25km-D6-DROWSY-MOTORWAY,D6,motorway,highway,drowsy,783.72,0.3891681925925926,0.027423440966272212,0.0,0.22359999999999997,93.56333333333333
20151217164730-25km-D6-DROWSY-MOTORWAY,D6,motorway,highway,drowsy,788.72,0.3863367604938272,0.023927140405360668,0.004251844000000002,0.22093333333333334,93.22666666666666
20151217164730-25km-D6-DROWSY-MOTORWAY,D6,motorway,highway,drowsy,793.72,0.403414049382716,0.021217038016219155,0.004251844000000002,0.28886666666666666,95.26333333333335
20151217164730-25km-D6-DROWSY-MOTORWAY,D6,motorway,highway,drowsy,798.72,0.4082110213243547,0.02340416686282939,0.0,0.2111515151515152,95.83333333333334
20151217164730-25km-D6-DROWSY-MOTORWAY,D6,motorway,highway,drowsy,803.72,0.40847154074074077,0.03343840572488258,0.0,0.05926666666666667,95.86333333333333
20151217164730-25km-D6-DROWSY-MOTORWAY,D6,motorway,highway,drowsy,808.72,0.3965771061728395,0.044495489087512365,0.0,0.0902,94.44
20151217164730-25km-D6-DROWSY-MOTORWAY,D6,motorway,highway,drowsy,813.72,0.3698954962962963,0.05189450896519758,0.04859449999999999,0.24986666666666668,91.19333333333334
20151217164730-25km-D6-DROWSY-MOTORWAY,D6,motorway,highway,drowsy,818.72,0.3387288888888889,0.04953403352116369,0.11428470222222223,0.26340740740740737,87.28888888888889
20151217164730-25km-D6-DROWSY-MOTORWAY,D6,motorway,highway,drowsy,823.72,0.3457183973063973,0.02745978198961839,0.050440880000000014,0.19593939393939397,88.17878787878789
20151217164730-25km-D6-DROWSY-MOTORWAY,D6,motorway,highway,drowsy,828.72,0.3561361705948373,0.010926557742723827,0.001112032727272728,0.2835151515151515,89.51515151515152
20151217164730-25km-D6-DROWSY-MOTORWAY,D6,motorway,highway,drowsy,833.72,0.35519207407407405,0.007546373885296021,0.0,0.24653333333333333,89.39666666666668
20151217164730-25km-D6-DROWSY-MOTORWAY,D6,motorway,highway,drowsy,838.72,0.35609322962962964,0.009353703965229698,0.0,0.19126666666666664,89.50999999999999
20151217164730-25km-D6-DROWSY-MOTORWAY,D6,motorway,highway,drowsy,843.72,0.3491791495198903,0.02307068626317776,0.0,0.3905925925925926,88.62962962962962
20151217164730-25km-D6-DROWSY-MOTORWAY,D6,motorway,highway,drowsy,848.72,0.3324652493827161,0.027990491408543334,0.0,0.2768666666666667,86.48333333333332
20151217164730-25km-D6-DROWSY-MOTORWAY,D6,motorway,highway,drowsy,853.72,0.33102721885521885,0.014260876923357363,0.0,0.0624848484848485,86.30000000000001
20151217164730-25km-D6-DROWSY-MOTORWAY,D6,motorway,highway,drowsy,858.72,0.33782490370370377,0.008351366233283242,0.0,0.20333333333333337,87.18333333333334
20151217164730-25km-D6-DROWSY-MOTORWAY,D6,motorway,highway,drowsy,863.72,0.3439366968449932,0.019288418617209993,0.0031435422222222268,0.32992592592592596,87.96666666666667
20151217164730-25km-D6-DROWSY-MOTORWAY,D6,motorway,highway,drowsy,868.72,0.34672892839506175,0.032345822220463026,0.004531812000000003,0.39320000000000005,88.31999999999998
20151217164730-25km-D6-DROWSY-MOTORWAY,D6,motorway,highway,drowsy,873.72,0.34306198518518516,0.04321345241047865,0.0020490599999999993,0.3689333333333333,87.84666666666665
20151217164730-25km-D6-DROWSY-MOTORWAY,D6,motorway,highway,drowsy,878.72,0.33712981728395064,0.036724336156156875,0.00034643600000000086,0.24853333333333333,87.08666666666667
20151217164730-25km-D6-DROWSY-MOTORWAY,D6,motorway,highway,drowsy,883.72,0.3358765876543209,0.015282140611463147,0.0,0.2115333333333333,86.92999999999999
20151217164730-25km-D6-DROWSY-MOTORWAY,D6,motorway,highway,drowsy,888.72,0.3337668861454046,0.019419148838618956,0.0,0.11985185185185185,86.65555555555555
20151217164730-25km-D6-DROWSY-MOTORWAY,D6,motorway,highway,drowsy,893.72,0.31609666666666664,0.037335172840928445,0.0,0.1307333333333333,84.30333333333331
20151217164730-25km-D6-DROWSY-MOTORWAY,D6,motorway,highway,drowsy,898.72,0.29112493827160496,0.030904212932806662,0.0277729,0.3407333333333333,80.92
20151217164730-25km-D6-DROWSY-MOTORWAY,D6,motorway,highway,drowsy,903.72,0.28889032996632996,0.025211855633902727,0.09927526545454544,0.47448484848484845,80.61515151515151
20151217164730-25km-D6-DROWSY-MOTORWAY,D6,motorway,highway,drowsy,908.72,0.30520574186307514,0.026727983449287826,0.12603643272727272,0.4218787878787879,82.85151515151516
20151217164730-25km-D6-DROWSY-MOTORWAY,D6,motorway,highway,drowsy,913.72,0.3229834716049383,0.01804918205657632,0.059399016000000006,0.40266666666666673,85.24333333333334
20151217164730-25km-D6-DROWSY-MOTORWAY,D6,motorway,highway,drowsy,918.72,0.33515215802469134,0.015784384371285393,0.094850904,0.3897333333333334,86.83333333333334
20151217164730-25km-D6-DROWSY-MOTORWAY,D6,motorway,highway,drowsy,923.72,0.3436134320987654,0.013558029417010325,0.09266207200000001,0.3077333333333333,87.92666666666665
20151217164730-25km-D6-DROWSY-MOTORWAY,D6,motorway,highway,drowsy,928.72,0.3437470962962963,0.01684622509049543,0.0,0.3893333333333333,87.94333333333333
20151217164730-25km-D6-DROWSY-MOTORWAY,D6,motorway,highway,drowsy,933.72,0.33812615089163234,0.029625042810430022,0.0,0.3277777777777777,87.21851851851852
20151217164730-25km-D6-DROWSY-MOTORWAY,D6,motorway,highway,drowsy,938.72,0.3446465788751714,0.03537013730900689,0.0,0.08977777777777779,88.04814814814814
20151217164730-25km-D6-DROWSY-MOTORWAY,D6,motorway,highway,drowsy,943.72,0.34440891851851857,0.027761188546613587,0.0,0.10106666666666667,88.02000000000001
20151217164730-25km-D6-DROWSY-MOTORWAY,D6,motorway,highway,drowsy,948.72,0.3250918563411897,0.03733012340782225,0.0,0.2516969696969697,85.50606060606061
20151217164730-25km-D6-DROWSY-MOTORWAY,D6,motorway,highway,drowsy,953.72,0.30015479685746355,0.03825792339355635,0.0,0.21551515151515152,82.13030303030304
20151217164730-25km-D6-DROWSY-MOTORWAY,D6,motorway,highway,drowsy,958.72,0.28062192592592594,0.021694250544270075,0.0,0.05844444444444444,79.45925925925926
20151217164730-25km-D6-DROWSY-MOTORWAY,D6,motorway,highway,drowsy,963.72,0.29057609382716054,0.018773832139494857,0.028367604,0.30039999999999994,80.85
20151217164730-25km-D6-DROWSY-MOTORWAY,D6,motorway,highway,drowsy,968.72,0.296407268237935,0.021596265526859625,0.02578954909090909,0.3606060606060606,81.66363636363637
20151217164730-25km-D6-DROWSY-MOTORWAY,D6,motorway,highway,drowsy,973.72,0.3078484938271605,0.031389896936013385,0.008659307999999996,0.26533333333333337,83.20666666666668
20151217164730-25km-D6-DROWSY-MOTORWAY,D6,motorway,highway,drowsy,978.72,0.3271459358024691,0.025534336786199496,0.008658407999999996,0.2484,85.78666666666666
20151217164730-25km-D6-DROWSY-MOTORWAY,D6,motorway,highway,drowsy,983.72,0.33812217283950624,0.016509357496774867,0.0,0.2786666666666666,87.22
20151217164730-25km-D6-DROWSY-MOTORWAY,D6,motorway,highway,drowsy,988.72,0.335716325925926,0.03413341085750325,0.0,0.20060000000000003,86.9
20151217164730-25km-D6-DROWSY-MOTORWAY,D6,motorway,highway,drowsy,993.72,0.3235528444444445,0.03772398761694798,0.0,0.17713333333333334,85.31
20151217164730-25km-D6-DROWSY-MOTORWAY,D6,motorway,highway,drowsy,998.72,0.32439811796982165,0.02071187798859479,0.14388559555555555,0.2754074074074074,85.42592592592592
20151217164730-25km-D6-DROWSY-MOTORWAY,D6,motorway,highway,drowsy,1003.72,0.3388375967078189,0.018541355828775925,0.14388559555555555,0.25288888888888894,87.3111111111111
20151217164730-25km-D6-DROWSY-MOTORWAY,D6,motorway,highway,drowsy,1008.72,0.35151976655443323,0.021670041073432858,0.008045865454545453,0.3336363636363636,88.92727272727272
20151217164730-25km-D6-DROWSY-MOTORWAY,D6,motorway,highway,drowsy,1013.72,0.3528772839506173,0.020850099686784546,0.008045865454545453,0.46709090909090906,89.10000000000001
20151217164730-25km-D6-DROWSY-MOTORWAY,D6,motorway,highway,drowsy,1018.72,0.3381206364883401,0.03297411258323627,0.0,0.2977777777777778,87.2074074074074
20151217164730-25km-D6-DROWSY-MOTORWAY,D6,motorway,highway,drowsy,1023.72,0.3146698419753086,0.0358110930328375,0.0,0.09033333333333333,84.12333333333332
20151217164730-25km-D6-DROWSY-MOTORWAY,D6,motorway,highway,drowsy,1028.72,0.29750501728395057,0.026457220654172393,0.0,0.14833333333333334,81.8
20151217164730-25km-D6-DROWSY-MOTORWAY,D6,motorway,highway,drowsy,1033.72,0.2990836395061728,0.03495152251907942,0.0,0.07886666666666667,82.01
20151217164730-25km-D6-DROWSY-MOTORWAY,D6,motorway,highway,drowsy,1038.72,0.3095876543209877,0.052795601653602586,0.0,0.06333333333333332,83.44666666666669
20151217164730-25km-D6-DROWSY-MOTORWAY,D6,motorway,highway,drowsy,1043.72,0.2915515456790124,0.04934855137899917,0.0,0.19533333333333333,80.95333333333335
20151217164730-25km-D6-DROWSY-MOTORWAY,D6,motorway,highway,drowsy,1048.72,0.26321562738496074,0.07475124289673835,0.0,0.2932727272727273,76.86969696969697
20151217164730-25km-D6-DROWSY-MOTORWAY,D6,motorway,highway,drowsy,1053.72,0.2289325580246914,0.06344423453669162,0.04145206400000001,0.3152666666666667,71.67666666666668
20151217164730-25km-D6-DROWSY-MOTORWAY,D6,motorway,highway,drowsy,1058.72,0.2098027379972565,0.02471268844854259,0.18014007111111113,0.19837037037037036,68.7
20151217164730-25km-D6-DROWSY-MOTORWAY,D6,motorway,highway,drowsy,1063.72,0.18115203950617284,0.07645388919099852,0.135083112,0.14946666666666666,63.7
20151217162714-26km-D6-NORMAL-MOTORWAY,D6,motorway,highway,normal,7.23,0.2641199666666667,0.3509858538332749,0.22065444800000003,0.09759999999999999,74.83166666666666
20151217162714-26km-D6-NORMAL-MOTORWAY,D6,motorway,highway,normal,12.23,0.3660090754458161,0.085090763505289,0.11540321333333337,0.11822222222222223,90.71851851851851
20151217162714-26km-D6-NORMAL-MOTORWAY,D6,motorway,highway,normal,17.23,0.35347516049382716,0.04082420529440163,0.021183160000000003,0.09026666666666668,89.14000000000001
20151217162714-26km-D6-NORMAL-MOTORWAY,D6,motorway,highway,normal,22.23,0.3238238877665545,0.038753999161152144,0.10418410545454546,0.10903030303030302,85.33636363636364
20151217162714-26km-D6-NORMAL-MOTORWAY,D6,motorway,highway,normal,27.23,0.305714849382716,0.035758782053987095,0.279804756,0.14953333333333335,82.91
20151217162714-26km-D6-NORMAL-MOTORWAY,D6,motorway,highway,normal,32.230000000000004,0.30517839012345677,0.04208424040056645,0.488408952,0.2997333333333333,82.84
20151217162714-26km-D6-NORMAL-MOTORWAY,D6,motorway,highway,normal,37.230000000000004,0.3457122109988777,0.0711120409761236,0.2929403418181818,0.27981818181818185,88.06363636363638
20151217162714-26km-D6-NORMAL-MOTORWAY,D6,motorway,highway,normal,42.230000000000004,0.4012290123456791,0.05646089106247863,0.0001225000000000002,0.13733333333333336,94.97666666666667
20151217162714-26km-D6-NORMAL-MOTORWAY,D6,motorway,highway,normal,47.230000000000004,0.42628635939643345,0.025949560671865116,0.0005413377777777791,0.0957777777777778,97.92962962962964
20151217162714-26km-D6-NORMAL-MOTORWAY,D6,motorway,highway,normal,52.230000000000004,0.4253300137174212,0.024927778045973188,0.0005413377777777791,0.152,97.81851851851853
20151217162714-26km-D6-NORMAL-MOTORWAY,D6,motorway,highway,normal,57.230000000000004,0.4191198222222222,0.022741666335131097,0.0,0.1321333333333333,97.10666666666667
20151217162714-26km-D6-NORMAL-MOTORWAY,D6,motorway,highway,normal,62.230000000000004,0.4253873728395061,0.01691940981932621,0.0,0.15966666666666668,97.83
20151217162714-26km-D6-NORMAL-MOTORWAY,D6,motorway,highway,normal,67.23,0.4340898271604938,0.011606734367974405,0.0,0.3303703703703704,98.82592592592593
20151217162714-26km-D6-NORMAL-MOTORWAY,D6,motorway,highway,normal,72.23,0.43915889876543207,0.012259369780480325,0.0,0.20173333333333332,99.40333333333334
20151217162714-26km-D6-NORMAL-MOTORWAY,D6,motorway,highway,normal,77.23,0.44250979753086417,0.022225161168927414,0.0,0.05386666666666666,99.78
20151217162714-26km-D6-NORMAL-MOTORWAY,D6,motorway,highway,normal,82.23,0.4375202359396433,0.024457189802158018,0.0,0.05985185185185186,99.21111111111111
20151217162714-26km-D6-NORMAL-MOTORWAY,D6,motorway,highway,normal,87.23,0.42474836363636365,0.013358094687033046,0.0,0.08824242424242422,97.75757575757575
20151217162714-26km-D6-NORMAL-MOTORWAY,D6,motorway,highway,normal,92.23,0.42074394612794613,0.009239294180524318,0.0,0.14266666666666664,97.2969696969697
20151217162714-26km-D6-NORMAL-MOTORWAY,D6,motorway,highway,normal,97.23,0.4164054101508916,0.011839216247928518,0.0,0.14888888888888888,96.79259259259258
20151217162714-26km-D6-NORMAL-MOTORWAY,D6,motorway,highway,normal,102.23,0.4046409777777778,0.015337987061933872,0.04255919600000001,0.202,95.41333333333334
20151217162714-26km-D6-NORMAL-MOTORWAY,D6,motorway,highway,normal,107.23,0.3985938765432099,0.011931232105393725,0.042649196000000014,0.21006666666666668,94.7
20151217162714-26km-D6-NORMAL-MOTORWAY,D6,motorway,highway,normal,112.23,0.40134839506172837,0.01377278360748105,0.00010000000000000018,0.10851851851851851,95.02592592592593
20151217162714-26km-D6-NORMAL-MOTORWAY,D6,motorway,highway,normal,117.23,0.4104484938271604,0.014375418133030877,0.0,0.17387878787878785,96.0969696969697
20151217162714-26km-D6-NORMAL-MOTORWAY,D6,motorway,highway,normal,122.23,0.4150242738496072,0.007796926951844473,0.0,0.2112121212121212,96.63333333333334
20151217162714-26km-D6-NORMAL-MOTORWAY,D6,motorway,highway,normal,127.23,0.4196371753086419,0.01365914903619295,0.024601599999999998,0.10640000000000001,97.16666666666666
20151217162714-26km-D6-NORMAL-MOTORWAY,D6,motorway,highway,normal,132.23000000000002,0.43051581893004115,0.02500080325630544,0.060749573333333334,0.07333333333333333,98.41481481481482
20151217162714-26km-D6-NORMAL-MOTORWAY,D6,motorway,highway,normal,137.23000000000002,0.4468528197530864,0.02010309851926568,0.030073015999999998,0.08753333333333332,100.26666666666667
20151217162714-26km-D6-NORMAL-MOTORWAY,D6,motorway,highway,normal,142.23000000000002,0.4592163209876543,0.017152698917327812,0.0,0.06866666666666667,101.64333333333333
20151217162714-26km-D6-NORMAL-MOTORWAY,D6,motorway,highway,normal,147.23000000000002,0.4756370172839507,0.018342779169994362,0.140427996,0.1946,103.44666666666667
20151217162714-26km-D6-NORMAL-MOTORWAY,D6,motorway,highway,normal,152.23000000000002,0.47974343883277215,0.014367255286543923,0.14281325454545454,0.2050909090909091,103.8939393939394
20151217162714-26km-D6-NORMAL-MOTORWAY,D6,motorway,highway,normal,157.23000000000002,0.47461704197530874,0.01274237843305251,0.016666584000000005,0.08620000000000001,103.33666666666667
20151217162714-26km-D6-NORMAL-MOTORWAY,D6,motorway,highway,normal,162.23000000000002,0.4667829465020577,0.00981947806043944,0.0,0.08903703703703705,102.48148148148147
20151217162714-26km-D6-NORMAL-MOTORWAY,D6,motorway,highway,normal,167.23000000000002,0.4601916927297669,0.0074485931551702585,0.0,0.08533333333333332,101.75555555555555
20151217162714-26km-D6-NORMAL-MOTORWAY,D6,motorway,highway,normal,172.23000000000002,0.45881935308641975,0.012063503297633355,0.0,0.09293333333333333,101.60333333333332
20151217162714-26km-D6-NORMAL-MOTORWAY,D6,motorway,highway,normal,177.23000000000002,0.461987624691358,0.011907199040317985,0.042146064,0.12586666666666665,101.95333333333335
20151217162714-26km-D6-NORMAL-MOTORWAY,D6,motorway,highway,normal,182.23000000000002,0.46312805925925915,0.009641200082365521,0.091466296,0.09973333333333334,102.07999999999998
20151217162714-26km-D6-NORMAL-MOTORWAY,D6,motorway,highway,normal,187.23000000000002,0.4585711156004488,0.013134187165770684,0.044836574545454554,0.09690909090909089,101.57575757575756
20151217162714-26km-D6-NORMAL-MOTORWAY,D6,motorway,highway,normal,192.23000000000002,0.45456396408529737,0.02207852320510145,0.028466610909090907,0.16903030303030303,101.13030303030301
20151217162714-26km-D6-NORMAL-MOTORWAY,D6,motorway,highway,normal,197.23000000000002,0.4458240768175583,0.025945158840839182,0.03746886222222222,0.2700740740740741,100.14814814814815
20151217162714-26km-D6-NORMAL-MOTORWAY,D6,motorway,highway,normal,202.23000000000002,0.4377490913580247,0.011668801611415846,0.071068248,0.20606666666666662,99.24333333333334
20151217162714-26km-D6-NORMAL-MOTORWAY,D6,motorway,highway,normal,207.23000000000002,0.43851114567901234,0.00790444173281916,0.07003782,0.17713333333333334,99.33
20151217162714-26km-D6-NORMAL-MOTORWAY,D6,motorway,highway,normal,212.23000000000002,0.4320780740740741,0.014569497254275789,0.0015314177777777764,0.1525925925925926,98.5962962962963
20151217162714-26km-D6-NORMAL-MOTORWAY,D6,motorway,highway,normal,217.23000000000002,0.4202598249158249,0.018979050289122414,0.012058330909090908,0.11509090909090909,97.23636363636365
20151217162714-26km-D6-NORMAL-MOTORWAY,D6,motorway,highway,normal,222.23000000000002,0.4091925162738495,0.01382015174087834,0.016299323636363633,0.17206060606060605,95.94848484848485
20151217162714-26km-D6-NORMAL-MOTORWAY,D6,motorway,highway,normal,227.23000000000002,0.4004970567901234,0.0076518845951354915,0.004665091999999997,0.24046666666666666,94.92666666666668
20151217162714-26km-D6-NORMAL-MOTORWAY,D6,motorway,highway,normal,232.23000000000002,0.3945332592592592,0.00812101073072352,0.0,0.18593333333333334,94.21666666666665
20151217162714-26km-D6-NORMAL-MOTORWAY,D6,motorway,highway,normal,237.23000000000002,0.39231470507544575,0.010119455901672582,0.00267272888888889,0.07251851851851851,93.95185185185184
20151217162714-26km-D6-NORMAL-MOTORWAY,D6,motorway,highway,normal,242.23000000000002,0.3961305788751715,0.011943670934490351,0.0028218488888888896,0.05385185185185185,94.40740740740742
20151217162714-26km-D6-NORMAL-MOTORWAY,D6,motorway,highway,normal,247.23000000000002,0.4097605728395061,0.03613589755663643,0.0004516639999999992,0.07680000000000001,96.00000000000001
20151217162714-26km-D6-NORMAL-MOTORWAY,D6,motorway,highway,normal,252.23000000000002,0.43593237261503925,0.03961666117000511,0.00028882909090909015,0.06981818181818182,99.0181818181818
20151217162714-26km-D6-NORMAL-MOTORWAY,D6,motorway,highway,normal,257.23,0.44390118024691355,0.014469306275475696,2.559999999999791e-07,0.09366666666666666,99.93666666666667
20151217162714-26km-D6-NORMAL-MOTORWAY,D6,motorway,highway,normal,262.23,0.4462053113854595,0.0174753645289867,0.0,0.13244444444444445,100.19259259259259
20151217162714-26km-D6-NORMAL-MOTORWAY,D6,motorway,highway,normal,267.23,0.4512298074074074,0.03612261022440297,0.0,0.1312666666666667,100.75333333333333
20151217162714-26km-D6-NORMAL-MOTORWAY,D6,motorway,highway,normal,272.23,0.43677426666666663,0.03218669662246217,0.0,0.09759999999999999,99.11666666666667
20151217162714-26km-D6-NORMAL-MOTORWAY,D6,motorway,highway,normal,277.23,0.4074761346801346,0.02853637758278302,0.0,0.08018181818181819,95.73030303030303
20151217162714-26km-D6-NORMAL-MOTORWAY,D6,motorway,highway,normal,282.23,0.3856322320987654,0.028887028781501668,0.0,0.09766666666666667,93.13666666666666
20151217162714-26km-D6-NORMAL-MOTORWAY,D6,motorway,highway,normal,287.23,0.3668789574759945,0.018447756166511,0.0,0.08162962962962964,90.85185185185185
20151217162714-26km-D6-NORMAL-MOTORWAY,D6,motorway,highway,normal,292.23,0.35738405432098774,0.01316023200483265,0.0,0.08153333333333333,89.67
20151217162714-26km-D6-NORMAL-MOTORWAY,D6,motorway,highway,normal,297.23,0.3492096835016835,0.01072746782847399,0.0008239127272727264,0.09799999999999999,88.63939393939394
20151217162714-26km-D6-NORMAL-MOTORWAY,D6,motorway,highway,normal,302.23,0.3469612794612794,0.013950695090645449,0.0008239127272727264,0.11139393939393939,88.35454545454546
20151217162714-26km-D6-NORMAL-MOTORWAY,D6,motorway,highway,normal,307.23,0.3533923237311385,0.01831409956058256,0.0,0.1331111111111111,89.16666666666666
20151217162714-26km-D6-NORMAL-MOTORWAY,D6,motorway,highway,normal,312.23,0.37037239506172837,0.02060857353912752,0.0,0.09359999999999999,91.28
20151217162714-26km-D6-NORMAL-MOTORWAY,D6,motorway,highway,normal,317.23,0.37994572839506174,0.019658137748186796,0.0,0.052121212121212124,92.45757575757575
20151217162714-26km-D6-NORMAL-MOTORWAY,D6,motorway,highway,normal,322.23,0.3909153799725652,0.020912209159686217,0.0,0.04422222222222222,93.77777777777777
20151217162714-26km-D6-NORMAL-MOTORWAY,D6,motorway,highway,normal,327.23,0.402215925925926,0.014052509002023187,0.0,0.06393333333333333,95.13000000000001
20151217162714-26km-D6-NORMAL-MOTORWAY,D6,motorway,highway,normal,332.23,0.40903855892255886,0.01656862464852599,0.0,0.16593939393939397,95.93030303030304
20151217162714-26km-D6-NORMAL-MOTORWAY,D6,motorway,highway,normal,337.23,0.42163422716049376,0.02009088733857979,0.0,0.28886666666666666,97.39666666666668
20151217162714-26km-D6-NORMAL-MOTORWAY,D6,motorway,highway,normal,342.23,0.4243720438957475,0.010672787130121838,0.0,0.3105185185185185,97.71481481481482
20151217162714-26km-D6-NORMAL-MOTORWAY,D6,motorway,highway,normal,347.23,0.4240481481481481,0.007690864706166974,5.776000000000022e-05,0.264962962962963,97.67777777777776
20151217162714-26km-D6-NORMAL-MOTORWAY,D6,motorway,highway,normal,352.23,0.43062955780022444,0.017872812309586,0.04743620000000001,0.33236363636363636,98.43030303030304
20151217162714-26km-D6-NORMAL-MOTORWAY,D6,motorway,highway,normal,357.23,0.4389080314253647,0.024941361664638537,0.04766997818181818,0.268060606060606,99.36969696969699
20151217162714-26km-D6-NORMAL-MOTORWAY,D6,motorway,highway,normal,362.23,0.43926166803840877,0.014654279890133518,0.0011956488888888877,0.06807407407407408,99.41111111111111
20151217162714-26km-D6-NORMAL-MOTORWAY,D6,motorway,highway,normal,367.23,0.4297288839506173,0.007258693456253376,0.0008069439999999992,0.1232,98.33
20151217162714-26km-D6-NORMAL-MOTORWAY,D6,motorway,highway,normal,372.23,0.4303704915824916,0.013044194983212454,3.636363636363643e-05,0.15727272727272726,98.40303030303029
20151217162714-26km-D6-NORMAL-MOTORWAY,D6,motorway,highway,normal,377.23,0.4303429333333334,0.01179160257056381,0.0,0.11786666666666668,98.4
20151217162714-26km-D6-NORMAL-MOTORWAY,D6,motorway,highway,normal,382.23,0.42671792592592594,0.008090024645474732,0.0,0.12051851851851852,97.98518518518519
20151217162714-26km-D6-NORMAL-MOTORWAY,D6,motorway,highway,normal,387.23,0.4260733497942387,0.007716904479262333,0.0,0.1631111111111111,97.9111111111111
20151217162714-26km-D6-NORMAL-MOTORWAY,D6,motorway,highway,normal,392.23,0.42379559147025814,0.010942788198695654,0.05140945454545454,0.09915151515151516,97.64848484848486
20151217162714-26km-D6-NORMAL-MOTORWAY,D6,motorway,highway,normal,397.23,0.41588437710437715,0.01393641346496944,0.15881617090909092,0.055151515151515146,96.73030303030303
20151217162714-26km-D6-NORMAL-MOTORWAY,D6,motorway,highway,normal,402.23,0.3957784471879287,0.045759886094068176,0.1466628355555556,0.12207407407407407,94.34074074074073
20151217162714-26km-D6-NORMAL-MOTORWAY,D6,motorway,highway,normal,407.23,0.3636860592592592,0.04728262118382921,0.044252256000000004,0.2808666666666667,90.43666666666667
20151217162714-26km-D6-NORMAL-MOTORWAY,D6,motorway,highway,normal,412.23,0.3584322873176206,0.014758351943133007,0.028553243636363634,0.31896969696969696,89.80000000000001
20151217162714-26km-D6-NORMAL-MOTORWAY,D6,motorway,highway,normal,417.23,0.36678782716049374,0.012704782085201849,0.0010054759999999995,0.2255333333333333,90.84333333333333
20151217162714-26km-D6-NORMAL-MOTORWAY,D6,motorway,highway,normal,422.23,0.3757268345679012,0.01685960675577323,0.0,0.2106666666666667,91.94000000000001
20151217162714-26km-D6-NORMAL-MOTORWAY,D6,motorway,highway,normal,427.23,0.3871514518518519,0.012205496590226872,0.0,0.22426666666666667,93.33000000000001
20151217162714-26km-D6-NORMAL-MOTORWAY,D6,motorway,highway,normal,432.23,0.3911554962962963,0.009207656706310133,0.0,0.20413333333333333,93.81333333333335
20151217162714-26km-D6-NORMAL-MOTORWAY,D6,motorway,highway,normal,437.23,0.38626904801097395,0.02339928541424593,0.0,0.1908148148148148,93.22222222222223
20151217162714-26km-D6-NORMAL-MOTORWAY,D6,motorway,highway,normal,442.23,0.360644817558299,0.06719471514437325,0.0,0.12192592592592592,90.03703703703704
20151217162714-26km-D6-NORMAL-MOTORWAY,D6,motorway,highway,normal,447.23,0.3043272790123457,0.09468860649905518,0.0,0.17846666666666666,82.53333333333333
20151217162714-26km-D6-NORMAL-MOTORWAY,D6,motorway,highway,normal,452.23,0.2539020395061728,0.0593628644698214,0.0,0.2936666666666667,75.54333333333334
20151217162714-26km-D6-NORMAL-MOTORWAY,D6,motorway,highway,normal,457.23,0.2510182271604938,0.02466203650386557,0.0,0.24580000000000007,75.14333333333333
20151217162714-26km-D6-NORMAL-MOTORWAY,D6,motorway,highway,normal,462.23,0.24745705185185188,0.037825976613818715,0.0,0.19466666666666665,74.59666666666666
20151217162714-26km-D6-NORMAL-MOTORWAY,D6,motorway,highway,normal,467.23,0.24065349943883285,0.04211270106475407,0.0,0.38206060606060616,73.57878787878786
20151217162714-26km-D6-NORMAL-MOTORWAY,D6,motorway,highway,normal,472.23,0.23100828731762066,0.04308045372920591,0.0,0.3813939393939394,72.05454545454546
20151217162714-26km-D6-NORMAL-MOTORWAY,D6,motorway,highway,normal,477.23,0.20538939917695476,0.04704364788337192,0.1097108888888889,0.16755555555555554,67.94814814814815
20151217162714-26km-D6-NORMAL-MOTORWAY,D6,motorway,highway,normal,482.23,0.1864913679012346,0.027256498487896564,0.271601148,0.1588,64.76666666666668
20151217162714-26km-D6-NORMAL-MOTORWAY,D6,motorway,highway,normal,487.23,0.17326292839506174,0.04186543104587994,0.280761532,0.26113333333333333,62.39666666666667
20151217162714-26km-D6-NORMAL-MOTORWAY,D6,motorway,highway,normal,492.23,0.14353372839506173,0.06468516043511058,0.40101539999999997,0.23037037037037036,56.733333333333334
20151217162714-26km-D6-NORMAL-MOTORWAY,D6,motorway,highway,normal,497.23,0.12675409876543206,0.027688017272125,0.34504801600000007,0.08746666666666666,53.39
20151217162714-26km-D6-NORMAL-MOTORWAY,D6,motorway,highway,normal,502.23,0.12357844219977553,0.030075373298119903,0.08663609090909091,0.1126060606060606,52.72121212121212
20151217162714-26km-D6-NORMAL-MOTORWAY,D6,motorway,highway,normal,507.23,0.1476761571268238,0.09000368218407954,0.0029685090909090913,0.17024242424242422,57.363636363636374
20151217162714-26km-D6-NORMAL-MOTORWAY,D6,motorway,highway,normal,512.23,0.2015757311385459,0.11487590111576876,0.0,0.1497037037037037,67.11481481481482
20151217162714-26km-D6-NORMAL-MOTORWAY,D6,motorway,highway,normal,517.23,0.2526944296296296,0.05452882317560538,0.0,0.21006666666666668,75.35333333333332
20151217162714-26km-D6-NORMAL-MOTORWAY,D6,motorway,highway,normal,522.23,0.27277837037037034,0.035884499840122076,0.0,0.32986666666666664,78.32666666666665
20151217162714-26km-D6-NORMAL-MOTORWAY,D6,motorway,highway,normal,527.23,0.29238714403292176,0.023205323599610018,0.0,0.3711111111111111,81.1
20151217162714-26km-D6-NORMAL-MOTORWAY,D6,motorway,highway,normal,532.23,0.30403385409652073,0.017047917592491853,0.0,0.2688484848484849,82.70606060606062
20151217162714-26km-D6-NORMAL-MOTORWAY,D6,motorway,highway,normal,537.23,0.3065802424242425,0.031075828037567085,0.06417600363636365,0.3036969696969697,83.05151515151516
20151217162714-26km-D6-NORMAL-MOTORWAY,D6,motorway,highway,normal,542.23,0.32502248010973944,0.061347645041987545,0.36166963999999996,0.2872592592592593,85.45555555555555
20151217162714-26km-D6-NORMAL-MOTORWAY,D6,motorway,highway,normal,547.23,0.36941700960219476,0.055301883350265355,0.42609352444444437,0.1794814814814815,91.13333333333334
20151217162714-26km-D6-NORMAL-MOTORWAY,D6,motorway,highway,normal,552.23,0.38600266217732887,0.02159086627905851,0.11784312000000004,0.2736363636363637,93.1909090909091
20151217162714-26km-D6-NORMAL-MOTORWAY,D6,motorway,highway,normal,557.23,0.38218102716049385,0.01793930435835577,0.0015311559999999986,0.22700000000000004,92.72666666666667
20151217162714-26km-D6-NORMAL-MOTORWAY,D6,motorway,highway,normal,562.23,0.3681715720164609,0.015825210160998377,0.0005320266666666668,0.08096296296296296,91.0111111111111
20151217162714-26km-D6-NORMAL-MOTORWAY,D6,motorway,highway,normal,567.23,0.3644323950617284,0.009468001339275098,0.0,0.08030303030303029,90.55151515151515
20151217162714-26km-D6-NORMAL-MOTORWAY,D6,motorway,highway,normal,572.23,0.3675382074074074,0.007478106865140112,0.139513948,0.1024,90.93666666666667
20151217162714-26km-D6-NORMAL-MOTORWAY,D6,motorway,highway,normal,577.23,0.370445585733882,0.0036698847121599387,0.18774792,0.09207407407407407,91.2962962962963
20151217162714-26km-D6-NORMAL-MOTORWAY,D6,motorway,highway,normal,582.23,0.37321697283950606,0.006356959563699043,0.08430801599999999,0.04846666666666667,91.63666666666667
20151217162714-26km-D6-NORMAL-MOTORWAY,D6,motorway,highway,normal,587.23,0.37447210325476993,0.008672704023790247,0.07253028,0.11321212121212122,91.79090909090908
20151217162714-26km-D6-NORMAL-MOTORWAY,D6,motorway,highway,normal,592.23,0.3725463928170594,0.009142694829340088,0.03486537818181819,0.1450909090909091,91.55454545454546
20151217162714-26km-D6-NORMAL-MOTORWAY,D6,motorway,highway,normal,597.23,0.36722862716049376,0.014408211973851125,0.030163176000000003,0.09766666666666667,90.89666666666666
20151217162714-26km-D6-NORMAL-MOTORWAY,D6,motorway,highway,normal,602.23,0.36182053772290806,0.014342703185544774,0.01860636888888889,0.0988888888888889,90.22592592592592
20151217162714-26km-D6-NORMAL-MOTORWAY,D6,motorway,highway,normal,607.23,0.36480102606310016,0.011400339575133995,0.0054627777777777765,0.07637037037037037,90.5962962962963
20151217162714-26km-D6-NORMAL-MOTORWAY,D6,motorway,highway,normal,612.23,0.3665389719416386,0.020668421034102057,0.0044695454545454535,0.039757575757575755,90.81212121212121
20151217162714-26km-D6-NORMAL-MOTORWAY,D6,motorway,highway,normal,617.23,0.367054280583614,0.02075508035532588,0.0006692399999999998,0.056363636363636366,90.87575757575758
20151217162714-26km-D6-NORMAL-MOTORWAY,D6,motorway,highway,normal,622.23,0.37508810370370366,0.01742813716348028,0.0007361639999999998,0.055266666666666665,91.86333333333333
20151217162714-26km-D6-NORMAL-MOTORWAY,D6,motorway,highway,normal,627.23,0.3856432493827161,0.022576001731780336,0.003936256000000001,0.0358,93.14666666666668
20151217162714-26km-D6-NORMAL-MOTORWAY,D6,motorway,highway,normal,632.23,0.3833962864197531,0.016579565554217128,0.003983780000000001,0.042533333333333326,92.87333333333333
20151217162714-26km-D6-NORMAL-MOTORWAY,D6,motorway,highway,normal,637.23,0.3753895061728395,0.007568265622133729,0.148884988,0.08093333333333333,91.90333333333334
20151217162714-26km-D6-NORMAL-MOTORWAY,D6,motorway,highway,normal,642.23,0.3734590024691358,0.00456911951673625,0.26197206800000006,0.11593333333333333,91.66666666666667
20151217162714-26km-D6-NORMAL-MOTORWAY,D6,motorway,highway,normal,647.23,0.37050435061728393,0.003711293831535549,0.119003584,0.0748,91.30333333333333
20151217162714-26km-D6-NORMAL-MOTORWAY,D6,motorway,highway,normal,652.23,0.36795564883401916,0.0032260443975206084,0.006521088888888887,0.059111111111111114,90.98888888888888
20151217162714-26km-D6-NORMAL-MOTORWAY,D6,motorway,highway,normal,657.23,0.3650879407407407,0.005378209179704996,0.0,0.1238,90.63333333333333
20151217162714-26km-D6-NORMAL-MOTORWAY,D6,motorway,highway,normal,662.23,0.36170607407407407,0.007609123516257199,0.0,0.13096969696969699,90.21212121212122
20151217162714-26km-D6-NORMAL-MOTORWAY,D6,motorway,highway,normal,667.23,0.3544140790123457,0.01210215833151171,0.0,0.095,89.29666666666667
20151217162714-26km-D6-NORMAL-MOTORWAY,D6,motorway,highway,normal,672.23,0.34822839506172837,0.017938800552662885,0.011623275555555559,0.08533333333333332,88.51481481481483
20151217162714-26km-D6-NORMAL-MOTORWAY,D6,motorway,highway,normal,677.23,0.34090728120713304,0.01350406754748445,0.011813715555555559,0.061407407407407404,87.57777777777778
20151217162714-26km-D6-NORMAL-MOTORWAY,D6,motorway,highway,normal,682.23,0.3384011537598204,0.011651402750307712,0.0008454509090909091,0.06557575757575757,87.25757575757576
20151217162714-26km-D6-NORMAL-MOTORWAY,D6,motorway,highway,normal,687.23,0.3462153382716049,0.019743883393743257,0.0007586000000000001,0.09093333333333334,88.25333333333333
20151217162714-26km-D6-NORMAL-MOTORWAY,D6,motorway,highway,normal,692.23,0.36433548422496576,0.024491003712287254,0.0,0.07029629629629629,90.53333333333333
20151217162714-26km-D6-NORMAL-MOTORWAY,D6,motorway,highway,normal,697.23,0.3753536938271605,0.015988331165974652,0.0,0.10840000000000001,91.89666666666666
20151217162714-26km-D6-NORMAL-MOTORWAY,D6,motorway,highway,normal,702.23,0.3869566172839506,0.017335661354234873,0.0,0.16093333333333334,93.30333333333331
20151217162714-26km-D6-NORMAL-MOTORWAY,D6,motorway,highway,normal,707.23,0.4008650172839506,0.017933993830854363,0.0,0.14946666666666666,94.96666666666667
20151217162714-26km-D6-NORMAL-MOTORWAY,D6,motorway,highway,normal,712.23,0.40382928395061735,0.01406140496097393,0.0,0.15893333333333332,95.32000000000001
20151217162714-26km-D6-NORMAL-MOTORWAY,D6,motorway,highway,normal,717.23,0.38874715600448934,0.025633437484965205,0.0,0.10903030303030303,93.5121212121212
20151217162714-26km-D6-NORMAL-MOTORWAY,D6,motorway,highway,normal,722.23,0.3698137643097643,0.026032246266046433,0.0,0.06921212121212121,91.2060606060606
20151217162714-26km-D6-NORMAL-MOTORWAY,D6,motorway,highway,normal,727.23,0.35362488395061725,0.013473383375376107,0.0,0.06333333333333332,89.19666666666666
20151217162714-26km-D6-NORMAL-MOTORWAY,D6,motorway,highway,normal,732.23,0.34582932839506175,0.00854832019552756,0.0,0.07813333333333333,88.21000000000001
20151217162714-26km-D6-NORMAL-MOTORWAY,D6,motorway,highway,normal,737.23,0.33887234074074074,0.012882933363558991,0.0,0.10566666666666666,87.31666666666666
20151217162714-26km-D6-NORMAL-MOTORWAY,D6,motorway,highway,normal,742.23,0.3312830068587106,0.020533419053297586,0.0,0.11066666666666666,86.33333333333334
20151217162714-26km-D6-NORMAL-MOTORWAY,D6,motorway,highway,normal,747.23,0.3313640658436214,0.01808803909371714,0.0,0.09422222222222222,86.34444444444445
20151217162714-26km-D6-NORMAL-MOTORWAY,D6,motorway,highway,normal,752.23,0.33670866442199776,0.009064525826355597,0.0,0.10224242424242425,87.03939393939395
20151217162714-26km-D6-NORMAL-MOTORWAY,D6,motorway,highway,normal,757.23,0.3397634469135803,0.0063151555286169265,0.0,0.11313333333333335,87.43333333333332
20151217162714-26km-D6-NORMAL-MOTORWAY,D6,motorway,highway,normal,762.23,0.3480744965706447,0.01516918363279708,3.680444444444397e-05,0.09718518518518518,88.4925925925926
20151217162714-26km-D6-NORMAL-MOTORWAY,D6,motorway,highway,normal,767.23,0.35658237485970823,0.011941012132367783,3.0112727272726883e-05,0.08442424242424242,89.56969696969696
20151217162714-26km-D6-NORMAL-MOTORWAY,D6,motorway,highway,normal,772.23,0.3588151784511784,0.006829987557479133,0.0,0.07163636363636364,89.85151515151514
20151217162714-26km-D6-NORMAL-MOTORWAY,D6,motorway,highway,normal,777.23,0.3550151604938271,0.01426488046730249,0.0,0.06739999999999999,89.37333333333332
20151217162714-26km-D6-NORMAL-MOTORWAY,D6,motorway,highway,normal,782.23,0.35366464197530856,0.015161727093578313,0.0,0.057629629629629635,89.20370370370371
20151217162714-26km-D6-NORMAL-MOTORWAY,D6,motorway,highway,normal,787.23,0.36054987654320986,0.011454985970480395,0.0,0.06066666666666667,90.06666666666666
20151217162714-26km-D6-NORMAL-MOTORWAY,D6,motorway,highway,normal,792.23,0.3653601283950617,0.010291705230096291,0.029571844000000007,0.0722,90.66666666666666
20151217162714-26km-D6-NORMAL-MOTORWAY,D6,motorway,highway,normal,797.23,0.3600351703703703,0.015248333114853699,0.3181425320000001,0.15639999999999998,90.0
20151217162714-26km-D6-NORMAL-MOTORWAY,D6,motorway,highway,normal,802.23,0.34707914253647587,0.024408153705875592,0.4761976472727273,0.16290909090909092,88.36060606060606
20151217162714-26km-D6-NORMAL-MOTORWAY,D6,motorway,highway,normal,807.23,0.33352235555555554,0.02110823746913127,0.451390804,0.15146666666666667,86.62333333333333
20151217162714-26km-D6-NORMAL-MOTORWAY,D6,motorway,highway,normal,812.23,0.33702018765432096,0.01746319568736084,0.42053157199999996,0.18853333333333333,87.07333333333334
20151217162714-26km-D6-NORMAL-MOTORWAY,D6,motorway,highway,normal,817.23,0.3435891802469136,0.01671289143698811,0.43722059199999996,0.16966666666666666,87.92333333333333
20151217162714-26km-D6-NORMAL-MOTORWAY,D6,motorway,highway,normal,822.23,0.3382451522633745,0.023595120333583786,0.4901857688888889,0.13162962962962962,87.23333333333333
20151217162714-26km-D6-NORMAL-MOTORWAY,D6,motorway,highway,normal,827.23,0.3218979950617284,0.027131138981652436,0.4954647920000001,0.1036,85.09333333333333
20151217162714-26km-D6-NORMAL-MOTORWAY,D6,motorway,highway,normal,832.23,0.31571340516273855,0.012995301577789158,0.437747610909091,0.12115151515151514,84.28181818181818
20151217162714-26km-D6-NORMAL-MOTORWAY,D6,motorway,highway,normal,837.23,0.3198902567901235,0.009743990387595892,0.320025828,0.09966666666666665,84.83666666666667
20151217162714-26km-D6-NORMAL-MOTORWAY,D6,motorway,highway,normal,842.23,0.326746587654321,0.013708102527821068,0.23261478799999996,0.11246666666666667,85.74
20151217162714-26km-D6-NORMAL-MOTORWAY,D6,motorway,highway,normal,847.23,0.3314990172839506,0.01081082569354571,0.141367128,0.101,86.36333333333333
20151217162714-26km-D6-NORMAL-MOTORWAY,D6,motorway,highway,normal,852.23,0.3321359802469136,0.0070456119033181965,0.034386496,0.05653333333333334,86.44666666666667
20151217162714-26km-D6-NORMAL-MOTORWAY,D6,motorway,highway,normal,857.23,0.33344484444444444,0.0072123654048906975,0.0,0.097,86.61666666666666
20151217162714-26km-D6-NORMAL-MOTORWAY,D6,motorway,highway,normal,862.23,0.33547440987654326,0.007826001242154134,0.0,0.08213333333333334,86.88
20151217162714-26km-D6-NORMAL-MOTORWAY,D6,motorway,highway,normal,867.23,0.3388916246913581,0.01070250802302521,0.0,0.03353333333333334,87.32000000000001
20151217162714-26km-D6-NORMAL-MOTORWAY,D6,motorway,highway,normal,872.23,0.3472448888888888,0.01715074016931055,0.0,0.045733333333333334,88.38666666666666
20151217162714-26km-D6-NORMAL-MOTORWAY,D6,motorway,highway,normal,877.23,0.3571746716049382,0.012405457885990963,0.0,0.09633333333333334,89.64333333333333
20151217162714-26km-D6-NORMAL-MOTORWAY,D6,motorway,highway,normal,882.23,0.3595329931412894,0.009844056909472302,0.0,0.08911111111111111,89.94074074074075
20151217162714-26km-D6-NORMAL-MOTORWAY,D6,motorway,highway,normal,887.23,0.35833413991769547,0.019614197759902294,0.0,0.10185185185185186,89.78888888888889
20151217162714-26km-D6-NORMAL-MOTORWAY,D6,motorway,highway,normal,892.23,0.3619370101010101,0.015278441846483432,0.0,0.13096969696969699,90.23939393939393
20151217162714-26km-D6-NORMAL-MOTORWAY,D6,motorway,highway,normal,897.23,0.3633707753086419,0.00893604476119993,0.0,0.09693333333333333,90.42
20151217162714-26km-D6-NORMAL-MOTORWAY,D6,motorway,highway,normal,902.23,0.367637550617284,0.025019889250746736,0.035033251999999994,0.06673333333333334,90.94666666666667
20151217162714-26km-D6-NORMAL-MOTORWAY,D6,motorway,highway,normal,907.23,0.36286342985409653,0.02696909342614181,0.04180076727272727,0.06066666666666667,90.34848484848486
20151217162714-26km-D6-NORMAL-MOTORWAY,D6,motorway,highway,normal,912.23,0.3497420839506173,0.014193140207193445,0.016636312,0.04186666666666666,88.70666666666665
20151217162714-26km-D6-NORMAL-MOTORWAY,D6,motorway,highway,normal,917.23,0.3469844592592593,0.01778612039013435,0.029843980000000003,0.19266666666666668,88.35666666666665
20151217162714-26km-D6-NORMAL-MOTORWAY,D6,motorway,highway,normal,922.23,0.35704161975308646,0.02228373835951565,0.282651,0.2255333333333333,89.61999999999998
20151217162714-26km-D6-NORMAL-MOTORWAY,D6,motorway,highway,normal,927.23,0.3606764060356653,0.03223424251305715,0.5417083955555556,0.1083703703703704,90.07777777777778
20151217162714-26km-D6-NORMAL-MOTORWAY,D6,motorway,highway,normal,932.23,0.3433584691358025,0.029123078373667493,0.4221057733333334,0.12029629629629629,87.8851851851852
20151217162714-26km-D6-NORMAL-MOTORWAY,D6,motorway,highway,normal,937.23,0.34017028641975305,0.015214083860669057,0.15085338,0.08953333333333334,87.48333333333332
20151217162714-26km-D6-NORMAL-MOTORWAY,D6,motorway,highway,normal,942.23,0.35259999506172834,0.017773684298651914,0.0,0.04240000000000001,89.06333333333332
20151217162714-26km-D6-NORMAL-MOTORWAY,D6,motorway,highway,normal,947.23,0.36454567003367,0.014840900660907862,0.048712949090909084,0.05248484848484849,90.56363636363638
20151217162714-26km-D6-NORMAL-MOTORWAY,D6,motorway,highway,normal,952.23,0.3697803160493828,0.006863106516801702,0.09744149599999999,0.06853333333333333,91.21333333333334
20151217162714-26km-D6-NORMAL-MOTORWAY,D6,motorway,highway,normal,957.23,0.377956987654321,0.013548280328314668,0.1207291,0.1932,92.21333333333334
20151217162714-26km-D6-NORMAL-MOTORWAY,D6,motorway,highway,normal,962.23,0.38217013692480356,0.02389918771852645,0.1481332290909091,0.24060606060606063,92.72727272727273
20151217162714-26km-D6-NORMAL-MOTORWAY,D6,motorway,highway,normal,967.23,0.391834024691358,0.03687279678637524,0.1596745777777778,0.25962962962962965,93.88518518518516
20151217162714-26km-D6-NORMAL-MOTORWAY,D6,motorway,highway,normal,972.23,0.3720655747599452,0.08042725109580512,0.06403601777777779,0.25585185185185183,91.40370370370371
20151217162714-26km-D6-NORMAL-MOTORWAY,D6,motorway,highway,normal,977.23,0.340022837261504,0.05945109147830243,0.0,0.1401212121212121,87.43939393939394
20151217162714-26km-D6-NORMAL-MOTORWAY,D6,motorway,highway,normal,982.23,0.3396363277216611,0.017777255654267358,0.00519880727272727,0.1376969696969697,87.4121212121212
20151217162714-26km-D6-NORMAL-MOTORWAY,D6,motorway,highway,normal,987.23,0.3530048010973937,0.022043426572097385,0.0074081822222222165,0.13762962962962966,89.1148148148148
20151217162714-26km-D6-NORMAL-MOTORWAY,D6,motorway,highway,normal,992.23,0.3560931604938272,0.05641699365439621,0.0009486759999999987,0.15886666666666666,89.48333333333333
20151217162714-26km-D6-NORMAL-MOTORWAY,D6,motorway,highway,normal,997.23,0.3275830617283951,0.07037705625285866,0.0,0.1756969696969697,85.74848484848484
20151217162714-26km-D6-NORMAL-MOTORWAY,D6,motorway,highway,normal,1002.23,0.26691231111111113,0.07384105125150388,0.12625463200000003,0.2687333333333333,77.34333333333333
20151217162714-26km-D6-NORMAL-MOTORWAY,D6,motorway,highway,normal,1007.23,0.23278144307270235,0.05600986145325299,0.14028292444444446,0.2806666666666667,72.34814814814814
20151217162714-26km-D6-NORMAL-MOTORWAY,D6,motorway,highway,normal,1012.23,0.2061030666666667,0.10516534452089252,0.0,0.101,67.89666666666668
20151217162714-26km-D6-NORMAL-MOTORWAY,D6,motorway,highway,normal,1017.23,0.15354354657687994,0.1594202922638456,0.0,0.08321212121212121,58.03333333333333
20151221113846-16km-D6-DROWSY-SECONDARY,D6,secondary,urban,drowsy,25.73,0.20494827283950615,0.023551059797290885,0.0,0.04446666666666667,67.89500000000001
20151221113846-16km-D6-DROWSY-SECONDARY,D6,secondary,urban,drowsy,30.73,0.21620649607182943,0.012975336179747027,0.0,0.07593939393939393,69.74242424242424
20151221113846-16km-D6-DROWSY-SECONDARY,D6,secondary,urban,drowsy,35.730000000000004,0.22222784691358025,0.010998281512367569,0.0,0.061999999999999986,70.71000000000001
20151221113846-16km-D6-DROWSY-SECONDARY,D6,secondary,urban,drowsy,40.730000000000004,0.2285385283950617,0.008643545504577155,0.0,0.09626666666666667,71.70666666666666
20151221113846-16km-D6-DROWSY-SECONDARY,D6,secondary,urban,drowsy,45.730000000000004,0.232192404040404,0.00738426958670689,0.0,0.15363636363636363,72.27878787878787
20151221113846-16km-D6-DROWSY-SECONDARY,D6,secondary,urban,drowsy,50.730000000000004,0.23143422222222218,0.008374106743141995,0.0,0.2869333333333334,72.16
20151221113846-16km-D6-DROWSY-SECONDARY,D6,secondary,urban,drowsy,55.730000000000004,0.22589449382716048,0.009915169123632417,0.0,0.42359999999999987,71.28999999999999
20151221113846-16km-D6-DROWSY-SECONDARY,D6,secondary,urban,drowsy,60.730000000000004,0.22287946227709188,0.007382766891666077,0.0,0.30748148148148147,70.81481481481481
20151221113846-16km-D6-DROWSY-SECONDARY,D6,secondary,urban,drowsy,65.73,0.2226224252400549,0.007876805884203128,0.0,0.2783703703703704,70.77407407407408
20151221113846-16km-D6-DROWSY-SECONDARY,D6,secondary,urban,drowsy,70.73,0.2227856493827161,0.007313076415828271,0.0,0.2976,70.8
20151221113846-16km-D6-DROWSY-SECONDARY,D6,secondary,urban,drowsy,75.73,0.22159006509539844,0.008617169072138739,0.0,0.2778787878787879,70.60909090909091
20151221113846-16km-D6-DROWSY-SECONDARY,D6,secondary,urban,drowsy,80.73,0.21913220246913578,0.008868768653025647,0.0,0.26199999999999996,70.21666666666667
20151221113846-16km-D6-DROWSY-SECONDARY,D6,secondary,urban,drowsy,85.73,0.22340699588477367,0.014709972670961552,0.0,0.14296296296296299,70.89259259259259
20151221113846-16km-D6-DROWSY-SECONDARY,D6,secondary,urban,drowsy,90.73,0.22975281705948375,0.012414880600293283,0.0,0.2644848484848485,71.89696969696969
20151221113846-16km-D6-DROWSY-SECONDARY,D6,secondary,urban,drowsy,95.73,0.23275772390572388,0.00882886816433151,0.0,0.3183636363636364,72.36666666666666
20151221113846-16km-D6-DROWSY-SECONDARY,D6,secondary,urban,drowsy,100.73,0.23958498765432099,0.01939943568416835,0.0,0.35022222222222216,73.41481481481482
20151221113846-16km-D6-DROWSY-SECONDARY,D6,secondary,urban,drowsy,105.73,0.25028699259259257,0.014561360357344955,0.0,0.3805333333333333,75.03999999999999
20151221113846-16km-D6-DROWSY-SECONDARY,D6,secondary,urban,drowsy,110.73,0.2520064960718294,0.004766553348577996,0.0,0.36303030303030304,75.3
20151221113846-16km-D6-DROWSY-SECONDARY,D6,secondary,urban,drowsy,115.73,0.2505782913580247,0.0029642904889951535,0.0,0.3541333333333333,75.08666666666666
20151221113846-16km-D6-DROWSY-SECONDARY,D6,secondary,urban,drowsy,120.73,0.25243149135802473,0.00524870359764403,0.0,0.26259999999999994,75.36333333333334
20151221113846-16km-D6-DROWSY-SECONDARY,D6,secondary,urban,drowsy,125.73,0.25434017558299044,0.006712192328684846,0.0,0.14370370370370372,75.64814814814815
20151221113846-16km-D6-DROWSY-SECONDARY,D6,secondary,urban,drowsy,130.73000000000002,0.2552282469135802,0.005555446749030288,0.0,0.20613333333333336,75.78
20151221113846-16km-D6-DROWSY-SECONDARY,D6,secondary,urban,drowsy,135.73000000000002,0.255464606060606,0.0038056903572518956,0.0,0.4108484848484849,75.81515151515151
20151221113846-16km-D6-DROWSY-SECONDARY,D6,secondary,urban,drowsy,140.73000000000002,0.25388663703703707,0.006401840857358785,0.0,0.3482,75.58000000000001
20151221113846-16km-D6-DROWSY-SECONDARY,D6,secondary,urban,drowsy,145.73000000000002,0.25247853333333337,0.0102386784656586,0.0,0.20473333333333335,75.36999999999999
20151221113846-16km-D6-DROWSY-SECONDARY,D6,secondary,urban,drowsy,150.73000000000002,0.2549919259259259,0.010126713301679188,0.0,0.23640000000000003,75.74333333333334
20151221113846-16km-D6-DROWSY-SECONDARY,D6,secondary,urban,drowsy,155.73000000000002,0.2602887352537724,0.010972263590445567,0.0,0.17962962962962958,76.52592592592595
20151221113846-16km-D6-DROWSY-SECONDARY,D6,secondary,urban,drowsy,160.73000000000002,0.26983651358024696,0.016145030294712016,0.0,0.09553333333333333,77.91333333333333
20151221113846-16km-D6-DROWSY-SECONDARY,D6,secondary,urban,drowsy,165.73000000000002,0.27394324130190795,0.019570144380367922,0.0,0.17557575757575758,78.50606060606061
20151221113846-16km-D6-DROWSY-SECONDARY,D6,secondary,urban,drowsy,170.73000000000002,0.26859941728395065,0.01876442714420836,0.0,0.3164666666666667,77.73333333333332
20151221113846-16km-D6-DROWSY-SECONDARY,D6,secondary,urban,drowsy,175.73000000000002,0.26658362962962967,0.02266979242682556,0.0,0.42700000000000005,77.44333333333333
20151221113846-16km-D6-DROWSY-SECONDARY,D6,secondary,urban,drowsy,180.73000000000002,0.278111861728395,0.022119655419995686,0.0,0.4108666666666667,79.09333333333333
20151221113846-16km-D6-DROWSY-SECONDARY,D6,secondary,urban,drowsy,185.73000000000002,0.2833478962962962,0.016033128977961976,0.0,0.31586666666666663,79.84333333333333
20151221113846-16km-D6-DROWSY-SECONDARY,D6,secondary,urban,drowsy,190.73000000000002,0.27711302606310007,0.019691598315333222,0.0,0.336,78.95925925925924
20151221113846-16km-D6-DROWSY-SECONDARY,D6,secondary,urban,drowsy,195.73000000000002,0.25841362469135803,0.037282757561700665,0.0,0.2526,76.22333333333334
20151221113846-16km-D6-DROWSY-SECONDARY,D6,secondary,urban,drowsy,200.73000000000002,0.23940246913580243,0.0339009478457375,0.0,0.2601818181818182,73.36969696969696
20151221113846-16km-D6-DROWSY-SECONDARY,D6,secondary,urban,drowsy,205.73000000000002,0.23138838408779147,0.017609770509951005,0.02228604888888889,0.37333333333333335,72.15185185185186
20151221113846-16km-D6-DROWSY-SECONDARY,D6,secondary,urban,drowsy,210.73000000000002,0.2415491193415638,0.01926692708393693,0.025183777777777774,0.4301481481481481,73.71481481481482
20151221113846-16km-D6-DROWSY-SECONDARY,D6,secondary,urban,drowsy,215.73000000000002,0.2508950962962963,0.01552643396779036,0.002607955999999997,0.22686666666666663,75.13000000000001
20151221113846-16km-D6-DROWSY-SECONDARY,D6,secondary,urban,drowsy,220.73000000000002,0.25433158518518517,0.00659880136400396,0.0,0.05793333333333334,75.64666666666666
20151221113846-16km-D6-DROWSY-SECONDARY,D6,secondary,urban,drowsy,225.73000000000002,0.25126002962962957,0.012200698266337469,0.0,0.2720666666666667,75.18666666666665
20151221113846-16km-D6-DROWSY-SECONDARY,D6,secondary,urban,drowsy,230.73000000000002,0.244615787654321,0.01853969535941292,0.0,0.3884666666666666,74.18333333333335
20151221113846-16km-D6-DROWSY-SECONDARY,D6,secondary,urban,drowsy,235.73000000000002,0.2482431160493827,0.026536332652470664,0.0,0.2941333333333333,74.72333333333333
20151221113846-16km-D6-DROWSY-SECONDARY,D6,secondary,urban,drowsy,240.73000000000002,0.26385816296296294,0.023747085169375633,0.0,0.3164666666666667,77.03999999999999
20151221113846-16km-D6-DROWSY-SECONDARY,D6,secondary,urban,drowsy,245.73000000000002,0.2736050370370371,0.008124683503811311,0.0,0.3798666666666667,78.46000000000001
20151221113846-16km-D6-DROWSY-SECONDARY,D6,secondary,urban,drowsy,250.73000000000002,0.2768188839506173,0.005613151214469099,0.0,0.3361333333333333,78.92
20151221113846-16km-D6-DROWSY-SECONDARY,D6,secondary,urban,drowsy,255.73000000000002,0.27756703209876543,0.006227020169694094,0.0,0.29706666666666665,79.02666666666667
20151221113846-16km-D6-DROWSY-SECONDARY,D6,secondary,urban,drowsy,260.73,0.2765164493827161,0.008503282780120181,0.0,0.21693333333333334,78.87666666666667
20151221113846-16km-D6-DROWSY-SECONDARY,D6,secondary,urban,drowsy,265.73,0.2735193382716049,0.01694588838205593,0.0,0.27146666666666663,78.44666666666667
20151221113846-16km-D6-DROWSY-SECONDARY,D6,secondary,urban,drowsy,270.73,0.2670607604938272,0.017570701714065922,0.0068652999999999995,0.37379999999999997,77.51333333333334
20151221113846-16km-D6-DROWSY-SECONDARY,D6,secondary,urban,drowsy,275.73,0.26216964444444446,0.012109234073427047,0.0068652999999999995,0.4761333333333334,76.80333333333334
20151221113846-16km-D6-DROWSY-SECONDARY,D6,secondary,urban,drowsy,280.73,0.2612362172839506,0.011057057245441548,0.0,0.3488000000000001,76.66666666666666
20151221113846-16km-D6-DROWSY-SECONDARY,D6,secondary,urban,drowsy,285.73,0.25522146172839505,0.015192078030354139,0.0,0.11653333333333334,75.77333333333334
20151221113846-16km-D6-DROWSY-SECONDARY,D6,secondary,urban,drowsy,290.73,0.24569575308641975,0.02395729336871188,0.0,0.24913333333333335,74.34666666666666
20151221113846-16km-D6-DROWSY-SECONDARY,D6,secondary,urban,drowsy,295.73,0.22854110617283951,0.03286091916811128,0.0,0.3945333333333333,71.67333333333335
20151221113846-16km-D6-DROWSY-SECONDARY,D6,secondary,urban,drowsy,300.73,0.21791205925925924,0.03720391011588521,0.011592831999999999,0.3528,70.01333333333334
20151221113846-16km-D6-DROWSY-SECONDARY,D6,secondary,urban,drowsy,305.73,0.23483309629629628,0.04360581100198256,0.011592831999999999,0.24033333333333334,72.64666666666666
20151221113846-16km-D6-DROWSY-SECONDARY,D6,secondary,urban,drowsy,310.73,0.2609865925925926,0.036416834251491295,0.0,0.20466666666666664,76.60333333333334
20151221113846-16km-D6-DROWSY-SECONDARY,D6,secondary,urban,drowsy,315.73,0.27328236049382715,0.02225661972895331,0.0,0.24646666666666667,78.41333333333333
20151221113846-16km-D6-DROWSY-SECONDARY,D6,secondary,urban,drowsy,320.73,0.28723216296296294,0.03466336544637951,0.0,0.23166666666666663,80.36333333333334
20151221113846-16km-D6-DROWSY-SECONDARY,D6,secondary,urban,drowsy,325.73,0.2934460148148148,0.04479163888408967,0.0,0.19793333333333335,81.24000000000001
20151221113846-16km-D6-DROWSY-SECONDARY,D6,secondary,urban,drowsy,330.73,0.28398833086419756,0.02736956798981773,0.0,0.2618666666666667,79.92999999999999
20151221113846-16km-D6-DROWSY-SECONDARY,D6,secondary,urban,drowsy,335.73,0.28521720493827163,0.010601885650566665,0.0,0.42219999999999996,80.10666666666667
20151221113846-16km-D6-DROWSY-SECONDARY,D6,secondary,urban,drowsy,340.73,0.2930363407407407,0.010637329636368877,0.0,0.46193333333333336,81.19666666666667
20151221113846-16km-D6-DROWSY-SECONDARY,D6,secondary,urban,drowsy,345.73,0.29664652345679016,0.01742873842824778,0.0,0.28413333333333335,81.69666666666667
20151221113846-16km-D6-DROWSY-SECONDARY,D6,secondary,urban,drowsy,350.73,0.30692472098765433,0.03370151318912729,0.0,0.3064,83.08
20151221113846-16km-D6-DROWSY-SECONDARY,D6,secondary,urban,drowsy,355.73,0.3218247111111111,0.02883558838367158,0.0,0.37439999999999996,85.08666666666666
20151221113846-16km-D6-DROWSY-SECONDARY,D6,secondary,urban,drowsy,360.73,0.3282206222222222,0.016555499129739068,0.0,0.3184666666666666,85.93333333333332
20151221113846-16km-D6-DROWSY-SECONDARY,D6,secondary,urban,drowsy,365.73,0.33198320493827155,0.024862232026301678,0.0,0.29413333333333336,86.42333333333333
20151221113846-16km-D6-DROWSY-SECONDARY,D6,secondary,urban,drowsy,370.73,0.3192737777777778,0.030928640968021743,0.0,0.2564666666666666,84.73333333333332
20151221113846-16km-D6-DROWSY-SECONDARY,D6,secondary,urban,drowsy,375.73,0.30703531851851856,0.03469930736757618,0.0,0.24446666666666667,83.11333333333333
20151221113846-16km-D6-DROWSY-SECONDARY,D6,secondary,urban,drowsy,380.73,0.29405680493827174,0.040928329444181344,0.0,0.2828666666666667,81.31000000000002
20151221113846-16km-D6-DROWSY-SECONDARY,D6,secondary,urban,drowsy,385.73,0.279609738271605,0.04516717716797565,0.0,0.39859999999999995,79.30666666666667
20151221113846-16km-D6-DROWSY-SECONDARY,D6,secondary,urban,drowsy,390.73,0.2890598666666667,0.02651457640341636,0.0,0.5845333333333333,80.63000000000001
20151221113846-16km-D6-DROWSY-SECONDARY,D6,secondary,urban,drowsy,395.73,0.2963997086419753,0.008147122447520586,0.0,0.6936666666666665,81.66333333333334
20151221113846-16km-D6-DROWSY-SECONDARY,D6,secondary,urban,drowsy,400.73,0.29559973333333334,0.006197546355223303,0.0,0.5777333333333333,81.55333333333331
20151221113846-16km-D6-DROWSY-SECONDARY,D6,secondary,urban,drowsy,405.73,0.293238187654321,0.014774329020866192,0.0,0.4356,81.22333333333334
20151221113846-16km-D6-DROWSY-SECONDARY,D6,secondary,urban,drowsy,410.73,0.281507812345679,0.02734516836409668,0.0,0.5468,79.57333333333334
20151221113846-16km-D6-DROWSY-SECONDARY,D6,secondary,urban,drowsy,415.73,0.28179146666666666,0.04160295523714357,0.0,0.6122,79.60666666666665
20151221113846-16km-D6-DROWSY-SECONDARY,D6,secondary,urban,drowsy,420.73,0.29911930864197533,0.03280643126868839,0.0,0.47673333333333334,82.02000000000001
20151221113846-16km-D6-DROWSY-SECONDARY,D6,secondary,urban,drowsy,425.73,0.30002263209876545,0.026734884780745993,0.0,0.2592666666666667,82.15
20151221113846-16km-D6-DROWSY-SECONDARY,D6,secondary,urban,drowsy,430.73,0.28727391604938274,0.03927749742940751,0.0,0.32253333333333334,80.38666666666667
20151221113846-16km-D6-DROWSY-SECONDARY,D6,secondary,urban,drowsy,435.73,0.28990271604938267,0.027085079582971516,0.0,0.4470666666666667,80.75333333333333
20151221113846-16km-D6-DROWSY-SECONDARY,D6,secondary,urban,drowsy,440.73,0.30947505679012355,0.02998202461382519,0.0,0.3758,83.42333333333332
20151221113846-16km-D6-DROWSY-SECONDARY,D6,secondary,urban,drowsy,445.73,0.3302304049382716,0.0348580877656077,0.0,0.35833333333333334,86.18333333333332
20151221113846-16km-D6-DROWSY-SECONDARY,D6,secondary,urban,drowsy,450.73,0.34572147654320984,0.018123316562009356,0.0,0.4027333333333333,88.19
20151221113846-16km-D6-DROWSY-SECONDARY,D6,secondary,urban,drowsy,455.73,0.3523362716049383,0.006459014950246171,0.0,0.5555333333333333,89.03666666666666
20151221113846-16km-D6-DROWSY-SECONDARY,D6,secondary,urban,drowsy,460.73,0.3550428296296296,0.01815604913819687,0.0,0.42833333333333334,89.37666666666667
20151221113846-16km-D6-DROWSY-SECONDARY,D6,secondary,urban,drowsy,465.73,0.3510609827160494,0.027508693344478242,0.0,0.37173333333333336,88.87
20151221113846-16km-D6-DROWSY-SECONDARY,D6,secondary,urban,drowsy,470.73,0.3472773037037037,0.0266495177138923,0.0,0.46526666666666666,88.39333333333333
20151221113846-16km-D6-DROWSY-SECONDARY,D6,secondary,urban,drowsy,475.73,0.3336594666666667,0.044044570481083026,0.0,0.2801333333333334,86.61333333333333
20151221113846-16km-D6-DROWSY-SECONDARY,D6,secondary,urban,drowsy,480.73,0.31943152592592594,0.03414311553675553,0.0,0.23700000000000002,84.77333333333334
20151221113846-16km-D6-DROWSY-SECONDARY,D6,secondary,urban,drowsy,485.73,0.31250453333333333,0.030633331769815968,0.0,0.21006666666666668,83.84000000000002
20151221113846-16km-D6-DROWSY-SECONDARY,D6,secondary,urban,drowsy,490.73,0.30409437037037035,0.034898867425916406,0.0,0.13399999999999998,82.71333333333334
20151221113846-16km-D6-DROWSY-SECONDARY,D6,secondary,urban,drowsy,495.73,0.30292543703703706,0.016752023771535604,0.0,0.26253333333333334,82.55666666666667
20151221113846-16km-D6-DROWSY-SECONDARY,D6,secondary,urban,drowsy,500.73,0.299335812345679,0.01404951967166756,0.0,0.40326666666666666,82.06666666666668
20151221113846-16km-D6-DROWSY-SECONDARY,D6,secondary,urban,drowsy,505.73,0.3044056987654321,0.01919837857620532,0.0,0.4229333333333333,82.75333333333333
20151221113846-16km-D6-DROWSY-SECONDARY,D6,secondary,urban,drowsy,510.73,0.3182806567901236,0.02073209297035319,0.0,0.48419999999999996,84.61666666666667
20151221113846-16km-D6-DROWSY-SECONDARY,D6,secondary,urban,drowsy,515.73,0.32827351111111114,0.02025122702992796,0.016711744000000004,0.37100000000000005,85.94000000000001
20151221113846-16km-D6-DROWSY-SECONDARY,D6,secondary,urban,drowsy,520.73,0.33827107160493824,0.020877022822933144,0.032953524,0.31920000000000004,87.23333333333333
20151221113846-16km-D6-DROWSY-SECONDARY,D6,secondary,urban,drowsy,525.73,0.3481403012345679,0.01173710955189925,0.016241779999999997,0.3360666666666667,88.50333333333333
20151221113846-16km-D6-DROWSY-SECONDARY,D6,secondary,urban,drowsy,530.73,0.34952124444444443,0.010322843505745354,0.0,0.2976,88.67999999999999
20151221113846-16km-D6-DROWSY-SECONDARY,D6,secondary,urban,drowsy,535.73,0.3412295358024691,0.015203913755097461,0.0,0.3858666666666667,87.61666666666666
20151221113846-16km-D6-DROWSY-SECONDARY,D6,secondary,urban,drowsy,540.73,0.3347812395061728,0.012739013403636293,0.0,0.2593333333333333,86.78999999999999
20151221113846-16km-D6-DROWSY-SECONDARY,D6,secondary,urban,drowsy,545.73,0.33606790617283944,0.013865110503027864,0.0,0.37173333333333336,86.95666666666665
20151221113846-16km-D6-DROWSY-SECONDARY,D6,secondary,urban,drowsy,550.73,0.34091792592592596,0.015896662000283328,0.0,0.4034,87.58000000000001
20151221113846-16km-D6-DROWSY-SECONDARY,D6,secondary,urban,drowsy,555.73,0.342234513580247,0.013480602177988885,0.0,0.39120000000000005,87.75
20151221113846-16km-D6-DROWSY-SECONDARY,D6,secondary,urban,drowsy,560.73,0.339814637037037,0.012841039658431228,0.0,0.39726666666666666,87.44000000000001
20151221113846-16km-D6-DROWSY-SECONDARY,D6,secondary,urban,drowsy,565.73,0.3431439802469136,0.014354631986905845,0.0,0.32726666666666665,87.86666666666667
20151221113846-16km-D6-DROWSY-SECONDARY,D6,secondary,urban,drowsy,570.73,0.3430679950617284,0.013810984770959395,0.0,0.3319333333333333,87.85666666666665
20151221113846-16km-D6-DROWSY-SECONDARY,D6,secondary,urban,drowsy,575.73,0.3387316543209876,0.011408001825359441,0.0,0.3798666666666667,87.3
20151221113846-16km-D6-DROWSY-SECONDARY,D6,secondary,urban,drowsy,580.73,0.333074074074074,0.017603457202543426,0.0,0.3233333333333333,86.56666666666666
20151221113846-16km-D6-DROWSY-SECONDARY,D6,secondary,urban,drowsy,585.73,0.32474100246913573,0.032096442311322984,0.0,0.229,85.47
20151221113846-16km-D6-DROWSY-SECONDARY,D6,secondary,urban,drowsy,590.73,0.31678344197530867,0.027180654354564314,0.0,0.23166666666666663,84.41666666666666
20151221113846-16km-D6-DROWSY-SECONDARY,D6,secondary,urban,drowsy,595.73,0.32289601481481484,0.03869332803753544,0.106378416,0.3157333333333333,85.21666666666668
20151221113846-16km-D6-DROWSY-SECONDARY,D6,secondary,urban,drowsy,600.73,0.35401976790123457,0.06275973636737828,0.106378416,0.4544666666666667,89.19666666666666
20151221113846-16km-D6-DROWSY-SECONDARY,D6,secondary,urban,drowsy,605.73,0.3572173185185185,0.0581758096721834,0.0,0.36566666666666664,89.61666666666667
20151221113846-16km-D6-DROWSY-SECONDARY,D6,secondary,urban,drowsy,610.73,0.34033006913580255,0.034345603965408845,0.0,0.4451333333333333,87.50333333333333
20151221113846-16km-D6-DROWSY-SECONDARY,D6,secondary,urban,drowsy,615.73,0.3355870172839506,0.01920590710350954,0.0,0.4902666666666666,86.89000000000001
20151221113846-16km-D6-DROWSY-SECONDARY,D6,secondary,urban,drowsy,620.73,0.32679063703703704,0.01329488984271549,0.0,0.49160000000000004,85.74666666666667
20151221113846-16km-D6-DROWSY-SECONDARY,D6,secondary,urban,drowsy,625.73,0.32157240493827166,0.009260622807512034,0.0,0.6458666666666666,85.06
20151221113846-16km-D6-DROWSY-SECONDARY,D6,secondary,urban,drowsy,630.73,0.32256610864197527,0.02134814286380816,0.0,0.49573333333333325,85.19000000000001
20151221113846-16km-D6-DROWSY-SECONDARY,D6,secondary,urban,drowsy,635.73,0.3155800098765432,0.040761264234393975,0.0,0.2942666666666667,84.24666666666666
20151221113846-16km-D6-DROWSY-SECONDARY,D6,secondary,urban,drowsy,640.73,0.29325582222222224,0.03990694347447366,0.0,0.2841333333333334,81.20666666666665
20151221113846-16km-D6-DROWSY-SECONDARY,D6,secondary,urban,drowsy,645.73,0.28258779753086416,0.021126142827559133,0.0,0.16899999999999998,79.73666666666665
20151221113846-16km-D6-DROWSY-SECONDARY,D6,secondary,urban,drowsy,650.73,0.2792581283950617,0.012664842561568006,0.0,0.12320000000000002,79.26333333333335
20151221113846-16km-D6-DROWSY-SECONDARY,D6,secondary,urban,drowsy,655.73,0.27369558518518516,0.010147606219715364,0.0,0.32926666666666665,78.47333333333333
20151221113846-16km-D6-DROWSY-SECONDARY,D6,secondary,urban,drowsy,660.73,0.26907961481481485,0.013662734719928127,0.0,0.41419999999999996,77.80666666666667
20151221113846-16km-D6-DROWSY-SECONDARY,D6,secondary,urban,drowsy,665.73,0.2649595012345679,0.01613790177142441,0.0,0.3502666666666666,77.21
20151221113846-16km-D6-DROWSY-SECONDARY,D6,secondary,urban,drowsy,670.73,0.2683425481481481,0.011945754499428887,0.0,0.2983333333333333,77.7
20151221113846-16km-D6-DROWSY-SECONDARY,D6,secondary,urban,drowsy,675.73,0.2717439111111112,0.008927965605102058,0.0,0.14473333333333332,78.19333333333334
20151221113846-16km-D6-DROWSY-SECONDARY,D6,secondary,urban,drowsy,680.73,0.27168013333333335,0.012968683142797843,0.0,0.099,78.18333333333334
20151221113846-16km-D6-DROWSY-SECONDARY,D6,secondary,urban,drowsy,685.73,0.2704579061728395,0.0191917141205181,0.0,0.14886666666666665,78.00666666666666
20151221113846-16km-D6-DROWSY-SECONDARY,D6,secondary,urban,drowsy,690.73,0.27975157037037046,0.03328259774386265,0.022573156000000004,0.16893333333333332,79.31666666666666
20151221113846-16km-D6-DROWSY-SECONDARY,D6,secondary,urban,drowsy,695.73,0.29051974814814807,0.0420647146376459,0.022573156000000004,0.25706666666666667,80.84333333333333
20151221113846-16km-D6-DROWSY-SECONDARY,D6,secondary,urban,drowsy,700.73,0.30293509629629634,0.04026314470095443,0.0,0.272,82.53666666666666
20151221113846-16km-D6-DROWSY-SECONDARY,D6,secondary,urban,drowsy,705.73,0.3248718666666667,0.03117794494923736,0.007150275999999999,0.25393333333333334,85.48333333333332
20151221113846-16km-D6-DROWSY-SECONDARY,D6,secondary,urban,drowsy,710.73,0.342177061728395,0.02180944019847935,0.009382311999999999,0.2484666666666667,87.73666666666666
20151221113846-16km-D6-DROWSY-SECONDARY,D6,secondary,urban,drowsy,715.73,0.3458728197530864,0.020518622779718568,0.0022320359999999993,0.21480000000000002,88.21333333333334
20151221113846-16km-D6-DROWSY-SECONDARY,D6,secondary,urban,drowsy,720.73,0.34130102222222225,0.01706276379745372,0.0,0.30446666666666666,87.63
20151221113846-16km-D6-DROWSY-SECONDARY,D6,secondary,urban,drowsy,725.73,0.34243863209876546,0.011838732409017859,0.0,0.303,87.77666666666667
20151221113846-16km-D6-DROWSY-SECONDARY,D6,secondary,urban,drowsy,730.73,0.33911171358024694,0.013914164139320598,0.0,0.2222,87.34666666666666
20151221113846-16km-D6-DROWSY-SECONDARY,D6,secondary,urban,drowsy,735.73,0.3236449432098766,0.032998186065516036,0.0,0.3004,85.31666666666668
20151221113846-16km-D6-DROWSY-SECONDARY,D6,secondary,urban,drowsy,740.73,0.30136092345679016,0.036270512361780124,0.0,0.30506666666666665,82.32333333333334
20151221112434-17km-D6-NORMAL-SECONDARY,D6,secondary,urban,normal,17.41,0.20544657407407413,0.010679857838236004,0.023371471999999997,0.030933333333333334,67.98833333333333
20151221112434-17km-D6-NORMAL-SECONDARY,D6,secondary,urban,normal,22.41,0.208571437037037,0.016611113716237857,0.022992015999999997,0.04506666666666666,68.5
20151221112434-17km-D6-NORMAL-SECONDARY,D6,secondary,urban,normal,27.41,0.21568132435465773,0.018537179629155017,0.0,0.07775757575757575,69.65757575757576
20151221112434-17km-D6-NORMAL-SECONDARY,D6,secondary,urban,normal,32.41,0.22102477530864198,0.020733256194209453,0.0,0.17240000000000003,70.51666666666667
20151221112434-17km-D6-NORMAL-SECONDARY,D6,secondary,urban,normal,37.41,0.220721624691358,0.011841259359283533,0.0,0.21686666666666668,70.47
20151221112434-17km-D6-NORMAL-SECONDARY,D6,secondary,urban,normal,42.41,0.21740934320987657,0.007663962730626574,0.0,0.13746666666666668,69.93999999999998
20151221112434-17km-D6-NORMAL-SECONDARY,D6,secondary,urban,normal,47.41,0.21447427160493826,0.005827354310607309,0.0,0.053925925925925926,69.46666666666667
20151221112434-17km-D6-NORMAL-SECONDARY,D6,secondary,urban,normal,52.41,0.2067729432098766,0.02159472973889006,0.0,0.10986666666666664,68.19666666666669
20151221112434-17km-D6-NORMAL-SECONDARY,D6,secondary,urban,normal,57.41,0.19495644893378225,0.02629341023534738,0.0,0.1653333333333333,66.20909090909092
20151221112434-17km-D6-NORMAL-SECONDARY,D6,secondary,urban,normal,62.41,0.18454630617283946,0.015299197048379865,0.0,0.24380000000000002,64.43666666666665
20151221112434-17km-D6-NORMAL-SECONDARY,D6,secondary,urban,normal,67.41,0.18894075555555562,0.022997917459187923,0.0,0.3199333333333333,65.19000000000001
20151221112434-17km-D6-NORMAL-SECONDARY,D6,secondary,urban,normal,72.41,0.20521281975308642,0.03915129518677603,0.0,0.2424,67.91999999999999
20151221112434-17km-D6-NORMAL-SECONDARY,D6,secondary,urban,normal,77.41,0.22604830617283955,0.03272674161967551,0.0,0.09286666666666667,71.29333333333334
20151221112434-17km-D6-NORMAL-SECONDARY,D6,secondary,urban,normal,82.41,0.2320724098765432,0.018293555966467,0.0,0.10233333333333335,72.25666666666666
20151221112434-17km-D6-NORMAL-SECONDARY,D6,secondary,urban,normal,87.41,0.2265862814814814,0.015022648911051917,0.0,0.18919999999999998,71.4
20151221112434-17km-D6-NORMAL-SECONDARY,D6,secondary,urban,normal,92.41,0.22730410864197528,0.010576894221007863,0.0,0.15213333333333331,71.51333333333334
20151221112434-17km-D6-NORMAL-SECONDARY,D6,secondary,urban,normal,97.41,0.228935122085048,0.007931674252013743,0.0,0.14807407407407405,71.77037037037037
20151221112434-17km-D6-NORMAL-SECONDARY,D6,secondary,urban,normal,102.41,0.22910307654320988,0.007194955842867154,0.0,0.15960000000000002,71.79666666666667
20151221112434-17km-D6-NORMAL-SECONDARY,D6,secondary,urban,normal,107.41,0.22860333557800228,0.00784491147387046,0.0,0.11206060606060606,71.71818181818182
20151221112434-17km-D6-NORMAL-SECONDARY,D6,secondary,urban,normal,112.41,0.22676699039780523,0.00867596535263166,0.0,0.0882962962962963,71.42962962962963
20151221112434-17km-D6-NORMAL-SECONDARY,D6,secondary,urban,normal,117.41,0.2261557432098765,0.008022729718574057,0.0,0.14673333333333333,71.33333333333333
20151221112434-17km-D6-NORMAL-SECONDARY,D6,secondary,urban,normal,122.41,0.2283946756453423,0.006646092295722509,0.0,0.19460606060606062,71.68484848484849
20151221112434-17km-D6-NORMAL-SECONDARY,D6,secondary,urban,normal,127.41,0.23057252345679013,0.007344234273375961,0.0,0.21953333333333336,72.02666666666667
20151221112434-17km-D6-NORMAL-SECONDARY,D6,secondary,urban,normal,132.41,0.2299771961591221,0.011080784483371254,0.0,0.21185185185185185,71.93333333333334
20151221112434-17km-D6-NORMAL-SECONDARY,D6,secondary,urban,normal,137.41,0.22065171851851853,0.0292188523302698,0.0,0.16840000000000002,70.44333333333334
20151221112434-17km-D6-NORMAL-SECONDARY,D6,secondary,urban,normal,142.41,0.20225062626262627,0.0413710291295487,0.0,0.17200000000000001,67.40909090909089
20151221112434-17km-D6-NORMAL-SECONDARY,D6,secondary,urban,normal,147.41,0.1758834024691358,0.045712013515766786,0.0,0.2444,62.86333333333333
20151221112434-17km-D6-NORMAL-SECONDARY,D6,secondary,urban,normal,152.41,0.1550793185185185,0.03978132476041687,0.0,0.25920000000000004,59.033333333333324
20151221112434-17km-D6-NORMAL-SECONDARY,D6,secondary,urban,normal,157.41,0.14119382716049383,0.02226543963837937,0.0,0.18446666666666664,56.35333333333333
20151221112434-17km-D6-NORMAL-SECONDARY,D6,secondary,urban,normal,162.41,0.13244031604938272,0.017794558484076503,0.0,0.2147333333333333,54.580000000000005
20151221112434-17km-D6-NORMAL-SECONDARY,D6,secondary,urban,normal,167.41,0.1292717086419753,0.01429539319050171,0.0,0.22886666666666663,53.92999999999999
20151221112434-17km-D6-NORMAL-SECONDARY,D6,secondary,urban,normal,172.41,0.12880779259259256,0.011090926644640132,0.1358289,0.233,53.833333333333336
20151221112434-17km-D6-NORMAL-SECONDARY,D6,secondary,urban,normal,177.41,0.1281147325102881,0.010084585162355313,0.150921,0.2163703703703704,53.68888888888889
20151221112434-17km-D6-NORMAL-SECONDARY,D6,secondary,urban,normal,182.41,0.12881955061728395,0.006467859138280296,0.0,0.07553333333333333,53.836666666666666
20151221112434-17km-D6-NORMAL-SECONDARY,D6,secondary,urban,normal,187.41,0.12896353759820428,0.008623005161002114,0.0,0.068,53.86666666666667
20151221112434-17km-D6-NORMAL-SECONDARY,D6,secondary,urban,normal,192.41,0.12993853333333336,0.008260994849104258,0.0,0.10033333333333334,54.07000000000001
20151221112434-17km-D6-NORMAL-SECONDARY,D6,secondary,urban,normal,197.41,0.13323965432098767,0.01876542059230527,0.0,0.10846666666666668,54.74666666666667
20151221112434-17km-D6-NORMAL-SECONDARY,D6,secondary,urban,normal,202.41,0.14317244444444446,0.03169557572417165,0.0,0.13606666666666664,56.73333333333333
20151221112434-17km-D6-NORMAL-SECONDARY,D6,secondary,urban,normal,207.41,0.15914623703703704,0.034573912310713356,0.0,0.1811333333333333,59.81
20151221112434-17km-D6-NORMAL-SECONDARY,D6,secondary,urban,normal,212.41,0.1761008148148148,0.03439386577713673,0.0,0.1374,62.92333333333333
20151221112434-17km-D6-NORMAL-SECONDARY,D6,secondary,urban,normal,217.41,0.19424400987654322,0.037833961794677365,0.0,0.04986666666666666,66.08
20151221112434-17km-D6-NORMAL-SECONDARY,D6,secondary,urban,normal,222.41,0.21585074074074076,0.04139213909432044,0.0,0.03779999999999999,69.65666666666667
20151221112434-17km-D6-NORMAL-SECONDARY,D6,secondary,urban,normal,227.41,0.23648049382716047,0.033151292048171785,0.0,0.05726666666666667,72.92666666666666
20151221112434-17km-D6-NORMAL-SECONDARY,D6,secondary,urban,normal,232.41,0.25686435555555553,0.03537801380706693,0.0,0.11779999999999999,76.0
20151221112434-17km-D6-NORMAL-SECONDARY,D6,secondary,urban,normal,237.41,0.28278004444444443,0.04478950568709542,0.0,0.11453333333333333,79.73
20151221112434-17km-D6-NORMAL-SECONDARY,D6,secondary,urban,normal,242.41,0.30387060246913583,0.02496826635460941,0.0,0.1226,82.67666666666666
20151221112434-17km-D6-NORMAL-SECONDARY,D6,secondary,urban,normal,247.41,0.30886684938271597,0.006467416906866105,0.0,0.1542,83.36333333333333
20151221112434-17km-D6-NORMAL-SECONDARY,D6,secondary,urban,normal,252.41,0.3051753234567901,0.007879515001516176,0.0,0.128,82.86333333333334
20151221112434-17km-D6-NORMAL-SECONDARY,D6,secondary,urban,normal,257.40999999999997,0.3062946469135802,0.013913926078542572,0.0,0.095,83.01333333333332
20151221112434-17km-D6-NORMAL-SECONDARY,D6,secondary,urban,normal,262.40999999999997,0.31457580246913575,0.01448479780722046,0.0,0.09899999999999999,84.12666666666665
20151221112434-17km-D6-NORMAL-SECONDARY,D6,secondary,urban,normal,267.40999999999997,0.31749910123456787,0.009300709681848611,0.0,0.08826666666666667,84.51999999999998
20151221112434-17km-D6-NORMAL-SECONDARY,D6,secondary,urban,normal,272.40999999999997,0.31682213827160494,0.008344189601731031,0.0,0.05186666666666666,84.42999999999999
20151221112434-17km-D6-NORMAL-SECONDARY,D6,secondary,urban,normal,277.40999999999997,0.31734684444444444,0.011206059927335196,0.0,0.0956,84.5
20151221112434-17km-D6-NORMAL-SECONDARY,D6,secondary,urban,normal,282.40999999999997,0.30119812839506166,0.03518408251466159,0.0,0.08553333333333332,82.28999999999999
20151221112434-17km-D6-NORMAL-SECONDARY,D6,secondary,urban,normal,287.40999999999997,0.27405814320987654,0.04388145998871249,0.0,0.0882,78.5
20151221112434-17km-D6-NORMAL-SECONDARY,D6,secondary,urban,normal,292.40999999999997,0.2532681185185185,0.029768883620993912,0.0,0.19660000000000002,75.47333333333333
20151221112434-17km-D6-NORMAL-SECONDARY,D6,secondary,urban,normal,297.40999999999997,0.238304449382716,0.021428702685795144,0.0,0.24979999999999997,73.21666666666667
20151221112434-17km-D6-NORMAL-SECONDARY,D6,secondary,urban,normal,302.40999999999997,0.22890606310013714,0.014962956395900305,0.0,0.15037037037037038,71.76296296296296
20151221112434-17km-D6-NORMAL-SECONDARY,D6,secondary,urban,normal,307.40999999999997,0.21959090370370365,0.014498649611585358,0.0,0.0484,70.28666666666668
20151221112434-17km-D6-NORMAL-SECONDARY,D6,secondary,urban,normal,312.40999999999997,0.21340438159371497,0.011586129494762721,0.0,0.09721212121212122,69.29090909090908
20151221112434-17km-D6-NORMAL-SECONDARY,D6,secondary,urban,normal,317.40999999999997,0.2079424790123457,0.007619925375955035,0.0,0.09620000000000001,68.4
20151221112434-17km-D6-NORMAL-SECONDARY,D6,secondary,urban,normal,322.40999999999997,0.2030507308641975,0.007476805493442705,0.0,0.06126666666666666,67.59
20151221112434-17km-D6-NORMAL-SECONDARY,D6,secondary,urban,normal,327.40999999999997,0.20088462716049388,0.006177143844435877,0.0,0.0862,67.23
20151221112434-17km-D6-NORMAL-SECONDARY,D6,secondary,urban,normal,332.40999999999997,0.2017812148148149,0.004410666470322226,0.0,0.11453333333333333,67.38000000000002
20151221112434-17km-D6-NORMAL-SECONDARY,D6,secondary,urban,normal,337.40999999999997,0.20150204444444447,0.005090379163321614,0.0,0.11326666666666665,67.33333333333334
20151221112434-17km-D6-NORMAL-SECONDARY,D6,secondary,urban,normal,342.40999999999997,0.19979132839506172,0.00537183692854132,0.0,0.11593333333333333,67.04666666666667
20151221112434-17km-D6-NORMAL-SECONDARY,D6,secondary,urban,normal,347.40999999999997,0.20039309629629626,0.012139427653414216,0.0,0.14686666666666665,67.14666666666668
20151221112434-17km-D6-NORMAL-SECONDARY,D6,secondary,urban,normal,352.40999999999997,0.20753655967078188,0.022447279400314022,0.0,0.17585185185185184,68.3259259259259
20151221112434-17km-D6-NORMAL-SECONDARY,D6,secondary,urban,normal,357.40999999999997,0.2228846145404664,0.0235524556556313,0.0,0.2005185185185185,70.8037037037037
20151221112434-17km-D6-NORMAL-SECONDARY,D6,secondary,urban,normal,362.40999999999997,0.22994258136924806,0.018022262252729314,0.0,0.1830909090909091,71.92727272727272
20151221112434-17km-D6-NORMAL-SECONDARY,D6,secondary,urban,normal,367.40999999999997,0.22802864646464646,0.012924293407233473,0.0,0.13660606060606062,71.62727272727271
20151221112434-17km-D6-NORMAL-SECONDARY,D6,secondary,urban,normal,372.40999999999997,0.22813769382716048,0.014160841914955286,0.0,0.17846666666666666,71.64333333333333
20151221112434-17km-D6-NORMAL-SECONDARY,D6,secondary,urban,normal,377.40999999999997,0.23233638518518518,0.015589359044356429,0.0,0.1602,72.3
20151221112434-17km-D6-NORMAL-SECONDARY,D6,secondary,urban,normal,382.40999999999997,0.23646617283950616,0.015042970565623042,0.0,0.040999999999999995,72.94
20151221112434-17km-D6-NORMAL-SECONDARY,D6,secondary,urban,normal,387.40999999999997,0.2372391802469136,0.012722176387616779,0.0,0.09026666666666668,73.06000000000002
20151221112434-17km-D6-NORMAL-SECONDARY,D6,secondary,urban,normal,392.40999999999997,0.23808735308641976,0.008471905177796337,0.0,0.19933333333333333,73.19
20151221112434-17km-D6-NORMAL-SECONDARY,D6,secondary,urban,normal,397.40999999999997,0.24361010370370365,0.010648821504753592,0.0,0.2888,74.03333333333333
20151221112434-17km-D6-NORMAL-SECONDARY,D6,secondary,urban,normal,402.40999999999997,0.24694869135802472,0.01176123312207796,0.0,0.2753333333333333,74.54
20151221112434-17km-D6-NORMAL-SECONDARY,D6,secondary,urban,normal,407.40999999999997,0.24654974814814817,0.00913402207773224,0.0,0.1758,74.48
20151221112434-17km-D6-NORMAL-SECONDARY,D6,secondary,urban,normal,412.40999999999997,0.24774449382716052,0.00854258298069496,0.0,0.08153333333333335,74.66000000000001
20151221112434-17km-D6-NORMAL-SECONDARY,D6,secondary,urban,normal,417.40999999999997,0.25058217283950623,0.011257678690476707,0.0,0.10500000000000001,75.08666666666666
20151221112434-17km-D6-NORMAL-SECONDARY,D6,secondary,urban,normal,422.40999999999997,0.2520989530864198,0.013682025026732597,0.0,0.17913333333333334,75.31333333333333
20151221112434-17km-D6-NORMAL-SECONDARY,D6,secondary,urban,normal,427.40999999999997,0.2546749679012345,0.013566573991128941,0.0,0.18653333333333333,75.69666666666667
20151221112434-17km-D6-NORMAL-SECONDARY,D6,secondary,urban,normal,432.40999999999997,0.25824711659807964,0.01132218684254352,0.0,0.24614814814814817,76.22592592592595
20151221112434-17km-D6-NORMAL-SECONDARY,D6,secondary,urban,normal,437.40999999999997,0.26467020246913575,0.010760770996068345,0.0,0.22286666666666663,77.16666666666666
20151221112434-17km-D6-NORMAL-SECONDARY,D6,secondary,urban,normal,442.40999999999997,0.2707092166105499,0.009400854610588573,0.0,0.18424242424242426,78.04242424242425
20151221112434-17km-D6-NORMAL-SECONDARY,D6,secondary,urban,normal,447.40999999999997,0.27764735308641975,0.010123493084403704,0.0,0.18653333333333336,79.03666666666666
20151221112434-17km-D6-NORMAL-SECONDARY,D6,secondary,urban,normal,452.40999999999997,0.28243950123456785,0.010627258562106227,0.0,0.1866,79.71666666666667
20151221112434-17km-D6-NORMAL-SECONDARY,D6,secondary,urban,normal,457.40999999999997,0.2864959407407407,0.011208822832094897,0.0,0.22566666666666668,80.28666666666666
20151221112434-17km-D6-NORMAL-SECONDARY,D6,secondary,urban,normal,462.40999999999997,0.29088740740740743,0.01032273540483317,0.0,0.19053333333333333,80.9
20151221112434-17km-D6-NORMAL-SECONDARY,D6,secondary,urban,normal,467.40999999999997,0.29429659259259267,0.003686268871313913,0.0,0.17773333333333335,81.37333333333335
20151221112434-17km-D6-NORMAL-SECONDARY,D6,secondary,urban,normal,472.40999999999997,0.29627531851851846,0.0047817834521063675,0.0,0.2586666666666667,81.64666666666668
20151221112434-17km-D6-NORMAL-SECONDARY,D6,secondary,urban,normal,477.40999999999997,0.2964230222222222,0.009404975893268136,0.0,0.31246666666666667,81.66666666666666
20151221112434-17km-D6-NORMAL-SECONDARY,D6,secondary,urban,normal,482.40999999999997,0.29824450864197527,0.0076440567215980675,0.0,0.2935333333333333,81.91666666666667
20151221112434-17km-D6-NORMAL-SECONDARY,D6,secondary,urban,normal,487.40999999999997,0.3029222567901234,0.006989646407342498,0.0,0.24173333333333336,82.55666666666666
20151221112434-17km-D6-NORMAL-SECONDARY,D6,secondary,urban,normal,492.40999999999997,0.3067232296296296,0.010295200702846435,0.0,0.16366666666666668,83.07333333333332
20151221112434-17km-D6-NORMAL-SECONDARY,D6,secondary,urban,normal,497.40999999999997,0.31154932839506166,0.009146146810859648,0.0,0.07553333333333334,83.72333333333333
20151221112434-17km-D6-NORMAL-SECONDARY,D6,secondary,urban,normal,502.40999999999997,0.3148461925925926,0.005556161014342216,0.0,0.12066666666666667,84.16666666666666
20151221112434-17km-D6-NORMAL-SECONDARY,D6,secondary,urban,normal,507.40999999999997,0.3138749580246914,0.006014455937330645,0.0,0.17373333333333335,84.03666666666666
20151221112434-17km-D6-NORMAL-SECONDARY,D6,secondary,urban,normal,512.41,0.3181249481481482,0.017631192142632948,0.0,0.18786666666666665,84.6
20151221112434-17km-D6-NORMAL-SECONDARY,D6,secondary,urban,normal,517.41,0.3256440395061729,0.044338500311537146,0.0,0.18793333333333334,85.58666666666667
20151221112434-17km-D6-NORMAL-SECONDARY,D6,secondary,urban,normal,522.41,0.32001038024691353,0.051930190072696905,0.0,0.17786666666666667,84.83333333333333
20151221112434-17km-D6-NORMAL-SECONDARY,D6,secondary,urban,normal,527.41,0.32723048395061727,0.04131147349492931,0.0,0.22566666666666668,85.77666666666667
20151221112434-17km-D6-NORMAL-SECONDARY,D6,secondary,urban,normal,532.41,0.3400151950617284,0.03290507041146991,0.0,0.3252666666666667,87.46333333333334
20151221112434-17km-D6-NORMAL-SECONDARY,D6,secondary,urban,normal,537.41,0.34364517969821673,0.021033338364227244,0.0,0.2806666666666666,87.92592592592592
20151221112434-17km-D6-NORMAL-SECONDARY,D6,secondary,urban,normal,542.41,0.3559444592592592,0.009357046471829592,0.0,0.15893333333333334,89.49000000000001
20151221112434-17km-D6-NORMAL-SECONDARY,D6,secondary,urban,normal,547.41,0.3583566509539843,0.010571689172436229,0.0,0.15672727272727274,89.7939393939394
20151221112434-17km-D6-NORMAL-SECONDARY,D6,secondary,urban,normal,552.41,0.3589920790123457,0.012079451087678487,0.0,0.12399999999999997,89.87333333333333
20151221112434-17km-D6-NORMAL-SECONDARY,D6,secondary,urban,normal,557.41,0.35632001481481473,0.011492607321528042,0.0,0.09159999999999999,89.53666666666666
20151221112434-17km-D6-NORMAL-SECONDARY,D6,secondary,urban,normal,562.41,0.3493445679012345,0.009695636059425682,0.0,0.08279999999999998,88.65666666666667
20151221112434-17km-D6-NORMAL-SECONDARY,D6,secondary,urban,normal,567.41,0.3459280839506173,0.004368336512969577,0.0,0.10099999999999998,88.22333333333333
20151221112434-17km-D6-NORMAL-SECONDARY,D6,secondary,urban,normal,572.41,0.34262666666666675,0.011444153651361973,0.0,0.11646666666666665,87.8
20151221112434-17km-D6-NORMAL-SECONDARY,D6,secondary,urban,normal,577.41,0.33302307654320984,0.013977536172190524,0.0,0.13806666666666667,86.55666666666667
20151221112434-17km-D6-NORMAL-SECONDARY,D6,secondary,urban,normal,582.41,0.3213714814814815,0.017315674602327535,0.0,0.11786666666666668,85.03
20151221112434-17km-D6-NORMAL-SECONDARY,D6,secondary,urban,normal,587.41,0.3135960049382716,0.01698840755150773,0.0,0.16699999999999998,83.99666666666668
20151221112434-17km-D6-NORMAL-SECONDARY,D6,secondary,urban,normal,592.41,0.31831097283950616,0.020794647122128355,0.0,0.24853333333333336,84.62000000000002
20151221112434-17km-D6-NORMAL-SECONDARY,D6,secondary,urban,normal,597.41,0.3321317728395062,0.021589526611348046,0.0,0.27680000000000005,86.44000000000001
20151221112434-17km-D6-NORMAL-SECONDARY,D6,secondary,urban,normal,602.41,0.3409337629629629,0.008678860239455482,0.0,0.2667333333333333,87.58333333333333
20151221112434-17km-D6-NORMAL-SECONDARY,D6,secondary,urban,normal,607.41,0.3431370074074074,0.008144711288448186,0.0,0.22833333333333336,87.86666666666666
20151221112434-17km-D6-NORMAL-SECONDARY,D6,secondary,urban,normal,612.41,0.3381760987654321,0.01569255919268201,0.0,0.21346666666666664,87.22666666666666
20151221112434-17km-D6-NORMAL-SECONDARY,D6,secondary,urban,normal,617.41,0.3246192790123458,0.021590916528060687,0.0,0.22353333333333336,85.45333333333335
20151221112434-17km-D6-NORMAL-SECONDARY,D6,secondary,urban,normal,622.41,0.30819330864197525,0.025900963947731094,0.0,0.24506666666666663,83.26333333333332
20151221112434-17km-D6-NORMAL-SECONDARY,D6,secondary,urban,normal,627.41,0.29571006913580244,0.017543209206140702,0.0,0.1596,81.56333333333332
20151221112434-17km-D6-NORMAL-SECONDARY,D6,secondary,urban,normal,632.41,0.2882575802469136,0.009717047793690163,0.0,0.08886666666666668,80.53333333333333
20151221112434-17km-D6-NORMAL-SECONDARY,D6,secondary,urban,normal,637.41,0.2814390814814815,0.010234652766246199,0.0,0.17973333333333336,79.57333333333332
20151221112434-17km-D6-NORMAL-SECONDARY,D6,secondary,urban,normal,642.41,0.2786021037037037,0.009670894916195216,0.0,0.3252666666666667,79.17333333333333
20151221112434-17km-D6-NORMAL-SECONDARY,D6,secondary,urban,normal,647.41,0.2858598814814814,0.01894005741424522,0.0,0.3496,80.19333333333333
20151221112434-17km-D6-NORMAL-SECONDARY,D6,secondary,urban,normal,652.41,0.3023015259259259,0.029096030249274846,0.0,0.24046666666666666,82.45666666666666
20151221112434-17km-D6-NORMAL-SECONDARY,D6,secondary,urban,normal,657.41,0.3207976543209877,0.02485444687863559,0.0,0.19186666666666669,84.95000000000002
20151221112434-17km-D6-NORMAL-SECONDARY,D6,secondary,urban,normal,662.41,0.33507285432098766,0.017314266757982647,0.0,0.17093333333333333,86.82333333333334
20151221112434-17km-D6-NORMAL-SECONDARY,D6,secondary,urban,normal,667.41,0.34660290370370367,0.015106724859995244,0.0,0.09486666666666667,88.30666666666666
20151221112434-17km-D6-NORMAL-SECONDARY,D6,secondary,urban,normal,672.41,0.3524421185185186,0.009082719568329515,0.0,0.08886666666666668,89.05
20151221112434-17km-D6-NORMAL-SECONDARY,D6,secondary,urban,normal,677.41,0.35320753580246916,0.006552714557157911,0.0,0.09973333333333334,89.14666666666668
20151221112434-17km-D6-NORMAL-SECONDARY,D6,secondary,urban,normal,682.41,0.35344876543209874,0.009084286843753623,0.0,0.06733333333333333,89.17666666666665
20151221112434-17km-D6-NORMAL-SECONDARY,D6,secondary,urban,normal,687.41,0.35713906172839505,0.00983347291196207,0.0,0.07133333333333333,89.64000000000001
20151221112434-17km-D6-NORMAL-SECONDARY,D6,secondary,urban,normal,692.41,0.3615768065843621,0.013102584134508925,0.0,0.12274074074074075,90.1962962962963
20151221112434-17km-D6-NORMAL-SECONDARY,D6,secondary,urban,normal,697.41,0.3451667012345679,0.028348687681622166,0.0,0.11180000000000001,88.10333333333332
20151221112434-17km-D6-NORMAL-SECONDARY,D6,secondary,urban,normal,702.41,0.3257234882154882,0.029277673058769663,0.0,0.0807878787878788,85.5969696969697
20151221112434-17km-D6-NORMAL-SECONDARY,D6,secondary,urban,normal,707.41,0.3118674677640604,0.018814876881081157,0.0,0.12940740740740742,83.76296296296296
20151221112434-17km-D6-NORMAL-SECONDARY,D6,secondary,urban,normal,712.41,0.30197113305898493,0.01132647433122887,0.0,0.13696296296296295,82.42592592592592
20151221112434-17km-D6-NORMAL-SECONDARY,D6,secondary,urban,normal,717.41,0.30000089786756456,0.01069035377258177,0.0,0.1683030303030303,82.15757575757574
20151221112434-17km-D6-NORMAL-SECONDARY,D6,secondary,urban,normal,722.41,0.30277402020202016,0.007565222117076264,0.0,0.15660606060606058,82.53636363636363
20151221112434-17km-D6-NORMAL-SECONDARY,D6,secondary,urban,normal,727.41,0.30546570370370363,0.004608951565904747,0.0,0.059199999999999996,82.90333333333332
20151221112434-17km-D6-NORMAL-SECONDARY,D6,secondary,urban,normal,732.41,0.306823762962963,0.009669280071315853,0.0,0.04446666666666667,83.08666666666666
20151221112434-17km-D6-NORMAL-SECONDARY,D6,secondary,urban,normal,737.41,0.3080319358024691,0.010783461867930484,0.0,0.07353333333333331,83.25000000000001
20151221112434-17km-D6-NORMAL-SECONDARY,D6,secondary,urban,normal,742.41,0.3089647851851852,0.00619355582509396,0.0,0.10439999999999998,83.37666666666668
20151221112434-17km-D6-NORMAL-SECONDARY,D6,secondary,urban,normal,747.41,0.30923517037037035,0.0027510067191999356,0.0,0.07339999999999999,83.41333333333334
20151221112434-17km-D6-NORMAL-SECONDARY,D6,secondary,urban,normal,752.41,0.30923583209876543,0.004141770998947507,0.0,0.07886666666666667,83.41333333333334
20151221112434-17km-D6-NORMAL-SECONDARY,D6,secondary,urban,normal,757.41,0.3100281086419753,0.007584347962852257,0.0,0.10986666666666667,83.52000000000001
20151221112434-17km-D6-NORMAL-SECONDARY,D6,secondary,urban,normal,762.41,0.3036931308641975,0.05001989945593486,0.0,0.08153333333333333,82.63666666666667
20151221112434-17km-D6-NORMAL-SECONDARY,D6,secondary,urban,normal,767.41,0.2666074913580247,0.06661040889256156,0.0,0.045,77.30333333333334
20151221112434-17km-D6-NORMAL-SECONDARY,D6,secondary,urban,normal,772.41,0.219938187654321,0.08790222352613807,0.0,0.08613333333333333,70.24333333333334
20151221112434-17km-D6-NORMAL-SECONDARY,D6,secondary,urban,normal,777.41,0.16876803456790124,0.10536793935494324,0.0,0.1267333333333333,61.223333333333336
20151221112434-17km-D6-NORMAL-SECONDARY,D6,secondary,urban,normal,782.41,0.13252905679012345,0.061010302186548994,0.0,0.2136,54.58666666666666
20151221112434-17km-D6-NORMAL-SECONDARY,D6,secondary,urban,normal,787.41,0.11569857283950617,0.07676860383110341,0.0,0.2182,50.87
